x,y,f_1,f_3,f_4,f_5,f_6,Avg_RMSE
103.964566373288,1.35045865047418,5.69356879636161,1.398950669774063,4.529727323705508,1.0686827717054932,4.4060139831033105,3.419388708929997
103.964566373288,1.35126882576529,5.74118876639259,1.179697290546521,4.246011961335299,0.973367476688086,4.9211172384007895,3.412276546672657
103.964566373288,1.35207900105641,5.53092307072809,1.013962250471721,4.159288591644405,0.849485752719648,4.99878023390621,3.3104879798940146
103.964566373288,1.35288917634753,5.671044110683567,1.088321919428484,4.229621924141217,1.0467189945504423,5.0119016074927885,3.4095217112592997
103.965376548579,1.34883829989195,5.704840588180023,1.543900709867799,4.46940994162453,1.3904177189957068,4.310286459213966,3.483771083576405
103.965376548579,1.34964847518306,5.74639537465227,1.3424706328332263,4.558785626962756,1.2266453660410015,4.429791510435823,3.4608177021850155
103.965376548579,1.35045865047418,6.220106682163241,1.3875945796830216,4.578546079891144,1.0135298347363424,4.998845248847708,3.639724485064291
103.965376548579,1.35126882576529,6.569303521441821,1.1921172201747297,4.283765874219853,0.6782600057114507,5.109894362896036,3.566668196888778
103.965376548579,1.35207900105641,5.876997133271274,0.9533135610403001,4.258219461875711,1.0402488798398188,5.342552741470318,3.4942663554994846
103.965376548579,1.35288917634753,5.79085183109304,0.866164985160669,3.886207384896405,0.8897470047203448,5.146777287192052,3.315949698612502
103.96618672387,1.34802812460083,5.444082546432163,1.0061890309558592,3.8099866187708926,0.8009432924440425,4.26561896777304,3.0653640912751996
103.96618672387,1.34883829989195,6.047455476374601,1.493224610211474,4.536543378216692,1.3306514245984893,4.708102366552023,3.623195451190656
103.96618672387,1.34964847518306,6.250443528058849,1.1815148354568272,4.552757943996838,1.5467553416444062,4.92787727332507,3.691869784496398
103.96618672387,1.35045865047418,5.781299470570492,0.2566486448260612,4.012174064832273,1.210627273026752,4.940906129061844,3.2403311164634845
103.96618672387,1.35126882576529,6.386739197022546,0.9351890264390974,4.300151013977118,1.2835990713855807,5.19902756481002,3.6209411747268723
103.96618672387,1.35207900105641,6.114552334291151,1.0781796833535502,4.047974954761731,1.4880003010556706,5.217315577228543,3.589204570138129
103.96618672387,1.35288917634753,5.778489239220232,0.8198552814343394,3.8325550584425656,1.2919830148165978,4.999649386483693,3.3445063960794856
103.96618672387,1.35369935163864,5.88353537036398,0.7548757178817596,3.8261757769291087,1.1981183443509487,5.233731725295339,3.379287386964227
103.966996899161,1.3464077740186,5.799960244468313,1.4041386951472177,3.733321796429916,0.9402034000866202,4.563536521565858,3.288232131539585
103.966996899161,1.34721794930971,5.911356201735362,1.5323786745529873,3.8549107877279205,0.9243387646799874,4.496737030174099,3.343944291774071
103.966996899161,1.34802812460083,5.9027238557993975,0.809325239089592,3.844950526407519,1.2880204899254508,4.993342088072957,3.3676724398589832
103.966996899161,1.34883829989195,6.2257067748007415,0.6039411978633673,3.758242929465016,1.5835505930533955,5.33715694406871,3.501719687850246
103.966996899161,1.34964847518306,5.87568106101298,0.47781636251328763,4.200282685445458,1.4735113906534067,5.272772177882569,3.4600127355015404
103.966996899161,1.35045865047418,6.1497048790638615,0.948243637555187,4.178929350846804,1.4763546333537043,5.190917733882877,3.588830046940487
103.966996899161,1.35126882576529,6.380379974123191,0.9621860715165838,4.165061761367841,1.6536830653052839,5.276983863775914,3.6876589472177628
103.966996899161,1.35207900105641,6.491074009198552,1.424890013565026,4.26123226509354,2.5591045970769564,5.36365457401801,4.019991091790417
103.966996899161,1.35288917634753,6.286519589433279,1.1457597759372433,3.969691773621701,2.8836853237790763,5.567513069735128,3.9706339065012854
103.966996899161,1.35369935163864,5.915785436088111,0.7985444626624627,3.76654020259776,1.2174422472237225,5.247532619365412,3.389168993587494
103.967807074453,1.34478742343637,5.548003649617645,1.7463650728459648,3.804494606961967,0.7138425592086719,4.270995243783268,3.216740226483503
103.967807074453,1.34559759872748,5.6225966210302545,1.6372319046281838,3.803426345665045,0.8221108310087715,4.381444946828825,3.253362129832216
103.967807074453,1.3464077740186,5.398718141077083,0.9890533022127386,3.3201222689820433,0.6579435725689997,4.454819221281188,2.9641313012244104
103.967807074453,1.34721794930971,5.915414395103877,1.0487543013803737,3.607227243590007,1.1434855529634476,4.961184146937548,3.3352131279950505
103.967807074453,1.34802812460083,5.727646888469067,0.00895081839314571,2.998560182169303,1.2684756947446232,5.461838109711703,3.0930943386975684
103.967807074453,1.34883829989195,5.387830385846009,1.1143534008731812,2.046347219052265,1.420978274275722,5.713448059486705,3.1365914679067766
103.967807074453,1.34964847518306,6.568031618636823,0.9172795585351317,3.841747788153519,2.136076667217459,5.405477194886185,3.7737225654858237
103.967807074453,1.35045865047418,6.342976487270384,1.0507467327197588,3.8476575643151314,1.7511133938875574,5.397002463638856,3.6778993283663377
103.967807074453,1.35126882576529,6.536050033910996,1.2947683608347305,4.17615723410179,1.9299895301213397,5.40233087872841,3.8678592075394533
103.967807074453,1.35207900105641,6.223828216629492,0.8734899450584166,3.866813895965567,2.5717526819214704,5.435043416573389,3.7941856312296673
103.967807074453,1.35288917634753,6.3476465852901605,1.0529597365788916,3.988164100174984,1.8834208946603077,5.9385704445060306,3.842152352242075
103.967807074453,1.35369935163864,6.062191197234959,0.9953625579314824,4.041919048336645,1.3602107294682177,5.6344547170822565,3.6188276500107124
103.968617249744,1.34397724814525,5.098412727599669,1.2390345077937006,3.311980872504872,0.01698534883079006,3.7724861697749255,2.6877799253007915
103.968617249744,1.34478742343637,5.408753195939212,1.3742667303930922,3.641023749967978,0.3840722365643927,4.287926511262871,3.0192084848255094
103.968617249744,1.34559759872748,6.09778942366632,1.7856383392127206,4.090421990710908,2.430657757504214,4.922264401158923,3.8653543824506174
103.968617249744,1.3464077740186,5.688905231658278,0.5989629635805613,3.4863866267533012,1.0262022914127336,5.335181757453309,3.227127774171637
103.968617249744,1.34721794930971,5.683931542894918,0.38981147767295,3.1837921293527778,0.9400172087650347,5.413846735655348,3.1222798188682055
103.968617249744,1.34802812460083,5.232360693673147,0.2746344357098174,2.5668940885749656,0.8787612484301093,5.393604455437767,2.8692509843651615
103.968617249744,1.34883829989195,5.44939332502781,0.5430756998381767,2.2591033769688167,1.5383759059571602,5.840656956693412,3.126121052897075
103.968617249744,1.34964847518306,6.60409265151506,1.215513104330583,5.1968148397837695,2.6027296455612436,5.430334364872856,4.209896921212702
103.968617249744,1.35045865047418,6.2380325861233565,1.2621043274753347,4.14278213309824,2.0568212411398683,5.509170760601176,3.841782209687595
103.968617249744,1.35126882576529,6.2630954907316685,1.3549501445112853,3.9046686352702302,1.8987341221896052,5.401376452773487,3.764564969095255
103.968617249744,1.35207900105641,6.228931143764605,0.8301638298424834,3.7853538254033054,1.9363689080500244,5.705151477070341,3.697193836826152
103.968617249744,1.35288917634753,6.6999106823120975,1.0323145204968682,3.8157606628406597,1.571615037248396,6.222320324656742,3.8683842455109527
103.968617249744,1.35369935163864,6.649422358333165,1.387514443782404,4.26886456327432,1.522047441967537,5.940405295754839,3.953650820622453
103.968617249744,1.35450952692976,5.412276546680388,0.5246359184415184,3.1380594384586296,0.56254327605442,4.984645068618985,2.9244320496507883
103.968617249744,1.35531970222087,5.481474754897551,0.7587095301940998,3.569860143315857,0.714385019683732,4.961079570174071,3.097101803653062
103.968617249744,1.35612987751199,5.313320561827741,0.6081772569122279,3.520201983929521,0.6668892718730035,4.673611354666178,2.9564400858417343
103.969427425035,1.34235689756302,4.846182043800727,1.1190942085570406,2.8467323927143937,0.40675436458764125,3.539545111726035,2.5516616242771675
103.969427425035,1.34316707285413,4.9797414795948995,1.185161567637003,2.9717609109803114,0.21903248841070777,3.709028310324399,2.6129449513894643
103.969427425035,1.34397724814525,5.278807252335479,1.3280789493687095,3.4066860774591774,0.0752194139398128,4.053610041780264,2.8284803469766886
103.969427425035,1.34478742343637,5.70035138760111,1.333411858086201,3.8001233894566404,0.32969142393120876,4.812554374571139,3.19522648672926
103.969427425035,1.34559759872748,6.612864161700319,1.8760888436443324,4.5175911686339525,0.9535078821854519,5.3750759199427876,3.8670255952213686
103.969427425035,1.3464077740186,6.1410162432101245,1.112560835220151,4.136551625498189,0.8195729891148176,5.6669758894740205,3.5753355165034604
103.969427425035,1.34721794930971,4.475423207184324,1.0219842194767104,1.8116183764797604,0.48485187795890283,4.533912854685067,2.465558107156953
103.969427425035,1.34802812460083,5.253609103914744,0.0337332729413653,2.639036765567731,0.6545316247531758,5.035523648538671,2.7232868831431376
103.969427425035,1.34883829989195,5.886244775239636,0.9108723258804012,3.7106668234522253,1.7584972753673895,5.337845532946989,3.520825346577328
103.969427425035,1.34964847518306,6.160840652347183,1.4760646379786202,3.896753224537914,1.7755757000049535,5.093928376021982,3.6806325181781303
103.969427425035,1.35045865047418,6.071133111515838,1.344812892177007,3.9109375150722805,1.9006262474980247,5.34160223130997,3.713822399514624
103.969427425035,1.35126882576529,5.826444611496367,0.9256332975390045,3.473704482357082,1.6491892797621261,5.198993986073326,3.414793131445581
103.969427425035,1.35207900105641,6.304506792560677,1.164490600784923,3.8430969132714274,2.364548085702296,5.6015982322711295,3.8556481249180905
103.969427425035,1.35288917634753,6.132153487403997,0.8497717878626574,3.5450532195561664,2.0280128481518815,5.562749709975037,3.6235482105899477
103.969427425035,1.35369935163864,5.80394065926075,0.4215918649022008,3.130397908869213,1.2513423068117078,5.429132164990104,3.2072809809667953
103.969427425035,1.35450952692976,5.1960127614322715,0.19648892683882124,2.6698682183845186,0.2418305659303357,5.039083854643451,2.6686568654458798
103.969427425035,1.35531970222087,5.476165303862796,0.34789491204597667,3.3792603326906807,0.5705510526763717,5.163633250048452,2.9875009702648554
103.969427425035,1.35612987751199,5.468844717834216,0.46959200428229764,3.495095690265945,0.4256469385293329,4.897099170566797,2.9512557042957175
103.969427425035,1.35694005280311,5.3477112299262295,0.3031293838339302,3.562187747200742,0.40109651192186035,4.799758631529901,2.8827767008825327
103.969427425035,1.35775022809422,5.414572686578296,0.5422415112449279,3.6675790635918375,0.5377025282005583,4.951437543633677,3.022706666649859
103.969427425035,1.35856040338534,5.274158204714066,0.41033671668620286,3.5371813008009596,0.3608394079575632,4.86398907536238,2.889300941104234
103.969427425035,1.35937057867645,5.276142993442722,0.19874979308780993,3.383358380292826,0.3932383767206211,4.987644497542309,2.8478268082172575
103.970237600326,1.3415467222719,5.173406905420887,1.593846242234008,3.2839070599228926,0.09141579551916124,3.676471693605823,2.763809539340554
103.970237600326,1.34235689756302,4.7135506058370105,1.0826229358711075,2.8621915342920374,0.3596840781527426,3.5487768795257217,2.513365206735724
103.970237600326,1.34316707285413,5.4211217553814315,1.6627566216136351,3.3645217387374977,0.016525669171191026,4.124906283195148,2.917966413619781
103.970237600326,1.34397724814525,5.633805907920678,1.3727213477094082,3.408582159303549,0.19531872879805334,4.7404366422402155,3.070172957194381
103.970237600326,1.34478742343637,5.834693221481803,1.3367672170342395,3.820653703791308,0.16447773897719387,5.126622628749317,3.256642902006772
103.970237600326,1.34559759872748,6.019242255282023,1.5326905166229494,4.294287315492081,0.7953972980785622,5.1013180935214315,3.5485870957994097
103.970237600326,1.3464077740186,5.950858395066465,1.383753365344294,4.23238075007459,0.9456830080892438,5.223754703445078,3.547286044403934
103.970237600326,1.34721794930971,4.649940144246656,0.2960364809940117,2.223701649594375,0.34592157285945646,4.584849657943288,2.4200899011275574
103.970237600326,1.34802812460083,5.683697104304436,1.0313258001464973,3.19411664711005,1.0876875878142052,4.929262579958273,3.185217943866692
103.970237600326,1.34883829989195,6.109497557296187,1.59864324254929,3.762429749325623,2.47160353772194,5.201019633869535,3.828638744152515
103.970237600326,1.34964847518306,5.977354061818911,1.4257777341826312,4.03845253147065,1.7011365985703222,5.118688015693248,3.6522817883471523
103.970237600326,1.35045865047418,5.802880453321357,0.9922547441692089,3.749265878269391,1.7870182655882836,5.413605766227295,3.549005021515107
103.970237600326,1.35126882576529,6.545553996037906,1.280023211581966,3.8495930448483904,2.084429266585481,5.3501753026515395,3.8219549643410566
103.970237600326,1.35207900105641,6.085109391766558,0.9845095296602686,3.736064268451063,2.040484411772308,5.379254392664361,3.645084398862912
103.970237600326,1.35288917634753,5.811725312952486,0.6852098194339789,3.6030110857220983,1.80209420359936,5.119617967598121,3.404331677861209
103.970237600326,1.35369935163864,5.2496662468972275,0.4341318026452008,3.002043352387787,3.0720329158049644,5.043321552481885,3.360239174043413
103.970237600326,1.35450952692976,4.997117093768868,0.06732378060085509,2.446869398808211,0.4147191241217172,4.798335425670569,2.544872964594044
103.970237600326,1.35531970222087,5.327200745486472,0.2807411673768101,3.138818999468107,0.4656741662465471,4.910447911004582,2.8245765979165034
103.970237600326,1.35612987751199,4.506647575123019,0.6271864052535889,2.5635670731586053,0.4622261348312797,4.152532661540398,2.4624319699813784
103.970237600326,1.35694005280311,5.274195787862052,0.1080425762692876,3.3506083167152596,0.25776044290287103,4.8295121776363175,2.7640238602771574
103.970237600326,1.35775022809422,5.6276429508675,0.6951970133077694,3.830571835659054,0.6465961124055823,5.193428257432075,3.198687233934396
103.970237600326,1.35856040338534,4.861754355726411,0.11805969643584291,3.026238674692028,0.3192612887256949,4.491922035103261,2.5634472101366477
103.970237600326,1.35937057867645,4.851704177440361,0.38564025204693664,2.8929871803875606,0.22796672749089097,4.67687248618369,2.607034164709888
103.970237600326,1.36018075396757,5.4019156031815285,0.2151276156373001,3.3525033501544392,0.4729462231016228,4.973497706872802,2.8831980997895386
103.970237600326,1.36099092925869,5.356377517386754,0.3524314124914767,3.233286882257861,0.4194967945854593,4.552975989384166,2.7829137192211433
103.971047775617,1.34073654698079,5.436244448093511,1.9292281868646626,3.766099793785191,0.5197543078475597,3.874949278450824,3.10525520300835
103.971047775617,1.3415467222719,5.194039786934759,1.6908671933583186,3.500541745942204,0.3140198728916417,3.618822027161041,2.863658125257593
103.971047775617,1.34235689756302,5.163344237761699,1.7356367364244818,3.523571469390152,0.11956741823643213,3.5897651315435297,2.826376998671259
103.971047775617,1.34316707285413,5.315847361181991,1.6276139074437097,3.519750583915389,0.12584712069749315,3.8869013279514917,2.895192060238015
103.971047775617,1.34397724814525,5.70535680958098,1.5261513616940476,3.57673387183371,0.11378817161261878,4.814583080126024,3.1473226589694763
103.971047775617,1.34478742343637,5.540716379284721,0.8325997084039223,3.1242609096397693,0.020389395678193978,5.5295621361846194,3.009505705838245
103.971047775617,1.34559759872748,6.450095617098956,1.3914130453567637,4.306549273531164,0.8646000615407061,5.578074074358124,3.7181464143771428
103.971047775617,1.3464077740186,6.450913016202946,1.4957867588400404,4.031529175900236,0.6372203832737711,5.154147312943898,3.5539193294321785
103.971047775617,1.34721794930971,5.5275598675203135,0.8204190055386746,2.986958985372734,0.3130970144232599,4.975131016336185,2.9246331778382335
103.971047775617,1.34802812460083,5.847006706418231,1.4788562547760975,3.6063695781700496,1.2959455755981963,5.1336533265876305,3.472366288310041
103.971047775617,1.34883829989195,5.804759673014232,1.4357766531264637,3.6209106732493836,2.0596985466929816,5.047592598505705,3.593747628917753
103.971047775617,1.34964847518306,5.709544298662166,1.1329006287597494,3.583406574363668,1.4421108463976928,4.940192746442747,3.3616310189252046
103.971047775617,1.35045865047418,5.95731301373057,1.188795324675386,3.6090830249439385,1.7332210739634242,5.175172045287358,3.532716896520135
103.971047775617,1.35126882576529,5.888744425294178,1.027811858326185,3.378440750090352,1.769585001810686,5.353069715179686,3.4835303501402173
103.971047775617,1.35207900105641,5.937998139555962,0.6463228761100659,3.284611203018155,2.2122286478414956,5.53999171391936,3.5242305160890077
103.971047775617,1.35288917634753,5.760255500205755,0.4649596937039213,3.329690894025269,2.240119817342226,5.4276583486685475,3.444536850789144
103.971047775617,1.35369935163864,5.471263924325239,0.3391074811978996,3.091115054966263,1.6283742744176166,5.236320814966103,3.1532363099746243
103.971047775617,1.35450952692976,5.224027005716238,0.1566849386934024,2.723240663672051,0.7933966909787031,5.121543074789177,2.8037784747699144
103.971047775617,1.35531970222087,5.41910749349098,0.44377405340533116,3.375883101558866,0.5663506722538258,5.05928216332946,2.9728794968076926
103.971047775617,1.35612987751199,4.9935949770410595,0.06856674737028001,3.3557847026876537,0.1315122857002713,4.544804814054604,2.6188527053707737
103.971047775617,1.35694005280311,5.288369863190358,0.3690654311884174,3.451135484373488,0.29948526916392026,4.842237257565049,2.8500586610962464
103.971047775617,1.35775022809422,5.10512575955639,0.10556471604769158,3.0541402036640513,0.006036736362354134,4.893195530592635,2.6328125892446246
103.971047775617,1.35856040338534,5.258557517601364,0.072662302732585,3.2412566993238876,0.0914378649780403,5.011703623843118,2.735123601695799
103.971047775617,1.35937057867645,5.262966385197387,0.1547872618381021,2.9391362763340396,0.19049866491595324,4.956144893336408,2.700706696324378
103.971047775617,1.36018075396757,5.36022063584436,0.17996120678536442,3.0579611930482677,0.09910623373624716,4.978960922318308,2.7352420383465095
103.971047775617,1.36099092925869,5.4015812653852855,0.08078450929986758,3.0491755604424498,0.06400315048187011,4.856751409920697,2.690459179106034
103.971047775617,1.3618011045498,5.191105344370673,0.037932828679064556,2.943868589259889,0.12689012877116923,4.636356796784018,2.5872307375729626
103.971857950908,1.33992637168967,5.643830716062052,1.9487921922225837,3.6872621552107603,0.060978772504878265,4.2431105501185655,3.116794877223768
103.971857950908,1.34073654698079,5.427103637544086,1.6950846319037822,3.7125020697531532,0.27591069704439874,4.021247740475069,3.026369755344098
103.971857950908,1.3415467222719,5.3373523510829415,1.652347288660689,3.7953796961168074,0.11097283357499776,4.0557450571670195,2.990359445320491
103.971857950908,1.34235689756302,5.237700222206186,1.5268369650828788,3.7019744810450383,0.07166965597060226,3.9732999221150394,2.902296249283949
103.971857950908,1.34316707285413,5.129988992957298,1.373940819257335,3.582751719814599,0.13095513568525163,3.7633565204307793,2.7961986376290526
103.971857950908,1.34397724814525,5.08016997557327,1.441696620707667,3.384724785818811,0.16993026195216387,3.7222825096337715,2.759760830737137
103.971857950908,1.34478742343637,5.447805855986537,1.2073944790737698,3.5266037851851877,0.12040546908553296,4.887865835641282,3.038015084994462
103.971857950908,1.34559759872748,6.598822397612356,1.6229938423470323,4.511554444194839,0.6614580745832654,5.46592339452441,3.7721504306523803
103.971857950908,1.3464077740186,6.369046229753899,1.288516766675098,4.03829344901164,0.49556831370028576,5.281614176177573,3.494607787063699
103.971857950908,1.34721794930971,5.764181113639701,0.883554779290133,3.686721082150381,0.2606288824822123,5.128720180205587,3.1447612075536027
103.971857950908,1.34802812460083,6.362691664274099,1.5404178909684951,3.818146480569659,1.034072262784921,5.294796377598082,3.610024935239051
103.971857950908,1.34883829989195,6.243318975539996,1.5702965719885391,3.8792378914899324,1.5450387131280792,5.231005529749655,3.6937795363792403
103.971857950908,1.34964847518306,5.5458604015301525,0.5285392547095071,3.15088311234922,1.6378757413880365,4.855009298970948,3.143633561789573
103.971857950908,1.35045865047418,6.55556164855631,1.2054747063053775,3.4552757106675642,1.4361201213452546,5.236476544564962,3.5777817462878936
103.971857950908,1.35126882576529,6.139081446076911,1.1722315717820457,3.4504022055542194,1.8992230392911047,5.697344203652062,3.6716564932712688
103.971857950908,1.35207900105641,6.352263831201828,0.8563415725478585,3.454335177992924,2.1185294464192204,5.878505312488443,3.731995068130055
103.971857950908,1.35288917634753,6.209572118967461,0.8012123953725911,3.483343152675893,2.443088141493593,5.725456819956648,3.732534525693237
103.971857950908,1.35369935163864,6.088958828300843,0.803044848664662,3.6045635477405717,3.73481740517537,5.768078090484099,3.9998925440731092
103.971857950908,1.35450952692976,5.425075840916232,0.5617257195647873,3.141206940174289,0.9537549086807076,5.207965443298598,3.057945770526923
103.971857950908,1.35531970222087,5.47824429764491,0.46545544337779177,3.2119815526219924,0.31054988586452126,4.906488026197721,2.8745438411413873
103.971857950908,1.35612987751199,4.8774941441855795,0.08651408937124216,3.06627531840563,0.044959161376787904,4.564443328649126,2.527937208397673
103.971857950908,1.35694005280311,5.220542314811148,0.27719824290864636,3.1384677348087386,0.25550149701504665,4.9202711108209485,2.7623961800729058
103.971857950908,1.35775022809422,5.283667166596793,0.26806717307826844,3.2177740976400955,0.14830905402595818,5.037994924827981,2.791162483233819
103.971857950908,1.35856040338534,5.375523691273013,0.19386385679364437,3.3426207169223012,0.16013098505797885,5.083358770538979,2.8310996041171834
103.971857950908,1.35937057867645,5.365686393646186,0.28428351997127876,3.3008772499091776,0.08892549178134956,5.268758091942413,2.861706149450081
103.971857950908,1.36018075396757,5.6056092638701,0.16284835044001866,3.1895231530309864,0.023375076228930425,5.3528979208650895,2.866850752887025
103.971857950908,1.36099092925869,5.3629852807426985,0.09343192050617688,3.097650429380728,0.09305502110961328,5.045770514091977,2.738578633166239
103.971857950908,1.3618011045498,5.1363676893109265,0.1155693737218435,2.920851992534079,0.2228421874804809,4.542185177757979,2.5875632841610616
103.972668126199,1.33992637168967,5.50647655190917,1.8527408753443524,3.6726054344507304,0.2867990907364302,4.309998514659711,3.1257240934200787
103.972668126199,1.34073654698079,5.385931921860706,1.561395484250653,3.6095785591400578,0.1539865051362952,4.003378035242417,2.942854101126026
103.972668126199,1.3415467222719,5.255304847809263,1.4878586278149548,3.522554048189509,0.07458260294503916,4.0474228074731435,2.877544586846382
103.972668126199,1.34235689756302,5.211783533143528,1.4974198177606404,3.474878102315067,0.24492250323049802,4.010352316861727,2.887871254662292
103.972668126199,1.34316707285413,5.09578447985994,1.299707202558782,3.1952780202704893,0.56335716330846,3.9244647764463387,2.815718328488802
103.972668126199,1.34397724814525,5.080000203991908,1.190078187862479,3.1488367404216113,0.9160719797875956,3.6423686622095026,2.7954711548546194
103.972668126199,1.34478742343637,4.911250285582074,1.2910044051395175,3.171517878872862,0.7167672566218464,3.3262006411786267,2.6833480934789855
103.972668126199,1.34559759872748,4.993964311358997,1.0822000013205582,3.3905903548431837,0.5584844921444514,3.876912833732156,2.7804303986798695
103.972668126199,1.3464077740186,5.364999779635397,1.1218930489668324,3.5682373145098722,0.6190297799994084,4.60194705688976,3.055221396000254
103.972668126199,1.34721794930971,6.228218543135824,1.2575599479758566,3.8529124084449258,0.8462950802434861,5.32492782343067,3.5019827606461527
103.972668126199,1.34802812460083,6.699836491335503,1.204657033814211,3.8877357547473395,0.8683610102207311,5.657483881265698,3.6636148342766965
103.972668126199,1.34883829989195,6.836679853711345,1.4627520818538962,4.122060745391799,1.093627806112817,5.330795812741584,3.7691832599622885
103.972668126199,1.34964847518306,6.358829994299899,0.960378714677617,3.393935802847448,1.2053704302665267,5.145450753485438,3.4127931391153856
103.972668126199,1.35045865047418,6.740458413083431,1.1523615187032092,3.481695027179942,1.4359648471743611,5.50859388703357,3.6638147386349025
103.972668126199,1.35126882576529,6.3549702841155025,1.139698663782589,3.353054094152416,2.129854316517598,5.845553659318771,3.764626203577375
103.972668126199,1.35207900105641,6.086014021703832,0.8434048737487245,3.248617836302188,2.888278730457696,5.837132274047633,3.7806895472520146
103.972668126199,1.35288917634753,6.30046315087581,0.35986932674574135,3.2979099079582106,2.8541720225830254,6.325776454896648,3.827638172611887
103.972668126199,1.35369935163864,5.9604561931964675,0.6028220749705255,3.5567675336923976,1.8236991705674548,5.907507006997804,3.57025039588493
103.972668126199,1.35450952692976,4.992096495293513,0.10192529297257735,2.8630061682680044,0.3140906961774803,5.176971102779412,2.6896179510981972
103.972668126199,1.35531970222087,5.5875760810590265,0.6241959953388765,3.255460402631222,0.4344622544713701,4.889888622599724,2.958316671220044
103.972668126199,1.35612987751199,5.2357336384038256,0.3661476240836201,3.260111497630369,0.3203296626083514,4.8170141562004325,2.7998673157853196
103.972668126199,1.35694005280311,5.009818375634012,0.3019997208804419,3.0927514287411704,0.2004010422742617,4.823180365200503,2.685630186546078
103.972668126199,1.35775022809422,5.55481481936701,0.7755525940741208,3.4448035695573083,0.39552226993364314,4.791614717442872,2.992461594074991
103.972668126199,1.35856040338534,5.265064342763708,0.19564120402146656,3.404385223529154,0.14901993839119854,4.973182742671163,2.797458690275338
103.972668126199,1.35937057867645,5.261382810928485,0.2285980014304343,3.1314845485537504,0.0001268268213543422,5.207797127202209,2.7658778629872467
103.972668126199,1.36018075396757,5.15319673565298,0.43075753263485694,2.9186249731586216,0.3088831975092532,5.125015556291114,2.787295599049365
103.972668126199,1.36099092925869,5.237640629100461,0.07554496554280732,2.9724693101091617,0.131416723057729,4.968326889535202,2.6770797034690723
103.972668126199,1.3618011045498,5.079064618215195,0.04686453500724852,2.852882675332989,0.09663130450678281,4.575514239078188,2.5301914744280807
103.972668126199,1.36261127984092,4.96897027096724,0.0394120254266106,2.734798706660939,0.25412970720706696,4.276575774694276,2.4547772969912267
103.972668126199,1.38772671386551,4.585336324371248,0.5102829467316319,2.3380290851677223,0.2640904007245055,2.704214815315659,2.0803907144621534
103.972668126199,1.38853688915663,4.581891283895995,1.2282317603313864,2.0718674750025023,0.06981088617127185,3.1855827951669866,2.2274768401136287
103.97347830149,1.33992637168967,5.394100973003166,1.7833524116214328,3.6591224717985824,0.1611700889427361,4.382148326730242,3.075978854419232
103.97347830149,1.34073654698079,5.335167133919786,1.7256762756785733,3.550068270678789,0.04968873480986957,4.136367399901982,2.9593935629978
103.97347830149,1.3415467222719,5.1696844872307715,1.5080867159230849,3.312133763696661,0.028414124064120472,3.640996915449257,2.731863201272779
103.97347830149,1.34235689756302,5.02376186009948,1.234668244547919,3.340424791709875,0.4587496102842046,3.8028162494543523,2.772084151219166
103.97347830149,1.34316707285413,4.897437119924369,1.144658197112058,3.1312098432759825,0.6581716625760095,3.6782095984440595,2.7019372842664957
103.97347830149,1.34397724814525,4.849265445452531,1.029878308400324,2.9559259234155704,0.769947288302891,3.515238134285312,2.6240510199713256
103.97347830149,1.34478742343637,4.86722755990159,1.1272717885304182,3.2005653818402173,0.8268913476265318,3.489110311262671,2.7022132778322856
103.97347830149,1.34559759872748,4.488307895603469,0.744763892872804,2.8646848849482787,0.35738984677277585,3.396460338733835,2.3703213717862326
103.97347830149,1.3464077740186,5.069909633423723,1.3869628627274828,3.347750021327368,0.7294427764764464,3.832078579565259,2.8732287747040557
103.97347830149,1.34721794930971,5.04168332821726,1.0854547808593473,3.556017892577021,0.637888056503872,4.145745760624038,2.8933579637563076
103.97347830149,1.34802812460083,5.291225004903303,0.5390600929661424,3.769302269481276,0.9050326504377786,5.189150449077925,3.138754093373285
103.97347830149,1.34883829989195,5.921474571336031,0.9540218480212275,4.1123259310572635,1.197063213883741,5.334945734370805,3.5039662597338137
103.97347830149,1.34964847518306,5.714452841389537,0.9721337693315775,3.617278126886781,1.1707212249404115,5.023255950833182,3.2995683826762976
103.97347830149,1.35045865047418,5.862897481759553,1.1609579471071179,3.5266855881816177,0.8103183717729721,5.178175557063504,3.307806989176953
103.97347830149,1.35126882576529,5.772461682531741,1.3801587519602627,3.4885689201256653,0.9170803462640862,5.739798451130508,3.4596136304024525
103.97347830149,1.35207900105641,5.517235244717803,0.7330582002082338,3.1012556818601276,1.3317941386742191,5.753774003867026,3.2874234538654816
103.97347830149,1.35288917634753,6.13720524013079,0.5744170729351872,3.3899513870865405,1.6700104775678994,6.181104451632155,3.5905377258705142
103.97347830149,1.35369935163864,5.704651537781597,0.4138555550080518,3.3461322647653233,0.911986019722832,5.611052642181175,3.197535603891796
103.97347830149,1.35450952692976,4.74455994586862,0.09858640295940901,2.8209783203243255,0.14119590295480933,4.618933108115328,2.4848507360444985
103.97347830149,1.35531970222087,4.975992856507418,0.21816949845420552,3.076017919600744,0.1942515168672898,4.953068751828756,2.6835001086516828
103.97347830149,1.35612987751199,4.912120248095853,0.08984488797148416,3.1154279835959215,0.1486673389749349,4.756697702824507,2.60455163229254
103.97347830149,1.35694005280311,4.995189982978438,0.4645855067016562,3.1731468183366154,0.2830107961281314,4.699204733632168,2.723027567555402
103.97347830149,1.35775022809422,5.21238960408251,0.618442112075801,3.486680310334627,0.4351020338331004,4.82586212411864,2.9156952368889355
103.97347830149,1.35856040338534,4.855597891689207,0.017444505970285462,3.0339986465984836,0.1461305263740229,4.633487732357054,2.537331860597811
103.97347830149,1.35937057867645,5.408770974335418,0.023824303834430793,3.223177693562782,0.031295943673011806,5.044442263874995,2.7463022358561275
103.97347830149,1.36018075396757,5.261310554947492,0.19621035355588035,3.0530435883717857,0.18916846980211943,5.018541330717181,2.743654859478892
103.97347830149,1.36099092925869,5.130576809163124,0.30665758109011776,3.0749421676092723,0.08397108303850942,4.593767491602769,2.637983026500758
103.97347830149,1.3618011045498,4.949250868635499,0.35123729640080725,2.974715855724579,0.07721738005583134,4.301288156793852,2.5307419115221137
103.97347830149,1.36261127984092,4.640732459709536,0.18368633201874118,2.604638513227549,0.10807334143926184,4.1565816043595305,2.3387424501509235
103.97347830149,1.3869165385744,5.015240276906599,0.4045117494265327,3.204625912019619,1.0294726719558618,2.3740924860568207,2.405588619273087
103.97347830149,1.38772671386551,4.602996525696387,0.6775437285009289,2.2008952273293794,0.22737947962116678,2.7024789661038895,2.0822587854503505
103.97347830149,1.38853688915663,4.691658055582767,1.2528024901382793,2.3571193373670987,0.337142383460062,2.9484184624851224,2.317428145806666
103.97347830149,1.38934706444775,4.62152348490968,1.2473440115823244,2.4778297958625295,0.4503805829993226,3.1695552106707403,2.3933266172049192
103.97347830149,1.39015723973886,4.474674411748836,1.0449966026740611,2.4130068317904474,0.30216006655794914,3.4991038739526097,2.3467883573447805
103.974288476781,1.33911619639855,5.416176204959104,1.8470657011936815,3.46513728489424,0.06803951982035983,4.088189252417028,2.9769215926568826
103.974288476781,1.33992637168967,5.340847092390263,1.7800906883399854,3.6469005845093854,0.09702676404691957,4.108333809165629,2.9946397876904363
103.974288476781,1.34073654698079,5.232316421535472,1.6876112438134605,3.5776420923660197,0.022203289630777334,3.8756107510676543,2.8790767596826767
103.974288476781,1.3415467222719,4.97641735551111,1.4348898298641757,3.113353542534451,0.10168366721974209,3.6494569190373802,2.655160262833372
103.974288476781,1.34235689756302,4.965325823242964,1.2018306847513323,3.1301863425289866,0.3537928696767665,3.655170351144843,2.661261214268978
103.974288476781,1.34316707285413,4.722090669522615,1.0173766315873678,3.0627844995530253,0.5880098747369864,3.4931920928336844,2.576690753646736
103.974288476781,1.34397724814525,4.789593469047137,1.001182533933548,3.240787714252992,0.9634906815395432,3.5291990444050896,2.704850688635662
103.974288476781,1.34478742343637,4.882194594888599,1.1803486600523243,3.3006117245773687,0.9523946251799096,3.61076660628353,2.785263242196346
103.974288476781,1.34559759872748,4.751972327818862,1.109026519336961,3.0992234920203643,0.6139793183064199,3.4604613172654908,2.60693259494962
103.974288476781,1.3464077740186,4.94988162352222,1.3511231652771372,3.4029521739409105,0.9452659848576452,3.6561193934711476,2.861068468213812
103.974288476781,1.34721794930971,4.989322670750301,1.3428215533666723,3.524587601825619,1.1035250527264502,3.70322361628871,2.9326960989915505
103.974288476781,1.34802812460083,4.995268834117212,1.2979238789956007,3.6199051869582206,1.138669013451711,3.962621524277157,3.0028776875599803
103.974288476781,1.34883829989195,5.00837676182061,1.0152231619739034,3.510119180916579,1.0480516505116988,4.338572783832209,2.984068707811
103.974288476781,1.34964847518306,5.342064791891726,0.9851638011888468,3.4287442832992987,1.074381446241322,4.682074276358971,3.102485719796033
103.974288476781,1.35045865047418,5.280976620919944,1.0063228144214804,3.2948453226598815,0.880600322899685,5.287100007238543,3.1499690176279067
103.974288476781,1.35126882576529,5.471901511032385,0.9530100145999292,3.4200207142976033,0.8829747624583213,5.624095600391829,3.270400520556014
103.974288476781,1.35207900105641,5.344251642908592,0.6428984820505086,3.3091453436392904,0.7493490097432911,5.524070350273011,3.1139429657229387
103.974288476781,1.35288917634753,5.752116055441341,0.9093456442264198,3.6228279403826456,1.0117821211065205,5.533774179175616,3.365969188066509
103.974288476781,1.35369935163864,5.56990506094623,0.7257221521006585,3.3073533048633905,0.6011924340237691,4.721797700670411,2.9851941305208918
103.974288476781,1.35450952692976,5.235749005622871,0.4363127404874163,3.190755960060592,0.4124937798703243,4.823089542266413,2.8196802056615233
103.974288476781,1.35531970222087,4.965407718762524,0.050028085999638705,2.8905570786873582,0.16357164176673678,5.16464246354127,2.6468413977515057
103.974288476781,1.35612987751199,4.9314348203274605,0.17325453998871154,2.8811923872672303,0.16397524731875635,5.044963810242066,2.638964161028845
103.974288476781,1.35694005280311,4.692122960850671,0.013006005338990434,2.7406891489283502,0.05797423673933366,4.698177755279193,2.440394021427308
103.974288476781,1.35775022809422,5.180428074341652,0.4525577729330479,3.4320497002098413,0.2720559208730684,4.824887607937807,2.8323958152590833
103.974288476781,1.35856040338534,5.253886449099962,0.42062222781077097,3.3593214486572975,0.23728903725409012,4.861179054775132,2.8264596435194504
103.974288476781,1.35937057867645,5.133944594508822,0.12873228048900742,3.1446350303218438,0.10267292158318853,4.643701802238745,2.6307373258283215
103.974288476781,1.36018075396757,5.0290224035510995,0.13541366536108157,3.090355611436891,0.25714549167214074,4.429212895869597,2.588230013578162
103.974288476781,1.36099092925869,4.807021938863027,0.49105958057523935,2.8868665161506257,0.09647011821670759,3.861268682488056,2.4285373672587314
103.974288476781,1.3618011045498,4.7629951070933245,0.46748436626814893,2.8414127704697805,0.14817319603656998,3.682325525760067,2.3804781931255783
103.974288476781,1.36261127984092,4.848771327852859,0.4002881091875494,3.0312350117486204,0.5414843618776715,3.86609099687416,2.537573961508172
103.974288476781,1.36342145513203,4.878216318436184,0.21802619986188176,2.8818210947018024,0.6198885951722524,3.932794417230369,2.506149325080498
103.974288476781,1.38610636328328,5.324535536929279,0.49166094694000506,3.2384918026173573,1.0256951630949303,1.7275458247048014,2.3615858548572746
103.974288476781,1.3869165385744,4.786779404952075,0.5738319624917203,2.9679532608878176,0.612736635584124,2.323372715510075,2.2529347958851624
103.974288476781,1.38772671386551,5.112502884853782,0.6706316486395281,3.0355225288753473,1.3183793199504628,2.3784414003514627,2.5030955565341166
103.974288476781,1.38853688915663,5.110926391002707,1.1753900852459616,3.101612897565751,1.5509213930512793,2.570344377269169,2.7018390288269734
103.974288476781,1.38934706444775,4.785680250497908,1.110117665078441,3.0955104201924044,0.9264053806977728,2.870123074444084,2.557567358182122
103.974288476781,1.39015723973886,4.701985334505622,0.9745066924591157,2.7468788022638684,0.7229944748136674,3.2593898932428047,2.4811510394570155
103.974288476781,1.39096741502998,4.56941153704712,0.9474069871641291,2.6172394876385603,0.7074372663592641,3.5802526497971527,2.484349585601245
103.975098652073,1.33911619639855,5.113176216236237,2.0296661640353904,3.3421476889258592,0.16638851689052814,3.7195363748582615,2.8741829921892554
103.975098652073,1.33992637168967,5.079674469558171,1.5312472883445167,3.163720847529511,0.7396095566259149,3.804313754000802,2.8637131832117833
103.975098652073,1.34073654698079,5.100874755409979,1.5071075632466346,3.23188804153925,0.6364082168250569,3.8214972663792963,2.8595551686800436
103.975098652073,1.3415467222719,4.525866407036872,0.9044275113830302,2.407847730685326,0.8642989860946209,3.2651412055258007,2.39351636814513
103.975098652073,1.34235689756302,4.853412783279367,1.179240893387508,2.813121506026036,0.05668687110315318,3.339760216348676,2.448444454028948
103.975098652073,1.34316707285413,4.779875391236729,1.1698317638101159,2.986025467285465,0.4098187221593719,3.312203584817638,2.531550985861864
103.975098652073,1.34397724814525,4.746681166514509,1.1175677826565575,3.2772249913957943,0.7765423631197628,3.476311231204466,2.678865506978218
103.975098652073,1.34478742343637,4.506978097220159,0.8221251013537483,2.9779248932761853,0.5652365772407677,3.401014284214522,2.4546557906610764
103.975098652073,1.34559759872748,4.922328693699416,1.3283849025267997,3.4487080812249395,0.9271252976769482,3.6450652411083304,2.8543224432472867
103.975098652073,1.3464077740186,4.928875776298028,1.2668246558633385,3.477940347088868,0.9570278396653507,3.63431570193886,2.852996864170889
103.975098652073,1.34721794930971,4.743607098446741,1.0567573606236031,3.2109664345456785,0.8443641018434391,3.4967116478470857,2.6704813286613094
103.975098652073,1.34802812460083,4.7913736045272906,1.1218894710976315,3.352942292011125,0.9311241166361448,3.5578997201054854,2.7510458408755354
103.975098652073,1.34883829989195,4.820930092115326,1.0514445933308707,3.2372554825919835,0.6995202174872013,3.97143016254671,2.7561161096144184
103.975098652073,1.34964847518306,5.109413100609142,0.8804186978514039,3.283582143652545,0.8111799343780746,4.422447525867572,2.9014082804717476
103.975098652073,1.35045865047418,4.504090146897752,0.624798602830559,2.620858619690541,0.34843981773724764,4.204078212121878,2.4604530798555957
103.975098652073,1.35126882576529,4.658541222380023,0.7649380843546503,2.8264523102387358,0.3654658925983334,4.1514990953907684,2.5533793209925024
103.975098652073,1.35207900105641,5.052350615492312,0.9553374267067163,3.2307937468446646,0.5447264660720066,4.669826489014955,2.890606948826131
103.975098652073,1.35288917634753,5.447242882601756,1.3287485067404852,3.590193721860441,0.9375839127618697,4.658201666905896,3.1923941381740897
103.975098652073,1.35369935163864,4.792347941348012,0.9585731560556425,3.0502265012515295,0.29116436686232205,3.5218648855990367,2.5228353702233086
103.975098652073,1.35450952692976,4.847808491507472,0.7556800797889487,3.0933318841843196,0.04824025995651127,3.585314380457298,2.46607501917891
103.975098652073,1.35531970222087,4.661722316228026,0.1816598483887759,2.707140791481457,0.5001635752928877,4.14992769904439,2.4401228460871076
103.975098652073,1.35612987751199,5.113261274971304,0.497048746899857,3.0882968057089393,0.006153147547774296,4.60602915508839,2.662157826043253
103.975098652073,1.35694005280311,4.9422967603427885,0.32981026438579164,3.0582423029269634,0.27497313925070443,4.445287474425022,2.610121988266254
103.975098652073,1.35775022809422,4.901057970101739,0.3889506051820675,3.2207517011981217,0.21553169305229147,4.4693756580871415,2.6391335255242723
103.975098652073,1.35856040338534,4.903386554064024,0.2669179387815035,3.9562748620679606,0.08385760617568394,4.4824152686733285,2.7385704459525
103.975098652073,1.35937057867645,5.096653732108958,0.39724776602838574,3.2510119535526094,0.08173974954216945,4.376606414723788,2.6406519231911822
103.975098652073,1.36018075396757,4.82534958582141,0.47481309529545257,3.038096817354898,0.2234568268652808,3.9253890498349087,2.49742107503439
103.975098652073,1.36099092925869,4.613836053446093,0.549902135061167,2.89426055407737,0.1540703864132631,3.36832663729988,2.3160791532595546
103.975098652073,1.3618011045498,4.505297053494228,0.4658632665769815,2.941453837373281,0.08576249780890421,3.3493530956588913,2.269545950182457
103.975098652073,1.36261127984092,4.442034825859793,0.5159377045041929,2.7308822221112656,0.34432585122820925,3.3069741947931774,2.2680309596993276
103.975098652073,1.36342145513203,4.642742990937986,0.5133822176682123,3.060505077008031,0.5391117399249588,3.3922780761579645,2.4296040203394305
103.975098652073,1.36423163042315,4.78597177510461,0.3551729467050997,2.805561875966493,0.575341776513536,3.7766805876900698,2.4597457923959616
103.975098652073,1.36504180571427,4.7981475159122375,0.1869672460734897,2.551775543820792,0.510572777925983,3.817767762524589,2.373046169251418
103.975098652073,1.36585198100538,4.710363953340767,0.04304662858353936,2.311679606826001,0.2937684951941506,3.615453844769366,2.1948625057427646
103.975098652073,1.37314355862543,4.899249008357817,0.9357664819369127,2.774662011529699,1.2061655360185775,3.0912055476742175,2.581409717103445
103.975098652073,1.37395373391654,4.9730329448445225,0.6179434081439403,2.219220641515328,0.7468838034476804,2.503675851007369,2.212151329791768
103.975098652073,1.37476390920766,5.162517114367191,0.5347878517565938,2.1366095227620185,0.6592243712219279,2.270319290100769,2.1526916300417
103.975098652073,1.38448601270105,5.1360883337210055,0.24764311420894813,2.2740066876398224,0.8878394317047906,0.9880921689488353,1.9067339472446805
103.975098652073,1.38529618799217,5.111694750137129,0.36124255319777987,2.542073554577147,1.1367813352408191,0.9288790724393685,2.016134253118449
103.975098652073,1.38610636328328,5.009455422245722,0.8806332091893161,2.907341824911118,0.755375916336483,1.9630659120622092,2.3031744569489696
103.975098652073,1.3869165385744,5.1290491089789185,0.850098078535499,3.2537632381420423,0.8909704750557594,2.0204109733567215,2.428858374813788
103.975098652073,1.38772671386551,5.904696590267161,0.5276886822337978,3.317259416425724,2.5073273538887335,2.376143231677151,2.9266230548985135
103.975098652073,1.38853688915663,5.182259643571822,0.7899040201019432,3.244344164984078,1.9660644005069585,2.379559397087821,2.7124263252505245
103.975098652073,1.38934706444775,4.5878077393445515,0.631600638170589,2.903229227074668,1.0806752782708955,2.485844298523915,2.337831436276924
103.975098652073,1.39015723973886,4.7799922535379835,0.6819613410434826,3.17223848309688,1.2827732091295694,2.8951203515424595,2.562417127670075
103.975098652073,1.39096741502998,4.799491743470661,1.8145746780409695,2.8973459508806307,1.1375561854992,3.2555633206953694,2.780906375717366
103.975098652073,1.39177759032109,4.497236835884362,1.1107545410408086,2.6338422298499005,0.6570482996603886,3.5952507195780754,2.498826525202707
103.975908827364,1.33830602110744,5.147895015358888,1.7402276878993206,3.019702443696861,0.0586872219116934,3.2428907861221816,2.6418806309977887
103.975908827364,1.33911619639855,5.077689606863789,1.6200892430971123,2.6753509792860513,0.7062139222907433,3.9397712424997557,2.8038229988074903
103.975908827364,1.33992637168967,5.093312360611058,1.0642687029657658,2.3527235983089696,1.7280108954836209,4.047670864461743,2.8571972843662317
103.975908827364,1.34073654698079,5.116598067419147,0.998976222274436,2.2941562240259827,1.9497835374316708,4.051110800491372,2.8821249703285217
103.975908827364,1.3415467222719,4.5250174587540215,0.6555975083551893,2.175874682486686,1.7164944271469693,3.5592874349527897,2.5264543023391313
103.975908827364,1.34235689756302,4.803189469360934,0.9503794325045298,2.922245106225027,0.37570680037651627,3.1980109355168693,2.4499063487967754
103.975908827364,1.34316707285413,4.74591044332184,1.1836316732696908,2.8320799211821033,0.4397566170192597,2.943914951455266,2.429058721249632
103.975908827364,1.34397724814525,4.519605517136242,1.1180172621922608,2.873161183840942,0.6130287010862361,3.1191289315678397,2.448588319164704
103.975908827364,1.34478742343637,4.892828646135889,1.3532044281840072,3.3936639205860573,0.969651251681487,3.415244560280957,2.80491856137368
103.975908827364,1.34559759872748,4.949119719974149,1.2922993464207444,3.332358421004404,0.8894010501754188,3.5551472399157724,2.8036651554980976
103.975908827364,1.3464077740186,4.5567261641220895,0.9415300955050867,2.9943790619620714,0.5516336894803899,3.4315081484735614,2.49515543190864
103.975908827364,1.34721794930971,4.55179814800314,0.9360343625869021,3.0714507701491236,0.6162147214490403,3.4661185325363277,2.5283233069449067
103.975908827364,1.34802812460083,4.759930884847929,1.0697004909408498,3.3929761113184504,0.743102724417092,3.641118553330468,2.721365752970958
103.975908827364,1.34883829989195,4.937200852243002,1.0529509541095088,3.3924193864007,0.7808244800036519,3.8834125555229484,2.8093616456559625
103.975908827364,1.34964847518306,4.79063125389483,0.41740464251708076,3.0077755176046637,0.48611468383344913,4.402943993120189,2.6209740181940426
103.975908827364,1.35045865047418,4.825689142375918,0.9680814245896094,3.0589744747626852,0.747223019035566,4.279795463126391,2.775952704778034
103.975908827364,1.35126882576529,4.732547772698389,1.0818523304786893,3.0403827320418344,0.856377699690821,3.9333172355112502,2.728895554084197
103.975908827364,1.35207900105641,4.726014279050538,1.0566025496332223,2.9702495377615037,0.6173371405782149,3.766782245621595,2.627397150529015
103.975908827364,1.35288917634753,4.571795767271656,1.1493030570667067,2.950885859975429,0.4131335679931425,3.2444881150573757,2.465921273472862
103.975908827364,1.35369935163864,4.533793197207967,1.3330471232435244,2.7642434314950073,0.27913042121497966,2.8643940425855163,2.3549216431493987
103.975908827364,1.35450952692976,4.574214173064469,1.3078784917296389,2.6810197518976224,0.18435952404690426,3.0088775750030727,2.3512699031483413
103.975908827364,1.35531970222087,4.806507625070157,1.428648440532136,3.019568136095078,0.5186081240229221,3.454612788577627,2.645589022859584
103.975908827364,1.35612987751199,4.68968522627285,1.0603289236412579,2.8584706973844582,0.4217420192134327,3.849203243734049,2.5758860220492097
103.975908827364,1.35694005280311,4.739967785299378,0.6439258813243605,2.9069976396516246,0.35653229163495936,3.864252244317157,2.5023351684454957
103.975908827364,1.35775022809422,4.355785471050819,0.2324530644285865,2.807441253494339,0.05610082864869881,3.6996645090887945,2.2302890253422474
103.975908827364,1.35856040338534,4.703323900942635,0.2516225384581645,3.100759386338993,0.16218225688787413,3.966682218886028,2.436914060302739
103.975908827364,1.35937057867645,4.906240950440328,0.44335877762823017,3.2844340838512167,0.2231692294016696,4.212073479269243,2.6138553041181374
103.975908827364,1.36018075396757,4.476399166837801,0.5196285241176248,2.7407839155972766,0.34033755719189074,3.503034121929364,2.3160366571347915
103.975908827364,1.36099092925869,4.328879547687105,0.5117628725554368,2.9256411266169415,0.17442384315303272,3.3118750627863456,2.2505164905597725
103.975908827364,1.3618011045498,4.51276034658547,0.5753282512023361,3.0162902042910353,0.3737155274916688,3.321846368692391,2.35998813965258
103.975908827364,1.36261127984092,4.3059378209779275,0.4070012530179987,2.6343951354078676,0.42136157592785395,3.358547993683171,2.225448755802964
103.975908827364,1.36342145513203,4.491055451730702,0.7900973912389198,2.9157103409369327,0.7655214729803674,3.263292721320429,2.4451354756414703
103.975908827364,1.36423163042315,4.528028344322099,0.7845848327234073,2.688035519267661,0.6780804274623762,3.1612390659506815,2.367993637945245
103.975908827364,1.36504180571427,4.494764860271747,0.28098244750798784,2.5458121800585403,0.4888872956892669,3.506566666718232,2.263402690049155
103.975908827364,1.36585198100538,4.708492482336549,0.17402347403260876,2.6853555877369786,0.46881838926765695,3.4787674786643272,2.3030914824076243
103.975908827364,1.3666621562965,4.576481537120085,0.2607043767862933,2.431006190873841,0.40921054150099323,3.313600433185112,2.1982006158932648
103.975908827364,1.36747233158761,4.579326004358521,0.21791562816293109,2.3870300489055616,0.5077757887311769,4.428745625646975,2.424158619161033
103.975908827364,1.37314355862543,4.911291776098828,1.39988168515832,3.11977825697927,1.6412981469788228,3.0180902862365677,2.8180680302903616
103.975908827364,1.37395373391654,5.023455324332701,1.333016869947766,3.02686033189271,1.3461902474702079,2.4885312868310265,2.6436108120948822
103.975908827364,1.37476390920766,5.09323466350768,0.7500487192528702,2.3842515469058085,0.91195139642074,2.4589258011994204,2.319682425457304
103.975908827364,1.37557408449877,5.1897869788565885,0.5390801916225918,1.9858246146974459,0.30557952827969004,2.2471473898812384,2.053483740667511
103.975908827364,1.38286566211882,5.180751449460441,0.3312582557475068,2.216956301164469,0.7899064645330398,1.5999840996214907,2.0237713141053897
103.975908827364,1.38367583740993,5.2349435497181425,0.30788229908476694,2.443339959134814,0.8704585449073612,1.5221654004521774,2.0757579506594523
103.975908827364,1.38448601270105,5.28510999648941,0.3472545747195994,2.6597690414781,1.2092529232213103,1.6227209427703748,2.224821495735759
103.975908827364,1.38529618799217,4.677133956149483,0.07004387337212847,2.4239556295053184,0.7797241532662902,1.3628803973828383,1.8627476019352116
103.975908827364,1.38610636328328,5.1232264577298,0.797013635664996,3.0120708823588096,0.7592307774389973,2.03328256987351,2.3449648646132224
103.975908827364,1.3869165385744,5.026981803033266,0.7520008579942434,3.1146389523881908,0.930044832777515,1.8488479491302954,2.334502879064702
103.975908827364,1.38772671386551,5.813925137073003,0.5314983628198497,3.236483954150806,2.464473880236323,2.5855814324677837,2.926392553349553
103.975908827364,1.38853688915663,4.9896003607855945,0.7578370723758887,3.2593734243485635,1.7631496643988527,2.344776503514449,2.6229474050846697
103.975908827364,1.38934706444775,4.8037488183514405,0.675233981765551,2.8986609647777577,2.0958294581992583,2.5895520546465782,2.612605055548117
103.975908827364,1.39015723973886,4.835395477970309,0.6297062256117485,3.0997875541656477,1.5697833401314192,2.839668765513448,2.5948682726785144
103.975908827364,1.39096741502998,4.8708878250877845,1.1022551426576186,3.2986922755442016,1.3566751775792802,3.0353482594474848,2.732771736063274
103.975908827364,1.39177759032109,4.531455168668323,1.2109732625249663,2.74197943362649,0.6598842987336191,3.57144854156396,2.5431481410234715
103.975908827364,1.39258776561221,4.111652591141485,1.1918634153392773,1.8288927549343974,0.05544676251518865,3.2622754700264025,2.0900261987913504
103.976719002655,1.33830602110744,5.048211509133143,1.4210242926399026,2.5162072934857562,0.29064807317262975,3.2637565115979648,2.5079695360058794
103.976719002655,1.33911619639855,4.907539764670698,0.898468641643241,1.7877739117692002,1.8574873092419892,3.901044204841856,2.670462766433397
103.976719002655,1.33992637168967,4.720136445329857,0.28578376369443603,1.193492431484561,3.1376734058079414,3.9461977597155666,2.6566567612064724
103.976719002655,1.34073654698079,4.993252510220067,0.5502914743045295,1.6577720340442816,2.717675085936449,4.38182183946445,2.8601625887939557
103.976719002655,1.3415467222719,4.785117718041999,0.4347952530938919,1.5722493247983813,2.7447212424213028,3.9512070143362514,2.6976181105383654
103.976719002655,1.34235689756302,4.608836154102761,0.39336404049660345,1.9210165733094549,1.963532016946548,3.7612418927335405,2.5295981355177815
103.976719002655,1.34316707285413,4.80970571463023,1.0489235709345586,2.812116954974943,0.31499859837903443,3.2207545883217428,2.441299885448102
103.976719002655,1.34397724814525,4.825353004974783,1.472841956027228,3.110718302872339,0.583804812370861,2.7786230888575822,2.554268233020559
103.976719002655,1.34478742343637,4.928718692041102,1.6095979453898153,3.293744466139003,0.7862448689465005,3.037563862628758,2.7311739670290356
103.976719002655,1.34559759872748,4.910696244332588,1.2879553269766113,3.27128382289089,0.8013463337424476,3.42268956001676,2.7387942575918593
103.976719002655,1.3464077740186,4.802133769301257,0.9646742387559684,3.1582652138813785,0.7183589470251199,3.62820564543269,2.6543275628792826
103.976719002655,1.34721794930971,4.6534966118354895,1.0219782834610136,3.1864778736305794,0.613702475211781,3.689931145259102,2.633117277879593
103.976719002655,1.34802812460083,4.92343596895525,1.0332829043126956,3.4816948455752446,0.7546275346725082,4.1349394735989975,2.865596145422939
103.976719002655,1.34883829989195,5.123046777488007,0.8709367495651641,3.1779432919250787,0.7721610501480178,4.266967794519601,2.8422111327291737
103.976719002655,1.34964847518306,5.446896964509342,0.9456876559651519,3.363766220377073,0.8464065313576263,4.698025643978976,3.060156603237634
103.976719002655,1.35045865047418,4.289517762024751,0.3114229963676678,2.4003230968090783,0.12188978368307346,4.0437837523814615,2.2333874782532064
103.976719002655,1.35126882576529,4.716665630212958,0.8074895660016921,2.9061644674302123,0.6176168171464873,3.995958739479317,2.6087790440541334
103.976719002655,1.35207900105641,4.5881370868556175,0.8684838355829214,2.8997257688277536,0.46681119097153,3.619699945610531,2.4885715655696705
103.976719002655,1.35288917634753,4.904684218690964,1.2873653488316954,3.0758786555955737,0.802130927601862,3.660215393593127,2.7460549088626443
103.976719002655,1.35369935163864,4.848402579330411,1.3302438816114837,3.1485108384646026,0.7112241911905279,3.4749741724021703,2.702671132599839
103.976719002655,1.35450952692976,4.460849849119445,1.1267255602591675,2.702076874015656,0.3031804359180015,3.0351528386082194,2.3255971115840977
103.976719002655,1.35531970222087,4.893809496966231,1.6884354353832833,3.046382438672971,0.905359036307857,3.4967548716111203,2.8061482557882926
103.976719002655,1.35612987751199,4.767614553166219,1.219604313194612,3.1525642506079734,0.4552696171617292,3.717827075613741,2.6625759619488547
103.976719002655,1.35694005280311,4.849293827038334,0.5723564462952702,3.0540444511066234,0.2982033643034896,4.13672323773196,2.5821242652951355
103.976719002655,1.35775022809422,4.28726098053734,0.0027967719930472867,2.463393791913571,0.1524967052838555,3.85366526184416,2.151922702314395
103.976719002655,1.35856040338534,4.632722968719012,0.4842234548777995,3.1327867584424567,0.26431167511663745,3.4659712228320494,2.396003215997591
103.976719002655,1.35937057867645,4.647915697791095,0.5254140004838384,3.196225792593811,0.39666778488662047,3.5428151269132684,2.4618076805337266
103.976719002655,1.36018075396757,4.638943632580425,0.7327000489680202,3.175682279407848,0.3239074428363793,3.5544789272786694,2.4851424662142683
103.976719002655,1.36099092925869,4.6828518822552105,0.7205255304012397,3.247213859022139,0.31644276015610373,3.510567677580422,2.495520341883023
103.976719002655,1.3618011045498,4.079336670949729,0.26775717157471846,2.615689214576097,0.118925431453615,3.2965858499444884,2.0756588676997296
103.976719002655,1.36261127984092,4.661139077993891,0.8421963159872767,3.0023318299210224,0.6713684890350713,3.345355472428654,2.504478237073183
103.976719002655,1.36342145513203,4.648694075026079,0.8955021884236025,3.0921455323996057,0.743696286194826,3.19436793900989,2.5148812042108006
103.976719002655,1.36423163042315,4.611076039694517,0.8014406358575883,2.9443458684969563,0.7384613331804708,3.2207720015918397,2.4632191757642743
103.976719002655,1.36504180571427,4.660641202092169,0.500061257839711,2.7131592480511166,0.5960704952544411,4.369757707546942,2.567937982156876
103.976719002655,1.36585198100538,4.363030874828738,0.11579180673367873,2.4147766725987445,0.4623575708295107,4.20428918853289,2.3120492227047125
103.976719002655,1.3666621562965,4.641666679468106,0.5578029809386607,2.9693425862900575,0.6888468050375813,3.8037222434996245,2.5322762590468058
103.976719002655,1.36747233158761,4.754052799227406,0.1303037752695282,2.800400557903039,0.5244992097441248,3.0675850643388465,2.255368281296589
103.976719002655,1.36828250687873,5.033150280177253,0.12014574351195861,2.7372300832129284,0.8601794320203311,2.625389491216257,2.2752190060277457
103.976719002655,1.37314355862543,4.896869003912915,1.4991013653018008,3.149399239965458,1.457016183314657,3.1090521598533414,2.8222875904696343
103.976719002655,1.37395373391654,5.246493159420453,1.6675376389503356,3.576487689190703,1.9358845050547409,3.079519043098749,3.101184407142996
103.976719002655,1.37476390920766,5.228949280549301,1.1233235498916123,3.070645017334005,1.305209274650732,3.058770322338738,2.7573794889528775
103.976719002655,1.37557408449877,5.2336144356410905,1.027483830442474,2.3762692522896813,0.6158068790443281,2.691884800266937,2.389011839536902
103.976719002655,1.37638425978989,5.292677489245882,0.9947676884333454,2.0586951420387223,0.20841068130384244,2.127649343096479,2.1364400688236542
103.976719002655,1.38124531153659,5.391794432357493,0.5684040767138399,1.7466807623365668,0.7911824018211249,1.165991708078412,1.9328106762614872
103.976719002655,1.3820554868277,5.131853426063188,0.19419406863400823,1.5628093280808883,0.4367730294241987,1.1367376868524701,1.6924735078109507
103.976719002655,1.38286566211882,5.112214149498147,0.4911353297675589,2.1277562513352564,0.6046995614180979,1.4350205132852594,1.954165161060864
103.976719002655,1.38367583740993,5.09894559254781,0.4477829785478882,2.5410230157839386,0.7490568082797253,1.744484624133495,2.1162586038585713
103.976719002655,1.38448601270105,5.234289739315294,0.4756203952346816,2.664480871128969,1.0638503712501084,1.7520549687642486,2.2380592691386605
103.976719002655,1.38529618799217,5.138269117100283,0.3756110983230343,2.6549977425231504,0.9585939168078887,1.6549910586751082,2.156492586685893
103.976719002655,1.38610636328328,5.114188165155731,0.5621145042345717,2.802999313583033,1.086859149225642,1.74938182138278,2.2631085907163517
103.976719002655,1.3869165385744,5.254487230098157,0.6991765508403667,2.9806367826025806,1.30762848158556,1.8751410848663639,2.4234140259986057
103.976719002655,1.38772671386551,5.091709583770093,0.3422287486378721,2.7948826689339583,1.3727861466015518,2.2712029528784505,2.3745620201643853
103.976719002655,1.38853688915663,4.972138347670107,0.7720543915880462,3.124420127624095,1.6356185800214682,2.3514751694051057,2.5711413232617644
103.976719002655,1.38934706444775,4.997198812462919,0.854634334251628,3.169160162829698,2.205001127130082,2.6314405266406276,2.771486992662991
103.976719002655,1.39015723973886,4.995116882274228,0.9676291344209709,3.1621967677013956,1.868426351316959,2.8382171019342977,2.76631724752957
103.976719002655,1.39096741502998,4.93120991098181,1.1153937239594,3.2557799303748816,1.467309038006995,3.055101278591181,2.7649587763828536
103.976719002655,1.39177759032109,4.7494935067416115,1.248229045747678,3.0116848282875885,0.8708954403698783,3.43302532057767,2.662665628344885
103.976719002655,1.39258776561221,4.301586323630165,1.0834242766739628,2.2319957695142065,0.1530192095905072,3.014776555665147,2.1569604270147975
103.977529177946,1.33749584581632,5.036077701865949,1.6985688202696245,2.5466412519315895,0.28400000997753594,2.747242212360348,2.462505999281009
103.977529177946,1.33830602110744,5.06780268369236,1.3065607913915294,2.1627527609260326,0.7223294149425961,3.3662919834111094,2.5251475268727255
103.977529177946,1.33911619639855,4.906658059753383,0.5987710055344664,1.4761269801861978,2.558683344607857,3.6742788775680815,2.6429036535299972
103.977529177946,1.33992637168967,4.621115793726609,0.06756453229477799,0.9144252314688295,3.4003723061326845,4.0426043454835465,2.6092164418212898
103.977529177946,1.34073654698079,4.711100866441289,0.3813658597338332,1.2500198525281796,2.93107389186547,4.084206004755888,2.671553295064932
103.977529177946,1.3415467222719,4.54114528014745,0.08590338872770431,1.2485478061196709,2.9645257334283457,4.107545744167922,2.5895335905182186
103.977529177946,1.34235689756302,4.58408970887459,0.052424546969465524,1.286473635068429,2.682320930085478,4.404654831237874,2.6019927304471673
103.977529177946,1.34316707285413,4.844831059515592,0.7809967662854795,1.9272676229028356,1.405359782375804,4.082688486073128,2.6082287434305678
103.977529177946,1.34397724814525,4.866922655480639,1.098621084896429,2.827702151344667,0.1289824292436741,3.5327104469450603,2.490987753582094
103.977529177946,1.34478742343637,4.9636870598756815,1.423517881631657,3.3676254496064963,0.5248237375241693,3.1474166213021917,2.685414149988039
103.977529177946,1.34559759872748,4.66698502373799,1.0461226049478896,2.9522604646987105,0.28738728444529116,3.1463036397584183,2.4198118035176597
103.977529177946,1.3464077740186,4.456700808163362,0.5454380039815767,2.5937578902174643,0.10597928512284227,3.3133816802534,2.203051533547729
103.977529177946,1.34721794930971,5.1101665859012115,1.1100082482365288,3.222911419200443,0.5471447553609856,4.18517429308492,2.835081060356818
103.977529177946,1.34802812460083,5.220367774602625,1.0008866776751901,3.2083384552810017,0.5430035627042464,4.5674492490701795,2.9080091438666487
103.977529177946,1.34883829989195,6.164262403957828,1.170141908661897,3.1517107308527486,0.5460490255344013,4.611040769921011,3.1286409677855773
103.977529177946,1.34964847518306,5.980900919848203,1.0816607569216679,3.29308663043485,0.7100138302387187,4.883795684152506,3.189891564319189
103.977529177946,1.35045865047418,4.942981243449619,0.5138364413219172,2.906698894619126,0.5626188539352199,4.509734747936889,2.6871740362525545
103.977529177946,1.35126882576529,4.980972269992396,0.7768413225583224,3.211431283784677,0.6898505594300843,4.286629070739323,2.7891449013009604
103.977529177946,1.35207900105641,4.96146661214501,1.0855110443117901,3.2419702640788515,0.8001806620822975,3.9121547735336186,2.8002566712303136
103.977529177946,1.35288917634753,4.845969512375781,1.1993283177317267,3.20389727136633,0.5767290269999421,3.5541793354331794,2.6760206927813917
103.977529177946,1.35369935163864,5.143764083282029,1.4350895914060722,3.2995084141785718,0.7870212554906004,3.785913642531952,2.890259397377845
103.977529177946,1.35450952692976,5.2569290509347795,1.4477601450954651,3.1376054719079427,0.7730192480864595,3.6596090009778486,2.854984583400499
103.977529177946,1.35531970222087,4.993369844244594,1.2806082719892018,3.10454463965619,0.7523111026544917,3.5901107372698675,2.744188919162869
103.977529177946,1.35612987751199,5.065026189739243,1.0893545430725418,3.320967742022102,0.8131488513954217,4.14418235505747,2.8865359362573555
103.977529177946,1.35694005280311,5.380599997831684,1.1150660350988808,3.71457683479672,0.9754155859988707,4.946628628279353,3.2264574164011015
103.977529177946,1.35775022809422,5.125071070215558,0.9772856754390169,3.544837774442499,0.8417074025098721,4.235280648226318,2.944836514166653
103.977529177946,1.35856040338534,4.863892983133059,1.015972294122328,3.2256851916255087,0.7092463275307175,3.5831941861996626,2.6795981965222553
103.977529177946,1.35937057867645,4.421777393879282,0.573940448364759,2.822463647880909,0.12381081439426112,3.3456920445930614,2.2575368698224545
103.977529177946,1.36018075396757,4.563860992670602,0.6644891434457385,3.11963456282486,0.24901835640276104,3.471724409470351,2.4137454929628626
103.977529177946,1.36099092925869,4.849618068838623,0.4733963838749595,3.1091762923790576,0.42649333913817244,3.895061198749662,2.550749056596095
103.977529177946,1.3618011045498,4.720340573294177,0.5676681865828677,2.7629962537102983,0.6603040018701307,3.718424300181063,2.485946663127707
103.977529177946,1.36261127984092,4.93330686481924,0.6824834588811797,2.8407041537325988,0.8259971871808744,3.8744763053962537,2.6313935940020294
103.977529177946,1.36342145513203,5.0076447199498055,0.8350739032261494,3.1002361707110815,0.8270370543277998,3.544128369629039,2.662824043568775
103.977529177946,1.36423163042315,4.7065939558532435,0.8112011305529343,2.9876200758438536,0.928321179633933,3.358688449622818,2.5584849583013565
103.977529177946,1.36504180571427,4.794950212378403,0.6279340989408162,3.109431009893637,0.8419292572294239,3.2581818265490803,2.526485280998272
103.977529177946,1.36585198100538,4.864498254764623,0.4749385099656642,2.959032705366962,0.8333544870178784,3.0455782748872835,2.435480446400482
103.977529177946,1.3666621562965,4.632531828781396,0.37204632193383347,2.695052487531836,0.4000666598101539,2.8202023904085713,2.183979937693158
103.977529177946,1.36747233158761,5.142152753588142,0.3459939157228895,3.1975730517919345,0.7451687852340179,2.6915698269100723,2.4244916666494114
103.977529177946,1.36828250687873,5.528194110935523,0.49850099318989294,3.1354026809624074,0.91699495161944,2.1292054927401587,2.4416596458894846
103.977529177946,1.37233338333431,5.103775389615034,1.7317245151425702,3.16854253739335,1.5827866249748332,3.519569575448017,3.021279728514761
103.977529177946,1.37314355862543,4.920387846167575,1.4904627514382014,3.1820214973785177,1.4761518444047041,3.210301181468701,2.85586502417154
103.977529177946,1.37395373391654,5.292332425939843,1.5775767203467659,3.374137792121431,1.6007423506266107,3.406345122821442,3.0502268823712186
103.977529177946,1.37476390920766,5.2232806773478835,1.2897854476615294,3.281636322935764,1.293452648121466,3.2491120295791696,2.8674534251291623
103.977529177946,1.37557408449877,5.486779481325449,1.483721596441157,3.0558627684073087,1.253259163554592,3.257514420148212,2.9074274859753437
103.977529177946,1.37638425978989,5.093853933432154,0.9613216560557802,2.33485360323942,0.4645246119382733,2.5937409392977706,2.2896589487926797
103.977529177946,1.37719443508101,5.268779223127272,1.2443554222502442,2.5105038213039563,0.5435910738076934,2.7799843443173486,2.4694427769613028
103.977529177946,1.38043513624547,5.369953336687011,0.8223419717468055,2.311030079251154,0.9541420033274548,2.133501718193802,2.3181938218412457
103.977529177946,1.38124531153659,5.16346894393515,0.7720369455358593,1.9496864493716295,0.5274641107274292,1.4574000429411385,1.9740112985022413
103.977529177946,1.3820554868277,5.045047965354577,0.6500779164537072,1.824777552065985,0.6080624138314619,1.6095984415618112,1.9475128578535084
103.977529177946,1.38286566211882,4.762581612535797,0.3184915965494497,1.7812470049345102,0.4246686983760206,1.4553580945147004,1.7484694013820956
103.977529177946,1.38367583740993,5.023396251828402,0.731563056943223,2.388300512819608,0.6214508571637722,1.8591624474614292,2.124774625243287
103.977529177946,1.38448601270105,5.014200359867566,0.9647907347630706,2.7304740448785694,0.6952023316898348,1.892574978452128,2.2594484899302336
103.977529177946,1.38529618799217,5.05528519200557,0.3194024881776407,2.6432511972857213,0.64746323997338,1.5350746658053396,2.0400953566495303
103.977529177946,1.38610636328328,5.070098617224659,0.548600978378456,2.3666848744364586,0.7871517289688974,1.5102132669747874,2.0565498931966517
103.977529177946,1.3869165385744,5.751985255239642,0.09313201718741837,2.613164965936761,1.6797781725028784,2.1946691902174997,2.46654592021684
103.977529177946,1.38772671386551,5.354877437586836,0.48012567522462035,2.7738344349443693,1.5500053935977256,2.4900138531762117,2.5297713589059527
103.977529177946,1.38853688915663,5.06606319131345,0.9494155694333912,3.1411694850688505,1.5053070316871704,2.59259553097683,2.6509101616959385
103.977529177946,1.38934706444775,4.851425129663912,1.201927764268202,3.2485102046779204,1.9455063474530085,2.908596169702431,2.8311931231530947
103.977529177946,1.39015723973886,4.853384202385328,1.254499000812018,3.3013331986054766,1.4127647108338799,3.0497761006115915,2.774351442649659
103.977529177946,1.39096741502998,4.900594553625901,1.0171633906439013,3.275070464536274,1.3025952712684337,3.0338835744707993,2.7058614509090617
103.977529177946,1.39177759032109,4.847834694658779,0.9266497202133621,3.1413458211158094,1.199668348394681,3.211739957876368,2.6654477084518
103.977529177946,1.39258776561221,4.5698379114077845,1.0657892701501197,2.588792981370016,0.9258905438110681,3.56272375442747,2.542606892233292
103.978339353237,1.33749584581632,4.914038339828,1.5186169126118614,2.4694722283304813,0.08660912637848384,2.5134438126160106,2.3004360839529676
103.978339353237,1.33830602110744,4.992565451058212,1.0952191890320435,2.2206107004527205,1.107689330401577,3.339165323280067,2.551049998844924
103.978339353237,1.33911619639855,5.155812932640369,0.6687130687842995,1.7769711851511474,2.4586313859528772,4.002242736814701,2.8124742618686787
103.978339353237,1.33992637168967,4.805161138251265,0.34102939087829043,1.5036500931938477,2.8285479279946664,4.2442929773280476,2.7445363055292233
103.978339353237,1.34073654698079,4.709459178882803,0.427850844537609,1.7804120261111258,2.6091987289807683,4.186495658396328,2.742683287381727
103.978339353237,1.3415467222719,4.319707246955446,0.186977323727195,1.0689604237472778,3.233839661469837,4.196680528333548,2.6012330368466605
103.978339353237,1.34235689756302,3.9757398444172978,0.8091985028666215,0.5271379809723022,3.6023074595618887,4.192881951447344,2.621453147853091
103.978339353237,1.34316707285413,4.412355845128857,0.14717854366670835,1.2741703788916041,2.3432399021392634,4.0809414209286,2.4515772181510065
103.978339353237,1.34397724814525,4.483192140979924,0.274283314914868,1.6585864889879538,1.373894215855568,3.944704133676808,2.3469320588830245
103.978339353237,1.34478742343637,4.8103493844836365,0.7037163954195869,2.2840985464399566,0.6054377679530987,3.972501852887259,2.4752207894367073
103.978339353237,1.34559759872748,4.84158138258033,0.6921509102278378,2.2631875817993254,0.6550413349888196,3.8278454111168685,2.455961324142636
103.978339353237,1.3464077740186,5.081704127319728,0.7418394638334149,2.245820501901715,0.7549504387454071,4.209944030927222,2.6068517125454975
103.978339353237,1.34721794930971,5.601727147590346,0.9422215929403102,2.678958952512126,0.17240904003517343,4.818705075098595,2.8428043616353103
103.978339353237,1.34802812460083,5.71934164220346,1.1119313909464381,2.939387425768082,0.10406848749520847,5.019914382230009,2.9789286657286396
103.978339353237,1.34883829989195,5.8584418178711815,1.1448641358552223,2.824484046962386,0.11871072612145994,4.905532323908957,2.9704066101438413
103.978339353237,1.34964847518306,5.8708390436140725,1.0367722074692907,3.1114833675677964,0.22532131499343677,5.025924529566414,3.054068092642202
103.978339353237,1.35045865047418,5.569964122576113,0.7775960667980293,3.5106104028865097,0.24865226359024817,4.903082703515594,3.001981111873299
103.978339353237,1.35126882576529,5.710149539782556,1.0341931402794486,3.427737178300763,0.6226181111954254,4.982016982467481,3.155342990405135
103.978339353237,1.35207900105641,5.796596706157743,1.4572688423066609,3.675786350124941,1.0388180582212811,4.7786177643363,3.349417544229385
103.978339353237,1.35288917634753,5.35749326288245,1.3376743045435973,3.3147601985543,0.7012952134375183,4.167839179025055,2.975812431688584
103.978339353237,1.35369935163864,4.927859403672059,1.0980931501240185,3.02167280075955,0.35015188740138115,3.625241489854062,2.6046037463622143
103.978339353237,1.35450952692976,5.195814326242292,1.249939127256603,3.1600096782954488,0.8087637043632299,3.792843923282774,2.8414741518880695
103.978339353237,1.35531970222087,5.421354133616752,1.4252260447335594,3.5044856407172382,1.185116295373291,4.1288278457140315,3.1330019920309744
103.978339353237,1.35612987751199,5.346645455188696,1.3613849511181115,3.384695343418688,1.1371340513715502,4.540771253406206,3.1541262109006505
103.978339353237,1.35694005280311,5.433932432338366,1.3533192736964175,3.9009252688932037,1.1443070815143201,4.730255829356089,3.3125479771596793
103.978339353237,1.35775022809422,4.808242046733664,0.8427788265720686,3.272059236336247,0.73415524191822,4.086366983241561,2.748720466960352
103.978339353237,1.35856040338534,5.00210000093189,0.9640794982515573,3.5830565850933382,0.9188284788601315,3.680879795251826,2.8297888716777484
103.978339353237,1.35937057867645,4.222622740475725,0.3916449378160394,2.7075309338279787,0.04344254557065241,3.400975054934456,2.15324324252497
103.978339353237,1.36018075396757,4.641766406874655,0.8391395755562989,3.145394690694868,0.2585357916420179,3.444508203055072,2.4658689335645825
103.978339353237,1.36099092925869,4.865456652361317,0.6560293239938204,2.8205590390864437,0.45953236330661795,3.9218990196801187,2.5446952796856634
103.978339353237,1.3618011045498,4.723624878769655,0.868407994923384,2.877888403316284,0.7715589921820651,3.6398958866014333,2.576275231158564
103.978339353237,1.36261127984092,4.88436929878317,0.9415099961477402,3.092218753911414,0.9158633223416821,3.7773032459597893,2.7222529234287594
103.978339353237,1.36342145513203,4.996816307438795,0.7415757092633157,3.0646969039449914,0.9353973223872352,4.248512900433912,2.79739982869365
103.978339353237,1.36423163042315,4.74339021992099,0.7957918975999867,2.839129976710197,0.8084097766333294,3.4762120743293288,2.532586789038766
103.978339353237,1.36504180571427,4.777510010497803,0.7888156081998652,3.012056136510079,0.8119970909465053,3.200632024196043,2.5182021740700593
103.978339353237,1.36585198100538,4.868309056800747,0.6366381195530586,2.933904081179172,0.8208246272399791,3.1291985826246993,2.4777748934795314
103.978339353237,1.3666621562965,4.929065712650381,0.6135394211335132,2.8747554806360576,0.6953677455297402,2.9784200849891036,2.418229688987759
103.978339353237,1.36747233158761,5.336861503366148,0.6260112687416601,3.3575815662582578,0.891152872694029,2.459464796786172,2.5342144015692534
103.978339353237,1.36828250687873,4.853605764404509,0.030306292221965236,2.712692345465623,0.6452180640729495,2.0238516665835533,2.0531348265497202
103.978339353237,1.36909268216985,5.0829898512765865,0.1909944293118997,2.6462365534034475,0.7355146877806611,2.522755342330484,2.235698172820616
103.978339353237,1.37233338333431,5.134829522495284,1.81498635098853,3.1479908945765693,1.6941256182823707,3.740413152134021,3.106469107695355
103.978339353237,1.37314355862543,5.34438990810397,1.9563395037987412,3.317136994196467,1.8845960912831075,3.8739746524467193,3.2752874299658012
103.978339353237,1.37395373391654,5.586424200498847,1.9204029427134301,3.463374875492999,1.8541154165288987,3.9754698694914197,3.359957460945119
103.978339353237,1.37476390920766,5.526816863807788,1.6067058277906696,3.268876389632336,1.4392731472788292,3.397922859813903,3.047919017664705
103.978339353237,1.37557408449877,5.600834004990549,1.6747715312696343,2.8352907520590698,1.396247096160387,3.4541777554518696,2.992264227986302
103.978339353237,1.37638425978989,5.2004106123964355,1.5435426359270181,2.9019744691692537,1.0745345657183165,3.3023124883229578,2.8045549543067962
103.978339353237,1.37719443508101,5.116973502198473,1.3328145361523696,2.890167459956185,0.8645129168301011,2.9440878824904253,2.6297112595255108
103.978339353237,1.37800461037212,5.1820680634001945,1.1952556990393646,3.020817089231709,0.961205867532616,2.7943294843458197,2.630735240709941
103.978339353237,1.37881478566324,5.212574515659323,1.197843048841353,2.997935798101807,1.0757259763249323,2.8437753940371593,2.665570946592915
103.978339353237,1.37962496095435,5.104837476223469,1.1324579303161855,2.657572393966504,0.8605612071365201,2.489809655352339,2.4490477325990034
103.978339353237,1.38043513624547,4.942233794342105,1.1658882777126784,2.5920210468463445,0.6635987469260662,2.2504742933931396,2.322843231844067
103.978339353237,1.38124531153659,4.902793101697547,1.0904597077479998,2.488620580635331,0.4210077284644207,2.1345536592426093,2.207486955557582
103.978339353237,1.3820554868277,4.98577753231185,0.985427396329591,2.2700946090571748,0.5790520636007166,1.945253715113541,2.153121063282575
103.978339353237,1.38286566211882,4.915806030688518,1.083114777952396,2.4552815436004742,0.6142387791967892,1.9316921787764372,2.200026662042923
103.978339353237,1.38367583740993,4.79600063207155,1.2947216050484585,2.746410251797492,0.6036985397660395,2.3033591608066466,2.3488380378980374
103.978339353237,1.38448601270105,4.86091010593098,1.3266351417985902,3.0332877200660704,0.7291672154066404,2.532196593747667,2.4964393553899895
103.978339353237,1.38529618799217,4.874863335324385,0.5423146950995879,2.704386223666205,0.5193710636411986,2.048310140585315,2.1378490916633384
103.978339353237,1.38610636328328,4.833155620694388,0.5186504159312868,2.3835515314623805,0.4065902639620944,1.5334593972398096,1.935081445857992
103.978339353237,1.3869165385744,5.677671423619209,0.43291233302747045,2.9949872512170366,1.4705924244922777,2.1388894286886817,2.543010572208935
103.978339353237,1.38772671386551,5.099705016518794,0.47180297395537707,2.5900882232110405,1.0687966141819167,2.109298803876918,2.2679383263488093
103.978339353237,1.38853688915663,5.051329950390482,0.8037204372271134,3.0969928980963743,1.424587419385265,2.531162625288829,2.581558666077613
103.978339353237,1.38934706444775,4.844294438763441,1.1910470794142256,3.07551716817774,1.7056965182448494,2.7899150935182426,2.7212940596236996
103.978339353237,1.39015723973886,4.60173407208098,0.864773563994774,3.023589864373644,0.9671056839115799,2.908102154465535,2.4730610677653027
103.978339353237,1.39096741502998,5.055691008427207,0.6489683477636525,3.387656997578212,1.4622136662691005,2.70809003118913,2.65252401024546
103.978339353237,1.39177759032109,5.20396148089355,0.6686353732636015,3.6105330348020566,1.3255180365109531,3.0414503077876844,2.770019646651569
103.978339353237,1.39258776561221,4.931397647807305,1.129402858394144,3.2043607270525065,1.1682026642631804,3.478341999977385,2.7823411794989044
103.979149528528,1.33668567052521,4.966845528904653,1.7331361982899907,2.3698555389330664,0.6538013997710195,2.1470101126580197,2.37412975571135
103.979149528528,1.33749584581632,4.995496029805061,1.6716062307174937,2.416947908348803,0.3787595531252492,2.4612816400998803,2.3848182724192974
103.979149528528,1.33830602110744,4.8748839067033,1.466550314860644,2.282083624577403,0.8300542322211371,2.97681678468102,2.486077772608701
103.979149528528,1.33911619639855,5.166179617540333,0.89442530048996,2.0689873772875096,1.8544604609153161,3.8898711905332206,2.774784789353268
103.979149528528,1.33992637168967,5.030635332738974,0.7753425977753245,2.074640198322367,2.258268245997911,4.242083450322692,2.8761939650314536
103.979149528528,1.34073654698079,5.037855724604277,0.6930627172659598,2.0897650253028424,2.448644869462509,4.402691016889278,2.9344038707049735
103.979149528528,1.3415467222719,4.760687249072912,0.13603552500668314,2.155026442614332,2.88162037658552,4.5453852134623745,2.8957509613483645
103.979149528528,1.34235689756302,4.325789596729351,0.32761933759186235,1.1214597935617903,2.97194395063595,4.3438703332541735,2.6181366023546255
103.979149528528,1.34316707285413,4.572411552211417,0.21371872609986653,1.5204256236590652,1.9456923667350097,3.9708619596442887,2.4446220456699295
103.979149528528,1.34397724814525,4.179413218991211,0.09724379623708401,1.0502361487143865,1.848008512800579,3.7598642920607297,2.186953193760798
103.979149528528,1.34478742343637,3.7856141142480304,0.4516780557038942,0.6978661452412567,2.225985811977832,3.4918095529605644,2.1305907360263157
103.979149528528,1.34559759872748,4.593419912847629,0.05575553531416233,1.0917866983649454,1.7274555200782267,4.133855816785854,2.3204546966781634
103.979149528528,1.3464077740186,5.3867262648739604,0.5037532721558229,1.18096894416135,1.5406594726593994,4.536290521140138,2.629679694998134
103.979149528528,1.34721794930971,6.2164806901086465,1.1357645521288902,2.401930941725439,0.6337569571181483,5.212242600958913,3.1200351484080073
103.979149528528,1.34802812460083,6.090837089979601,1.03431481303328,2.516553516763775,0.3977376062415523,5.082104916676549,3.0243095885389515
103.979149528528,1.34883829989195,6.13017089315375,1.2036221327853305,2.672850580520322,0.09335761707086832,5.027824025148046,3.0255650497356634
103.979149528528,1.34964847518306,6.069479277164987,1.2302370490310146,2.874467777243588,0.042928071216550734,5.214566574558486,3.086335749842925
103.979149528528,1.35045865047418,5.307899478921126,0.9421370434546148,3.0114365464256707,0.30456925090661,4.213672290421343,2.7559429220258727
103.979149528528,1.35126882576529,4.948689736450884,0.6316526758729886,3.2407609754560163,0.14997164166641141,3.9878115115929305,2.5917773082078464
103.979149528528,1.35207900105641,5.72604585960617,1.3511283242842431,3.9181865246886503,0.8786634856668982,4.802185252626739,3.33524188937454
103.979149528528,1.35288917634753,6.266657543115219,1.6042964699554823,3.7393695514356615,0.7846009377157301,5.079519448733837,3.494888790191186
103.979149528528,1.35369935163864,5.237582545973076,0.6088932656333519,2.6744068761079234,0.02384664221841959,4.339123968028769,2.576770659592308
103.979149528528,1.35450952692976,5.462041605791843,1.1170974007200698,3.298428366763698,0.4999983890862332,4.43026039179561,2.9615652308314906
103.979149528528,1.35531970222087,5.517558021178981,1.4047089521411849,3.462916546204056,0.7977492667157975,4.3632042378701,3.109227404822024
103.979149528528,1.35612987751199,5.370589469839896,1.3824829195541177,3.2745843024468613,0.8748324470856019,4.586520193359409,3.097801866457177
103.979149528528,1.35694005280311,5.357600034362818,1.2109371190801994,3.426502709777843,1.1183098664167765,4.711620750499257,3.164994096027379
103.979149528528,1.35775022809422,4.8692481282160855,0.6174914181198048,2.830502530911847,0.6378386134956067,4.189390261337838,2.6288941904162364
103.979149528528,1.35856040338534,5.254059185986208,0.9920279657666526,3.2966579305784194,0.9983404418475317,4.234326368204847,2.9550823784767317
103.979149528528,1.35937057867645,4.699281445609195,0.7089200245742688,2.8847447538434245,0.44297423395604696,3.857263057226291,2.518636703041845
103.979149528528,1.36018075396757,4.7795818938362835,0.8745939401760694,2.866291825935946,0.4389365808656187,3.632605720912686,2.5184019923453205
103.979149528528,1.36099092925869,4.808700979937253,0.9604472996391422,2.9083358335338403,0.6845531269232588,3.7712170775078704,2.626650863508273
103.979149528528,1.3618011045498,4.945578636581519,1.5308460777091035,3.340686476389237,1.2807506430524676,3.4534986233345606,2.9102720914133777
103.979149528528,1.36261127984092,4.661928520543469,1.167085930553128,3.322426186577406,1.1023467343819995,3.4658456403244102,2.7439266024760824
103.979149528528,1.36342145513203,4.831324096317331,0.7891389806385831,3.1869874131483655,0.8341425518358214,4.136447899342528,2.755608188256526
103.979149528528,1.36423163042315,4.724282023013945,0.8256438661858425,2.9493035571396753,0.8207005420223084,3.4501499195335974,2.5540159815790737
103.979149528528,1.36504180571427,4.823471957714233,0.8413927266842407,3.135071223321109,0.8541482442239925,3.380029631077683,2.6068227566042514
103.979149528528,1.36585198100538,4.964953275513551,0.716134939196504,3.092255332603294,0.931670207341007,3.179144306253459,2.576831612181563
103.979149528528,1.3666621562965,4.933142332630201,0.7490136107744654,2.902950157778907,0.9735366638885523,3.02179007866593,2.5160865687476113
103.979149528528,1.36747233158761,5.287275032235602,0.9550590267522097,3.413096520207816,1.249658935525268,2.810300770434697,2.7430780570311186
103.979149528528,1.36828250687873,4.674985090615387,0.039044482865023156,2.6438409628624413,0.7360678587624285,2.6584989196780953,2.150487462956675
103.979149528528,1.36909268216985,5.1153364599790905,0.39813295027479256,2.744757881347269,1.0486898716784303,2.817588663234737,2.424901165302864
103.979149528528,1.36990285746096,4.983850306562456,0.6353986823863735,3.0443948077290095,1.1150903410217374,3.1345554406147436,2.582657915662864
103.979149528528,1.37233338333431,5.2815986476536985,1.7914777447129282,3.223342224468702,1.9610067759922565,4.264175130504682,3.3043201046664534
103.979149528528,1.37314355862543,5.664820496025548,2.351351191701898,3.415832250101044,2.5202432167174607,4.744521737677747,3.7393537784447397
103.979149528528,1.37395373391654,5.574978783309593,2.029766064541519,2.886552578790102,1.9230225189078851,4.260961794068713,3.3350563479235626
103.979149528528,1.37476390920766,6.116404584110711,1.7561041727736217,2.7517044431388378,1.7441631870857535,3.49482368912064,3.172640015245913
103.979149528528,1.37557408449877,5.858110581307482,1.6711449526400664,2.562993295595426,1.5402917368089355,3.3526959000268626,2.9970472932757546
103.979149528528,1.37638425978989,4.748942602845677,1.1577740168910928,2.381248399557361,0.6077121852267062,2.8298897809104524,2.3451133970862577
103.979149528528,1.37719443508101,4.685853094660651,0.8952225819020683,2.679651217552646,0.7266841266573714,2.898519002352071,2.3771860046249613
103.979149528528,1.37800461037212,5.170517632500889,1.2266296463016317,3.124872201691531,1.1265490954512885,2.9124683220273404,2.712207379594536
103.979149528528,1.37881478566324,4.985913739562303,1.227069995621438,2.9023264107516695,1.0377142647580975,2.9419986032336674,2.6190046027854352
103.979149528528,1.37962496095435,4.90884506152905,1.4545488402658258,3.015976502566293,0.8423705332439866,2.9936692438853285,2.6430820362980967
103.979149528528,1.38043513624547,4.8661356068146695,1.6475848642248643,2.908943455978001,0.760336920288605,2.9635924438329972,2.6293186582278274
103.979149528528,1.38124531153659,4.756299115837148,1.4766792991247293,2.845569302855889,0.4990652740041277,2.8580776441208684,2.4871381271885524
103.979149528528,1.3820554868277,4.962728906695457,1.3258834016151333,2.65841625370501,0.6985396222077398,2.727286791070931,2.474570995058854
103.979149528528,1.38286566211882,4.851823171202231,1.5487269125515688,2.8740667312811006,0.7222631623343503,2.781551161837463,2.555686227841343
103.979149528528,1.38367583740993,4.623917058368786,1.8357024585536053,2.836117746172704,0.5689842295630463,3.0485415307741732,2.582652604686463
103.979149528528,1.38448601270105,4.663743020730301,1.4860525292430005,2.900156085291968,0.6193778457382919,3.0018111081949925,2.534228117839711
103.979149528528,1.38529618799217,4.640938038042318,0.7510191439003613,3.1114934696283605,0.24678677481966105,2.5930069537834584,2.268648876034832
103.979149528528,1.38610636328328,4.761366326387698,0.03566145192226955,3.347285913180702,0.016049074363778004,1.7761007945193086,1.9872927120747512
103.979149528528,1.3869165385744,4.875993587677687,0.3178016547136657,2.472227426692264,0.3883987605844297,1.7869279911385512,1.9682698841613195
103.979149528528,1.38772671386551,4.6880221771094135,0.6459962827167729,2.5172679379723384,0.5236404167125244,1.961278459663788,2.0672410548349673
103.979149528528,1.38853688915663,4.763782506700171,0.6363822732136484,2.7549845255142102,0.7907795223221825,2.2204016063992107,2.2332660868298846
103.979149528528,1.38934706444775,4.6237912201437865,0.6108328888073835,2.91482275364017,1.003010612176734,2.5378035401160304,2.338052202976821
103.979149528528,1.39015723973886,4.653278518244061,0.5544584037939693,3.2084607771147624,1.159459865324603,2.7183171046428676,2.458794933824053
103.979149528528,1.39096741502998,5.09913423598104,0.4319358748000681,3.4811938746555384,1.6269310452220012,2.534140487263304,2.6346671035843903
103.979149528528,1.39177759032109,5.556119143775728,0.7971130123419456,3.969700669968745,2.0366353026840933,2.916152883441484,3.055144202442399
103.979149528528,1.39258776561221,4.9819989065663925,0.9614864646352075,3.413386869333511,1.3701052835875274,3.384638606885641,2.822323226201656
103.979959703819,1.321292339994,5.9573085279270295,2.894683336116291,3.5105247588396615,0.024689831988542466,5.5843423382504795,3.5943097586244006
103.979959703819,1.32210251528512,5.803277669590141,2.580473137715998,2.930627104237498,0.8959005078831623,5.533456402719569,3.5487469644292737
103.979959703819,1.32291269057623,5.346209410966747,1.9884819832421528,3.2091564394969723,1.0713434194787403,5.7188322012296595,3.4668046908828543
103.979959703819,1.32372286586735,5.699313275425997,2.292644721780775,3.255871840205728,0.8900275727510198,5.6949213335217905,3.566555748737062
103.979959703819,1.33587549523409,4.960147822972914,1.7677879543808679,2.610413317759445,0.8829264118596676,2.211533600120614,2.4865618214187015
103.979959703819,1.33668567052521,4.962481464329379,1.7669265028603895,2.45434795989037,0.7885927531065597,2.0544763421679484,2.405365004470929
103.979959703819,1.33749584581632,5.008782403589024,1.7072193134878546,2.6280210530825663,0.5507760934779107,2.3932815458454186,2.4576160818965547
103.979959703819,1.33830602110744,4.829418743505759,1.3715041292600354,2.4166160422875045,0.2230295896935104,2.414741450929661,2.251061991135294
103.979959703819,1.33911619639855,4.921387207253783,1.4593742084349195,2.4997840584462487,1.0537291227516512,3.2107082828846103,2.6289965759542424
103.979959703819,1.33992637168967,4.957402420239454,1.1452678513332444,3.09996052828971,1.382954089194257,4.26810426471414,2.970737830754161
103.979959703819,1.34073654698079,4.990663467508188,0.7416337178647261,2.2231908870728994,1.9459233004663332,4.54446658305427,2.8891755911932835
103.979959703819,1.3415467222719,5.013912413651205,0.4270123192102062,1.7612151958247182,2.352735555800116,4.819659499090292,2.874906996715308
103.979959703819,1.34235689756302,4.676102404009473,0.2570101099824491,1.295080996001488,2.4406136438077297,4.2456860973627535,2.582898650232779
103.979959703819,1.34316707285413,4.772735172705705,0.6438045423253449,1.8479649300014565,1.3688383528238184,4.121012235382381,2.550871046647741
103.979959703819,1.34397724814525,4.811164736983901,0.7725304983341523,1.7553670927521168,1.1954016522530218,3.9215921392858384,2.4912112239218063
103.979959703819,1.34478742343637,4.327560301470115,0.09263600975717878,0.8835830947023879,2.200511166672481,3.903781150154117,2.281614344551256
103.979959703819,1.34559759872748,4.8966017497096,0.2000264789038475,1.024050594104807,2.042889543616184,4.44409598333241,2.5215328699333694
103.979959703819,1.3464077740186,5.768806603337076,0.8080406040901202,1.9354902071626015,1.293406005959291,5.08287556660402,2.9777237974306217
103.979959703819,1.34721794930971,6.222500396842083,0.783786221878163,1.8652071831726609,1.0785575414124793,5.239064712126726,3.0378232110864225
103.979959703819,1.34802812460083,7.126287873710847,1.65759802238329,2.1528140617644276,1.1022564977924425,4.859633319651088,3.379717955060419
103.979959703819,1.34883829989195,6.887073230027049,1.448105943692294,2.3878617044734654,0.6701567217295299,5.175650816672405,3.3137696833189487
103.979959703819,1.34964847518306,6.575454790404638,1.315792197322608,2.411959574627616,0.45885473444596414,5.002219082641446,3.1528560758884545
103.979959703819,1.35045865047418,5.789181309386695,1.2309839769263355,2.6352756281783485,0.13227808030092092,4.614029441603332,2.8803496872791263
103.979959703819,1.35126882576529,5.204485035521227,1.0055668554297164,2.6767050713315825,0.13170833327486875,4.258430484794161,2.6553791560703113
103.979959703819,1.35207900105641,5.451246629365603,1.1877319515272227,2.858271126083018,0.36524526855280826,4.088225167733061,2.7901440286523425
103.979959703819,1.35288917634753,5.540181833840887,1.2724193203450618,2.868922884569745,0.4400413401507848,4.439090056120001,2.912131087005296
103.979959703819,1.35369935163864,5.355966094863206,0.6863337310977435,2.2983208983938894,0.06589089640796786,4.4415239961950626,2.569607123391574
103.979959703819,1.35450952692976,6.005656488059792,1.112752066012682,2.7651691147381428,0.4944644567465062,4.897838990844889,3.0551762232804025
103.979959703819,1.35531970222087,5.979120494670653,1.1114045234643903,2.5098857557264616,0.5417361228472437,4.92636055803019,3.0137014909477875
103.979959703819,1.35612987751199,5.4202631869932745,0.697251242321375,2.305721543094741,0.3109828095594587,4.490997659969427,2.6450432883876553
103.979959703819,1.35694005280311,5.512256210926523,1.1219707554464122,3.194172786217699,0.8433591343305906,4.869928343569605,3.108337446098166
103.979959703819,1.35775022809422,5.356600911792629,0.9958993731645194,3.2427703057847808,0.7843086381479942,4.632025792048012,3.002321004187587
103.979959703819,1.35856040338534,5.422175906414132,1.1071881122681155,3.099938707223586,0.5756966247537463,4.2070899826224455,2.882417866656405
103.979959703819,1.35937057867645,5.098245974329984,0.9059725249975976,2.7837065693464353,0.20100813988895183,3.966646342460603,2.5911159102047145
103.979959703819,1.36018075396757,4.890349603578343,0.7375962878157445,2.592658461881957,0.6464900696022049,4.15526606945587,2.604472098466824
103.979959703819,1.36099092925869,5.055172666157382,1.4579102869992013,3.3420319870169877,1.067396841973256,3.9700324755930403,2.9785088515479736
103.979959703819,1.3618011045498,5.037746605103152,1.7357239151763366,3.554868775957619,1.3432251103365083,3.545585441145306,3.0434299695437845
103.979959703819,1.36261127984092,5.0189751722592,1.5796863040109095,3.5686601136808633,1.3185231151956884,3.5209062039058807,3.0013501818105084
103.979959703819,1.36342145513203,5.146941171088596,1.2268977407511912,3.4052747905783853,1.1101831063519967,4.150414681946369,3.0079422981433077
103.979959703819,1.36423163042315,4.66371266627646,0.8986521075410643,3.0340424964057107,0.7619946775357818,3.6504475748210226,2.601769904516008
103.979959703819,1.36504180571427,4.995733456557129,1.0844946555997659,3.3536810252324365,1.014694674309112,3.420450149891778,2.773810792318044
103.979959703819,1.36585198100538,5.117706019238099,0.9430494903238227,3.462559140270141,1.1916286250577848,3.1936174854937427,2.781712152076718
103.979959703819,1.3666621562965,5.275588780119545,0.890532881960457,3.08007473227196,1.453843735905771,3.0841874608416404,2.756845518219875
103.979959703819,1.36747233158761,5.411039988210582,0.5252621926267729,3.0675223152986284,1.1906517573628506,2.661548882821613,2.5712050272640896
103.979959703819,1.36828250687873,5.44770054731676,0.4503462038188175,3.9697132439369405,1.4034071529570298,3.1390876006846185,2.8820509497428333
103.979959703819,1.36909268216985,5.078789683594973,0.5410002832974463,3.0717549581008505,1.1927732502497825,3.0634593012230837,2.589555495293227
103.979959703819,1.36990285746096,4.941370113308697,0.6696670579612203,3.0813015059880193,1.1754450293918488,3.323645020711492,2.6382857454722553
103.979959703819,1.37071303275208,4.946979973912942,0.7699326525230994,2.902095129684863,0.8500261327047127,3.049413477765608,2.503689473318245
103.979959703819,1.37152320804319,4.969075444086563,0.8406103047467504,2.723364107852124,1.2521205931046033,3.593170732939484,2.675668236545905
103.979959703819,1.37233338333431,5.290164824848901,1.500281594821832,3.2304878372664305,1.85178652256333,4.351135593667848,3.2447712746336683
103.979959703819,1.37314355862543,5.7913851403547945,2.351874173608369,3.530400733456492,2.59393860640483,5.045736338878449,3.862666998540587
103.979959703819,1.37395373391654,5.420015015388081,1.6914079546783576,2.5535125332931834,1.8441078916174263,4.265069804136786,3.154822639822767
103.979959703819,1.37476390920766,6.733563998458699,2.1274750802226627,2.77281688536657,2.00306614882415,3.9506510670877404,3.5175146359919642
103.979959703819,1.37557408449877,6.15452082770112,1.7567911785031107,2.543041946608355,1.76351516319858,3.6793257392784398,3.179438971057921
103.979959703819,1.37638425978989,5.0875828486956,1.288010825696901,2.638005696809323,1.0074051236951824,2.9838553095295843,2.6009719608853183
103.979959703819,1.37719443508101,5.240881957895063,1.1977932281919692,2.9463186975049176,1.2289667510672828,2.8238610712917804,2.6875643411902024
103.979959703819,1.37800461037212,5.3344096919243995,1.3435273615151822,2.887497306831161,1.2809515725295242,2.7026660704069734,2.709810400641448
103.979959703819,1.37881478566324,5.179853118848527,1.5556369317320353,3.0673364442817643,1.0912449989776078,2.833446740192308,2.7455036468064486
103.979959703819,1.37962496095435,4.887084322759655,1.7058912722191977,2.9305032971833285,0.9111327069615491,3.1066152886317475,2.7082453775510955
103.979959703819,1.38043513624547,4.82312068267213,1.772217182232982,3.0655509820198787,0.8076323003154897,3.180175502159198,2.7297393298799357
103.979959703819,1.38124531153659,4.583929713350884,1.5636009523894216,2.868200053490227,0.46719420822034863,3.157990626006942,2.5281831106915647
103.979959703819,1.3820554868277,4.541617632385009,1.4298400050534816,2.8194673232199285,0.2653348878452171,2.986704901802266,2.4085929500611805
103.979959703819,1.38286566211882,4.654294925793131,1.6784225166478848,2.730348009908191,0.36411660523198464,2.8664161626895073,2.4587196440541397
103.979959703819,1.38367583740993,4.596199417586288,1.719150471948403,2.846291277976551,0.4046505877255804,3.0272564708189087,2.518709645211146
103.979959703819,1.38448601270105,4.355176754500441,1.0962626603270174,3.5185924606442427,0.2926928734522285,2.730378739539688,2.3986206976927233
103.979959703819,1.38529618799217,4.595433377754251,0.49793121372335136,3.13124611505598,0.4809126341215304,2.7570735682724106,2.2925193817855045
103.979959703819,1.38610636328328,4.699177663138645,0.16264304176610622,2.9320134274822465,0.14789074185237183,2.199192441586348,2.0281834631651434
103.979959703819,1.3869165385744,5.217621573604756,0.3959330772972862,3.0216554029494986,0.8372850805069021,2.383771185797851,2.371253264031259
103.979959703819,1.38772671386551,4.7020676428994825,0.6046099655500186,2.842052509041043,0.6482230011707166,2.178437601163491,2.1950781439649503
103.979959703819,1.38853688915663,4.828150431869005,0.6316834970075043,2.8868897515616503,0.7834573381916705,2.268952205116207,2.2798266447492077
103.979959703819,1.38934706444775,5.095614303392431,0.8354659769989823,3.0938288124281215,1.1592843012429164,2.632062298650361,2.5632511385425625
103.979959703819,1.39015723973886,4.700896603561883,0.6439870771439757,3.079265186418649,0.8940373005496411,2.713360083358719,2.4063092502065735
103.979959703819,1.39096741502998,4.808872811458805,0.43132542190558354,3.264827174380599,1.237286777220369,2.714200125616898,2.491302462116451
103.979959703819,1.39177759032109,4.844522454426301,0.28629998724953865,3.26732758905149,1.0955056901616906,2.772369399896693,2.4532050241571426
103.979959703819,1.39258776561221,4.759466582252912,0.507195733251308,3.0425992168162885,0.8753625884896756,3.4884646356055953,2.534617751283156
103.98076987911,1.32048216470289,6.449926515919309,3.3032667765496413,3.9168711503986913,0.3427029136213804,5.59857641414812,3.9222687541274284
103.98076987911,1.321292339994,6.30553118618873,3.091733710018687,3.5822636642380417,0.22440205545082748,5.613532768221084,3.763492676823474
103.98076987911,1.32210251528512,5.727074269278287,2.415851242997789,3.6871539023816204,0.803891270561575,5.5569231710599,3.638178771255834
103.98076987911,1.32291269057623,5.701281145444341,2.58656141166308,3.4872636961102685,0.2964382719011134,5.506395704358802,3.515588045895521
103.98076987911,1.32372286586735,5.349246557265669,2.351925856067126,3.3484802168769505,0.2142561105247438,5.4219210493167616,3.3371659580102504
103.98076987911,1.32453304115847,5.91729863951624,2.712249833003959,3.850914520171493,0.1828737495150321,5.6245730385499115,3.657581956151327
103.98076987911,1.32534321644958,5.904113016233069,2.341210879420064,3.6855090659420284,0.4952906646311135,5.53780606466394,3.592785938178043
103.98076987911,1.33587549523409,4.924651539833803,1.6724174678953396,2.572025816672106,0.8324730176412167,2.5117987553742402,2.5026733194833413
103.98076987911,1.33668567052521,5.029550058278051,1.7982536019479554,2.590406769927089,0.8559239927461988,2.2560065551211075,2.50602819560408
103.98076987911,1.33749584581632,5.141282233465212,1.799669063745874,2.840441174268719,0.635442551932691,2.3786006197745984,2.559087128637419
103.98076987911,1.33830602110744,4.9351873833596684,1.5043968511515153,2.5354909780234465,0.25348727407039817,2.12628636487538,2.2709697702960816
103.98076987911,1.33911619639855,4.96274779817594,1.443980803501269,2.552680527576541,0.0053631470870030284,2.9927674575039838,2.3915079467689475
103.98076987911,1.33992637168967,4.91188877986686,1.3128763641452394,2.443486729490452,0.46531852656186246,3.696006495137649,2.565915379040413
103.98076987911,1.34073654698079,4.550443768144447,0.738003831078256,1.9358912303431772,1.177335011427715,3.983239941707037,2.4769827565401266
103.98076987911,1.3415467222719,4.958641575140977,0.8184358657880537,2.107734920373371,1.3650644890262278,4.460984231672768,2.7421722164002795
103.98076987911,1.34235689756302,5.012484974659447,0.9709166723294658,1.9240455420474802,1.2152137082643328,4.4425147475469835,2.713035128969542
103.98076987911,1.34316707285413,5.465921384160982,1.4113217018898503,2.34867941432757,0.4655347729618775,4.820031222834029,2.902297699234862
103.98076987911,1.34397724814525,4.827148478792761,0.6372307567849909,1.4401593201230156,1.3104956395975087,4.293150736225208,2.501636986304697
103.98076987911,1.34478742343637,4.8650287584265755,0.3118964361174825,1.220901177335307,1.8417869574857733,4.328680738757566,2.5136588136245406
103.98076987911,1.34559759872748,5.4633810547281705,0.8429887286660218,1.6710670787697346,1.2457461078682321,5.576453778833489,2.9599273497731295
103.98076987911,1.3464077740186,6.144501911251972,1.275799821337067,2.1821277558515604,0.7889360457245758,5.118755925053485,3.102024291843732
103.98076987911,1.34721794930971,7.1134448894855,1.792346797445262,2.3166987459088055,1.0269640024830942,4.769757844680175,3.403842456000567
103.98076987911,1.34802812460083,7.002794438442017,1.5623364068325323,2.08158112844896,1.0852090162177355,4.993856747485122,3.345155547485273
103.98076987911,1.34883829989195,7.060588897713256,1.5330915710692246,2.202147391922132,1.0386956944542618,5.10075764251679,3.387056239535133
103.98076987911,1.34964847518306,6.724384438468718,1.391496633087339,2.326745384817073,1.0446127581620104,4.7427534028516405,3.2459985234773563
103.98076987911,1.35045865047418,6.107967129297773,1.2718044627060046,2.6868344036553893,0.10660957228493118,5.069719637487221,3.0485870410862637
103.98076987911,1.35126882576529,6.196356621885393,1.335583257946407,2.6396672207797423,0.03365356279078213,4.75903491123443,2.992859114927351
103.98076987911,1.35207900105641,6.2331462409477325,1.4842481543801505,2.48063847165254,0.2714500584514994,4.648434859403263,3.0235835569670373
103.98076987911,1.35288917634753,6.11493567215777,1.423152273000536,2.5843974254539575,0.27233370303863325,4.827168364852174,3.044397487700614
103.98076987911,1.35369935163864,5.648098195659916,1.1451503274176815,2.3979308698375554,0.3309922761241104,4.753411782389673,2.8551166902857874
103.98076987911,1.35450952692976,5.704960887832431,1.1422307318648706,2.489511905102237,0.1264753871259181,4.871602848929168,2.866956352170925
103.98076987911,1.35531970222087,6.259617324129216,1.1920379907741179,2.3289165683013238,0.23996355403146907,5.08180098297726,3.0204672840426774
103.98076987911,1.35612987751199,6.6748314736823104,1.3579655218411908,2.4672668634914103,0.4761134679323398,5.064010855593715,3.2080376365081933
103.98076987911,1.35694005280311,6.749458334165318,1.4427546778902602,2.650093354521875,0.4970958651775881,5.4441146264686004,3.3567033716447283
103.98076987911,1.35775022809422,6.087072012626848,1.2511915204476907,2.730965429267009,0.5115520960827524,5.221100060562193,3.1603762237972988
103.98076987911,1.35856040338534,5.807445110291329,1.1858327024017399,2.8418174138630192,0.5539120299023494,4.784509858231317,3.034703422937951
103.98076987911,1.35937057867645,5.587437886844551,1.081787526817763,2.9754967994040875,0.4135204552596399,4.594461390910464,2.930540811847301
103.98076987911,1.36018075396757,5.162302665387148,1.0906701419935132,2.6666819771585466,0.7061103861232603,4.624341493775031,2.8500213328874997
103.98076987911,1.36099092925869,5.554239299580747,1.6240256445916295,3.570008758222862,1.4880906658915691,4.677245432682387,3.3827219601938388
103.98076987911,1.3618011045498,5.307803982715523,1.514262506229798,3.624740043934281,1.411075518777217,4.295967585351953,3.2307699274017545
103.98076987911,1.36261127984092,5.177761014593035,1.3713332207421374,3.5508401132459504,1.182458794151188,3.872804864527726,3.031039601452007
103.98076987911,1.36342145513203,5.068655409465588,1.2481568295339507,3.5090905176342275,1.0761290985065841,3.7204412514427325,2.9244946213166165
103.98076987911,1.36423163042315,4.985340119080636,1.3329550646766215,3.50349780498674,1.1671545341388452,3.6783661260690934,2.9334627297903872
103.98076987911,1.36504180571427,4.963049957993867,1.1663394216411085,3.4038627575403204,1.1431110989181086,3.5364345825155823,2.8425595637217973
103.98076987911,1.36585198100538,4.548613191777683,0.5200798672488851,2.832039432687406,0.7955902521036968,3.06033839857216,2.351332228477966
103.98076987911,1.3666621562965,4.803680829888513,0.24083289968276844,3.485702971992062,1.314537908843242,2.9259251836630824,2.5541359588139336
103.98076987911,1.36747233158761,6.47954754938042,0.9092093943655613,3.5282992005975053,2.094819332785704,3.236195051529638,3.249614105731766
103.98076987911,1.36828250687873,6.3484618177771495,0.8809981970486582,3.218100886841441,2.0495954306729445,3.5819553230307655,3.215822331074192
103.98076987911,1.36909268216985,5.311149977808686,0.46514606976526807,3.15040233416509,1.4695820690957468,3.533735575660387,2.7860032052990356
103.98076987911,1.36990285746096,5.374556215554389,1.0190731360906398,3.2074879621846293,1.6251672582422785,3.677705547105891,2.9807980238355656
103.98076987911,1.37071303275208,4.973836860313661,0.5032574843051307,2.3570719173323695,0.8900257938243819,3.081584924478424,2.361155396050793
103.98076987911,1.37152320804319,5.584049351372602,1.2773294142164673,2.5413581250924224,1.358552210156759,3.5913516472215363,2.8705281496119577
103.98076987911,1.37233338333431,5.223372645986533,1.352383205386655,2.816489849217607,1.6196421498286107,4.127571750194452,3.0278919201227716
103.98076987911,1.37314355862543,5.491312813211838,2.044815503330529,3.496070423879811,2.253683259990513,5.013946482938216,3.6599656966701817
103.98076987911,1.37395373391654,5.362513888421969,1.6034644935419422,2.8458683766804924,1.4923499099392927,4.41372282163411,3.1435838980435613
103.98076987911,1.37476390920766,5.5928240500256905,1.2695461233391931,2.4870201532722547,1.3928057620408687,4.054838108145123,2.9594068393646262
103.98076987911,1.37557408449877,4.8995334866825075,0.7627098836816018,1.8080977282539905,0.9705169373797595,3.371247700015818,2.3624211472027357
103.98076987911,1.37638425978989,5.078961876806307,0.9700852212483824,2.4625209721419274,1.0338767231325505,2.854494156549986,2.479987789975831
103.98076987911,1.37719443508101,5.51358471943071,1.1178414850316933,2.6653117334427385,1.14978755213615,2.604202258578148,2.610145549723888
103.98076987911,1.37800461037212,5.859253073427041,1.5799559622049344,3.039010827265521,1.1250879545773458,2.6609242836270575,2.85284642022038
103.98076987911,1.37881478566324,5.250725957698549,1.5377360363043309,2.909045890227933,1.1614536896691412,3.0273896302452528,2.7772702408290413
103.98076987911,1.37962496095435,4.946062803475556,1.8589554264900308,2.929783130865534,1.0102602890856573,3.2931415365449226,2.80764063729234
103.98076987911,1.38043513624547,4.74148830763998,1.8906240827365401,2.7649969469879494,0.7374195948288786,3.4484001423153003,2.7165858149017295
103.98076987911,1.38124531153659,4.655002947076461,1.6531514649327086,2.804686624927779,0.4508773089871383,3.2056175495385624,2.55386717909253
103.98076987911,1.3820554868277,4.860751342143217,1.3615899213359555,2.813036109431387,0.4504480044695107,3.004678165985432,2.4981007086731006
103.98076987911,1.38286566211882,4.8433047120974955,1.4840442163360201,2.4958556356985966,0.49938505526122867,2.710886458933558,2.40669521566538
103.98076987911,1.38367583740993,4.51231302573526,1.4670179757767485,2.715293611100723,0.37218645001441786,2.8247749202011185,2.3783171965656535
103.98076987911,1.38448601270105,4.458032940088717,1.4507624899091915,2.792464000062676,0.2740554729256104,2.6005717238801687,2.3151773253732726
103.98076987911,1.38529618799217,4.7184004380429165,0.8180845976160782,2.872724267898022,0.4321041163457373,2.5300664841001037,2.2742759808005717
103.98076987911,1.38610636328328,4.922018549114469,0.17440344887173964,3.0580030328857397,0.4210492729746633,2.1344256166057676,2.141979984090476
103.98076987911,1.3869165385744,5.419755890320111,0.04089801145718752,3.056552127833104,1.1314075849169463,2.5846432724450885,2.4466513773944873
103.98076987911,1.38772671386551,5.090792567067837,0.4063983066156709,3.2414220086107193,1.0394593548833377,2.4049101834495197,2.436596484125417
103.98076987911,1.38853688915663,5.042885536881418,0.7755236997392281,3.5387197090106497,1.1712310835496247,2.7091900206801114,2.647510009972206
103.98076987911,1.38934706444775,4.838381740372526,0.5869237417191187,3.1561490856272876,0.8455149538364815,2.592413093497708,2.4038765230106245
103.98076987911,1.39015723973886,4.73277735494246,0.5523929262463412,3.0965881044958934,0.6937064949510123,2.658920407754646,2.3468770576780704
103.98076987911,1.39096741502998,4.72083978464174,0.32603942317791024,3.091128614258281,0.7267622108097171,2.6553120145767792,2.3040164094928857
103.98076987911,1.39177759032109,4.717590502055781,0.5502809888958566,3.2060685692471225,0.7268343052460473,3.067163874478009,2.4535876479845635
103.98076987911,1.39258776561221,4.433036427321255,0.542377993198933,2.4648866337302096,0.3920605357230649,3.8137117763050377,2.3292146732557
103.98076987911,1.39339794090333,4.03925920956944,0.5301732994722315,1.6651123502492524,0.24825440584904257,3.219965683535481,1.9405529897350895
103.981580054402,1.32048216470289,6.613181306470402,3.3804822892007103,3.6930740876568855,0.12993441034504727,5.537789404277589,3.870892299590127
103.981580054402,1.321292339994,6.0261213022403695,2.8197494184688097,3.2933422602127393,0.503249866159873,5.665281489686421,3.6615488673536425
103.981580054402,1.32210251528512,5.9388151627344286,2.4841946709044933,3.251324831134358,0.4663846849925406,5.514780054544186,3.5310998808620013
103.981580054402,1.32291269057623,5.961780823060256,2.9901984416239777,3.69244491572303,0.2848544239516819,5.394947214736543,3.6648451638190975
103.981580054402,1.32372286586735,5.519915471214304,2.619709232648244,3.571646842511509,0.2950790109817518,5.296646248190299,3.460599361109222
103.981580054402,1.32453304115847,5.878205344955738,2.9683743609057025,3.9391023097633067,0.33937291031329764,5.3386028788834246,3.692731560964294
103.981580054402,1.32534321644958,5.948176437001781,2.567128640562757,3.836737840207089,0.02293538976589815,5.289641019800104,3.532923865467526
103.981580054402,1.3261533917407,5.926413724138861,2.4504606582395105,4.3611484225588555,0.2662492620935417,5.385634732952134,3.6779813599965805
103.981580054402,1.32696356703181,5.825667110261268,2.0549154130731466,3.9071786465057556,0.7232616627422637,4.983698878171648,3.4989443421508164
103.981580054402,1.32777374232293,5.158949659434505,1.3553016221837346,3.461049197708487,1.2700853983008678,5.2196242968422375,3.2930020348939664
103.981580054402,1.33587549523409,5.122037959028706,1.760690912306341,2.565161768263863,0.6057514214492379,2.7219833594745104,2.5551250841045317
103.981580054402,1.33668567052521,4.861289470200973,1.4570294331165599,2.391741184184113,0.2793053777781651,2.3066841389554185,2.259209920847046
103.981580054402,1.33749584581632,5.205802142709672,1.680733006145605,2.6437907020948366,0.1057847693636198,2.7746583231397786,2.4821537886907024
103.981580054402,1.33830602110744,5.113852736491285,1.4138747494866273,2.588146013951924,0.47859567903618583,2.938232031905571,2.5065402421743186
103.981580054402,1.33911619639855,5.4186640173125085,1.8154985779166921,3.210689199291611,0.06432029915292148,3.6336897270359394,2.8285723641419347
103.981580054402,1.33992637168967,5.291523914075569,1.7518068149455424,3.1859068185249306,0.21189523748390826,4.001676881502238,2.8885619333064376
103.981580054402,1.34073654698079,4.671920464912333,1.1409806678593952,2.199931069133296,0.5144153962099693,3.7305413779532692,2.4515577952136525
103.981580054402,1.3415467222719,4.948538553533435,1.2111903926076621,2.462489509042477,0.38542455112990126,4.118375643135355,2.6252037298897664
103.981580054402,1.34235689756302,5.3052396825115125,2.000222363643502,2.680492062856917,0.016639788309362302,4.38318117517116,2.8771550144984905
103.981580054402,1.34316707285413,5.434544874852968,1.9645087424447993,2.6682107330548313,0.18350816258185176,4.68991294790106,2.988137092167102
103.981580054402,1.34397724814525,5.234737341738576,1.204420883841177,1.9373693523040316,0.6669485346984736,5.246801702204003,2.858055562957252
103.981580054402,1.34478742343637,5.5005126400670825,0.9833126422827796,1.662367509413329,1.0127538722151783,4.218215031291997,2.6754323390540735
103.981580054402,1.34559759872748,5.2849550120131035,0.8307749101642194,1.3962095508526708,1.1514041646390503,3.7866945569246084,2.4900076389187307
103.981580054402,1.3464077740186,6.130127813000989,1.6698285039816056,2.1540160957884282,0.643234402453686,4.9824966333255425,3.11594068971005
103.981580054402,1.34721794930971,6.416651788468801,1.789642073893699,2.327996371125028,0.5945747070184453,5.06864598212476,3.2395021845261467
103.981580054402,1.34802812460083,6.555402911092457,1.5594025036660852,2.0994637880285936,0.8299115851085546,5.1254782128643726,3.2339318001520128
103.981580054402,1.34883829989195,6.5621773076183985,1.3748408254453075,2.9079872927751893,0.9496509883580373,5.0880002588537465,3.376531334610136
103.981580054402,1.34964847518306,6.315406830041159,1.3113518577941683,2.040158983436857,0.9580641792308775,4.751693913352522,3.0753351527711166
103.981580054402,1.35045865047418,6.585577691299335,1.4896641028254791,2.4946167312617256,0.4512634239837574,5.10422019995368,3.2250684298647956
103.981580054402,1.35126882576529,7.183751295617952,1.759658510535889,2.3807739462648314,0.4723627208894463,5.116758235681441,3.382660941797912
103.981580054402,1.35207900105641,6.883470949354159,1.7187042790964497,2.504669241572792,0.012963704027061596,5.435943944453893,3.311150423700871
103.981580054402,1.35288917634753,7.2303689079228555,1.7558308944687262,2.3803769545852482,0.23397701251148817,5.320895250844426,3.384289804066549
103.981580054402,1.35369935163864,6.807126170494126,1.4163294545843748,2.2161087628709844,0.10422219108140851,5.256121151753689,3.1599815461569163
103.981580054402,1.35450952692976,5.241227533078643,0.1200599199144321,1.3768127645403503,0.6544759233277908,4.812439784322525,2.441003185036748
103.981580054402,1.35531970222087,6.308733255743409,1.055856785177145,2.5354597016315843,0.3268372582213459,5.27753000920762,3.100883401996221
103.981580054402,1.35612987751199,5.984946516467829,1.0288148916253803,2.696135803970403,0.39707611820321986,5.05180700691789,3.0317560674369446
103.981580054402,1.35694005280311,5.490218411234391,0.6420377966333675,2.367065955391361,0.04765916947635773,4.872082129674741,2.683812692482044
103.981580054402,1.35775022809422,6.108528010003777,1.0330617601071843,2.5734771621160064,0.5551976311280526,5.30972609340709,3.115998131352422
103.981580054402,1.35856040338534,6.398157330669843,1.0489556101468516,2.62707087766918,0.5859642434174219,5.320472903837519,3.196124193148163
103.981580054402,1.35937057867645,6.060687088050678,1.178994125360088,2.632287517315472,0.6578428446048079,5.266397776936952,3.1592418704535996
103.981580054402,1.36018075396757,6.072396408064659,1.765356963155174,3.035343170078878,0.8960345227629212,4.9649348854831,3.3468131899089464
103.981580054402,1.36099092925869,5.7083269643636,1.4936153359744324,3.0900702283842385,1.2249216990030263,4.472989568632158,3.197984759271491
103.981580054402,1.3618011045498,5.45672169777874,1.5203385749970977,3.600340330124496,1.3738979872198307,4.369807370080885,3.2642211920402096
103.981580054402,1.36261127984092,5.5934786202858575,1.1467854041281242,3.430142041185519,1.3018802610608198,4.422746335411244,3.179006532414313
103.981580054402,1.36342145513203,5.444495245897901,1.2862462057405182,3.5809132519877416,1.4178744605972398,4.085795041514526,3.1630648411475852
103.981580054402,1.36423163042315,5.237951940333829,1.2441023899732038,3.66388546333798,1.5662377552809268,3.923733052408359,3.12718212026686
103.981580054402,1.36504180571427,5.16025218147141,1.2355037796030182,3.685428558983322,1.4815248643411394,3.7008667411498486,3.052715225109748
103.981580054402,1.36585198100538,5.319270653901029,1.1424693742124674,3.457070568388609,1.5877717595449639,3.3816717813273875,2.9776508274748914
103.981580054402,1.3666621562965,5.301585922345449,0.6380117801126808,3.2363331503958293,1.6451687743572627,3.1653143816822293,2.79728280177869
103.981580054402,1.36747233158761,5.866405529517991,0.7790210045311277,3.344083891319098,1.9317695611341748,3.2906336575074064,3.0423827288019596
103.981580054402,1.36828250687873,5.590123024959244,0.7432412312552223,2.898173284295403,1.6427516605214052,3.2198565397024375,2.8188291481467425
103.981580054402,1.36909268216985,5.09196669316756,0.4171534940475219,2.6787607270008387,0.9361314636323144,3.2689394181193663,2.4785903591935203
103.981580054402,1.36990285746096,5.393986169479881,1.0727017363973417,3.057452348524123,1.3504564702177184,3.6738480836056873,2.9096889616449504
103.981580054402,1.37071303275208,5.43676760366203,1.318953241966117,2.9464469612321764,1.09274969197104,3.4591908834927487,2.8508216764648227
103.981580054402,1.37152320804319,5.482872717823515,1.6044508390391243,2.8466983345581447,1.3259792527621919,3.8159198283786786,3.0151841945123308
103.981580054402,1.37233338333431,5.19132265000307,1.1797066288797105,2.671684925542344,1.3307662378220293,4.0683900759237375,2.8883741036341783
103.981580054402,1.37314355862543,5.587341400584794,1.50563413539804,3.189434618977991,1.8609649586395811,4.8294281282614975,3.394560648372381
103.981580054402,1.37395373391654,5.288832571473801,1.2142384304239684,2.810313541746094,1.3261082375943296,4.225354897571176,2.972969535761874
103.981580054402,1.37476390920766,5.387713199862102,0.9514187678970103,2.4655242869646905,1.5037115114775297,3.8331802463100395,2.8283096025022743
103.981580054402,1.37557408449877,5.036242891254108,0.3812859757283782,1.7391727612208143,1.1975623177118813,2.9517698686221294,2.261206762907462
103.981580054402,1.37638425978989,5.44290641026625,0.7542506141639684,2.2917151814253494,1.355625834191958,2.7760489267316864,2.5241093933558423
103.981580054402,1.37719443508101,5.384420485560238,1.1191910555143956,2.503495203874021,1.1183191406449104,2.6232783259900785,2.5497408423167287
103.981580054402,1.37800461037212,5.4108555977469805,1.228034990335079,2.493726919816286,0.9573065212756475,2.7463509705350013,2.567254999941799
103.981580054402,1.37881478566324,5.32934760568336,1.5780592269407023,2.697258719370474,1.266834972937346,3.380624917697997,2.850425088525976
103.981580054402,1.37962496095435,4.948085227556991,1.9445028986900397,2.9209303979598573,0.9812648409343225,3.5168404928000534,2.862324771588253
103.981580054402,1.38043513624547,4.902966333913927,2.1482513699476904,2.9076080679979235,0.866113901659741,3.0771498531301127,2.780417905329879
103.981580054402,1.38124531153659,4.9250911412508245,1.8767155793892094,3.0345663637350206,0.6230631487749427,3.291879196917783,2.750263086013556
103.981580054402,1.3820554868277,4.458616978809339,1.0123650102781276,2.2789259984194317,0.0017963514923202695,2.948482501021271,2.140037368004098
103.981580054402,1.38286566211882,4.786961869083527,1.4265599192668112,2.7481199680929684,0.42866130006811076,2.671566298173367,2.412373870936957
103.981580054402,1.38367583740993,4.692166547304627,1.485895390986144,2.881351256745944,0.5200946282752703,2.8694027192379714,2.489782108509991
103.981580054402,1.38448601270105,4.86097812739067,1.8165873231592613,3.193025469790939,0.7976998259265713,2.8928485477291837,2.712227858799325
103.981580054402,1.38529618799217,5.373334815630976,1.0738748122960509,3.6693228876875317,1.2208795704706183,2.897415945946044,2.8469656064062443
103.981580054402,1.38610636328328,5.706757778619661,0.12867347765110537,3.235970678706078,1.1168944412667052,2.4547344498917063,2.528606165227051
103.981580054402,1.3869165385744,5.84260257317581,0.03772646356241793,3.436617940049011,1.4054463348817698,2.5169360109744154,2.647865864528685
103.981580054402,1.38772671386551,5.247043548383431,0.16116078414329849,3.5357226961808372,1.1787534080141704,2.5317644553966545,2.530888978423678
103.981580054402,1.38853688915663,4.8824089429734805,0.5491618147125337,3.5101677267551032,0.8396609701909021,2.4953286523293663,2.455345621392277
103.981580054402,1.38934706444775,4.819535569917441,0.42823078232646594,3.0304682986691915,0.6911418838601797,2.61378631315808,2.3166325695862717
103.981580054402,1.39015723973886,4.76851352391844,0.24265395962884995,3.1337926049223057,0.5667075284971794,2.5928949200382228,2.2609125074009997
103.981580054402,1.39096741502998,4.721160332051763,0.21620935659604967,2.8541042399573477,0.38104649332683493,2.528314901361739,2.1401670646587467
103.981580054402,1.39177759032109,4.64840686098054,0.5175483682003232,3.0300065625278307,0.5325612994096787,2.9651947067711504,2.3387435595779045
103.981580054402,1.39258776561221,4.382912012029223,0.5997504125476496,2.461994888245343,0.2821240244842862,3.7461089747980303,2.2945780624209062
103.981580054402,1.39339794090333,4.274080734363729,0.7796682991902095,2.074902556193905,0.3342930475842074,3.2706075178742786,2.146710431041266
103.982390229693,1.31967198941177,5.975267367552103,2.791761965046568,3.7613471895602046,0.059226639126169545,5.760041660072417,3.6695289642714926
103.982390229693,1.32048216470289,6.357330597837205,3.100536185873512,3.6604297141058844,0.2965364475363934,5.633483536099668,3.8096632962905326
103.982390229693,1.321292339994,6.079085885492912,2.8003385613642813,3.1860531448349008,0.6354496916977368,5.709660283914811,3.6821175134609283
103.982390229693,1.32210251528512,6.1128539646723965,2.9786316559028414,3.490216527201884,0.02645342063671663,5.507795210346149,3.6231901557519977
103.982390229693,1.32291269057623,6.051009556283756,3.0411045940335697,3.767789831104377,0.40676482868134656,5.315537116969502,3.71644118541451
103.982390229693,1.32372286586735,5.874772448827979,3.065834192659601,3.8770357050457065,0.49902277952610774,5.3961513061799735,3.7425632864478735
103.982390229693,1.32453304115847,5.904732954420673,3.005801366722057,3.862583952841483,0.38155420628840986,5.293639479507345,3.6896623919559937
103.982390229693,1.32534321644958,5.795691995002567,2.60740475925083,3.9041543548440814,0.3487476391282698,5.251762713489228,3.5815522923429954
103.982390229693,1.3261533917407,5.899623098561143,2.623171280127064,4.2420653408474,0.41859185871703986,5.346821477845268,3.706054611219583
103.982390229693,1.32696356703181,5.82570924065746,2.4140493105060266,4.031331921842767,0.11278853398103195,5.341709517206475,3.545117704838752
103.982390229693,1.32777374232293,5.496701714207909,1.8275207436655023,3.6822922137744065,0.5840960883704831,5.370383980950564,3.392198948193773
103.982390229693,1.32858391761405,5.5819101738235695,1.7637867608624198,3.48958434190434,0.8603805741654611,5.4631947379733035,3.431771317745819
103.982390229693,1.32939409290516,5.510990764396514,1.633996732523105,3.5220266924661807,1.1594166928166985,5.292976224555449,3.4238814213515893
103.982390229693,1.33020426819628,5.519999882108785,1.6612880762162519,2.85573054985932,1.0063067227947897,5.467183317720696,3.3021017097399685
103.982390229693,1.33506531994297,4.9723680841815465,1.5318708272914279,2.6297201623582005,0.1759140528274301,2.733323373039539,2.4086392999396287
103.982390229693,1.33587549523409,4.942268649058665,1.37931627811421,2.36861774854394,0.0189563213610775,2.7277440916967386,2.287380617754926
103.982390229693,1.33668567052521,5.14892819159525,1.5201988833377236,2.4235648084853523,0.3050818811124074,2.9898201588623294,2.4775187846786126
103.982390229693,1.33749584581632,5.356830603229259,1.4636327302184107,2.617488965727219,1.0079776332183172,3.315193073935742,2.7522246012657896
103.982390229693,1.33830602110744,5.6076614262603925,1.6706739559398187,3.0788155516773585,1.2241374833211616,3.62969668738738,3.0421970209172224
103.982390229693,1.33911619639855,5.821520771473022,1.948468529901561,3.083075073283755,0.8540015226127942,3.750061292790299,3.091425438012286
103.982390229693,1.33992637168967,5.682282009265798,1.999334756039957,2.9895685126927454,0.22375519604170435,3.869278620115214,2.9528438188310835
103.982390229693,1.34073654698079,4.952354154254213,1.428885304438765,2.2421056388492104,0.5593955776680026,3.8017086610250423,2.5968898672470466
103.982390229693,1.3415467222719,4.880178247972523,1.3769343806503365,2.203787783083559,0.2304684490465938,4.052135641848434,2.548700900520289
103.982390229693,1.34235689756302,5.254374633756779,1.8375501462691304,2.637158158159206,0.43864628594016963,4.035822235055999,2.840710291836257
103.982390229693,1.34316707285413,5.222968009848405,1.8207435933745053,2.596420627117844,0.33836354197211094,3.831728836630848,2.7620449217887426
103.982390229693,1.34397724814525,5.362851007895859,1.8179549187531308,2.3684647316925727,0.1159141749627679,4.782396491804324,2.8895162650217308
103.982390229693,1.34478742343637,5.700366617709999,1.5930322950565383,2.012177631986514,0.4754007271540388,4.005844901221131,2.7573644346256443
103.982390229693,1.34559759872748,5.065050119165857,1.015075795504874,1.5126536730273585,0.9624690574855208,3.447397014086164,2.400529131853955
103.982390229693,1.3464077740186,6.057751312222251,1.8521869468772394,2.2665493073765077,0.3281906578515432,4.870515339001486,3.0750387126658056
103.982390229693,1.34721794930971,6.038405823780028,1.6601136087373902,2.0972353773123693,0.5853345890057398,4.842694805970822,3.04475684096127
103.982390229693,1.34802812460083,6.392900226336643,1.7082871778240225,2.196484210345645,0.7005478187335576,5.257869859957648,3.251217858639503
103.982390229693,1.34883829989195,6.374430280451197,1.4696076360246408,2.330266087162709,0.8380316512384525,4.842083746317947,3.170883880238989
103.982390229693,1.34964847518306,6.169996894420844,1.1397086938524268,2.2194094955208072,0.8977949492870572,4.792107485138519,3.043803503643931
103.982390229693,1.35045865047418,6.350473212615409,1.125048731739973,2.121764474242905,0.9091021429751294,4.731547398120721,3.0475871919388275
103.982390229693,1.35126882576529,6.816447042223462,1.386137766280072,2.2010567262189014,0.5737169500207315,5.295798641179431,3.2546314251845194
103.982390229693,1.35207900105641,6.674466146756252,1.2344918472286395,2.1484251222866497,0.2651880571456502,5.605482099224684,3.185610654528375
103.982390229693,1.35288917634753,7.102967170711949,1.4434611423134385,2.138003042132741,0.5237251989954999,5.4310631422815625,3.327843939287038
103.982390229693,1.35369935163864,7.25026517535121,1.4889497240892808,2.0756526998390648,0.5691328748673854,5.449508945440364,3.366701883917461
103.982390229693,1.35450952692976,5.808027645791071,0.5898584419259691,1.8126078472478717,0.2509900813425645,5.421886067503898,2.776674016762275
103.982390229693,1.35531970222087,6.408575843158545,1.3505249999680444,2.25888652206498,0.12816928855438547,5.1487221596217125,3.0589757626735334
103.982390229693,1.35612987751199,6.328658722427441,1.528310123862024,2.8684334669035607,0.3916428007212822,5.224595577848863,3.268328138352634
103.982390229693,1.35694005280311,5.906850136123641,1.336078503192681,2.895787626909037,0.4966807712687249,5.204909508958185,3.1680613092904535
103.982390229693,1.35775022809422,5.723479366371059,1.2927170935991725,2.7351305317596655,0.5091091057385313,5.244538122804304,3.1009948440545463
103.982390229693,1.35856040338534,5.743505989472428,1.0495174632739044,2.343245967255683,0.014958596308094485,5.064285738861937,2.8431027510344093
103.982390229693,1.35937057867645,6.100786390923428,1.523003327124723,2.80978894303205,0.4491890949466928,5.564677349077826,3.2894890210209438
103.982390229693,1.36018075396757,6.758247947553439,1.9630152501338394,2.7793812439727503,0.501458412140348,5.32238513603188,3.464897597966451
103.982390229693,1.36099092925869,6.358542979446252,1.4238947849522994,3.0490633472679214,0.913062852652704,5.052962235836539,3.359505240031143
103.982390229693,1.3618011045498,6.000321501183887,1.2596605339642757,3.126328362341823,1.0737568431271605,4.646769619189911,3.2213673719614113
103.982390229693,1.36261127984092,5.9661910138918905,1.1260557037688805,2.969785230199289,1.03714024538208,4.271486566959297,3.0741317520402873
103.982390229693,1.36342145513203,5.292519529900442,0.7434722801608622,3.306824933179829,1.1943078353797318,3.9528890720188308,2.8980027301279394
103.982390229693,1.36423163042315,5.2894192254117485,0.6793830908217302,3.3416285887405017,1.3354486349646812,3.4867307036611095,2.826522048719954
103.982390229693,1.36504180571427,5.07369488378928,0.6002063986469892,3.0925205117527916,1.3337747618471951,3.3217687148362742,2.684393054174506
103.982390229693,1.36585198100538,5.3644338097888244,0.8862235422422593,3.25218125921014,1.6653263982591362,3.4550408944233517,2.924641180784742
103.982390229693,1.3666621562965,5.230242060578899,0.6918970993082283,3.121670527435274,1.3972555289056992,2.9997374969795487,2.68816054264153
103.982390229693,1.36747233158761,5.115635675921332,0.5858590080392787,2.933049598584123,1.416508898980549,3.2288478825222775,2.6559802128095122
103.982390229693,1.36828250687873,5.291446821992768,0.844079041099647,3.2344755708298685,1.5322393425886318,3.555544105345721,2.8915569763713274
103.982390229693,1.36909268216985,5.278333586112449,0.7845203235778584,3.1150716397049862,1.3616001555704713,3.8204397365831824,2.8719930883097895
103.982390229693,1.36990285746096,5.498408908477561,1.100554057350557,2.969348259909662,1.5991887907443143,4.6004973952198895,3.1535994823403968
103.982390229693,1.37071303275208,5.212400607631377,1.4596453961526166,2.832988688963205,1.2185831977676997,4.366278336020429,3.0179792453070653
103.982390229693,1.37152320804319,4.991965871833692,1.1554241752767425,2.959661889916916,1.0119008804667438,3.5004197289334193,2.7238745092855026
103.982390229693,1.37233338333431,5.124312384708244,0.930969005644986,2.8715588659990203,1.2001603976108939,4.08684870703188,2.8427698721990047
103.982390229693,1.37314355862543,5.466867276859201,0.6165720795467244,2.5174380659974496,1.3426127574778768,4.812085674506708,2.951115170877592
103.982390229693,1.37395373391654,5.67838047632619,0.7223144902552576,2.4923273579676497,1.4908818974721036,4.83223763992704,3.043228372389648
103.982390229693,1.37476390920766,5.837935516327892,1.0025549027720828,1.9249953788112855,1.55109780068463,5.992908677006131,3.2618984551204044
103.982390229693,1.37557408449877,5.560011926166702,0.23380704648122475,1.728607408704839,1.502215088536932,2.995637704111182,2.404055834800176
103.982390229693,1.37638425978989,5.854019592119467,0.8236503571509601,2.017437997372447,1.360712935017709,2.4803730847279724,2.507238793277711
103.982390229693,1.37719443508101,5.902205345531595,1.3691831485405999,2.4473735078026877,1.4158901809490665,2.596328463199189,2.7461961292046277
103.982390229693,1.37800461037212,5.643375995987142,1.5770753381673046,2.6359738474272802,1.3360741148076265,3.1257295875126268,2.863645776780396
103.982390229693,1.37881478566324,5.570772280592536,1.9766630539049395,2.9164876596864175,1.4128469224627587,3.7935215336594936,3.134058290061229
103.982390229693,1.37962496095435,5.019049848437849,2.3207432592521684,3.447399838706904,0.9382348975818644,3.810612940797018,3.107208156955161
103.982390229693,1.38043513624547,5.028609064981584,2.5182022882278545,3.3133254355732795,1.0888770124823708,3.364918823531468,3.0627865249593116
103.982390229693,1.38124531153659,5.04164464826578,2.235193471774533,3.2714535017766373,0.8956744608531437,3.55544809678144,2.9998828358903067
103.982390229693,1.3820554868277,5.058759443048441,1.867817375388121,3.196526524946222,0.8691021240894159,3.0745922867175928,2.8133595508379585
103.982390229693,1.38286566211882,4.9168155380307255,1.8969311078684292,3.1935886451249935,0.7934909324744943,3.005745402517679,2.7613143252032644
103.982390229693,1.38367583740993,4.727837860366407,1.8367171838716914,3.0425742031809193,0.6433811460651384,3.1291052778206705,2.675923134260965
103.982390229693,1.38448601270105,4.755939355165353,1.9409110860844478,2.955036953947481,0.49161157142237855,2.967335001727154,2.6221667936693627
103.982390229693,1.38529618799217,4.982981019764409,0.8344159887736495,3.0112994499512276,0.4287477157923263,2.3074208551905,2.3129730058944227
103.982390229693,1.38610636328328,5.648130070788831,0.22082553272130312,3.1166904315651713,1.097995828119938,2.5205645924499045,2.5208412911290297
103.982390229693,1.3869165385744,5.793783231798798,0.15146726364831054,3.5049320435143905,1.2748331572347205,2.534651933543522,2.6519335259479484
103.982390229693,1.38772671386551,5.472173557400797,0.5259459513673015,3.8290395001397357,1.3511971301992247,2.612211429684841,2.75811351375838
103.982390229693,1.38853688915663,4.958645364970266,0.5460997376034165,3.3290362762059154,0.8951172154478861,2.541356566086815,2.4540510320628597
103.982390229693,1.38934706444775,4.93451266870559,0.2945046782628111,3.0429406261023324,0.7119638255503205,2.442669612646757,2.285318282253562
103.982390229693,1.39015723973886,4.804795370852624,0.059654292035116185,2.9232524915549476,0.38022721271113724,2.0116849725621577,2.0359228679431967
103.982390229693,1.39096741502998,4.791689146371098,0.015048588865983703,2.9411697263115677,0.5043911264904715,2.3422386711057115,2.1189074518289663
103.982390229693,1.39177759032109,4.646794166016672,0.2208626798796729,2.9791873198286254,0.4732791353895074,2.748162797163765,2.2136572196556488
103.982390229693,1.39258776561221,4.447341911909888,0.643907893514772,2.561685719294509,0.4367504313858461,3.6867877614253572,2.3552947435060743
103.982390229693,1.39339794090333,4.217432973315411,1.0203783320975042,1.9860789368271234,0.35583020447860747,3.27441945911567,2.1708279811668634
103.983200404984,1.31967198941177,5.054025492027748,2.0112977645684182,2.906545183819926,0.8179245788797935,5.289628262422806,3.215884256343738
103.983200404984,1.32048216470289,6.149333676128492,2.811922251855705,3.290937266126029,0.693512139589405,5.645580793857196,3.7182572255113655
103.983200404984,1.321292339994,5.930562078800897,2.6378922843906416,3.10198292994151,0.7561278916155025,5.562905110282141,3.5978940590061383
103.983200404984,1.32210251528512,6.037750205686578,3.051263616942812,3.4790043142368923,0.2321775735336118,5.475314531051506,3.65510204829028
103.983200404984,1.32291269057623,5.694979735698421,2.8606194255725512,3.8045992395166657,0.4698056449944694,5.251202387878731,3.616241286732168
103.983200404984,1.32372286586735,5.8438257213487255,2.888668786577579,3.92501360858315,0.4659301504634392,5.234664886989961,3.671620630792571
103.983200404984,1.32453304115847,5.959512234134621,2.9107381891943973,4.00491421661798,0.46662877428547844,5.181516821859699,3.7046620472184353
103.983200404984,1.32534321644958,5.850502164410052,2.7401215787234108,4.0991983384341495,0.4507912121079727,5.310257632249343,3.6901741851849854
103.983200404984,1.3261533917407,5.78244994119326,2.4996615085141336,4.0272731576289225,0.45328733791149745,5.2864153721866,3.6098174634868827
103.983200404984,1.32696356703181,5.711910586989344,2.317958747383475,3.920276907268722,0.27568577591546983,5.62212301334241,3.569591006179884
103.983200404984,1.32777374232293,5.687489882951009,2.0909611386157216,4.1110085725218255,0.20995929603615338,5.526715758387731,3.5252269297024883
103.983200404984,1.32858391761405,5.685592775726938,1.875693996924415,3.7777026983322664,0.7952696417215961,5.84527170986858,3.5959061645147594
103.983200404984,1.32939409290516,5.844782433337677,1.9360846033098724,3.4041250691960983,0.7811951058945183,5.562852501746271,3.5058079426968876
103.983200404984,1.33020426819628,5.891901627095827,1.7278789422381209,2.9095627042315364,1.05798190595619,5.5306445156635995,3.4235939390370547
103.983200404984,1.33101444348739,5.679828264652244,1.5304867173066086,2.51426263498524,1.232932562812156,5.392686642269592,3.270039364405168
103.983200404984,1.33182461877851,5.467890479423286,1.5195913546892257,2.302303409386777,1.029460725802977,4.709094945318739,3.005668182924201
103.983200404984,1.33506531994297,4.685492218679226,0.9698777201617794,2.3076756699173835,0.7044571873351977,2.933113501482147,2.320123259515147
103.983200404984,1.33587549523409,4.930318988683101,1.1519409101308007,2.1825380631128226,0.98383299032594,2.945906200181984,2.4389074304869296
103.983200404984,1.33668567052521,5.218471248094485,1.22905537167021,2.442086746359319,1.3694045527209617,3.445793094933208,2.740962202755637
103.983200404984,1.33749584581632,5.328227217133353,1.1319689997599696,2.396394200024801,1.8387325163537191,3.9396116811681274,2.926986922887994
103.983200404984,1.33830602110744,5.796684971052443,1.6684050422851193,3.0136803311716243,1.1852016871567486,4.184786705625207,3.1697517474582284
103.983200404984,1.33911619639855,5.94828328506253,1.9559420867933532,2.949987003377945,0.8480202223909536,4.0210100728967575,3.144648534104308
103.983200404984,1.33992637168967,5.870309651864087,1.9866999951903423,2.7335288279396437,0.2464028281509414,4.025720321532287,2.97253232493546
103.983200404984,1.34073654698079,5.686260779612159,2.000250546497039,2.6655843999419098,0.016251522660354567,4.803401288919304,3.034349707526153
103.983200404984,1.3415467222719,5.43245786637096,1.9714259371638363,2.5664939092642705,0.2730678720251305,4.852691862206864,3.0192274894062123
103.983200404984,1.34235689756302,5.280619177053502,1.7939731996609893,2.7235150897562512,0.29876580272367903,4.736472558888334,2.966669165616551
103.983200404984,1.34316707285413,5.506707523777145,1.938239380190101,2.597238151844703,0.21421585801306975,4.132806161825343,2.877841415130072
103.983200404984,1.34397724814525,5.090996908411203,1.6891969039555228,2.29211295075746,0.06477905387069072,3.9798580028333603,2.6233887639656475
103.983200404984,1.34478742343637,5.489331504322763,1.5486749951191996,2.3495305507321085,0.24581979808618826,4.881985779127302,2.9030685254775124
103.983200404984,1.34559759872748,5.366708104838089,1.3152891613832196,2.0884849171515683,0.4940294091095119,3.4786044918978405,2.548623216876046
103.983200404984,1.3464077740186,5.618525168868832,1.4995609187876688,2.244375285846264,0.24019973404169548,4.024651254257424,2.725462472360377
103.983200404984,1.34721794930971,6.014065251986839,1.6839295043519655,2.292081955500258,0.25144213346409927,5.4108891194354065,3.1304815929477137
103.983200404984,1.34802812460083,6.146773388197001,1.6962881416061961,2.2532458503240598,0.5238548403488466,6.583377953085105,3.440708034712242
103.983200404984,1.34883829989195,6.341818099117273,1.5208830600659695,2.2293165111909445,0.7297249427994998,6.005952346764769,3.365538991987691
103.983200404984,1.34964847518306,5.981951260677867,0.9079700195659832,1.9444158408231438,0.8333302416673156,4.936116481856569,2.9207567689181757
103.983200404984,1.35045865047418,6.146964176872125,1.293187589889829,2.5825581878826824,0.43509944775713905,4.960604169918501,3.083682714464055
103.983200404984,1.35126882576529,6.4634623276020555,1.3709103797709545,2.465441936696031,0.5558515810504687,6.225639492947231,3.4162611436133483
103.983200404984,1.35207900105641,6.34482082069556,1.182757960493543,2.293868031219368,0.5520767683363133,5.602572582264852,3.1952192326019273
103.983200404984,1.35288917634753,7.203405136335967,1.3976062380454977,2.08811989055663,0.979160560078217,5.568983387996973,3.4474550426026567
103.983200404984,1.35369935163864,7.670124378150515,1.5877670675898905,1.8386586590194867,0.9804728462480341,5.47313502759318,3.5100315957202213
103.983200404984,1.35450952692976,6.917540148595766,1.2867002498115312,1.9229637458558493,0.4058365064240199,6.1472690383851045,3.336061937814454
103.983200404984,1.35531970222087,6.778325436714127,1.4006330886914888,2.288779840318817,0.26245532231633817,5.562944335434846,3.2586276046951235
103.983200404984,1.35612987751199,6.5510038389047835,1.3985109553302308,2.554522379149809,0.007129529098858001,5.333104948079239,3.168854330112584
103.983200404984,1.35694005280311,6.509754913994637,1.205127817428977,2.594848290508722,0.056971039064240614,5.395081850199524,3.1523567822392202
103.983200404984,1.35775022809422,6.175742050313833,1.2933678075645005,2.7042611878677576,0.23226071623053457,5.554483773507361,3.192023107096797
103.983200404984,1.35856040338534,6.27594171300488,1.3816321629576613,2.6382459432049217,0.12901781011896674,5.4048838109333595,3.1659442880439577
103.983200404984,1.35937057867645,6.573275562484145,1.92753748425557,3.036127725155289,0.38112385148737005,5.294640658131023,3.4425410563026793
103.983200404984,1.36018075396757,6.179640767849058,1.7767474961057026,3.2010258727743306,0.699089544570171,5.083102565169053,3.387921249293663
103.983200404984,1.36099092925869,6.304295576117944,1.8654793656789437,3.495735171541927,1.2446596768375677,4.9783058328176075,3.5776951245987982
103.983200404984,1.3618011045498,6.316676236872389,1.6118212736358402,3.214565401063453,1.2380826377648866,4.688613669691772,3.4139518438056684
103.983200404984,1.36261127984092,6.60751585346301,1.151430516402172,3.0183250776999913,1.1086960649609523,4.334495081101458,3.244092518725517
103.983200404984,1.36342145513203,5.9985901299592435,0.8390440128188636,3.4942525893864236,1.5398413531483186,4.261105614559181,3.2265667399744062
103.983200404984,1.36423163042315,5.772467589429667,0.9304853360008778,3.6827846114462446,1.7166683908016722,4.039163182380584,3.228313822011809
103.983200404984,1.36504180571427,5.732912756248705,1.0016911743692596,3.588330988764273,1.884531697291628,3.712606378815412,3.1840145990978557
103.983200404984,1.36585198100538,5.195424606323371,0.6558177972019017,3.1908253449640434,1.8228638255602867,3.6659343426266453,2.9061731833352495
103.983200404984,1.3666621562965,5.519194368532489,0.8792194302315615,3.3905612528478777,2.010388537304589,3.6631254620497984,3.092497810193263
103.983200404984,1.36747233158761,5.734059038747052,1.1405094531344986,3.5714586039128378,1.9169519838333997,3.390276301968516,3.150651076319261
103.983200404984,1.36828250687873,5.319360071592634,0.7808006981675675,3.1206823450471894,1.4134697260992723,3.5642697739259823,2.839716522966529
103.983200404984,1.36909268216985,5.492505461232696,0.8934332943968109,3.034377336139009,1.6925910047264239,4.384422007697765,3.099465820838541
103.983200404984,1.36990285746096,5.797874793525516,1.1729137654718826,2.9134306557304406,1.8094862438722004,5.583692529422567,3.4554795976045214
103.983200404984,1.37071303275208,5.428204704836123,1.3882353959203897,2.631423831206277,1.451866330657655,5.869389316527261,3.3538239158295413
103.983200404984,1.37152320804319,5.174226294640306,1.0679551147210447,3.0547541372332248,1.2594145485082322,4.0547415168490275,2.922218322390367
103.983200404984,1.37233338333431,5.03047208490792,0.630212555382311,2.7894036368663393,0.8801963299000874,4.058432492588814,2.6777434199290946
103.983200404984,1.37314355862543,5.65875806171023,0.3972455008220379,2.4246838876632637,1.2848436335281939,5.020576543095473,2.9572215253638396
103.983200404984,1.37395373391654,5.707274619197783,0.42082879838969944,1.9165463813554773,1.264076073829827,4.718425284601917,2.805430231474941
103.983200404984,1.37476390920766,5.901516286540932,0.43870139751286885,1.5980527068521617,1.3859497596722008,4.77243966969456,2.8193319640545447
103.983200404984,1.37557408449877,5.558130133501152,0.09750753126614953,1.4027104068643617,1.0110294210132622,3.9625908921546227,2.4063936769599095
103.983200404984,1.37638425978989,4.86931982133013,0.14308264646070867,1.249452769461147,0.6023212218750906,3.4543716722522824,2.063709626275872
103.983200404984,1.37719443508101,6.110541977495277,1.465791231192732,2.3316330597670927,1.5807950789914713,3.7168587651805147,3.0411240225254175
103.983200404984,1.37800461037212,5.378176705016799,1.6104103444299973,2.8821077416936056,1.3527540659504993,3.149812459693077,2.8746522633567957
103.983200404984,1.37881478566324,5.098305715022132,2.1059301079645287,3.5072104363735974,1.1826447671564075,3.704264995889204,3.119671204481174
103.983200404984,1.37962496095435,4.572876332310209,1.9396586202490234,2.837155595990911,0.6923161049747613,3.1801229540505958,2.6444259215151
103.983200404984,1.38043513624547,5.253054953906929,2.8100381967088595,3.602712591208846,1.2892541598764709,3.531740648798472,3.2973601100999153
103.983200404984,1.38124531153659,4.995928388829402,2.1957750728835883,3.3339681583255434,0.9163472252626974,3.4181156267961654,2.9720268944194794
103.983200404984,1.3820554868277,5.1459273727447545,1.9189772302521853,3.322286854473816,1.1919997558998645,3.1467879510936605,2.945195832892856
103.983200404984,1.38286566211882,5.245854450425053,2.13566134777086,3.3799022098369385,1.3317444175713398,3.1859293531108897,3.0558183557430163
103.983200404984,1.38367583740993,4.66145590279509,2.0122509196427707,2.9828983675314227,0.6383149402657864,3.0579357978309183,2.6705711856131975
103.983200404984,1.38448601270105,4.686576602976569,1.7960238977235186,2.8324286007287185,0.6290766110879105,3.1861443284606885,2.626050008195481
103.983200404984,1.38529618799217,4.923561289279938,1.0834789005200598,2.933399392556243,0.6850425318075608,2.9170711433711887,2.508510651506998
103.983200404984,1.38610636328328,5.223504071846559,0.7900855358032679,3.342683642348188,1.0729200977875308,2.8487092043519233,2.6555805104274937
103.983200404984,1.3869165385744,4.726254175239298,0.17704370023078297,3.042577350175417,0.65427380835402,2.4638219672738018,2.212794200254664
103.983200404984,1.38772671386551,4.605176033599989,0.3066459470039504,2.9352416600964446,0.696475828145303,2.403990315649068,2.189505956898951
103.983200404984,1.38853688915663,4.7667871344997685,0.6998532600442502,3.056605156221938,0.624508183067487,2.4730414452303506,2.324159035812759
103.983200404984,1.38934706444775,4.770215556659686,0.37908510657563355,3.164745048120878,0.5965683516733193,2.4405342174915887,2.2702296561042212
103.983200404984,1.39015723973886,4.899369017718964,0.07812508020195708,3.0806139288224195,0.6457188563111416,2.2306861738656707,2.1869026113840304
103.983200404984,1.39096741502998,4.839244816848883,0.2751793394830955,3.108921356246853,0.5902812844909349,2.279610447778307,2.2186474489696146
103.983200404984,1.39177759032109,4.857433700285718,0.1523642255760933,3.27747468034811,0.7445704510629128,2.9488585606977153,2.3961403235941097
103.983200404984,1.39258776561221,4.52395453756295,0.5060811541618015,2.6405523810417506,0.555520375664269,3.6961041490978594,2.3844425195057264
103.983200404984,1.39339794090333,4.373397121817408,0.9242863174286811,2.1490297025676526,0.4067935242623193,3.072552697567623,2.185211872728737
103.984010580275,1.31238041179173,4.945837156982648,2.755143374811624,2.904826759912158,0.6854299029581021,3.0701249336064826,2.872272425654203
103.984010580275,1.31643128824731,4.76119110838572,2.548507034298442,2.6303892389652397,0.35250691388991484,3.0241332777373167,2.663345514655327
103.984010580275,1.31724146353842,4.59597283803657,2.392555942698504,2.6081947440722324,0.035224711460838165,3.027317592435111,2.531853165740651
103.984010580275,1.31805163882954,4.935620187149315,2.5245338276307088,2.855682726682364,0.09924048678157504,3.555659692903969,2.7941473842295865
103.984010580275,1.31886181412065,5.006696518415488,2.2070139580701067,2.644116246986293,0.5677265435974768,4.613019542800625,3.007714561973998
103.984010580275,1.31967198941177,5.008505751330713,2.07821125204406,2.609661819716738,0.9830076132003889,5.084441657424669,3.152765618743314
103.984010580275,1.32048216470289,5.736873307108986,2.4093815881049743,2.811065175418207,1.2091215439627874,5.622064815110313,3.5577012859410537
103.984010580275,1.321292339994,5.959304183032874,2.6036586167198266,2.967850403845951,1.010035699584023,5.558707120593226,3.61991120475518
103.984010580275,1.32210251528512,5.7903133442778945,2.682676506038522,3.2183363964754186,0.00537909763798794,5.362962673909841,3.411933603667933
103.984010580275,1.32291269057623,5.490879886501787,2.6331419624150385,3.766328892316878,0.5576553807747295,5.461137652282435,3.5818287548581735
103.984010580275,1.32372286586735,5.896736886432258,2.8582819090713087,3.955666971548908,0.7177025658306668,5.054983433277922,3.6966743532322126
103.984010580275,1.32453304115847,5.857268189443182,2.7960568072221896,3.9694640242754673,0.6359530126587245,4.937984933045062,3.639345393328925
103.984010580275,1.32534321644958,5.741329522039006,2.5685779110879388,4.00357027706049,0.5652032981688961,4.918449100917968,3.55942602185486
103.984010580275,1.3261533917407,5.133154612592509,1.8769239713261499,3.4733626383392213,0.12638922809766484,4.577771453092058,3.0375203806895206
103.984010580275,1.32696356703181,5.484604308338692,2.0377831201125005,3.5713841914498197,0.2188337252078263,5.061714221961296,3.274863913414027
103.984010580275,1.32777374232293,5.634974636461752,2.021022346931506,3.655400197447051,0.43017188047683774,4.984814888802756,3.3452767900239806
103.984010580275,1.32858391761405,5.0481038970653,1.0684725885869604,2.5985498581765647,1.4637901261412907,4.676485193303957,2.9710803326548145
103.984010580275,1.32939409290516,6.199995142453766,2.2304998925445823,3.4465041956466713,0.5167198614466919,6.413630559968066,3.7614699304119554
103.984010580275,1.33020426819628,6.280067657989086,2.2329232018015546,3.1043792167643183,0.5357922963309782,5.617869205609757,3.554206315699139
103.984010580275,1.33101444348739,6.203170512163318,2.2210374469624945,3.055655709759165,0.5387296380973652,5.4964897100221215,3.503016603400893
103.984010580275,1.33182461877851,5.866490694316749,2.1046396747568394,2.8370439766458837,0.4215350289937234,4.841332064008917,3.2142082877444222
103.984010580275,1.33263479406963,5.655888558576546,1.836072055434645,2.423821474622109,0.6375424048775287,4.2517103259555675,2.961006963893279
103.984010580275,1.33344496936074,5.397916133304285,1.3310261488765214,2.1364881698257996,1.1931680132057103,4.154865201614829,2.8426927333654293
103.984010580275,1.33425514465186,5.01571057623595,0.695137527859405,1.9660841298964087,1.6794436146275231,2.8060022020833415,2.432475610140526
103.984010580275,1.33506531994297,4.538164925371078,0.4035583259555686,2.0075050534992194,1.58299963140243,3.110068104288157,2.3284592081032907
103.984010580275,1.33587549523409,4.8842982504762915,0.773134428499624,2.1817088797326853,1.5311989665035348,3.4601952318060434,2.566107151403636
103.984010580275,1.33668567052521,5.3392327264576345,1.2125871295725403,2.510792405400249,1.5970820745044776,4.014116569709007,2.9347621811287814
103.984010580275,1.33749584581632,5.002901953578299,0.7069007131970757,1.892109882182556,2.1645919283466313,4.112206835763256,2.7757422626135635
103.984010580275,1.33830602110744,6.200852216385126,1.9692819753155106,2.9040223007752424,1.26516026343905,4.474939319703143,3.3628512151236145
103.984010580275,1.33911619639855,6.065439686588732,1.7882200482740345,2.263604836546527,1.2009324765154403,4.462199298093687,3.1560792692036843
103.984010580275,1.33992637168967,6.242822839521807,2.1771647613357246,2.629598886731774,0.542845544048312,4.322209526972127,3.182928311721949
103.984010580275,1.34073654698079,5.861393133543661,2.175401381365809,2.6264230680885277,0.1998992914136224,5.147060820273417,3.2020355389370074
103.984010580275,1.3415467222719,6.013086630109722,2.353430436709548,2.7376978374168566,0.4270162177065302,5.400907699073482,3.3864277642032277
103.984010580275,1.34235689756302,5.664694727103139,2.0214253402912092,2.789472366351479,0.658623613695692,5.288387319821691,3.284520673452642
103.984010580275,1.34316707285413,5.693369574962247,1.8117518314669177,2.3627355983461413,0.19105108912917146,4.67110969417778,2.9460035576164514
103.984010580275,1.34397724814525,5.6583386352797085,1.8508607832400337,2.4756050600391717,0.28242419840177035,4.566149960353105,2.966675727462758
103.984010580275,1.34478742343637,5.798139459217246,1.822416920709859,3.5139420001961064,0.03889369453377256,5.753190073578548,3.3853164296471063
103.984010580275,1.34559759872748,5.825754915258781,1.8357958391957574,2.9165298271434814,0.04572852168679731,3.6633422060907286,2.857430261875109
103.984010580275,1.3464077740186,5.826071318977263,1.861044290562667,2.5816168927716667,0.054701326667700556,3.617066570316158,2.788100079859091
103.984010580275,1.34721794930971,5.8130114559756905,1.8756914339985684,2.8396118152737273,0.11231929829505205,3.989263350097307,2.925979470728069
103.984010580275,1.34802812460083,5.83476499956619,1.830061520646705,2.6672826652308714,0.07495526889499615,4.35969592801753,2.9533520764712584
103.984010580275,1.34883829989195,5.900040454534082,1.5424565931934815,2.4924454983821,0.40800145103639807,3.713118217166322,2.8112124428624767
103.984010580275,1.34964847518306,5.533935429842092,1.1685845505374424,2.13057818688425,0.8241516943116345,2.68656831859278,2.46876363603364
103.984010580275,1.35045865047418,5.920105570908191,1.4335477673159218,2.406610315261851,0.5796732912429903,3.2646231460171258,2.720912018149216
103.984010580275,1.35126882576529,6.021571370313762,1.2949000390522407,2.465566226295593,0.5673897321536252,4.368617516582081,2.94360897687946
103.984010580275,1.35207900105641,6.096412983443823,1.260383417687187,2.393206718995213,0.5705314189017194,5.549117523522149,3.1739304125100185
103.984010580275,1.35288917634753,6.1097276128607305,0.9856990422350194,2.1367162175749463,0.618400565630175,6.473117848262866,3.2647322573127475
103.984010580275,1.35369935163864,6.337689626461284,1.0275606302785079,2.0405214097347937,0.6816241237756309,5.70902860372118,3.159284878794279
103.984010580275,1.35450952692976,6.591998385009269,1.3004858553004084,2.184901207387263,0.5929904340739007,5.580374024754473,3.250149981305063
103.984010580275,1.35531970222087,6.566898930647778,1.3089860065041279,2.312485123697268,0.4597050914664784,5.617780623508711,3.2531711551648725
103.984010580275,1.35612987751199,6.694631239160838,1.2865903024159593,2.4221536035239097,0.3493147644308223,5.512044532056812,3.2529468883176684
103.984010580275,1.35694005280311,6.5069717538451215,1.1326642772842987,2.7630090491019494,0.09039483656001224,5.749675760454078,3.248543135449092
103.984010580275,1.35775022809422,6.563483121780411,1.4522521039877425,2.8034686240064204,0.1369744884538271,5.814628024132766,3.3541612724722336
103.984010580275,1.35856040338534,6.152132844315592,1.230786765736564,2.3968257650960823,0.03406055232485983,5.29155490824159,3.0210721671429375
103.984010580275,1.35937057867645,6.219750338835162,1.429096657736597,2.458265477079351,0.12188795062592206,4.969108198531821,3.0396217245617705
103.984010580275,1.36018075396757,6.23264634517562,1.637052442542302,3.067636810098925,0.6950830767484675,4.604744997101058,3.2474327343332745
103.984010580275,1.36099092925869,6.001185706613182,1.3643582632140614,3.242990177807261,1.0551192465471395,4.294247434702058,3.1915801657767404
103.984010580275,1.3618011045498,6.095866235460445,1.54845375668382,3.42941629934656,1.5203812830491188,4.159088765602839,3.350641268028556
103.984010580275,1.36261127984092,5.946689771623568,1.1220083136635175,3.5199991583937233,1.3766632798276035,4.166256605662792,3.2263234258342406
103.984010580275,1.36342145513203,6.054011319120882,0.9994937899079872,3.3122891555106655,1.3495918649945402,4.128628707906255,3.168802967488066
103.984010580275,1.36423163042315,6.273722649619483,0.9880066457746466,3.359950798430969,1.425836395157269,4.26087321322359,3.2616779404411913
103.984010580275,1.36504180571427,6.311283655945719,1.0929841074679985,3.2431227199001498,1.6803531580030509,4.035736902135451,3.272696108690474
103.984010580275,1.36585198100538,6.126178715138192,1.1580176646270388,3.2872081775819666,1.955920808056824,3.7571900383485293,3.25690308075051
103.984010580275,1.3666621562965,5.665386249665104,0.9748155288850207,3.3303212851326585,1.7857752379768321,3.6153045806335093,3.074320576458625
103.984010580275,1.36747233158761,5.17243119776332,0.5384549118170661,2.9593466938102146,1.5075121074263222,3.4386657399633087,2.723282130156046
103.984010580275,1.36828250687873,5.399551344772831,0.7745742076681275,3.0624401423562624,1.54193090063265,3.831101151926287,2.9219195494712316
103.984010580275,1.36909268216985,5.61655406106771,0.9087316285534612,2.9380689837143663,1.6076675177601487,4.418589341832188,3.0979223065855748
103.984010580275,1.36990285746096,5.5440461417868505,0.9327249721668949,2.732796853716959,1.5275361498964273,5.868334053962599,3.321087634305946
103.984010580275,1.37071303275208,5.770228170594066,1.3666956264972292,2.8900098299707224,1.7112963131929426,5.240596724361776,3.3957653329233475
103.984010580275,1.37152320804319,5.188770016785881,0.9227472719352896,2.955872332084688,1.4067950136131877,4.406949886469949,2.976226904177799
103.984010580275,1.37233338333431,4.901729867832174,0.6511211151144778,2.9347184373169597,0.9052511324009345,3.9269755578454593,2.663959222102001
103.984010580275,1.37314355862543,5.313730892022367,0.403383847886861,2.5444998285708813,1.1438021249088877,4.443194193593371,2.7697221773964733
103.984010580275,1.37395373391654,5.592842421803425,0.711937871510937,2.0853965579584965,1.2428945844609913,4.629437126509842,2.8525017124487384
103.984010580275,1.37476390920766,5.950213955261965,0.7449600425711544,1.645756660270969,1.245512267886017,4.381352854457596,2.7935591560895405
103.984010580275,1.37557408449877,5.8321119475374275,0.30228427966326166,1.5166367578571922,1.0213180603216685,4.016070908801787,2.5376843908362674
103.984010580275,1.37638425978989,5.178612229125157,0.1522254603624802,1.6547079429038725,0.8360605591820764,3.555670999537309,2.275455438222179
103.984010580275,1.37719443508101,5.330553584419047,1.1880901273776132,1.9211371464546474,1.215559417747599,3.120041311481959,2.555076317496173
103.984010580275,1.37800461037212,4.360317463813111,1.033774003237788,2.3738176816841907,0.8125581137150242,3.1600040666566294,2.3480942658213486
103.984010580275,1.37881478566324,5.056151666979336,2.30243000621331,3.2030313642529755,1.2386004184078985,3.0671697395992616,2.9734766390905563
103.984010580275,1.37962496095435,5.004473433771508,2.526089398347576,3.2841710600647573,1.1859898118215995,3.346866811920485,3.0695181031851853
103.984010580275,1.38043513624547,5.057347294950347,2.5973770051370195,3.4647100577961005,1.1334197752258746,3.7653310393382213,3.2036370344895126
103.984010580275,1.38124531153659,4.976963265325907,2.067853492260369,3.3164035944746217,0.9736563384527521,3.3938673355594666,2.945748805214623
103.984010580275,1.3820554868277,5.11280949243147,1.9640903786108055,3.3447434262530464,1.0355804759649807,3.035608372352467,2.898566429122554
103.984010580275,1.38286566211882,5.136075940005124,1.9106362039648026,3.2711365680229285,1.3911507857432177,3.166168279475581,2.975033555442331
103.984010580275,1.38367583740993,4.6871046108141705,1.6666936817446967,2.987254534273589,0.8379853856621047,3.0045731724223472,2.636722276983382
103.984010580275,1.38448601270105,4.693193701669433,1.8083704812435855,3.0426053500281007,0.8216594071082497,3.207580129464219,2.7146818139027173
103.984010580275,1.38529618799217,4.767936646343742,1.4635462599693163,2.936115461834543,0.677549771947632,3.140072501297155,2.5970441282784775
103.984010580275,1.38610636328328,4.73838496422961,1.07904839060377,2.947706364467379,0.6400109721237079,2.8223025877601664,2.4454906558369265
103.984010580275,1.3869165385744,5.132324178930766,1.3482962611159586,3.4739172078834386,1.183731463851327,2.6899903442181596,2.76565189119993
103.984010580275,1.38772671386551,5.0053994591489825,1.1521215527470297,3.1544158186927653,1.1435265353875579,2.441203730090624,2.579333419213392
103.984010580275,1.38853688915663,4.836165615631575,0.7595732660166519,3.0422085731107167,0.9567648471145738,2.8041139347000197,2.4797652473147074
103.984010580275,1.38934706444775,4.884199558426019,0.6078144213725594,3.1882874314319416,0.9408925823378667,2.838773172979643,2.491993433309606
103.984010580275,1.39015723973886,5.00842674823593,0.20143112712809952,3.1514906919613956,0.9931886198816109,2.584616712349888,2.387830779911385
103.984010580275,1.39096741502998,5.221295313788158,0.07671181152162987,3.4366005327788365,1.052632185153854,2.718187497902459,2.5010854682289874
103.984010580275,1.39177759032109,5.185188788968684,0.08599358666976542,3.6121290766559646,1.2001224677116014,3.2655078383649716,2.6697883516741974
103.984010580275,1.39258776561221,4.308108984616709,0.24040073130459305,2.321221308518126,0.3215195745888515,3.7492049124378397,2.1880911022932237
103.984010580275,1.39339794090333,4.414201134329669,1.0530106531261403,2.1478042054889386,0.4073433406842426,2.7947115592120078,2.1634141785681997
103.984820755566,1.31238041179173,5.085454988055925,2.9579818976497485,3.181370773864856,0.8916278490667118,3.34505176002358,3.092297453732164
103.984820755566,1.31319058708284,4.514367139711197,2.4874060119888632,2.7502482433746778,0.4744987782474688,3.1373971198674333,2.672783458637928
103.984820755566,1.31400076237396,4.479518475203246,2.438965435668539,2.792429929716981,0.44891380273509185,2.9377672369549153,2.6195189760557547
103.984820755566,1.31481093766507,5.124577864576082,3.0171336382275413,3.3890285650045975,1.0690768026661956,3.005477612784759,3.121058896651835
103.984820755566,1.31562111295619,5.139562823932611,3.0768822338310677,3.2804666633451767,1.1554426344858406,3.085728587293964,3.147616588577732
103.984820755566,1.31643128824731,4.99679224925638,2.851751279682368,3.125512877452831,0.8740396674447837,2.9449109022547795,2.9586013952182286
103.984820755566,1.31724146353842,4.878761530495584,2.6374395011719294,2.9372735077787198,0.4084530120679659,3.183863046774313,2.8091581196577025
103.984820755566,1.31805163882954,4.833247264570691,2.3421498290862566,2.682232145927472,0.19047594306739057,3.882719982585069,2.786165033047376
103.984820755566,1.31886181412065,4.873444684875345,2.2109054307829403,2.5431506069356793,0.6123789230228738,4.105742995188791,2.8691245281611257
103.984820755566,1.31967198941177,4.375591052634711,1.4119089632416788,1.7839757038723292,1.869244091842745,4.299215206066027,2.747987003531498
103.984820755566,1.32048216470289,5.01430884082491,1.8110284376462076,2.033294553614116,2.009076769703178,4.895205403607509,3.152582801079184
103.984820755566,1.321292339994,5.396842704710124,2.0502468593688015,2.2735897597664056,1.7831136413946531,5.164126068701304,3.3335838067882575
103.984820755566,1.32210251528512,5.149275887521306,1.8171564628687804,2.544475638364897,1.24036983914797,5.136120343892841,3.177479634359159
103.984820755566,1.32291269057623,5.620212452257466,2.36405870885719,3.4675364588488797,0.18249541746873987,5.313118210047783,3.389484249496012
103.984820755566,1.32372286586735,5.477721435820044,2.504111590183488,3.6979859994000996,0.32035342000567013,5.132063952119751,3.4264472795058105
103.984820755566,1.32453304115847,5.906448065611073,2.7166760225683433,3.9424393847261214,0.48295262790245275,4.840502802530839,3.577803780667766
103.984820755566,1.32534321644958,5.959190858687073,2.6297085478051088,3.9655749515887813,0.44240766915705976,4.7043115953940955,3.5402387245264237
103.984820755566,1.3261533917407,5.16393913096697,1.8921311869203663,3.406145689946193,0.07555963084016426,4.80150922830461,3.067856973395661
103.984820755566,1.32696356703181,5.471734349692898,1.9721006200227684,3.567975981254488,0.16636811062387125,4.366845530457436,3.1090049184102924
103.984820755566,1.32777374232293,5.726675371939805,1.940452422502883,3.391468389435115,0.5752457587306843,4.339071652701897,3.194582719062077
103.984820755566,1.32858391761405,6.358287814929202,2.05000704630341,3.38035411674473,1.0269929259282193,4.698351373592686,3.5027986554996495
103.984820755566,1.32939409290516,6.323317047538126,2.1460730110560107,3.2925959618376943,0.8428844957157189,6.305571070474247,3.7820883173243596
103.984820755566,1.33020426819628,6.359084906357495,2.2121935657093665,3.249923587712974,0.6714334875645704,5.5131637463469865,3.6011598587382787
103.984820755566,1.33101444348739,5.839470341707504,2.213769566557268,3.1240677269924504,0.013970841305315673,5.456545658415447,3.329564826995597
103.984820755566,1.33182461877851,5.81210259380056,2.1989548767429277,3.0623337567867956,0.48534283884073304,4.772339049826222,3.2662146231994478
103.984820755566,1.33263479406963,6.012787405714764,2.2557583010029987,3.100940470188444,0.29537439436859714,4.435637990702222,3.220099712395405
103.984820755566,1.33344496936074,5.807067142370684,1.692823830387578,2.5692051254648582,0.6140657671801399,5.050354794237887,3.1467033319282294
103.984820755566,1.33425514465186,5.565655698942358,1.3257526978157692,2.3651327826422737,1.1459014039536122,3.310377451232675,2.7425640069173376
103.984820755566,1.33506531994297,4.716356456841293,0.7030204133973506,2.2404819035533663,1.6052583645243388,2.8321158893790894,2.4194466055390875
103.984820755566,1.33587549523409,5.0448587543414725,0.7281742997207417,2.0670579251161953,1.6100865543379363,3.0560383029675577,2.5012431672967805
103.984820755566,1.33668567052521,5.394267868165933,1.2802843994037616,2.482578017056948,1.428091894998083,3.671450422573894,2.851334520439724
103.984820755566,1.33749584581632,5.846089976104139,1.8374582853359023,2.6740384669590576,1.050418366214,5.494281975071978,3.380457413937015
103.984820755566,1.33830602110744,6.37011437534866,2.2465539198445867,2.6059905245089467,0.9418134843137693,4.715777765669088,3.37605001393701
103.984820755566,1.33911619639855,6.21242161998439,1.9667792130366664,2.278111852299819,1.1873927852674804,4.615646568793522,3.2520704078763756
103.984820755566,1.33992637168967,6.226324085095488,1.9568352280756294,2.3373743093154644,0.809762703898933,4.414062433243306,3.148871751925764
103.984820755566,1.34073654698079,5.781496109718912,2.1211704565043874,3.5658294472633223,0.2051158875600514,5.0723657460299805,3.3491955294153306
103.984820755566,1.3415467222719,6.237391674258522,2.3273757638174466,2.7288201882936285,0.3865949848530086,5.451882018847453,3.4264129260140117
103.984820755566,1.34235689756302,5.787149162789348,1.8541306251150793,2.3340004492596336,0.07192595300294613,5.0985960697288135,3.029160451979164
103.984820755566,1.34316707285413,6.014290612317307,1.9845076471413705,2.4042970854602004,0.19628894531116714,5.169189830601482,3.1537148241663053
103.984820755566,1.34397724814525,5.678121053771683,1.677667188779779,1.9296322391218474,0.07713265860974872,5.029179900059081,2.8783466080684277
103.984820755566,1.34478742343637,5.977416943417225,1.9582659571996999,2.576043875474422,0.10811620740471639,4.858378115459317,3.095644219791076
103.984820755566,1.34559759872748,5.977920463572733,1.9607148129264722,3.731648523107232,0.03062639909167686,4.288665446937152,3.197915129127053
103.984820755566,1.3464077740186,5.793684571191292,1.8514045471622609,2.532541649513142,0.0664110426862976,4.0829495656314485,2.8653982752368883
103.984820755566,1.34721794930971,5.599559706629872,1.937991508881911,3.0932842278321786,0.3876566684197478,4.255797714808903,3.0548579653145227
103.984820755566,1.34802812460083,5.621273119269539,2.0996516414935584,3.0490671061736023,0.3072133127915073,3.917075303476839,2.998856096641009
103.984820755566,1.34883829989195,5.4560479603738266,1.716672435840639,2.833162955229568,0.25423178897616694,3.5154183000651713,2.7551066880970745
103.984820755566,1.34964847518306,5.365021694941603,1.8265120972004283,2.8032958245266535,0.5718267598352718,3.436856806954175,2.8007026366916263
103.984820755566,1.35045865047418,5.029799090405632,1.212698432892104,2.371805369602747,0.8045091319566602,3.9273511434411255,2.6692326336596537
103.984820755566,1.35126882576529,5.535553965099801,1.5787162951638507,2.548919013578896,0.4760716105971028,5.057278404457701,3.0393078577794705
103.984820755566,1.35207900105641,5.767779018368191,1.2572704364721723,2.3158788718542382,0.5344090186600887,6.005165905322247,3.1761006501353877
103.984820755566,1.35288917634753,5.404664266297317,0.6459921176591017,1.9127218260954386,0.781789204647616,5.385356052451581,2.826104693430211
103.984820755566,1.35369935163864,6.121366866823905,1.1105402821031376,2.1663613235961776,0.42633729998588166,5.726724222598296,3.11026599902148
103.984820755566,1.35450952692976,6.585534620812222,1.3475428422585622,2.34573174765211,0.5651383732094608,5.697438405292903,3.308277197845052
103.984820755566,1.35531970222087,6.278928973217134,1.378890036777367,2.8313718464916136,0.12170888024143878,5.912089561036222,3.304597859552755
103.984820755566,1.35612987751199,6.118728774021001,1.1416447921204274,2.3590963521186126,0.4454699919879239,5.534311627850336,3.11985030761966
103.984820755566,1.35694005280311,6.161441951673556,0.8890435367894298,2.4881838179826197,0.4504166628429189,5.644604667499863,3.1267381273576773
103.984820755566,1.35775022809422,6.3006700274384855,1.0154626045640889,2.6302799826701104,0.34049310316991566,5.77455683291603,3.212292510151726
103.984820755566,1.35856040338534,6.596384476062351,1.2930733569887494,2.64756229603163,0.4042058694525643,5.5978684485676915,3.3078188894205973
103.984820755566,1.35937057867645,6.4758604002643665,1.3104497536255728,2.605086536405963,0.06532850357381292,5.064168694166231,3.1041787776071894
103.984820755566,1.36018075396757,5.84284916229047,1.0934317865464713,2.8920061993260155,0.4334247248128058,5.0235558654208425,3.0570535476793212
103.984820755566,1.36099092925869,6.137989067813216,0.8823350441309401,2.570058769617699,0.7636710179803359,4.61820197848672,2.994451175605782
103.984820755566,1.3618011045498,6.446926947736063,1.3740165026173656,3.2723202559494418,1.1917954094802496,4.30462743212945,3.317937309582514
103.984820755566,1.36261127984092,5.824853527112904,1.2569475591022048,3.6760019820065573,1.9203972786110661,4.268477804312141,3.3893356302289748
103.984820755566,1.36342145513203,5.859925972911164,1.179545631623558,3.489772905381198,1.895738698661269,3.9756501631118937,3.2801266743378164
103.984820755566,1.36423163042315,5.95228454789941,1.2197811513725298,3.6026066179975373,1.9323084011203342,3.8750759865624183,3.316411340990446
103.984820755566,1.36504180571427,5.75576931604072,0.816650205275053,3.149397159776324,1.6698083205998628,3.899680363448624,3.058261073028117
103.984820755566,1.36585198100538,6.013501837385345,0.7165443149847057,2.969699228806558,1.6607313278580165,4.063700419444125,3.0848354256957498
103.984820755566,1.3666621562965,6.316502529019505,0.8846916669432616,3.333110050351106,1.7254950649560072,3.807397997363477,3.2134394617266713
103.984820755566,1.36747233158761,4.966924540694652,0.16515159696164972,2.50036603068947,1.0660518642982701,3.664130270144451,2.472524860557699
103.984820755566,1.36828250687873,5.605447373502809,0.7526013717862341,3.237998291329429,1.6178642850142495,4.217001472529315,3.0861825588324074
103.984820755566,1.36909268216985,5.684232136329875,0.989695612852934,3.173202366894863,1.783214111491997,4.981617087949786,3.322392263103891
103.984820755566,1.36990285746096,5.769122849558482,1.1457849077731197,2.9260539954758187,1.4832475516469685,4.457843087092996,3.156410478309477
103.984820755566,1.37071303275208,5.359477779086287,0.8476819269569766,2.711209513641851,1.543714293462287,4.613500129286109,3.015116728486702
103.984820755566,1.37152320804319,4.746612846202556,0.07270259254383049,2.3202862050785775,1.0979540314940976,4.402856472270713,2.528082429517955
103.984820755566,1.37233338333431,4.83652300175417,0.27820712634529343,2.548219490251249,1.092619229186326,4.223679703527495,2.5958497102129066
103.984820755566,1.37314355862543,5.267433354418063,0.7292728042554089,2.6996317213633496,1.286775265631384,4.252539188043944,2.84713046674243
103.984820755566,1.37395373391654,5.12255474318134,0.8384838659960643,2.1994316600373125,1.0573741370202576,3.890287590724867,2.6216263993919684
103.984820755566,1.37476390920766,5.458770783971982,0.6211452735436644,1.720876417167002,1.1041817955764053,3.900729272640884,2.5611407085799875
103.984820755566,1.37557408449877,5.532003210868236,0.14124208318091291,1.3962195516669809,0.7913219640208986,3.8177980456846505,2.3357169710843357
103.984820755566,1.37638425978989,5.513563874556429,0.7278939637256663,2.078850548408802,1.243368396521376,3.895833425569524,2.6919020417563595
103.984820755566,1.37719443508101,5.066084206500186,1.4417629836735877,2.564539655288641,1.0740643402483734,2.9141928769474035,2.612128812531638
103.984820755566,1.37800461037212,4.71102136180367,2.0967041640807267,2.8196940036276033,1.0047389599446497,2.943304691540188,2.7150926361993677
103.984820755566,1.37881478566324,5.04005737201031,2.4814543518795844,3.388466539357239,1.33358917834774,3.5133427820252088,3.1513820447240164
103.984820755566,1.37962496095435,5.281058851845273,2.77555795147401,3.506767869393528,1.5077572785756281,4.04738486495998,3.4237053632496837
103.984820755566,1.38043513624547,4.94773619383545,2.4563386357345216,3.4833836318207396,1.0954632500365697,3.7351905139775,3.1436224450809562
103.984820755566,1.38124531153659,4.884323342930482,2.222785464890382,3.466451167212135,1.0488178177438812,3.536541365725256,3.0317838317004275
103.984820755566,1.3820554868277,4.802529762677931,1.937183898850499,3.314949765180053,0.9513220845335226,3.2797266393190583,2.857142430112213
103.984820755566,1.38286566211882,4.930770131063792,1.76501470472763,3.320383906387608,1.1030505703543234,3.1773281356042453,2.8593094896275195
103.984820755566,1.38367583740993,4.8902329296095886,1.9173320711716606,3.08336239952817,1.142710736495662,3.04745380264443,2.816218387889902
103.984820755566,1.38448601270105,4.627562318464328,1.7222652924945194,2.939706975482526,0.7969706249301396,3.027915354597649,2.6228841131938325
103.984820755566,1.38529618799217,4.605189329655801,1.6488143748366006,2.8277032269943305,0.6056744736349629,3.14585769224578,2.566647819473495
103.984820755566,1.38610636328328,4.538906130496059,1.161217812121162,2.788620874446927,0.45366021522080047,2.880007668144515,2.3644825400858926
103.984820755566,1.3869165385744,5.1553769922825445,1.41443667282703,3.439849705372321,1.3391547989296768,2.865468207036276,2.8428572752895698
103.984820755566,1.38772671386551,4.566787506640349,0.6577362605905321,2.7293833591227674,0.7249584869133798,2.447754112796371,2.22532394521268
103.984820755566,1.38853688915663,4.89443598337235,0.7994023402674593,3.228156700343831,1.147813901848643,2.9383793111258854,2.601637647391634
103.984820755566,1.38934706444775,4.845319231451022,0.7751730672474011,3.189511531230721,0.9305109018726867,2.9288861807915545,2.533880182518677
103.984820755566,1.39015723973886,5.037977980078271,0.65420432877157,3.3394093449475797,1.2514318559125002,2.97372165667408,2.6513490332768
103.984820755566,1.39096741502998,5.124225292938053,0.08106423579455324,3.353313422186776,1.168227593973743,2.630682487435976,2.4715026064658203
103.984820755566,1.39177759032109,5.067420090992215,0.09943396916877134,3.5051596823525806,1.1091481944310324,3.0901971385120675,2.5742718150913335
103.984820755566,1.39258776561221,4.645318267327543,0.532068999266393,2.725303920454021,0.6371888475099219,3.8082802894608108,2.4696320648037378
103.984820755566,1.39339794090333,4.402852007540684,1.058751654988722,2.117611127065164,0.3166996230818988,2.668556775948698,2.1128942377250333
103.985630930857,1.31238041179173,5.357646445051227,3.241464934073548,3.3634297584804855,1.271690982905323,3.3583012997964126,3.3185066840613993
103.985630930857,1.31319058708284,5.363556314580311,3.2076277161013778,3.6932037644516384,1.3886853760836075,3.3358828187339284,3.3977911979901725
103.985630930857,1.31400076237396,4.978009761359779,2.889923633213556,4.173629843360441,1.1919450386626878,3.1841309005988947,3.2835278354390716
103.985630930857,1.31481093766507,5.5449092646545175,3.4512175477712006,4.131447018041541,1.9019491140221767,3.821773516051291,3.7702592921081455
103.985630930857,1.31562111295619,5.415744522932666,3.226347387868689,3.7598747541075106,1.7020039336864485,3.573953334635693,3.5355847866462016
103.985630930857,1.31643128824731,5.188062173752552,2.882210966900729,3.388901658141478,1.1203267782666444,3.2010672051595996,3.1561137564442006
103.985630930857,1.31724146353842,5.018926873293989,2.5731939880400603,3.06382916936985,0.48354131863071714,3.6072860789859327,2.9493554856641095
103.985630930857,1.31805163882954,5.121927784694428,2.494467211047759,2.8859696122212988,0.022600529305066175,4.452342598269986,2.9954615471077077
103.985630930857,1.31886181412065,4.812135459960647,2.11865507074409,2.5437021943365536,0.7477004312804425,4.302643803890724,2.9049673920424914
103.985630930857,1.31967198941177,4.694895991661372,1.8614016376195792,2.1676143518502045,1.5683695841393934,4.346690948922021,2.927794502838514
103.985630930857,1.32048216470289,4.723693538684834,1.4664480504400537,1.602309768270711,2.747945725193375,4.4324916530415805,2.994577747126111
103.985630930857,1.321292339994,4.808289899320027,1.5813299094789848,1.5556782203390611,2.804234348813104,4.052311493187467,2.960368774227729
103.985630930857,1.32210251528512,4.200366308104844,1.10093026352396,1.4385121236203204,2.5679020829238297,4.498036535529149,2.7611494627404207
103.985630930857,1.32291269057623,4.975012949826841,1.5373245566567775,2.461309110335346,1.3717058182286763,4.70171068452289,3.0094126239141064
103.985630930857,1.32372286586735,5.345522119044361,1.93938340378255,3.0784632904810074,0.7828545331381029,4.83624305762584,3.196493280814372
103.985630930857,1.32453304115847,5.623998121891439,2.0703917342787186,3.5874008318814212,0.32040984785252036,5.166877523319879,3.3538156118447957
103.985630930857,1.32534321644958,5.780216946283193,2.2318761664390827,3.7886514636770414,0.0682802674917582,4.954138139835035,3.364632596745222
103.985630930857,1.3261533917407,5.535173973238898,2.056285728092451,3.6585381184293837,0.08495659828432167,4.198278686606091,3.106646620930229
103.985630930857,1.32696356703181,5.5329323118270395,1.8898565107197278,3.4239043997859575,0.4682046205287982,3.566303869525374,2.9762403424773796
103.985630930857,1.32777374232293,5.723189602263158,1.8632783290641974,3.230388585143345,0.8820872237482646,3.502008270309517,3.0401904021056962
103.985630930857,1.32858391761405,5.716393510656307,1.6443467022171987,3.0886843156725092,1.1932396910974887,4.225534928059741,3.1736398295406487
103.985630930857,1.32939409290516,6.105998731002536,1.8257302210558244,3.3162694766387872,0.9238932831982822,5.08554848373819,3.451488039126724
103.985630930857,1.33020426819628,6.480704671389105,2.1160393834736766,3.1839715297895346,0.5847212547380991,5.287976131481599,3.530682594174403
103.985630930857,1.33101444348739,5.855134525906941,1.9033347997820158,3.237188921958893,0.3458784973292879,5.679030978479922,3.4041135446914117
103.985630930857,1.33182461877851,5.858209864973865,2.1110239365927193,3.1254929829259943,0.5076693107668291,5.010266238562718,3.322532466764425
103.985630930857,1.33263479406963,5.875403784430883,2.2472756028214604,3.18795269161064,0.6110620644889266,4.3545831007589015,3.2552554488221626
103.985630930857,1.33344496936074,5.847213183821552,2.1326086259178147,2.927489289946763,0.41251090089310694,4.3425503047932885,3.132474461074505
103.985630930857,1.33425514465186,5.985868942607613,1.99625155123843,3.2989943265516395,0.10740518656198006,4.1260032032480005,3.1029046420415325
103.985630930857,1.33506531994297,5.884953883212141,1.9987712802213053,2.807821576589287,0.3884812998181708,4.7995135943147105,3.175908326831123
103.985630930857,1.33587549523409,5.587114177464738,1.5705439762847213,2.516303131028181,1.0145466983105997,3.4734383003781417,2.8323892566932765
103.985630930857,1.33668567052521,5.614413014209163,1.615625003548196,2.616519067527964,1.1515380288956898,3.333783802833807,2.866375783402964
103.985630930857,1.33749584581632,6.034984968178339,2.13266148075493,2.756697264672262,0.9719235634973167,4.213587135902699,3.2219708826011093
103.985630930857,1.33830602110744,6.024739198967989,2.1116950463734234,2.663804270637833,0.6770971649779796,5.999423561768349,3.495351848545115
103.985630930857,1.33911619639855,6.3605170281153605,2.3465770735878486,2.6930285927580755,0.6809166275653844,4.637039955276677,3.343615855460669
103.985630930857,1.33992637168967,6.626037396698326,2.555865316527857,2.6911226385597296,0.4852962735711088,4.669238612612141,3.4055120475938323
103.985630930857,1.34073654698079,6.010546552939665,2.249088943196238,2.517738520939357,0.22995765933898937,5.106166758032664,3.2226996868893827
103.985630930857,1.3415467222719,6.287150414965339,2.2175813365281627,2.2078275349178185,0.15715911355643897,5.21833195178133,3.217610070349818
103.985630930857,1.34235689756302,6.422079716640944,2.33927513337278,2.511883351975822,0.09874632578562625,5.256534950837185,3.3257038957224716
103.985630930857,1.34316707285413,6.591492162724801,2.4325565608391457,2.425532363320748,0.03330126944543821,5.360276876654584,3.3686318465969434
103.985630930857,1.34397724814525,5.4830881727571885,1.5964439428057098,1.9675448795212098,0.41645946720745997,5.077137784828114,2.9081348494239365
103.985630930857,1.34478742343637,6.223509550619749,2.1847168220980535,2.7565488524117754,0.20436442475156014,4.907435332627731,3.255314996501774
103.985630930857,1.34559759872748,6.179864810902544,2.1545734206233575,2.9070291340737917,0.22696229554361835,4.692718954663132,3.2322297231612884
103.985630930857,1.3464077740186,5.360681931749184,1.4067558207413455,2.42656433884137,0.4151332415038418,4.491231795655711,2.8200734256982907
103.985630930857,1.34721794930971,5.7312850618267746,2.097961142399864,2.8718323048212326,0.18861296803201455,4.704465112026728,3.1188313178213227
103.985630930857,1.34802812460083,5.903805037443053,2.4008363231912604,3.0487586827137605,0.2714203041651473,3.8760265343934,3.1001693763813245
103.985630930857,1.34883829989195,5.988343371854512,2.2521329791988727,2.824705866730959,0.0929249374289185,3.5479216399473437,2.9412057590321212
103.985630930857,1.34964847518306,5.523460779666088,2.002279867030701,3.0955436520071267,0.2910592623592443,4.237505525755424,3.0299698173637166
103.985630930857,1.35045865047418,5.215117021225982,1.6987007283873012,2.8594350778220843,0.6092308618056599,4.8693928199424725,3.0503753018367
103.985630930857,1.35126882576529,5.571015016817629,1.708424002260852,2.9138087678502096,0.5263826984425393,4.366366509193838,3.0171993989130135
103.985630930857,1.35207900105641,5.804698252929182,1.7101995286151812,2.711132546136305,0.21339078470220585,4.973172387482219,3.0825186999730185
103.985630930857,1.35288917634753,5.350420391026997,1.048123790765409,2.328726607692772,0.5577732196184684,5.138937830043236,2.8847963678293764
103.985630930857,1.35369935163864,6.168929841612542,1.283999775675678,2.4525457880320545,0.32385954226469593,5.619321215435267,3.1697312326040477
103.985630930857,1.35450952692976,6.573972561206332,1.1337850082936285,1.7618492887054913,0.5241854159007318,5.8175554048311575,3.1622695357874684
103.985630930857,1.35531970222087,6.071820008363606,0.9905838212233924,2.2226720689019395,0.30951436564510004,6.002509037396361,3.11941986030608
103.985630930857,1.35612987751199,6.066198506111881,1.2623591752784975,2.928641895624132,0.054910141726701056,5.822110688218395,3.2268440813919215
103.985630930857,1.35694005280311,5.536512486912873,0.6517911448351441,2.513744728476656,0.5512349950482296,5.548235918540289,2.960303854762638
103.985630930857,1.35775022809422,5.5353672723662335,0.5292331477433159,2.2681289659941406,0.817511747085323,5.48646983658865,2.927342193955533
103.985630930857,1.35856040338534,5.972134858846982,0.7193350878580311,2.4909850122044546,0.6511693028263537,5.5165298157772895,3.070030815502622
103.985630930857,1.35937057867645,6.296753040237721,0.9355229590628973,2.466352278984367,0.38914615557307286,5.245333675347123,3.066621621841036
103.985630930857,1.36018075396757,5.662029146917593,0.2912141846544358,2.0840664798707387,0.12161675314134968,5.3120695023811315,2.6941992133930497
103.985630930857,1.36099092925869,6.2462418793751056,0.6734864137552989,2.23038101965129,0.5099417562063415,4.756883763676669,2.883386966532941
103.985630930857,1.3618011045498,6.5404246205844885,1.0573366351683617,2.710398402980001,1.1754617604522437,4.467081748637959,3.190140633564611
103.985630930857,1.36261127984092,5.9877750051762,1.0761837887214512,3.2756893834303717,1.8261628927804594,4.3934218109635985,3.3118465762144162
103.985630930857,1.36342145513203,5.739995120290356,0.7596940637810476,2.7389933612577835,1.5170317722629854,4.047356547728739,2.960614173064182
103.985630930857,1.36423163042315,6.1187928952422865,1.235315288912389,3.257340075521288,1.7656629539142479,4.143522564959099,3.304126755709862
103.985630930857,1.36504180571427,6.059883424473995,1.5129186074119865,3.688531828127001,2.0828625178038003,4.12201069831832,3.4932414152270206
103.985630930857,1.36585198100538,6.06282386052111,1.494796559394473,3.697552198378432,2.1532615010109026,4.140318227967761,3.5097504694545356
103.985630930857,1.3666621562965,6.131863930414124,0.8508161966934225,3.165060224781371,1.69444397224769,4.196734869678178,3.207783838762957
103.985630930857,1.36747233158761,6.2587424266077605,0.5461285118737642,3.633639116109002,1.631405685439404,4.552908020374801,3.3245647520809465
103.985630930857,1.36828250687873,6.064305274462381,0.5340230310738434,2.7084039960501194,1.7029536885255254,4.78135203425845,3.1582076048740637
103.985630930857,1.36909268216985,6.078473319254211,1.1464148546108817,3.0302189598851754,2.0075521382326187,4.92052086016027,3.4366360264286313
103.985630930857,1.36990285746096,5.8489116967496315,1.0045632782689324,2.730104939524079,1.6335870982601222,4.517854185976663,3.1470042397558857
103.985630930857,1.37071303275208,5.506576341716453,0.7477783627621726,2.9108158567004416,1.6228693983215479,4.545440998719705,3.066696191644064
103.985630930857,1.37152320804319,4.698536391247089,0.2642953424369594,2.1215962626378975,0.7433412370356614,4.269057099428,2.4193652665571213
103.985630930857,1.37233338333431,5.4147966225949915,0.458388223700819,2.7194949239959385,1.555791637932142,4.8483250738086845,2.999359296406515
103.985630930857,1.37314355862543,5.461397555581414,0.8974598617422309,2.8975735016770194,1.6287915948804894,4.240591706539462,3.025162844084123
103.985630930857,1.37395373391654,5.426332597403718,1.1771223323043003,2.875756197575676,1.4828605332691218,3.7949433157787027,2.951402995266304
103.985630930857,1.37476390920766,5.3638787619531705,0.8780403444457257,2.347625209970733,1.2088730993764116,3.3873470635586393,2.637152895860936
103.985630930857,1.37557408449877,5.338030071816206,0.39369678926193075,1.7696856692327927,1.0222292400180102,3.712869966655674,2.447302347396923
103.985630930857,1.37638425978989,5.32473525208653,0.9848499191116318,1.9494191904898415,1.3614466155764688,3.9090594939531087,2.705902094243516
103.985630930857,1.37719443508101,5.213555394955634,1.9884498762150677,3.1526931398806752,1.5390097234313096,3.5912128706461743,3.096984201025772
103.985630930857,1.37800461037212,5.160954228292557,2.5295023814920228,3.522045640199085,1.5749928945033247,3.5886266361892787,3.2752243561352534
103.985630930857,1.37881478566324,5.0685495989600895,2.692060042661577,3.477842519631043,1.4766474886270018,3.7650736378249796,3.2960346575409383
103.985630930857,1.37962496095435,5.170939087477592,2.641339938520744,3.5775005403944533,1.5371973872662892,4.099825851528003,3.4053605610374165
103.985630930857,1.38043513624547,4.8691707220858405,2.396836317144679,3.301968199610844,1.1608583478761396,3.9424167354972326,3.134250064442947
103.985630930857,1.38124531153659,4.569331359376601,2.179920315690861,3.0409937232597635,0.802550087422663,3.616294070322958,2.8418179112145694
103.985630930857,1.3820554868277,4.4032393089259685,1.7442391161672504,2.7516851982698647,0.46917345094755447,3.434528580195771,2.5605731309012816
103.985630930857,1.38286566211882,4.578566526484668,1.48956304165878,3.0730474223208013,0.5032743748782416,3.2054856197465824,2.5699873970178144
103.985630930857,1.38367583740993,4.464236896224637,1.2157922853976828,2.9312108808465247,0.6801071578413485,2.845477224279797,2.427364888917998
103.985630930857,1.38448601270105,4.662077116834283,1.3733650248845848,2.9668259228390426,0.9530986509102277,3.0344595342223215,2.597965249938092
103.985630930857,1.38529618799217,4.059802794323719,0.7432486499451691,2.3067212760626425,0.33950690746650025,3.1347120214310387,2.116798329845814
103.985630930857,1.38610636328328,4.654464693300781,1.0072439283268686,2.840298985795471,0.7890036729908303,2.9468610549088297,2.4475744670645563
103.985630930857,1.3869165385744,5.143702919002301,1.213511350034139,3.5505820722004806,1.438830586499666,3.0044302903699176,2.870211443621301
103.985630930857,1.38772671386551,4.845444915007484,0.8525347885114414,3.0296258103017877,1.0539333560328465,2.7142583358946872,2.4991594411496494
103.985630930857,1.38853688915663,4.288290988741746,0.2488031750428199,2.452693556381824,0.4154239229729626,2.832127138326072,2.047467756293085
103.985630930857,1.38934706444775,4.875285480638581,0.9351803488986157,3.323327283932361,1.1293588750657868,3.0270072575623423,2.6580318492195376
103.985630930857,1.39015723973886,4.964297616273175,0.668984666561304,3.3600493127674653,1.160590099610829,2.9140726301217263,2.6135988650669
103.985630930857,1.39096741502998,4.985160580168142,0.04080067342411553,3.3094438596937863,1.062191414243312,2.786382990818982,2.4367959036696676
103.985630930857,1.39177759032109,5.0666110146987435,0.1810856490964916,3.4206560167428073,1.00405354432446,2.9713749764002984,2.52875624025256
103.985630930857,1.39258776561221,4.533594201115463,0.5716269597085706,2.4646288449905143,0.4743807964084006,2.8475713842490435,2.1783604372943985
103.985630930857,1.39339794090333,4.364166872243501,1.010412394807254,2.0802935422188398,0.3493094287815097,2.718450830197437,2.1045266136497083
103.986441106148,1.31238041179173,5.272094297887108,3.1759617326818486,3.195887743363862,1.144142285394583,3.194740964610908,3.1965654047876617
103.986441106148,1.31319058708284,5.351935216398559,3.0876698677996295,3.4906251946810016,1.3050300786495264,3.366727750829412,3.3203976216716256
103.986441106148,1.31400076237396,5.27267173575391,2.9564020413796186,3.579258720854977,1.4047095852894351,3.4668298092176,3.3359743784991083
103.986441106148,1.31481093766507,5.968468203757517,3.3704177017041985,4.0594197659373705,1.825792025039867,3.890734982899403,3.822966535867671
103.986441106148,1.31562111295619,5.894303549334349,3.367927760731945,3.994806549563055,1.754254324156836,3.763986968771416,3.7550558305115205
103.986441106148,1.31643128824731,5.365127133648748,2.9268088517890867,3.5350270496650964,1.1339183566956095,3.590971447656184,3.3103705678909447
103.986441106148,1.31724146353842,5.298848254056502,2.6773478540203897,3.3213606263947177,0.4822245233629445,4.248994080937081,3.205755067754327
103.986441106148,1.31805163882954,5.376189660531939,2.4169259547775717,2.910145495533669,0.2908059140223287,4.641626446043681,3.1271386941818378
103.986441106148,1.31886181412065,5.050325281392137,1.9998854963782513,2.4041104202966395,1.103282391799663,4.673580967151025,3.0462369114035432
103.986441106148,1.31967198941177,4.775170732188041,1.7021419520708854,2.059181107336098,1.7646939505322052,4.624644029221809,2.9851663542698077
103.986441106148,1.32048216470289,4.686592803818282,1.6371478466102687,1.8140982226037465,1.955159301705205,4.8508517242572005,2.9887699797989407
103.986441106148,1.321292339994,4.61537304385871,1.6087223697981834,1.837495162672262,1.6573871224109418,4.449318816102046,2.833659302968429
103.986441106148,1.32210251528512,4.484645688472948,1.5960560687761358,1.9346584440005081,1.3151891268866045,3.9264087351420613,2.651391612655652
103.986441106148,1.32291269057623,4.508900756120433,1.4003564342841308,2.0478256735456846,1.3016234838418121,3.6747254939840346,2.586686368355219
103.986441106148,1.32372286586735,4.565873092023875,1.3587457491078325,2.26885036420909,1.430193274309861,3.890455627451896,2.702823621420511
103.986441106148,1.32453304115847,4.964731172585019,1.4106060634972621,2.940331493293307,1.1236191625950518,3.925562179611209,2.87297001431637
103.986441106148,1.32534321644958,5.311809461693482,1.5058708307567095,3.434847762884363,0.7723530494909454,3.8934653638992174,2.9836692937449434
103.986441106148,1.3261533917407,5.414691293699331,1.6195742093313648,3.3751209794339836,0.8488766498009426,3.46228933216144,2.9441104928854123
103.986441106148,1.32696356703181,4.760829939548675,0.9881825116761433,2.503482017146304,1.5813870923480202,2.5955713578385584,2.48589058371154
103.986441106148,1.32777374232293,5.61748781624166,1.719877444088155,3.2670622958937514,1.055795771774303,3.0346991876069183,2.9389845031209574
103.986441106148,1.32858391761405,5.626308380362186,1.7121607759455415,3.206074001144181,1.3078941180930848,3.6404901529037303,3.098585485689745
103.986441106148,1.32939409290516,5.640733305930468,1.4123154747837994,3.3684985327930157,1.3777375709294475,4.2937350000080485,3.218603976888956
103.986441106148,1.33020426819628,5.795097441509821,1.8428136002209357,3.50817195815333,0.49589259547636644,4.928361886650325,3.3140674964021555
103.986441106148,1.33101444348739,5.435825213005856,1.690797759929751,3.0128227250877586,0.1064465475147891,5.28061644449804,3.105301738007239
103.986441106148,1.33182461877851,5.737777084624778,1.8965825937457446,2.959290548235529,0.1336719649518443,4.978361820444025,3.1411368024003843
103.986441106148,1.33263479406963,6.3899304238031895,2.360212432228902,2.9752234651404805,0.4186196754586966,4.47694006728257,3.324185212782768
103.986441106148,1.33344496936074,6.27890815765808,2.32914525440518,2.9617496252398645,0.0022708981861292443,4.65924493602364,3.246263774302579
103.986441106148,1.33425514465186,6.174967935852241,1.9636636503002052,3.2517561823126506,0.17473571167495194,4.545517412553377,3.222128178538685
103.986441106148,1.33506531994297,6.175734780415308,2.1322962085670163,2.5678074729613023,0.5344191442232109,6.006968288238575,3.4834451788810825
103.986441106148,1.33587549523409,4.317005350338761,0.304491396750862,1.0235573498038555,1.9085986587858557,3.0688839271580797,2.1245073365674827
103.986441106148,1.33668567052521,5.706545702917811,1.711140382717737,2.4708535340138162,0.7675978917345567,3.205279238473505,2.7722833499714854
103.986441106148,1.33749584581632,6.075465808895721,2.232453823559787,2.75215786270536,0.6934468051840881,3.4954209140607837,3.049789042881148
103.986441106148,1.33830602110744,5.8866767655150305,2.126096925788776,3.0974517111085476,0.6159045812641573,4.1584864163946555,3.1769232800142335
103.986441106148,1.33911619639855,6.004559361313159,2.235484458267866,2.841968457090992,0.38398043917117874,4.540111400351776,3.2012208232389945
103.986441106148,1.33992637168967,5.970286194643961,2.1256875066743,2.7094965229547547,0.27111624801835177,5.120552823636309,3.239427859185535
103.986441106148,1.34073654698079,6.541599401897244,2.540270109422302,2.477267647524581,0.12640244616909868,5.070635084490984,3.351234937900842
103.986441106148,1.3415467222719,6.504101590650567,2.560708339236072,2.4659193185724497,0.02165562049377101,5.007875657683062,3.3120521053271843
103.986441106148,1.34235689756302,6.557561077559743,2.69975149330093,2.572141171083345,0.07413731857711525,5.244185834403218,3.4295553789848703
103.986441106148,1.34316707285413,6.937624473883471,2.8139140076827474,2.5192103992985686,0.18005702764400056,4.91048940964075,3.4722590636299073
103.986441106148,1.34397724814525,6.787511788467263,2.7213518814839794,2.830904443114612,0.18787558152677164,5.121586279242269,3.529845994766979
103.986441106148,1.34478742343637,6.59129385571169,2.5747377026875675,2.567543673193672,0.20048370124372994,4.988375576335553,3.3844869018344426
103.986441106148,1.34559759872748,6.288669829704919,2.3122423680560686,2.53604665734316,0.2456252770382008,4.802630084731991,3.237042843374868
103.986441106148,1.3464077740186,6.25374065696867,2.350289954637791,2.6161380311625884,0.3219786339379276,4.692350191547746,3.2468994936509445
103.986441106148,1.34721794930971,6.456762913777368,2.4893948169027063,2.575717316255421,0.3480376103657328,4.538961876185464,3.2817749066973385
103.986441106148,1.34802812460083,6.691019427808339,2.71489519133506,2.3495808340750663,0.4221643668891275,3.283827455188746,3.092297455059268
103.986441106148,1.34883829989195,6.507182819149264,2.3100645545565897,2.430899992929607,0.2556580672869373,3.4649964408119516,2.99376037494687
103.986441106148,1.34964847518306,5.825439004439254,2.115335207904053,3.4936674746940177,0.265536535500555,4.855828301542406,3.311161304816057
103.986441106148,1.35045865047418,5.497685299739722,1.8494315383513609,2.7320082646350734,0.24882737585861037,4.401109952986751,2.9458124863143036
103.986441106148,1.35126882576529,5.421898903800152,1.7183910571979055,2.7316589781699037,0.22624095180631798,4.262694412817961,2.872176860758448
103.986441106148,1.35207900105641,5.594126107977747,1.7514903551880074,2.8204609780550243,0.098003956089876,4.7401880628449895,3.0008538920311287
103.986441106148,1.35288917634753,5.384151041806753,1.431064172153004,2.7906494043139425,0.3040129445103048,4.723891251222291,2.926753762801259
103.986441106148,1.35369935163864,5.251715830304704,1.0630253259403943,2.354123108335461,0.404520420851199,4.977229603857513,2.8101228578578543
103.986441106148,1.35450952692976,5.72063713722282,1.1643389159174475,2.362498742079751,0.17353556867051623,5.539854181109721,2.9921729090000513
103.986441106148,1.35531970222087,6.14596300245978,1.2572020259982501,2.6554277495936347,0.17420108193147854,5.4675775411741405,3.140074280231457
103.986441106148,1.35612987751199,6.170259973789726,1.230206401009724,3.0272281955699185,0.12297068971010461,6.130177397896588,3.336168531595212
103.986441106148,1.35694005280311,5.9209153719989125,0.8146275062410879,2.6700834366947213,0.2286268112469756,6.075319784157983,3.141914582067936
103.986441106148,1.35775022809422,5.960740134210809,0.39184562873021633,2.59932009107035,0.3827758955876419,6.270763049600262,3.121088959839856
103.986441106148,1.35856040338534,5.855863464079363,0.3671826985347302,2.2932521374562853,0.7205189337722686,5.7505930424492995,2.997482055258389
103.986441106148,1.35937057867645,6.047773137091816,1.0286283195277086,2.6582701661147183,0.41349192845176574,5.348228779200564,3.0992784660773145
103.986441106148,1.36018075396757,6.367388304129221,1.2458448425780055,2.57520130818342,0.220833013416037,5.13241431889244,3.108336357439825
103.986441106148,1.36099092925869,6.507349408123144,1.0898548740714915,2.308143654687452,0.6116836405837063,4.661554900185774,3.0357172955303136
103.986441106148,1.3618011045498,6.477324748845344,1.095423370922184,2.464852179281305,1.1905904063695765,4.357100551347106,3.117058251353103
103.986441106148,1.36261127984092,6.449617552972814,1.1052168439843513,2.735966092617602,1.6476235943740143,4.4667141509801525,3.2810276469857866
103.986441106148,1.36342145513203,6.4727063588579945,1.3010237597962764,3.1568770518971974,2.017422614074256,4.70625201505279,3.530856359935703
103.986441106148,1.36423163042315,7.132193184546466,1.49208691006789,2.869146794491723,1.4537523040118323,4.33668408096511,3.4567726548166045
103.986441106148,1.36504180571427,6.3818039210147575,1.3052764341513772,3.2205270523469594,1.8717113482121128,4.31642629192066,3.4191490095291734
103.986441106148,1.36585198100538,5.854605627932838,1.0703930945644693,3.3223289797751185,1.95801200994973,4.113582332982421,3.263784409040915
103.986441106148,1.3666621562965,6.139532697715538,1.060203965763698,3.1941649228568494,1.7490521301414468,4.207204882523843,3.270031719800275
103.986441106148,1.36747233158761,6.34965045096396,0.7048426983359555,3.0490799844304632,1.760931756870896,4.663429618823617,3.305586901884978
103.986441106148,1.36828250687873,5.468018063015588,0.15058153216774528,2.62818719820309,1.4281316282598375,4.444362113122125,2.823856106953677
103.986441106148,1.36909268216985,5.372895595649535,0.33103210547876216,2.581038287410024,1.6809738884410272,4.570407260385341,2.907269427472938
103.986441106148,1.36990285746096,5.172959351000376,0.10009292310269302,1.9110257942885056,1.3327620617886637,4.7393898184977274,2.6512459897355933
103.986441106148,1.37071303275208,6.568709887714,1.1293912130014974,2.787632030722719,1.830400082495725,5.198566108165604,3.502939864419909
103.986441106148,1.37152320804319,5.747939444934257,0.4978696437989889,2.650430871785911,1.6244792715257717,4.997698257907562,3.103683497990498
103.986441106148,1.37233338333431,4.9040043856634625,0.06491424335944274,2.2976755753233853,1.1494535647587014,4.580100650253904,2.599229683871779
103.986441106148,1.37314355862543,5.278398508455478,0.7720464836964283,2.9335325060832567,1.475700051353538,4.387211493676563,2.9693778086530527
103.986441106148,1.37395373391654,5.69174717149172,1.3106646989824249,3.1975420812362323,1.825802579543474,4.00408412396505,3.20596813104378
103.986441106148,1.37476390920766,4.803037702883827,0.23169726666380797,2.0838371885641287,0.9196729917894579,3.05420294799681,2.218489619579606
103.986441106148,1.37557408449877,4.816423575178426,0.2503081860973637,1.9480010642171806,0.740227368258985,3.287752643755841,2.208542567501559
103.986441106148,1.37638425978989,5.435158442149753,1.726330405254135,3.1926541698285824,1.6252797700119146,3.6418472901298458,3.124254015474846
103.986441106148,1.37719443508101,5.309288052031906,2.039028263324262,3.5692511895113697,1.5420528933541675,3.6925785754300087,3.230439794730343
103.986441106148,1.37800461037212,5.560670967078519,2.090564371653681,3.6379884819732347,1.8705618550442757,4.709145730170643,3.573786281184071
103.986441106148,1.37881478566324,5.267264486498178,2.3059543772601465,3.331911276098282,1.5641535830349582,4.489907363989694,3.3918382173762516
103.986441106148,1.37962496095435,4.75254693115108,2.1439961088067534,3.1993754681417315,1.112285079405929,3.982645862072893,3.0381698899156775
103.986441106148,1.38043513624547,4.792235278960938,2.17452400667829,3.3267264942330783,1.173818930075484,3.810800800584019,3.055621102106362
103.986441106148,1.38124531153659,4.507917718033699,2.0170125917994355,2.9601778228401123,0.8269627733516032,3.5518386244406486,2.7727819060931
103.986441106148,1.3820554868277,4.2886410143255205,1.6591698186496018,2.5916738428420167,0.4577258052009263,3.6084406919056065,2.521130234584734
103.986441106148,1.38286566211882,4.483709974068258,1.5892472421757375,2.9586704669873107,0.48980328355627023,3.3552861974999573,2.575343432857507
103.986441106148,1.38367583740993,4.683640743724496,1.5986958622950311,3.060167284016778,0.79100080770991,3.2441648443847555,2.675533908426194
103.986441106148,1.38448601270105,4.920209829022987,1.4956891405168236,3.174879791221077,1.2239656111935133,3.3431528843111415,2.8315794512531083
103.986441106148,1.38529618799217,4.573867310739498,0.8871719044248287,2.953601920793819,0.9969173758959329,3.3719664060885997,2.556704983588536
103.986441106148,1.38610636328328,4.8659679263783815,0.7722382912595691,3.2550149170225104,1.1070748264431387,2.9454013692891046,2.589139466078541
103.986441106148,1.3869165385744,5.389846739292086,0.6111513988678148,3.4961294128103013,1.5762509065468713,2.94880961261563,2.804437614026541
103.986441106148,1.38772671386551,5.09344017247474,0.4460248099651274,3.2889541040663204,1.2649032431201626,2.7418949507283976,2.5670434560709494
103.986441106148,1.38853688915663,4.996237889905647,0.3485749247880605,3.2637919618589812,0.9835822257699931,2.5391645567859236,2.426270311821721
103.986441106148,1.38934706444775,5.138736942059733,0.4557920760891889,3.350659918298504,1.204126562334526,2.7095573960194272,2.5717745789602757
103.986441106148,1.39015723973886,4.866664098982923,0.0699369123979885,3.05062392178505,0.8629118576119517,2.3488093212968764,2.239789222414958
103.986441106148,1.39096741502998,5.212758805010431,0.22828152751075237,3.5396804752019158,1.3598641062111412,3.0589440478925596,2.6799057923653598
103.986441106148,1.39177759032109,4.762912921476659,0.31671049490743286,3.2355183302350987,0.7937560639364705,3.2634013589084745,2.474459833892827
103.986441106148,1.39258776561221,4.659917285309426,0.7866900833593604,2.720712802082339,0.747473523295838,3.0249781551864956,2.3879543698466916
103.986441106148,1.39339794090333,4.545131959620839,0.8787516163551743,2.5074201468767754,0.692754404818789,3.12530647744698,2.3498729210237115
103.987251281439,1.31319058708284,5.728694163364949,3.2985515321587044,3.6190175819680377,1.1174711091250593,4.027648352733042,3.5582765478699585
103.987251281439,1.31400076237396,6.091247309420069,3.3288041273139086,3.653809284759106,1.1228512092564635,4.422450794072439,3.7238325449643974
103.987251281439,1.31481093766507,6.12881658296439,3.3120982767188387,3.8424318242361686,1.1660113830084846,4.468542037277313,3.783580020841039
103.987251281439,1.31562111295619,5.9801744955243805,3.3437445407246074,3.8770883965757506,1.5046295126021292,4.247942204863108,3.7907158300579953
103.987251281439,1.31643128824731,5.847375182660699,3.1184399399189893,3.6102867087418815,1.1907716693329675,4.1662480653754805,3.5866243132060034
103.987251281439,1.31724146353842,5.642759809327622,2.8192896244703185,3.469905385760317,0.4156281615277315,4.7179358793579205,3.413103772088782
103.987251281439,1.31805163882954,5.4376203238715775,2.5166271808595866,2.9066123775991706,0.37308118188164485,5.189856900471288,3.2847595929366533
103.987251281439,1.31886181412065,5.4128324624985105,2.306839271128716,2.7686085384533676,0.7431860962074808,5.566982637230627,3.35968980110374
103.987251281439,1.31967198941177,5.303554324936503,2.182929872578711,2.570296412901179,1.062538530853903,5.3040170461182825,3.2846672374777155
103.987251281439,1.32048216470289,4.657116854263204,1.6604675386953112,2.2143184376356118,0.9422298411246395,4.679819830125268,2.830790500368807
103.987251281439,1.321292339994,4.762563782952352,2.022357758586079,2.5194762452125588,0.10675053804644108,4.749318987236649,2.832093462406816
103.987251281439,1.32210251528512,4.674348919759357,1.8941842324633278,2.6408349382636054,0.08984909291554644,4.543144818311227,2.7684724003426124
103.987251281439,1.32291269057623,4.158570552659263,1.1824074743147825,2.005060936185476,0.6903716868142986,4.1077103195342275,2.4288241939016095
103.987251281439,1.32372286586735,4.47345083390244,1.5077541348759098,2.2634758861828637,0.8023227665815966,3.9006682918847915,2.58953438268552
103.987251281439,1.32453304115847,4.553573600286551,1.2908117034189992,2.459745591458713,1.1925017671608522,3.6588622429573476,2.6310989810564926
103.987251281439,1.32534321644958,4.467905891091185,1.065578382583002,2.418848394507677,1.7501905167611511,3.0948294229149518,2.559470521571593
103.987251281439,1.3261533917407,4.935614598758395,1.3143663361516396,2.976024994097301,1.4355856331388495,3.000233883676067,2.7323650891644506
103.987251281439,1.32696356703181,5.054430955020873,1.2027442175189194,2.88482244853866,1.5750829046003858,2.6250474089294613,2.6684255869216598
103.987251281439,1.32777374232293,5.428378733921566,1.547967801050035,3.1161633590968094,1.5045981895907588,2.537782925444411,2.826978201820716
103.987251281439,1.32858391761405,5.584121349759407,1.4623160679287928,3.230394544467753,1.8177089664857,2.8317066210944297,2.9852495099472165
103.987251281439,1.32939409290516,5.635318695753991,1.3669102400137305,3.211072230003115,1.4725222093136665,5.298993182833261,3.3969633115835527
103.987251281439,1.33020426819628,5.679185423308571,1.7067459134722256,3.2843881174081098,0.4859002772382084,4.670450208781663,3.1653339880417555
103.987251281439,1.33101444348739,5.344889782615496,1.6964287778313434,3.525992737076958,0.08171236468413667,4.380163797246112,3.0058374918908095
103.987251281439,1.33182461877851,5.063260927244858,1.339414640052837,2.3594590118888306,0.5906307783756226,3.7905464917430614,2.628662369861042
103.987251281439,1.33263479406963,5.9958018637465,1.9207327867207304,2.630105680961364,0.4950392686899505,4.273475018681502,3.0630309237600093
103.987251281439,1.33344496936074,6.467794514959838,2.4809088744476213,2.8046080202856594,0.12340058598555004,4.499555337893959,3.2752534667145254
103.987251281439,1.33425514465186,6.827680235801282,2.8082719322683793,3.284335765755401,0.22330274519226734,4.645694657939444,3.5578570673913545
103.987251281439,1.33506531994297,6.759065607485269,2.5581825151402597,2.9191725022874984,0.5273939983494706,5.1166581073408395,3.5760945461206672
103.987251281439,1.33587549523409,4.617258067429127,0.7493834925829184,1.5611502283259497,1.2249734195315511,3.466610824910955,2.3238752065561004
103.987251281439,1.33668567052521,5.604757994740428,1.8720476665627714,2.581338618373362,0.05832001918745533,3.80531784673121,2.7843564291190455
103.987251281439,1.33749584581632,5.928205443892459,2.277067178838678,2.8370764750105906,0.027118081877091527,4.057213012155483,3.0253360383548604
103.987251281439,1.33830602110744,6.231678160660049,2.4456986964367893,2.864824172770536,0.18604977971078895,4.304958633302412,3.206641888576115
103.987251281439,1.33911619639855,6.525581690789572,2.6132737058411806,2.7978885848086037,0.2793049241598098,4.347217655611814,3.312653312242196
103.987251281439,1.33992637168967,6.03365993798883,2.234064594570569,2.605083186801224,0.2525452381067268,4.911892782506182,3.2074491479947063
103.987251281439,1.34073654698079,6.248041983323876,2.4791620834744705,2.94043160709802,0.09508437412054604,5.081437755599204,3.3688315607232235
103.987251281439,1.3415467222719,6.40429865810551,2.5120785729839454,2.7005576018408206,0.26783734794119596,4.53222554411116,3.2833995449965263
103.987251281439,1.34235689756302,6.517136508650811,2.5260336395731073,2.594706211849463,0.11175223738302975,5.21463389049465,3.392852497590212
103.987251281439,1.34316707285413,6.6127558952076235,2.5503060230518635,2.5237268757910805,0.1348330252656389,5.055805961886676,3.3754855562405766
103.987251281439,1.34397724814525,6.638385791964687,2.6561447549255988,2.6158604224309983,0.018878332708879952,4.836745014833628,3.3532028633727586
103.987251281439,1.34478742343637,5.743802217105799,1.6724954131111218,1.977342190520293,0.42858121231912705,4.724245523373625,2.9092933112859933
103.987251281439,1.34559759872748,6.48623894403266,2.410786690846301,2.572892452465119,0.20357934703077518,4.598355182441473,3.254370523363266
103.987251281439,1.3464077740186,6.671475164848442,2.5333065477243473,2.4741039748040983,0.5259352530249615,4.46007682863231,3.332979553806832
103.987251281439,1.34721794930971,6.906934516100655,2.4619431524297894,2.1040552738577,0.8491398630969549,4.24528234289426,3.313471029675872
103.987251281439,1.34802812460083,6.814681889628851,2.5460514415692685,1.6640634430434815,0.8898848057125619,4.197374394883067,3.222411194967446
103.987251281439,1.34883829989195,6.525356866444408,2.4163148126578413,1.990250606884782,0.7716675424030974,4.362443650927009,3.2132066958634278
103.987251281439,1.34964847518306,6.052100800806528,2.096207087439609,2.2632453652217706,0.11621672702733221,5.131230520232041,3.131800100145456
103.987251281439,1.35045865047418,6.030348302776286,1.9679996464132188,2.249406643587726,0.2684238767404956,4.94900967617879,3.093037629139303
103.987251281439,1.35126882576529,5.659368963216977,1.8493585611573948,2.2787283176022015,0.49604222089508454,4.6117367774558495,2.9790469680655014
103.987251281439,1.35207900105641,5.756879778864057,1.9800990672592853,2.9316943287006154,0.11582337236578155,4.921922406959684,3.1412837908298847
103.987251281439,1.35288917634753,5.8331668770235865,1.7154727245871335,2.8600392626043316,0.26441550144560466,5.059738707524787,3.1465666146370888
103.987251281439,1.35369935163864,4.804655971731449,0.576881382568672,2.147092580763669,0.9353882938926787,4.67675490925367,2.628154627642028
103.987251281439,1.35450952692976,5.4559835339170455,1.2008305178454073,2.697115048487081,0.3511463540044417,5.125500879679812,2.9661152667867574
103.987251281439,1.35531970222087,5.574134163411724,1.1458467627044477,2.74130697513705,0.6569558417096104,5.291511918571867,3.0819511323069397
103.987251281439,1.35612987751199,5.48040050491803,0.7297495254757003,2.5580110900402566,0.5955736844394579,5.616774784408378,2.9961019178563646
103.987251281439,1.35694005280311,5.9693899955345415,0.711938807819454,2.567159540272847,0.5341738473342197,5.934477305029592,3.143427899198131
103.987251281439,1.35775022809422,6.083195265272668,0.23859869579680648,2.205896892189241,0.7732639490453366,6.125943466820196,3.0853796538248495
103.987251281439,1.35856040338534,5.878360746344168,0.5245134849265369,2.1480796015667707,0.6954949294287047,5.46738112912869,2.942765978278974
103.987251281439,1.35937057867645,5.970409044439172,1.1623672905637505,2.696108998401339,0.49779530596043386,4.875585707725193,3.040453269417978
103.987251281439,1.36018075396757,6.163809974286799,1.1957262167379952,2.7078639301305714,0.11086886262857831,4.5760779835673056,2.95086939347025
103.987251281439,1.36099092925869,6.718806133392075,1.484676199236329,2.792834082176558,0.38200126323891226,4.2226666727475966,3.1201968701582943
103.987251281439,1.3618011045498,7.467600269857222,1.7812691309888677,2.587398754112826,0.7778124526938903,4.228090143256338,3.368434150181829
103.987251281439,1.36261127984092,7.235255542715503,1.5326437713641,2.6051666521077657,1.2923834468712805,4.315816685714644,3.3962532197546587
103.987251281439,1.36342145513203,7.0819232506221255,1.3405744080458355,2.816482510750973,1.5169759894601498,4.532995462187095,3.457790324213236
103.987251281439,1.36423163042315,7.89721262223723,1.8487922697378316,2.8649089552581053,1.057911590007059,4.112007813220622,3.5561666500921696
103.987251281439,1.36504180571427,7.185670287068302,1.4457815113771026,2.9483664427598875,1.5430430736130205,4.242890740993911,3.4731504111624445
103.987251281439,1.36585198100538,6.113133413050328,0.6325974299518933,2.630389804501018,1.572447934290505,4.225943633807557,3.0349024431202603
103.987251281439,1.3666621562965,6.280360875164728,0.8730974662515933,2.863316110029224,1.6985585085858297,4.38977695321714,3.2210219826497033
103.987251281439,1.36747233158761,6.559839580416686,0.9521809487457631,2.9135409014258578,1.761344855137505,4.605843070685783,3.3585498712823187
103.987251281439,1.36828250687873,6.53503770970088,1.1674243278712524,3.2154216481762106,2.0993976684528093,4.80046265529765,3.5635488018997608
103.987251281439,1.36909268216985,5.7891155597190505,0.9038302326807361,3.020916704465396,2.1054009121042583,4.318950615202347,3.2276428048343577
103.987251281439,1.36990285746096,5.760751431715626,0.8670750350723928,3.0666369009773007,2.0782225442928137,4.546414823198955,3.2638201470514177
103.987251281439,1.37071303275208,6.675985573201448,1.0680575834843786,2.9832356929724035,1.8796048452935068,5.189520998753824,3.559280938741112
103.987251281439,1.37152320804319,6.201193228254439,0.5322512083480291,2.427467321585695,1.5627615766659204,4.99141233199007,3.1430171333688306
103.987251281439,1.37233338333431,6.2634389291418024,0.8519486511025569,2.72083046670296,2.017863418454283,5.128102420242861,3.396436777128893
103.987251281439,1.37314355862543,5.981501931391602,0.8784541944767419,2.859222695765265,1.9455624174540134,4.783448021160709,3.2896378520496663
103.987251281439,1.37395373391654,5.748232699344719,0.9575050758294985,2.973548802555044,2.031225363104781,4.366486204753521,3.2153996291175124
103.987251281439,1.37476390920766,5.0766678989993395,0.3180733297374765,2.2797719106436993,1.2890957967724823,3.6340809778438867,2.5195379827993767
103.987251281439,1.37557408449877,5.255877830584048,0.6834570152616593,2.4525090405163787,1.257214121122498,4.043203834580268,2.7384523684129705
103.987251281439,1.37638425978989,5.558244694958368,1.5833077752857818,3.2376443939975026,1.9337305188132987,4.090641692632186,3.2807138151374273
103.987251281439,1.37719443508101,5.110800717722281,1.2000263619491776,3.0806958423585122,1.4973996467668371,4.8224938576628205,3.1422832852919256
103.987251281439,1.37800461037212,5.993987902295991,1.6968450846833782,3.4173618572078617,1.9045580856241813,5.7704951425244,3.7566496144671624
103.987251281439,1.37881478566324,5.692384909206265,2.020182112716597,3.4237839604021794,1.938231538029921,5.560717870938632,3.727060078258719
103.987251281439,1.37962496095435,4.832210767507444,1.6505251154309235,3.0224347051537492,0.9854958745362765,4.328486125327931,2.9638305175912647
103.987251281439,1.38043513624547,5.018038277970337,1.9643606540509708,3.3173446848923795,1.4002017682264416,4.207838083550225,3.181556693738071
103.987251281439,1.38124531153659,4.842888334034608,2.0289767875419322,3.204037861248679,1.1715517554359387,3.8246562682241496,3.0144222012970614
103.987251281439,1.3820554868277,4.576676913254666,1.7665106598933953,2.85783618632264,0.7369173302524814,3.575235494739566,2.7026353168925494
103.987251281439,1.38286566211882,4.464610190495193,1.6041822564935657,2.836326525701228,0.6386553437787654,3.5065279162266485,2.61006044653908
103.987251281439,1.38367583740993,4.690911350675904,1.4526067991659275,2.9496917941179532,0.8394997202504584,3.4151271017163403,2.669567353185317
103.987251281439,1.38448601270105,5.136604609327236,1.810535623049951,3.301393506174051,1.4070549444445852,3.463276624385969,3.0237730614763585
103.987251281439,1.38529618799217,5.020721530818246,1.3279335657670615,3.490047477925337,1.4414927034472313,3.300347091633707,2.9161084739183165
103.987251281439,1.38610636328328,5.170065607566805,0.7774015166289665,3.2273801268059614,1.4039764045250784,2.9356117035416887,2.7028870718137
103.987251281439,1.3869165385744,5.692364854477326,0.4111139864158737,3.427435131486341,1.6059542879685687,2.778961769855247,2.783166006040671
103.987251281439,1.38772671386551,5.5707260485837615,0.18586881315543025,3.09918802306742,1.4607590454955321,2.5099090886837345,2.5652902037971756
103.987251281439,1.38853688915663,5.446543327353364,0.07077044754255724,3.025029448336909,1.2361282731773962,2.444778734571539,2.444650046196353
103.987251281439,1.38934706444775,5.4399421119344495,0.039618280643892945,2.853523744185921,1.1807013706461262,2.39092186321777,2.380941474125632
103.987251281439,1.39015723973886,5.191571022608638,0.08129631144061022,2.9572953302383382,0.8812928952399872,2.2751332657301298,2.277317765051541
103.987251281439,1.39096741502998,5.327059025082669,0.5079866336675458,3.627471499452085,1.4605406105729202,3.2966432844367404,2.843940210642392
103.987251281439,1.39177759032109,4.682558988856503,0.552785133040981,2.9209995154480026,0.844953134973089,3.460315816651601,2.4923225177940354
103.987251281439,1.39258776561221,4.804428886085137,0.7711628533053769,3.03501165942658,1.1095085068621025,4.00536753674551,2.7450958884849412
103.987251281439,1.39339794090333,4.784543571915425,0.6314494486161308,3.0413196960550692,1.1799263522090548,4.133245962747022,2.75409700630854
103.98806145673,1.31319058708284,5.849057620599062,3.167788260833408,3.7740191182045777,0.5693027013925906,5.43077149387468,3.758187838980864
103.98806145673,1.31400076237396,7.540258846183498,3.9839846426382692,3.658130461554922,0.3320831719950128,5.247061706889664,4.152303765852273
103.98806145673,1.31481093766507,7.312425946977864,3.88101104525758,3.9439218164028738,0.05713844468267837,5.369789203182673,4.112857291300734
103.98806145673,1.31562111295619,6.1208148975791765,3.3063419203096203,3.8573109568590205,1.0825294198950388,4.839969516019529,3.841393342132477
103.98806145673,1.31643128824731,5.972662958708288,3.192924693320606,3.7209917471150575,0.9510091541329118,5.397337516096279,3.8469852138746283
103.98806145673,1.31724146353842,5.5782254249569725,2.802678864568165,3.365141062314777,0.24299552967402605,4.665493285094481,3.3309068333216842
103.98806145673,1.31805163882954,4.989534199777477,2.2418477394843386,2.5800653989280242,0.6569997910268768,4.026355964064038,2.898960618656151
103.98806145673,1.31886181412065,5.6838460890446285,2.7067261038899275,3.084615137791751,0.5126964923402113,4.520198425980684,3.3016164498094405
103.98806145673,1.31967198941177,5.908399964584888,2.9096310302498125,3.39199593396102,0.41872891553953906,4.601081781146867,3.4459675250964255
103.98806145673,1.32048216470289,5.429668369038481,2.598811859802339,3.3716268821874777,0.019538130211977034,4.690768901907141,3.222082828629483
103.98806145673,1.321292339994,4.908796101980641,2.2283855818700182,2.8634423423589226,0.39113842222540285,4.779636523773991,3.034279794441795
103.98806145673,1.32210251528512,4.8641596609487046,2.1208499266134098,3.1055093435845507,0.7832986353176175,4.893823687379289,3.1535282507687143
103.98806145673,1.32291269057623,4.639409687731792,1.738071685569821,2.8650634288217915,0.3434453471052201,4.509521372231646,2.819102304292054
103.98806145673,1.32372286586735,4.565905575095563,1.519813909467313,2.955688388445502,0.18721971386039016,4.493035123383102,2.744332542050374
103.98806145673,1.32453304115847,4.4648321019388355,1.2082800684765438,2.472683533056369,0.270805788832849,4.133375252378041,2.5099953489365276
103.98806145673,1.32534321644958,4.485383126937364,1.0542446171098234,2.766509693770516,0.5662199043492571,3.9573716746225607,2.5659458033579043
103.98806145673,1.3261533917407,4.4336059014432045,1.0011528200389996,2.6100261930561643,0.8050211549943569,3.7507162719246594,2.520104468291477
103.98806145673,1.32696356703181,4.643883988640791,1.0974616088768379,2.848143998123156,0.9626004268622275,3.481400749526049,2.6066981544058123
103.98806145673,1.32777374232293,4.888964070651667,1.2478912681295,2.951327686186403,1.2846530303504693,2.856848424168472,2.6459368958973024
103.98806145673,1.32858391761405,5.0685293941712715,1.8158179830753198,2.974888717470673,1.3909150320964585,3.0985901992174583,2.869748265206236
103.98806145673,1.32939409290516,5.391589224265314,1.565089581762809,4.51923940855275,1.2512624713929732,4.749651479346273,3.4953664330640235
103.98806145673,1.33020426819628,5.633443142296336,1.7476955139431922,3.291947159772416,1.0291658818897638,4.705138456124189,3.2814780308051796
103.98806145673,1.33101444348739,5.527852397338414,1.6329702914035131,2.874401469365921,1.3343065885821694,5.345415061584969,3.342989161654997
103.98806145673,1.33182461877851,5.462033965802345,1.4242650913113977,2.015420678214877,1.6124982324052155,3.495183980416705,2.801880389630108
103.98806145673,1.33263479406963,5.5657992932380616,1.2486541182057636,1.51005593582002,1.6699205033127775,3.596375838708777,2.71816113785708
103.98806145673,1.33344496936074,5.743007817770671,1.996546929471144,2.3647794975882164,0.4335388652019603,4.6868472226856674,3.0449440665435317
103.98806145673,1.33425514465186,6.0487488203186,2.4284260362932386,2.9050690589842105,2.9981020531977265e-05,4.118544540507919,3.1001636874249003
103.98806145673,1.33506531994297,6.372355674556239,2.3985511812626363,3.1654023069408197,0.5073558483667817,3.5101257111437043,3.190758144454036
103.98806145673,1.33587549523409,5.949510372409836,1.8987467223798689,2.14541577382343,0.7011003986532174,3.4327893566424983,2.8255125247817703
103.98806145673,1.33668567052521,5.056670431147971,0.9804179911908726,1.2965033225668172,1.2019813294409367,3.2537649473147674,2.357867604332273
103.98806145673,1.33749584581632,6.179821218826959,2.3283095045821973,2.903193359874578,0.14531539077680122,4.105881438669247,3.1325041825459565
103.98806145673,1.33830602110744,5.973972017167608,2.191980824629006,2.2774962494727404,0.2622525394425175,4.305120864406934,3.002164499023761
103.98806145673,1.33911619639855,6.48618001133228,2.5442539719301713,2.3508042627697847,0.38170456325506663,4.275560430395732,3.207700647936607
103.98806145673,1.33992637168967,6.68841879415772,2.748623302810209,2.822882055580184,0.45339754098451124,4.542537930889409,3.451171924884407
103.98806145673,1.34073654698079,6.047795059017908,2.277951740310879,3.135697853304631,0.09874225010423032,4.811347328481801,3.27430684624389
103.98806145673,1.3415467222719,6.359760051923882,2.65159351386378,3.3239969365388298,0.2691819142373184,4.428437944724877,3.4065940722577372
103.98806145673,1.34235689756302,6.387368586207728,2.6298266121343516,2.952746295620951,0.047013189356214014,4.899714171884074,3.3833337710406637
103.98806145673,1.34316707285413,7.050255762111721,2.922999268437451,2.6263824370774635,0.3562438001175394,4.8229587221970185,3.5557679979882386
103.98806145673,1.34397724814525,7.177280230768485,2.8917701703812284,2.217628998029408,0.28623748026030427,4.631882523152097,3.4409598805183044
103.98806145673,1.34478742343637,4.775795937273951,0.7101071793635896,0.8300565816062893,1.00978638227771,3.920078972266733,2.249165010557655
103.98806145673,1.34559759872748,6.360473106624486,2.3116980079241465,2.268414838016284,0.16899222694899763,4.445038293403272,3.1109232945834373
103.98806145673,1.3464077740186,6.572810481955052,2.4897889650771035,2.1369690410668696,0.3982908871023234,4.167556981917659,3.1530832714238017
103.98806145673,1.34721794930971,6.760388520010906,2.6244243895537807,1.9190297976363198,0.6912973369949427,4.464201523129784,3.2918683134651467
103.98806145673,1.34802812460083,7.126616332345826,2.7315075785497136,1.751437934532877,0.9363715250934774,4.388035967812137,3.386793867666806
103.98806145673,1.34883829989195,6.993074473313541,2.6432830936609797,1.7289237310246008,1.0364138327839711,4.839484705379899,3.4482359672325984
103.98806145673,1.34964847518306,6.276614099504087,2.271532562152153,1.458568512456349,0.45205402158019226,5.358228138435123,3.163399466825581
103.98806145673,1.35045865047418,6.661129013262471,2.2954471377984405,1.8029946266013006,0.31688553095738925,5.423473509086477,3.2999859635412156
103.98806145673,1.35126882576529,6.553691003542184,1.9564376632441842,1.5210356588976737,0.4435433373521249,5.448953027144547,3.184732138036143
103.98806145673,1.35207900105641,6.296998758557219,1.7360705783699792,1.9036410643223718,0.3863399473013587,5.353179180771651,3.135245905864516
103.98806145673,1.35288917634753,6.214738849789942,1.6189829223064685,2.166872124070572,0.45525147036999414,5.6257351395615025,3.2163161012196957
103.98806145673,1.35369935163864,5.431261985463447,0.4794501388762882,1.4491002914222477,0.9404126531197683,5.580256659215792,2.7760963456195085
103.98806145673,1.35450952692976,5.781335063407504,0.9573063612306321,2.1386753784352415,0.820220196853132,5.5203302223,3.0435734444453018
103.98806145673,1.35531970222087,5.711872100927348,1.2518275150837077,2.874762611728986,0.5999822256037923,5.397434075935479,3.1671757058558625
103.98806145673,1.35612987751199,5.592824510266279,1.1754318151480838,2.861629968757203,0.5193974570093616,5.486457472158246,3.127148244667835
103.98806145673,1.35694005280311,5.56533293650703,0.910031497490003,2.5782328869354636,0.6705289316101464,5.45964337667381,3.0367539258432905
103.98806145673,1.35775022809422,5.6787364454289175,0.8655216799090013,2.445885765998238,0.7479366357874184,5.549947655555972,3.0576056365359094
103.98806145673,1.35856040338534,5.285368292113816,0.7877996241573904,2.4789666748031465,0.892880597656351,4.530899332294993,2.7951829042051393
103.98806145673,1.35937057867645,5.517747283378373,1.240026038390269,2.867123622184703,0.5455642484340046,4.4149703202717525,2.9170863025318203
103.98806145673,1.36018075396757,4.926899858068406,0.5780361876571014,2.261612315744049,0.6633700193824126,3.84009267019114,2.454002210208622
103.98806145673,1.36099092925869,6.295800022321597,1.4869235254586393,2.850008074823407,0.628611664296205,4.041596579409379,3.0605879732618453
103.98806145673,1.3618011045498,7.4105445653479975,1.962663943407346,2.7271512108530906,0.8875590179186759,3.9515486158407604,3.387893470673574
103.98806145673,1.36261127984092,7.4755703967729765,2.0188075064326654,2.60308769127829,1.0694777530899309,4.180093713032935,3.4694074121213596
103.98806145673,1.36342145513203,7.452222792697274,1.7210063945766407,2.713058137209778,1.2577111681967565,4.34536902714623,3.497873503965336
103.98806145673,1.36423163042315,7.295522243561564,1.3638597833555863,2.8051339481205915,1.410059394810304,4.450188712288178,3.4649528164272447
103.98806145673,1.36504180571427,7.258562952556488,1.2545158578367577,2.770513118236007,1.3633360087671065,4.386865073169449,3.406758602113162
103.98806145673,1.36585198100538,7.558176625084577,1.3608055102664558,2.567140426178696,0.9396436910194446,4.227448573690143,3.3306429652478635
103.98806145673,1.3666621562965,7.144056862982026,1.1228959302646722,2.538482535861629,1.2112098315065722,4.501718729209443,3.3036727779648687
103.98806145673,1.36747233158761,6.148028480888751,0.6404542901643495,2.5917901964702104,1.6735151066289546,4.863861997775647,3.1835300143855827
103.98806145673,1.36828250687873,6.662828132830803,1.1407072481881215,2.892138994761872,1.9975812587508415,5.060127126120474,3.5506765521304224
103.98806145673,1.36909268216985,6.272224382588259,1.1655174100487926,3.2319644866992867,2.168881382755803,4.8350949898294004,3.5347365303843086
103.98806145673,1.36990285746096,6.364833610231848,1.211344131243333,3.32170859043908,2.1365595282053214,4.828922810364446,3.5726737340968056
103.98806145673,1.37071303275208,6.881965255374222,1.1478982120115013,2.751715777622632,1.641290193188425,4.990519927381705,3.482677873115697
103.98806145673,1.37152320804319,6.544325729262972,1.027927237424496,2.9012896538364608,1.851140032961922,5.137751233180449,3.49248677733326
103.98806145673,1.37233338333431,6.097044379052903,1.0813495815848704,2.908155700154129,1.802666652353615,4.672179046608182,3.31227907195074
103.98806145673,1.37314355862543,5.575714228798688,0.40321975682054045,2.625936989305483,1.7880545397503624,4.743105552295209,3.0272062133940567
103.98806145673,1.37395373391654,6.396292097444761,0.7416353568846752,2.8011190257673704,1.8242258012964996,4.488734356456341,3.2504013275699295
103.98806145673,1.37476390920766,6.019126462474091,0.6920280192299693,2.7999503601775473,1.6061673248824988,4.343077883723531,3.0920700100975274
103.98806145673,1.37557408449877,4.966821723753661,0.3743319733898325,2.30768536900284,1.1513495922027808,4.089095079028493,2.577856747475521
103.98806145673,1.37638425978989,5.075199682206787,0.8848730666680993,2.8024691719278714,1.422072421107444,4.191285291836191,2.8751799267492784
103.98806145673,1.37719443508101,5.142215976165492,1.1435613384945036,2.927571963007793,1.579117336083101,4.9889762040697825,3.1562885635641345
103.98806145673,1.37800461037212,5.9338676407968265,1.7638900236114772,3.297954446391664,2.0028887139235216,5.8544246681533885,3.7706050985753756
103.98806145673,1.37881478566324,5.828830239979457,1.8941829267263657,3.560376232074187,2.0652653832045402,5.7074421476634,3.81121938592959
103.98806145673,1.37962496095435,5.593561193493532,1.8271165221087706,3.4442451230710454,1.8901122303853448,5.1604386668263516,3.5830947471770087
103.98806145673,1.38043513624547,5.429508668602981,1.6838206896376988,3.4426933642165523,1.6916429564955955,4.665748859641624,3.3826829077188902
103.98806145673,1.38124531153659,5.2283592874360245,1.7357562374850026,3.3259315906274516,1.6751014218462288,4.30696852129951,3.2544234117388435
103.98806145673,1.3820554868277,5.140936799381908,2.014365122107293,3.3908978885685848,1.5847812739543201,3.9493169551487988,3.216059607832181
103.98806145673,1.38286566211882,4.627311279817608,1.583557353629807,2.9046794470633728,0.9094560170054287,3.597943012197856,2.7245894219428144
103.98806145673,1.38367583740993,4.9581314169914315,1.601149849438464,3.12740278064226,1.1256506571377045,3.3181682018490797,2.826100581211788
103.98806145673,1.38448601270105,5.711600686466159,1.5232974497841418,3.7151466513775695,1.9089718809322598,3.6690628127057288,3.3056158962531716
103.98806145673,1.38529618799217,5.508724720834309,0.9261577852544356,3.4393483478736577,1.817022188595093,3.296691267530356,2.99758886201757
103.98806145673,1.38610636328328,5.503112733445679,0.0601096011503337,2.9543920978049947,1.6336931206596432,2.9227917063856346,2.614819851889257
103.98806145673,1.3869165385744,6.209012708573976,0.02067884873617487,3.063638222001309,1.7314059710965957,2.732356772783138,2.751418504638239
103.98806145673,1.38772671386551,5.767519408901961,0.1285376486810499,3.1027699306035394,1.6217295233949685,2.79747258556727,2.683605819429758
103.98806145673,1.38853688915663,5.661978323911928,0.07211544062329622,2.927209467585488,1.21882431266841,2.611489493468671,2.498323407651559
103.98806145673,1.38934706444775,5.781971054817561,0.02566139742491913,2.972124746248287,1.3809532860103424,2.638531263842978,2.5598483496688176
103.98806145673,1.39015723973886,5.176489932604717,0.24948767460400845,3.1239495602640837,1.1289170642357291,2.8655447030992356,2.5088777869615546
103.98806145673,1.39096741502998,4.911784842480689,0.6690683970081395,3.2666639705241884,1.1015221283791057,3.2428930305651384,2.638386473791452
103.98806145673,1.39177759032109,4.895164669634553,0.9783701182809992,3.267466002154137,1.2171288642024187,3.7465310697127485,2.8209321447969713
103.98806145673,1.39258776561221,4.9480354710188195,0.9241293097380847,3.2684275075874822,1.2870079986203073,4.074060557564902,2.900332168905919
103.98806145673,1.39339794090333,4.684577434652052,0.6372170417159317,2.9199981950627993,0.8135241449097776,3.6089621472804225,2.5328557927241966
103.988871632022,1.31319058708284,5.952338362968295,3.020991121807171,3.566851714260501,0.1626181646836038,5.226269337407302,3.5858137402253747
103.988871632022,1.31400076237396,8.51798235583962,4.566044075493373,3.9288374909132173,0.8744832452364228,4.171721921583909,4.411813817813309
103.988871632022,1.31481093766507,8.055803949350235,4.154927071348819,3.8269108734231914,0.8513431932481552,4.248309083219578,4.2274588341179955
103.988871632022,1.31562111295619,5.875346398950526,2.965179312266269,3.5497091788055357,0.5293698749766698,5.065937628895131,3.5971084787788263
103.988871632022,1.31643128824731,5.154946553424242,2.4832483829060195,3.1732330730292233,0.1446579603769358,4.867643505992472,3.1647458951457788
103.988871632022,1.31724146353842,5.125678483207686,2.305301791295012,3.0570574084554494,0.19300123757306764,4.45122484722943,3.026452753552129
103.988871632022,1.31805163882954,5.209279137747018,2.3409496192281765,3.062363643818525,0.22093920863359884,4.318153904049112,3.030337102695286
103.988871632022,1.31886181412065,5.615399574971221,2.559794320447093,2.8551089899016873,0.5152504136375704,4.0124151050823045,3.1115936808079754
103.988871632022,1.31967198941177,5.815803771546371,2.573431559409425,2.8357802403574546,0.5872976176997753,3.796781521196799,3.1218189420419646
103.988871632022,1.32048216470289,5.705485989629846,2.729833097507683,3.4277086017335385,0.08206242975019151,4.093447619900989,3.2077075477044494
103.988871632022,1.321292339994,4.96566307464423,2.159538552205536,2.901988170962131,0.2603775723032804,4.238211542130916,2.9051557824492185
103.988871632022,1.32210251528512,4.554731109987099,1.7707937460184517,2.800266282617894,0.294224108174582,4.346421882028039,2.753287425765213
103.988871632022,1.32291269057623,4.680353950447543,1.7282937280783628,2.996303435608276,0.512056582167709,4.409524663728778,2.8653064720061336
103.988871632022,1.32372286586735,4.597887324333449,1.5193994715992183,2.96273906903388,0.38850004000880034,4.407147811188089,2.7751347432326874
103.988871632022,1.32453304115847,4.642891679664693,1.4307980012945194,2.9614254634688173,0.38174212081404946,4.448762286986344,2.7731239104456846
103.988871632022,1.32534321644958,4.532572396146307,1.0785441072134638,2.7890409602941197,0.2637670107945169,4.618317113173209,2.6564483175243234
103.988871632022,1.3261533917407,4.49580913858555,1.0260999049798407,2.7918480021197745,0.17782427466856987,4.470567005844302,2.5924296652396075
103.988871632022,1.32696356703181,4.541075130730526,1.1265309521171893,2.8872258501981314,0.10574481688995618,4.187806040732411,2.5696765581336427
103.988871632022,1.32777374232293,4.649300301109729,1.2026918626555592,2.8847535918614398,0.5407107412469045,3.6584126328497497,2.5871738259446766
103.988871632022,1.32858391761405,4.6867303440399795,1.285399901292756,2.882721002708852,0.6562799918964579,3.6787162211328592,2.637969492214181
103.988871632022,1.32939409290516,4.827838395606445,1.446522170163135,2.94133537881482,0.6276624299452536,4.721499826706058,2.912971640247142
103.988871632022,1.33020426819628,5.065560555021609,1.580691782620118,2.9076576478356984,0.8565033990903324,4.035296103662063,2.889141897645964
103.988871632022,1.33101444348739,5.280116676875146,1.7426622261575773,2.61101927795211,1.498301183215812,4.501191954257472,3.126658263691623
103.988871632022,1.33182461877851,5.580349457795993,1.8524031607682439,1.9062680002115115,1.9002831747441924,2.630334063041637,2.7739275713123157
103.988871632022,1.33263479406963,5.617953825078146,1.62196825602582,1.559282364393109,1.668407306572945,2.033536529801861,2.500229656374376
103.988871632022,1.33344496936074,5.690131716770011,1.8649270208980226,1.6555108582919331,0.8754009400225478,2.8509775516320275,2.5873896175229083
103.988871632022,1.33425514465186,5.464768627889441,1.7454082923541812,2.0906656038839806,0.7332002866039922,2.9413156456904233,2.595071691284404
103.988871632022,1.33506531994297,5.646972732641387,1.825533719781511,2.3638808798311004,0.7488987191082757,2.89307748802635,2.695672707877725
103.988871632022,1.33587549523409,5.732642322977323,1.8172039933593211,1.968240240576339,1.4000684661425993,2.577038298818632,2.699038664374843
103.988871632022,1.33668567052521,5.954800581273627,1.6471203177797236,1.8642868761934928,1.370254948984151,3.044877692637698,2.7762680833737385
103.988871632022,1.33749584581632,6.558375898641607,2.4143369653392703,1.9138845532393134,0.8594036968188767,3.7896966562831906,3.1071395540644517
103.988871632022,1.33830602110744,6.462684000098587,2.418060419256914,1.8047737443837129,0.4257638836039881,4.28220534244122,3.0786974779568843
103.988871632022,1.33911619639855,6.439932335576412,2.558383526150081,2.3675398949530404,0.24336223634669096,4.202728656960332,3.1623893299973114
103.988871632022,1.33992637168967,6.479526601645276,2.5572755948462813,2.78319053416633,0.21147219524615934,4.472410628834336,3.3007751109476766
103.988871632022,1.34073654698079,6.343151606317111,2.554031954289396,3.1399739032214704,0.1827257905302524,4.179798262258789,3.279936303323404
103.988871632022,1.3415467222719,6.165979670460921,2.6111198470818486,3.1540610451783486,0.023133901466270146,4.013629992162858,3.1935848912700493
103.988871632022,1.34235689756302,6.403549696896167,2.6919376939597086,3.082290263792842,0.05624332218519612,4.5354169514856295,3.3538875856639088
103.988871632022,1.34316707285413,7.172588848980478,3.1504097300351326,2.8008290741906805,0.4735375843249763,4.483439024324955,3.6161608523712445
103.988871632022,1.34397724814525,7.331933811883701,3.065513718527498,2.5527954024688135,0.2937056369090314,4.54417733918314,3.5576251817944367
103.988871632022,1.34478742343637,5.443351669330017,1.2505845580473895,1.4781823157850091,0.302972413021255,4.13605101762078,2.52222839476089
103.988871632022,1.34559759872748,6.528311024238398,2.286068403350434,2.0592784023190696,0.1604954211697418,4.438909937983105,3.09461263781215
103.988871632022,1.3464077740186,6.947278577739745,2.716303594375219,2.1017364148133453,0.22170025728813414,4.6028458013006315,3.317972929103415
103.988871632022,1.34721794930971,6.754117657987258,2.6446879389146716,2.001672876319251,0.4219692221719953,4.720387390172508,3.3085670171131367
103.988871632022,1.34802812460083,6.765291268123544,2.5168903140588803,1.9608041071055204,0.4658327459243701,4.745631857626783,3.2908900585678196
103.988871632022,1.34883829989195,6.276419521642978,2.053480309578969,1.7160804939335819,0.3732094231339751,5.341387882196372,3.1521155260971754
103.988871632022,1.34964847518306,6.470416356411572,2.3640727274510773,1.7997805148084893,0.3409907541079491,6.811661340111087,3.557384338578035
103.988871632022,1.35045865047418,6.335230709214802,2.1679560092720926,1.9327899730954492,0.0706066354401429,5.948417659222059,3.291000197248909
103.988871632022,1.35126882576529,6.714562212080736,1.8799449173966352,1.2515636513867285,0.7813359375708266,5.509034011805557,3.227288146048097
103.988871632022,1.35207900105641,6.710633372295959,1.7361804380923544,1.0537732362777916,0.8570061531882196,5.488468119113417,3.1692122637935483
103.988871632022,1.35288917634753,6.116038517140286,1.2072623398361486,1.3742992217083412,0.45316058778673707,6.1428854348536674,3.058729220265036
103.988871632022,1.35369935163864,6.088128561037568,0.7297199247497232,1.481529270722909,0.3668495352988508,6.615258201205876,3.056297098602985
103.988871632022,1.35450952692976,5.1738840732097096,0.39909952188870434,0.612499313622525,1.2946579891584378,6.3032621818040795,2.7566806159366912
103.988871632022,1.35531970222087,6.96500260554814,1.637793837951012,2.400627258442128,0.4674634321541298,6.192096055373256,3.5325966378937332
103.988871632022,1.35612987751199,6.771120686383114,1.62991873971567,2.550831058372381,0.592916520130057,5.934130371782107,3.495783475276666
103.988871632022,1.35694005280311,5.667333375728614,1.1580050764703032,2.39003024605195,0.8126506790992991,5.477163244300943,3.1010365243302216
103.988871632022,1.35775022809422,5.4586704065500875,1.2674556535490211,2.371260235628238,0.8943550093898978,5.065027989438111,3.011353858911071
103.988871632022,1.35856040338534,5.311816255130832,1.1111970293779443,2.45853295143084,0.6527658356191246,4.663577224525145,2.839577859216777
103.988871632022,1.35937057867645,5.51950199333297,1.526019819606887,2.683109294857797,0.43717605663182724,4.122214836778209,2.857604400241538
103.988871632022,1.36018075396757,5.509311806281129,1.3429314162452286,2.8370393957128606,0.1594317158799221,3.9100380991469805,2.7517504866532243
103.988871632022,1.36099092925869,6.432609693062805,1.6708932421480363,2.9597095946409304,0.5276057693968923,4.065984338998057,3.131360527649344
103.988871632022,1.3618011045498,8.162369971476743,2.35808773783506,2.196993923164939,0.23818684809506152,3.986092913964203,3.388346278907201
103.988871632022,1.36261127984092,8.102364505801532,2.622442992245851,2.233223895682105,0.7714381623169686,4.20265274882685,3.586424460974661
103.988871632022,1.36342145513203,7.603278240226448,2.14633384413834,2.445975370785405,0.8785575241552053,4.231574527051258,3.461143901271331
103.988871632022,1.36423163042315,7.109626996088981,1.6429388086949857,2.8729725208385304,1.3655939410668978,4.482010837497736,3.494628620837426
103.988871632022,1.36504180571427,7.238720834845953,1.3625777704474196,2.727519227886301,1.2052532549595227,4.4751545599037,3.401845129608579
103.988871632022,1.36585198100538,7.483757288069601,1.2944697695392406,2.3954535449765224,0.9544780271565045,4.328812977033678,3.291394321355109
103.988871632022,1.3666621562965,7.348622749556,1.1943864651950697,2.275381302363197,1.0425550547371927,4.268105606209783,3.2258102356122484
103.988871632022,1.36747233158761,7.043279743528728,1.3228523631393614,2.8878224360036278,1.7973406771077016,4.790076668378365,3.568274377631557
103.988871632022,1.36828250687873,6.101521975393304,0.3986901994290477,2.3022450222891386,1.7145382346101563,4.9964977953722105,3.1026986454187715
103.988871632022,1.36909268216985,6.4143763307010815,0.8601780981010094,2.7722885802342567,1.8169727819724173,4.86122999787138,3.345009157776029
103.988871632022,1.36990285746096,6.92712752848405,1.3556744566237562,3.1394464718027706,2.0991274817936088,5.172902051512544,3.738855598043346
103.988871632022,1.37071303275208,7.108524348374246,1.2828988968018606,2.8618393080905484,1.8531151824501997,5.120977760468747,3.6454710992371204
103.988871632022,1.37152320804319,6.95705873798833,1.4153151698851296,3.098809053702727,1.8764677895983404,5.0108094926992806,3.6716920487747613
103.988871632022,1.37233338333431,6.2690971715637325,1.2424579844390458,3.053482365032643,2.0661795433363714,4.512698251711178,3.4287830632165943
103.988871632022,1.37314355862543,5.976860566262772,1.195889855292787,3.042620657397862,2.153503294067388,4.28315965527047,3.3304068056582556
103.988871632022,1.37395373391654,6.154301600943924,0.8013632789061482,3.0137269613421083,1.9312960454765857,4.32732783822744,3.245603144979241
103.988871632022,1.37476390920766,6.5021156867176515,0.8741065877713616,2.944117500532908,1.6961044526408209,4.452217858795276,3.2937324172916034
103.988871632022,1.37557408449877,5.950768710747518,0.8061844654082826,2.680798443284946,1.625029409910784,4.024635738056578,3.0174833534816217
103.988871632022,1.37638425978989,5.891032259627618,1.3003431739698037,2.888761202845558,2.0169762183712443,4.557366996226847,3.330895970208214
103.988871632022,1.37719443508101,6.016949133282786,1.4749317945672544,3.0661745881735136,2.040590734861702,4.538519794509945,3.42743320907904
103.988871632022,1.37800461037212,5.819785522535842,1.6301516143623047,3.2701509948065137,2.090608530849142,4.917238671397772,3.545587066790315
103.988871632022,1.37881478566324,5.6307540944508006,1.7377460571241201,3.4182589810580843,2.01328202477524,4.943305183865814,3.5486692682548115
103.988871632022,1.37962496095435,5.58522424704103,1.8404428445922676,3.2159167440776564,1.8080897199813037,4.6777729059227156,3.4254892923229945
103.988871632022,1.38043513624547,5.541163464685358,1.8798689525966168,3.4160156141668168,1.6596572913327172,4.421777954035175,3.3836966553633365
103.988871632022,1.38124531153659,5.581568681403905,1.8322287458596236,3.590801316216428,1.9450074885027249,4.392585800213691,3.4684384064392746
103.988871632022,1.3820554868277,5.637984367233869,1.9879841938665415,3.5797748482491514,2.1767234408417018,4.370425288347249,3.550578427707703
103.988871632022,1.38286566211882,5.180832428869973,1.9770157500825576,3.1751581307578647,1.6292668517106215,3.807688110826142,3.153992254449432
103.988871632022,1.38367583740993,5.309369169081844,1.2375571002497807,3.2794135329269025,1.3911438495535684,3.2359047403183077,2.890677678426081
103.988871632022,1.38448601270105,5.6329787252531425,1.2086322284160929,3.2807626627307513,1.9087235638667615,3.5023558118957396,3.1066905984324977
103.988871632022,1.38529618799217,5.629425965951661,0.6875649996867956,3.1241204238646674,1.6506223434682497,3.1051050767913573,2.839367761952546
103.988871632022,1.38610636328328,5.7990190760308415,0.03777810165100348,2.7228938200944306,1.8041098847070636,3.1657298756752645,2.7059061516317207
103.988871632022,1.3869165385744,6.295610428282696,0.12463331535179378,3.2095627307201298,1.9109814328609325,2.8889819269966353,2.8859539668424374
103.988871632022,1.38772671386551,5.887564238065263,0.1704188823152819,3.4258501751777466,1.7991334506794843,3.063215706246215,2.869236490496798
103.988871632022,1.38853688915663,5.494006033894923,0.4539763197860651,3.3556441422887886,1.419044309086292,2.8618845484905613,2.716911070709326
103.988871632022,1.38934706444775,5.437756305010591,0.6350938953875804,3.242683901584268,1.268617249397657,2.6863932666286487,2.654108923601749
103.988871632022,1.39015723973886,5.071886733384368,0.6225197234644,3.2452592013642025,1.2085246364935287,2.98520702212301,2.626679463365902
103.988871632022,1.39096741502998,4.83416783176089,0.6942297411736646,2.8752576116423896,0.887524531348781,3.141668909149704,2.486569725015086
103.988871632022,1.39177759032109,5.01208239608685,0.9558114731401446,3.584717590191797,1.361133996827249,3.678567517116221,2.9184625946724525
103.988871632022,1.39258776561221,4.7963742638932985,0.778700865398271,2.9577250856975397,0.9566009910195596,4.045157287158407,2.706911698633415
103.988871632022,1.39339794090333,4.538747577089524,0.6891152657444373,2.557178897491905,0.4750701409026732,3.340476431129563,2.3201176624716204
103.989681807313,1.31400076237396,6.770146270998392,3.4646557128489093,3.849827472485668,0.33461478934567523,5.317465711115403,3.9473419913588095
103.989681807313,1.31481093766507,7.15379627316592,3.6190069996639203,3.5598256684452316,0.21219635707731044,5.114619388515713,3.931888937373619
103.989681807313,1.31562111295619,5.27388255714483,2.5653384875089067,3.262892852758675,0.19707895255841734,4.6566547457792495,3.191169519150016
103.989681807313,1.31643128824731,4.782276820332175,1.9836721476780603,2.8566128771868655,0.2737516360554615,4.54235128847499,2.8877329539455103
103.989681807313,1.31724146353842,5.048631198219166,2.2445133615884068,3.35906940687574,0.08436753621407789,4.903676923023081,3.1280516851840945
103.989681807313,1.31805163882954,5.009516314183649,2.298887175292432,3.515078655689962,0.032238236722982094,4.843252129319634,3.139794502241732
103.989681807313,1.31886181412065,5.440285254757409,2.518049971531301,3.4270477973557014,0.012068382334405214,4.542556386592629,3.1880015585142893
103.989681807313,1.31967198941177,5.647182977383366,2.5398079153822835,3.1643094172534205,0.3327214510157859,3.8865474551500796,3.114113843236987
103.989681807313,1.32048216470289,5.578638558090017,2.6566099466458866,3.183445674946089,0.06440927999981838,3.9183825707292677,3.0802972060822156
103.989681807313,1.321292339994,4.92531106034993,2.061659882215583,2.9710028684533967,0.08202691590200928,3.918268838663412,2.7916539131168663
103.989681807313,1.32210251528512,4.811831572925328,2.0061486694694466,3.033279558473783,0.44925353117747235,4.135187866653705,2.887140239739947
103.989681807313,1.32291269057623,4.818990236189116,1.827245283874916,3.112958736023092,0.5076332800847538,4.199305419822174,2.89322659119881
103.989681807313,1.32372286586735,4.703889853202494,1.5833122389285137,3.0944770260409022,0.32970845967240336,4.125659293217105,2.7674093742122836
103.989681807313,1.32453304115847,4.575809798467674,1.4331946409453522,2.8271169254412953,0.28515477944467094,4.323867358231659,2.6890287005061304
103.989681807313,1.32534321644958,4.614016930168205,1.2122426795600418,2.71754937312749,0.47707939888467976,4.551444264076004,2.714466529163284
103.989681807313,1.3261533917407,4.611097009796211,1.04871725990661,2.6741077827279867,0.5717061502801393,4.621710602347381,2.7054677610116658
103.989681807313,1.32696356703181,4.59034125366475,1.1454597258217376,2.7575346622968304,0.27181799492137415,4.260407041234227,2.6051121355877838
103.989681807313,1.32777374232293,4.603473286506198,1.2065444459802883,2.6781946627275524,0.04988259941260509,3.9738664033123214,2.502392279587793
103.989681807313,1.32858391761405,4.606804210599613,1.2296346771559676,2.7012181597180174,0.14076408319426292,4.002686759279424,2.536221577989457
103.989681807313,1.32939409290516,4.6474593191814435,1.413007121061483,2.80887099710953,0.07806852354081073,3.8712410945301663,2.5637294110846867
103.989681807313,1.33020426819628,4.65534913179858,1.3908180473577296,2.7864634181573535,0.2468969054810941,3.57248012765195,2.5304015260893413
103.989681807313,1.33101444348739,4.761282021575028,1.5816709232265218,2.5595770298302867,0.6738874703836757,3.5446028111196313,2.6242040512270286
103.989681807313,1.33182461877851,4.90045730829144,1.6426429622935999,2.0630124691119214,1.1756126269514837,2.7056773893879758,2.497480551207284
103.989681807313,1.33263479406963,5.212005689785485,1.8525510075206526,2.293937848818942,1.0643801043412857,2.44888403135856,2.574351736364985
103.989681807313,1.33344496936074,5.525120377711474,2.0614897346470613,2.089611001969633,0.7959562206289768,2.5763749220627474,2.6097104514039784
103.989681807313,1.33425514465186,5.011067438411246,1.149400744116324,1.3600894867653466,1.6050740984418006,2.13930957783656,2.2529882691142555
103.989681807313,1.33506531994297,5.605806016728426,1.5585399783368779,1.4264785103975406,1.8115893398968517,2.174788384091766,2.5154404458902926
103.989681807313,1.33587549523409,5.659731176953731,1.4557000745394753,1.0957515126120931,2.307330262790849,2.042967032799382,2.512296011939106
103.989681807313,1.33668567052521,5.564843542110729,1.4505194703292084,1.4026233949240101,0.46524839733015,2.528389315348445,2.2823248240085086
103.989681807313,1.33749584581632,5.607501388037814,1.7216124911772326,1.6285499534570498,0.8644989975829347,3.46999729776379,2.6584320256037643
103.989681807313,1.33830602110744,5.82414884866655,1.9915719441021587,1.78643913689778,0.6670645735082097,4.091024158051933,2.8720497322453262
103.989681807313,1.33911619639855,6.256074924840252,2.2351926089971457,2.145777763131175,0.433743574968954,3.5972476901119315,2.9336073124098916
103.989681807313,1.33992637168967,6.42523234157111,2.42842657078382,3.0914189034905206,0.22397072118945616,4.26704813718537,3.2872193348440555
103.989681807313,1.34073654698079,6.767258371873194,2.685595488601738,2.4584607523590414,0.5165664523847546,4.138145753020268,3.313205363647799
103.989681807313,1.3415467222719,6.230381572814629,2.42164516590811,2.612077046177909,0.3145932619961904,3.9385423261863366,3.103447874616635
103.989681807313,1.34235689756302,6.007099038243123,2.3234584933096087,2.7672369618421584,0.2271604097777562,3.9007110230536775,3.0451331852452648
103.989681807313,1.34316707285413,6.646814145321095,2.7475339123484197,2.9592039500163985,0.33766141006996975,4.695499946546381,3.477342672860453
103.989681807313,1.34397724814525,6.876103600320448,2.85679390670267,2.698520513168532,0.23328153496077775,4.556459585694778,3.4442318281694413
103.989681807313,1.34478742343637,6.303996865616096,2.374178622736398,2.3593436849069107,0.33878290051188387,4.546772140337211,3.1846148428217
103.989681807313,1.34559759872748,6.29502451726956,2.3635521989865858,2.3260355804923627,0.2403832583683183,4.436864092420922,3.13237192950755
103.989681807313,1.3464077740186,6.56955378382262,2.510249493647425,2.2748451811006056,0.2870724611338069,4.581961709706221,3.2447365258821357
103.989681807313,1.34721794930971,6.8678387390725675,2.589512106575448,1.9741389569829693,0.4091513386533201,4.772202674227984,3.3225687631024576
103.989681807313,1.34802812460083,6.865014534977387,2.57238632686202,2.0285550278651208,0.38212407907208146,4.87294791167869,3.34420557609106
103.989681807313,1.34883829989195,6.0200622732430915,1.8748294279314237,1.6119139794730586,0.3990224255968826,5.266926755104105,3.034550972269712
103.989681807313,1.34964847518306,6.200473748469022,2.1652538151199927,2.200966355242894,0.029054127581449762,6.088587913948665,3.336867192072405
103.989681807313,1.35045865047418,6.742719330078689,2.1636889401914203,1.9917157854486724,0.3944156233502589,5.685484800042158,3.3956048958222396
103.989681807313,1.35126882576529,6.8748051292554635,1.897149987820157,1.3582275512698878,0.7805065083452973,5.613143838448966,3.3047666030279546
103.989681807313,1.35207900105641,6.700144206365959,1.5739486974965793,1.315574172211349,0.8562164092452917,5.731813184642448,3.2355393339923255
103.989681807313,1.35288917634753,6.1136082836986,1.028495770090597,1.2696414376727283,0.5579638744556377,6.45801918033402,3.0855457092503165
103.989681807313,1.35369935163864,6.137544942409061,0.7860766998252515,1.2953955244845474,0.5987773510114209,6.55628355837905,3.0748156152218664
103.989681807313,1.35450952692976,5.145567277710885,0.3860768861378574,0.4092989048435527,1.2667080622502702,6.342250367150957,2.7099802996187043
103.989681807313,1.35531970222087,6.988252353263341,1.2878844837825199,1.4988492735614827,0.6183950714759519,6.451904762967267,3.3690571890101126
103.989681807313,1.35612987751199,7.017927468103931,1.2453943533918022,1.6573451382811193,0.7330660760918768,6.372338588648645,3.4052143249034748
103.989681807313,1.35694005280311,6.532435242270111,1.448367704105376,2.2122473150831716,0.5496159383791941,6.119704125109912,3.372474064989553
103.989681807313,1.35775022809422,5.380167652353048,1.2719672062906433,2.3483004307294983,0.6507964672648363,5.361812066329911,3.0026087645935875
103.989681807313,1.35856040338534,5.191560418663901,1.2750397344637854,2.4110039483267656,0.8345764746870756,4.797505775295338,2.901937270287373
103.989681807313,1.35937057867645,5.42126748557596,1.3667273016382993,2.12513071947469,0.6262034929859936,4.25800037626524,2.7594658751880368
103.989681807313,1.36018075396757,5.489953788260603,1.0983268052644313,2.2100989627695924,0.5436658048817016,3.701707997784151,2.608750671792096
103.989681807313,1.36099092925869,6.752167923613246,1.5448763544674655,2.395697673961454,0.16038053058749924,3.9166123203325824,2.9539469605924493
103.989681807313,1.3618011045498,8.773874331276982,2.9927671704074683,2.053618304120988,0.09326275030768727,3.792310648934315,3.541166641009488
103.989681807313,1.36261127984092,8.354735543744589,2.279734597819399,1.6912617721205088,0.02640631487393108,4.125802309918679,3.2955881076954214
103.989681807313,1.36342145513203,7.258901401352578,1.279195556869567,1.659266490558089,0.7206793435841519,4.5532606460495515,3.0942606876827874
103.989681807313,1.36423163042315,7.9985846528601705,2.284621187930078,2.4253150702916138,0.7503184721658229,4.153591622380599,3.522486201125657
103.989681807313,1.36504180571427,7.95978511971806,1.6715062547166966,2.3869116039106686,0.6558510549622625,4.180114256223124,3.370833657906162
103.989681807313,1.36585198100538,8.167381837040008,1.7595723660004268,2.6125866492540837,0.8094272079214093,4.176654011132726,3.505124414269731
103.989681807313,1.3666621562965,6.713162362197661,0.5237662832193024,1.9086661815246195,0.8655972248818102,4.3834122084349545,2.8789208520516696
103.989681807313,1.36747233158761,7.093930170903882,1.2401333329330129,2.772175266523547,1.6958728410356727,4.604471640729908,3.4813166504252044
103.989681807313,1.36828250687873,5.736371338271027,0.11118135601252987,2.0238470548979244,1.4100057772255283,4.771443748540861,2.8105698549895743
103.989681807313,1.36909268216985,6.627697462546983,0.7106876391616552,2.7026206326262106,1.795527215941437,5.028914791051694,3.373089548265596
103.989681807313,1.36990285746096,6.507454579630291,0.8089317016352275,2.620670038289987,1.9455962902683765,5.052747326036844,3.3870799871721453
103.989681807313,1.37071303275208,6.834848777694489,1.2909307316162248,2.78503235069606,1.8831393922793929,5.011270283175207,3.561044307092275
103.989681807313,1.37152320804319,6.326348615225648,1.1743963727105609,3.135521017509209,1.627583382594601,4.6181319646430765,3.376396270536619
103.989681807313,1.37233338333431,6.6567314576872185,1.3086062487363819,3.010343813202571,1.7801860216794871,4.44836369614567,3.4408462474902657
103.989681807313,1.37314355862543,6.405833071804267,1.561453589289588,3.0789894245612857,2.0593300225460496,4.142138121164962,3.44954884587323
103.989681807313,1.37395373391654,6.380035911714604,1.4581480337056796,3.025489132019299,1.9722252462644043,3.842743400876099,3.335728344916017
103.989681807313,1.37476390920766,6.677071929869371,1.251116165039111,3.2895912495094137,1.771068735784759,4.0346107344438025,3.4046917629292914
103.989681807313,1.37557408449877,5.632128811968968,0.7163892542284245,2.4663835474559086,1.4608102415477582,3.5356674588459995,2.7622758628094117
103.989681807313,1.37638425978989,5.918247544945,1.3111551482006902,2.7243655145094365,1.8021315715232227,3.521593664215011,3.0554986886786724
103.989681807313,1.37719443508101,6.318326621693878,1.6266388818833448,2.9022335364908542,1.9305721430911618,3.54832975533294,3.2652201876984357
103.989681807313,1.37800461037212,6.750268056767375,1.8304194238824891,2.5573696011586122,1.750564199373418,3.9609440715705766,3.3699130705504943
103.989681807313,1.37881478566324,6.4496262080799625,1.9188706940615212,2.9382524485408474,1.8869348289928567,4.292212902532658,3.4971794164415693
103.989681807313,1.37962496095435,5.95703379248879,1.8648912291564876,3.124033999022032,1.9299942312191583,4.56026708561577,3.4872440675004475
103.989681807313,1.38043513624547,5.606466633327706,1.890383530859559,3.3962099588868675,1.848859683024756,4.087532516691162,3.36589046455801
103.989681807313,1.38124531153659,4.926205812667028,1.2415893376618357,2.8421163597623185,1.3089005617807636,3.545677716958977,2.7728979577661845
103.989681807313,1.3820554868277,5.674082719986917,2.0901522920676108,3.485457948439919,2.1400887044475674,4.106459649127103,3.4992482628138233
103.989681807313,1.38286566211882,5.9611322360381,1.8923782397331301,3.725219790280242,2.1947426309798814,4.301191730175258,3.6149329254413223
103.989681807313,1.38367583740993,5.815204832753402,1.1869002434517313,3.4048474030581097,1.929084415309358,3.84392850406649,3.2359930797278182
103.989681807313,1.38448601270105,5.258877832633104,0.48383201502161555,2.723971134926586,1.5696551275192192,3.249661098426216,2.657199441705348
103.989681807313,1.38529618799217,5.861134418523854,0.5272871111728143,3.061280938508915,1.9428120066086443,3.2331129478086673,2.925125484524579
103.989681807313,1.38610636328328,6.442336102883996,0.575525439985924,2.95044564143657,2.038993979181946,2.929736767733541,2.9874075862443954
103.989681807313,1.3869165385744,6.184449870048674,0.4827700692313428,3.1549549310969027,2.352740156115111,2.9581441237622315,3.0266118300508524
103.989681807313,1.38772671386551,5.870917937857705,0.5737886974321,3.3351756940219666,1.91738883995842,2.8611465082123893,2.911683535496516
103.989681807313,1.38853688915663,5.491958259041841,0.9744468824086283,3.626814084793967,1.471306900426022,2.905786212622669,2.8940624678586255
103.989681807313,1.38934706444775,5.1111640968297,0.9954997418757152,3.3607504106157613,1.080565706709848,2.921565313921075,2.69390905399042
103.989681807313,1.39015723973886,4.839920035519704,0.73631099225355,2.9109294542546174,0.7079638735359985,2.85962000773727,2.410948872660228
103.989681807313,1.39096741502998,5.058612239774149,0.6644446025171185,3.2340897508696287,1.1371810055425975,3.3052085602286176,2.679907231786422
103.989681807313,1.39177759032109,4.985901548764623,0.6369197710716463,3.296177672515501,1.1034047514658205,3.5196450550049256,2.7084097597645034
103.989681807313,1.39258776561221,4.58517524417303,0.6543364719893212,2.645357420936879,0.6300450045152814,3.277867593511015,2.358556347025105
103.990491982604,1.31400076237396,5.246180760267368,2.7863901764442502,3.340603184907419,0.5907100281263347,3.8289494154085837,3.1585667130307913
103.990491982604,1.31481093766507,5.177679752557932,2.6694806762584484,3.1426128975596477,0.33190660205654865,3.6903513622670303,3.0024062581399216
103.990491982604,1.31562111295619,4.89582427560299,2.2367716572353977,2.997547684170513,0.13125362691991782,4.470652560588196,2.946409960903403
103.990491982604,1.31643128824731,5.047519874112215,2.1736493974657627,3.1795411002203515,0.17228520922193624,4.812374600698007,3.0770740363436544
103.990491982604,1.31724146353842,4.893121976019614,2.196860721840661,3.514632871011461,0.170525981840715,5.324415288953659,3.2199113679332223
103.990491982604,1.31805163882954,4.966585561318869,2.370743722704617,3.314148799282499,0.17567254365287965,4.483444467371601,3.062119018866093
103.990491982604,1.31886181412065,5.227850809536967,2.5141817615436963,4.368645194364149,0.38446529984114264,4.749338172011306,3.4488962474594524
103.990491982604,1.31967198941177,5.131161756318377,2.3831391746493367,3.2659823967087895,0.3188664378529644,4.428455828077471,3.105521118721388
103.990491982604,1.32048216470289,5.210085771279541,2.460625270086119,3.3937042600033003,0.4413259445851452,4.321058330463941,3.1653599152836094
103.990491982604,1.321292339994,4.444243667968461,1.6492001202302298,2.59419606749762,0.3281444717688835,3.781258414011784,2.5594085482953957
103.990491982604,1.32210251528512,4.643266448352442,1.6497252390090296,2.7428294356876712,0.05577344867162992,3.758822831351921,2.5700834806145387
103.990491982604,1.32291269057623,4.688261024869966,1.658790498386253,2.730099185081478,0.021910829755356076,3.7978043310467875,2.5793731738279684
103.990491982604,1.32372286586735,4.685310184310676,1.5708289871483103,2.885870321137329,0.03410036682139861,3.7371588753510103,2.5826537469537447
103.990491982604,1.32453304115847,4.774431209399268,1.5452337190305236,3.0542734047034514,0.35220223837565,3.934262698650734,2.7320806540319253
103.990491982604,1.32534321644958,4.715260069252068,1.3315050740641468,2.909461616773264,0.34612523824731056,4.03449343397623,2.667369086462604
103.990491982604,1.3261533917407,4.677152481669598,1.284381651605024,2.79878282726348,0.3757325136523626,4.020046553369095,2.631219205511912
103.990491982604,1.32696356703181,4.506696311088984,1.1440058282454046,2.4322151922981696,0.008577936843352063,3.8094890994262514,2.380196873580432
103.990491982604,1.32777374232293,4.656548430988369,1.3672330254439657,2.5424281388790604,0.08809975540649617,3.6554954027200885,2.461960950687596
103.990491982604,1.32858391761405,4.6308531854989745,1.3691247179068817,2.5796511642894195,0.1326165671162407,3.5918055235496027,2.460810231672224
103.990491982604,1.32939409290516,4.664595509750999,1.395368244477833,2.7396913752694125,0.05528148195796945,3.665113840977778,2.5040100904867986
103.990491982604,1.33020426819628,4.457399891225549,1.190974964660196,2.5503672376987296,0.3449163349834272,3.4860960356508848,2.4059508928437574
103.990491982604,1.33101444348739,4.738061635361838,1.5227577564479802,2.7402372936446717,0.16887369942019959,3.427959189469618,2.5195779148688615
103.990491982604,1.33182461877851,4.688499746903325,1.4778801870717864,2.4938046019666302,0.3438711128109446,3.13916503869023,2.4286441374885834
103.990491982604,1.33263479406963,4.636690886746475,1.3636077818257704,2.4312677708452632,0.6555402370597498,2.9532598314049707,2.408073301576446
103.990491982604,1.33344496936074,4.699204474912243,1.4545604551693998,2.1069906306246367,0.8234085619728972,2.606990735408708,2.338230971617577
103.990491982604,1.33425514465186,4.790764275460045,1.3735035021070914,1.5883219045794377,1.5127996987170107,2.077620042761641,2.268601884725045
103.990491982604,1.33506531994297,5.165513080451184,1.7383975097658535,1.552915212491527,1.9120547443500442,1.623489825777039,2.3984740745671296
103.990491982604,1.33587549523409,5.333497095571534,1.5760543516737187,0.9236548377746239,2.0403857397603815,1.5827658129062883,2.291271567537309
103.990491982604,1.33668567052521,5.489820067701977,1.511193460566151,1.2866688199707674,1.6009124511234702,2.2319075257067134,2.424100465013816
103.990491982604,1.33749584581632,5.559745180199911,1.6975821609663022,1.5282551610015425,1.1968159846324902,3.2067418560973238,2.637828068579514
103.990491982604,1.33830602110744,5.457355867780262,1.7459938323856328,1.373996643908015,1.1054437929767182,3.8474578902930254,2.7060496054687304
103.990491982604,1.33911619639855,5.392645675723269,1.6625054022778443,1.9173190404437683,0.6336304825838504,3.5198593884379186,2.6251919978933302
103.990491982604,1.33992637168967,5.829883760839991,1.8794067108969017,2.8521993643991586,0.35980715546809705,3.7960865473455705,2.9434767077899435
103.990491982604,1.34073654698079,6.275405201268949,2.082894550173993,2.094870136196068,0.5022577735492568,3.9045767868395522,2.972000889605564
103.990491982604,1.3415467222719,6.5427330892508415,2.324950808576528,2.4040342549485203,0.5669823363687385,4.106365040756202,3.189013105980166
103.990491982604,1.34235689756302,6.431491830955398,2.465249549092924,2.5809913093556673,0.5290469386923782,4.066172624653483,3.21459045054997
103.990491982604,1.34316707285413,6.036348175491707,2.19708907468965,2.372844980216236,0.6570216500234274,4.13249817151539,3.0791604103872823
103.990491982604,1.34397724814525,6.49763651352929,2.3812980277696134,2.194984488830741,0.750491296903661,4.318580055692241,3.228598076545109
103.990491982604,1.34478742343637,6.123169716728778,2.07041144550411,2.1989384095199007,0.3788614381673163,4.254319876140073,3.0051401772120356
103.990491982604,1.34559759872748,5.333116223731782,1.5018349282268986,1.7296914082184216,0.19422753151716776,4.142898226873861,2.580353663713626
103.990491982604,1.3464077740186,6.288586903762258,2.398551944133221,2.40600289852075,0.14709334506350658,4.583644584843217,3.164775935264591
103.990491982604,1.34721794930971,6.573654751557989,2.4279639933804305,2.1692056450727115,0.2271518814547413,4.810771509339094,3.2417495561609933
103.990491982604,1.34802812460083,6.868748490398811,2.5746640344805414,2.1332099801865283,0.243844366135054,4.911187122978728,3.3463307988359325
103.990491982604,1.34883829989195,6.405480276397036,2.118513871763092,1.9276122055668807,0.20047199589765796,5.2057091624034655,3.1715575024056264
103.990491982604,1.34964847518306,6.071719785093762,1.8716454979552033,1.8975411735776895,0.0740985478169307,5.65739105220716,3.114479211330149
103.990491982604,1.35045865047418,6.532522517534748,2.1148065760719668,1.973508224092381,0.20267295829548715,5.477419476039859,3.260185950406888
103.990491982604,1.35126882576529,6.84435941758754,1.84943352175058,1.643217208956905,0.5146741385290561,5.64026112972736,3.2983890833102882
103.990491982604,1.35207900105641,6.494877514934682,1.2914414703957817,1.2890314574659385,0.8837621778168518,5.790175411315683,3.1498576063857877
103.990491982604,1.35288917634753,6.644205470545167,1.2063360950125706,1.226332211782541,0.9446124080664724,5.939665559808997,3.1922303490431494
103.990491982604,1.35369935163864,5.549284312511759,0.6254339178178157,1.596782806884363,0.7806418644479649,6.412204395392369,2.992869459410854
103.990491982604,1.35450952692976,5.7703885780575455,0.6258253129987494,1.4135527063349294,0.6545663849246282,6.162913301443496,2.9254492567518695
103.990491982604,1.35531970222087,6.4506005712481915,1.1488569984257033,1.4569691079202762,0.5763253551538909,6.257675171049026,3.1780854407594177
103.990491982604,1.35612987751199,6.7166593591348125,1.0688884401326924,1.3549977211057502,0.7651404989976314,6.362818099559487,3.2537008237860747
103.990491982604,1.35694005280311,6.326006855700911,1.0782772625289212,1.7107454054409779,0.592786230402421,6.221762710418567,3.1859156928983596
103.990491982604,1.35775022809422,6.271006537294664,1.6333121195880977,2.1635431324540306,0.5016079178515405,5.8694544619874875,3.287784833835164
103.990491982604,1.35856040338534,5.450180531418887,1.3645307080891627,2.4135026495411687,0.6676349971909623,5.43234315997751,3.065638409243538
103.990491982604,1.35937057867645,5.544743692322296,1.467883042484221,2.287881915261508,0.592585908401702,5.31377830627385,3.0413745729487154
103.990491982604,1.36018075396757,6.16487701154659,1.3294370216616898,2.006555432914066,0.45475790077279754,4.648735272048629,2.9208725277887546
103.990491982604,1.36099092925869,7.789798181411864,2.0123907298980974,1.7384499096661052,0.4206864378451698,4.135264756005338,3.219318002965315
103.990491982604,1.3618011045498,8.48573819256223,2.2818413009969554,1.3927615698361109,0.19328655760278224,4.007283615349248,3.2721822472694653
103.990491982604,1.36261127984092,8.448601922971779,2.4438927563361617,1.4727378059104232,0.013270835397065639,4.09837315386681,3.2953752948964476
103.990491982604,1.36342145513203,7.948630947077717,2.3163695074171713,2.065489188792842,0.8517974109331803,4.237180337434243,3.483893478331031
103.990491982604,1.36423163042315,8.032261917887485,2.3326481978444242,2.111581761398398,0.856912547902958,4.117036997786403,3.490088284563934
103.990491982604,1.36504180571427,7.844278963944738,1.507036907822286,1.9085992547748596,0.7461138350603775,4.22186087732619,3.24557796778569
103.990491982604,1.36585198100538,7.744142505647151,1.2205310977287844,2.408009578003238,0.9913499228862896,4.40087674855026,3.3529819705631447
103.990491982604,1.3666621562965,6.8767780126152225,0.969713308726682,2.4013657897537506,1.3721627081519934,4.748731312449195,3.2737502263393687
103.990491982604,1.36747233158761,7.319953081752839,1.2812717314985669,2.4880120168283,1.4777772445244715,4.4959947537247125,3.412601765665778
103.990491982604,1.36828250687873,6.9306839771211095,1.0360911016933088,2.8455296223182245,1.7790884844132648,4.93845348206839,3.5059693335228594
103.990491982604,1.36909268216985,6.780730563624061,0.36390650603130936,2.310304158619463,1.4761887510653402,4.91306956647783,3.1688399091636006
103.990491982604,1.36990285746096,6.437934549683561,0.9130886406288852,2.6006196723418995,1.8520864642396688,4.50093223192092,3.260932311762987
103.990491982604,1.37071303275208,6.543409297409074,1.1654533606039656,2.8691967683123423,2.0062147773167283,4.657661511987399,3.4483871431259017
103.990491982604,1.37152320804319,6.159629988328668,0.6834823091848463,2.8730418039606924,1.4111600886361302,4.506860478967024,3.126834933815472
103.990491982604,1.37233338333431,6.510526829066169,1.1467027403222012,3.1836812291868632,1.7698905678644152,4.0576453551353175,3.333689344314993
103.990491982604,1.37314355862543,5.765444910241083,1.0683983543604647,3.4309122977754924,1.944552424573498,3.660133899648777,3.173888377319863
103.990491982604,1.37395373391654,5.919715658197589,1.2019175253762917,3.1141783226215303,1.9595312475851507,3.6142028734898552,3.161909125454083
103.990491982604,1.37476390920766,6.3426944845931885,1.2295693964661716,3.2241607364726512,1.8474186024338302,3.7747278682678456,3.2837142176467373
103.990491982604,1.37557408449877,6.618514154600028,1.704336251590469,3.189289705714277,1.9782375957923932,4.000637809167589,3.4982031033729513
103.990491982604,1.37638425978989,6.275698482930572,1.6283373584885616,2.9947507532476614,2.0288099530457977,3.450393814569832,3.275598072456485
103.990491982604,1.37719443508101,5.79475340334648,1.4648802931427127,3.0283373074914905,2.00125320208085,2.7678148565584415,3.011407812523995
103.990491982604,1.37800461037212,6.158643216299151,1.4577914537309802,2.8391485554988236,1.9259064012102733,2.667870865988423,3.00987209854553
103.990491982604,1.37881478566324,6.5244605883340405,1.7517932988332277,2.87194341955945,2.0630015098064725,3.471626070200884,3.336564977346815
103.990491982604,1.37962496095435,6.986168817477864,1.9999908902932226,2.894734473741785,1.934372023503549,3.9796222066340086,3.558977682330086
103.990491982604,1.38043513624547,6.170175108336583,1.3695032760984596,2.6294998582965228,1.8979906056616116,4.14811644666538,3.2430570590117114
103.990491982604,1.38124531153659,6.078131605821458,1.7732766950078904,3.122071366004633,1.9777536430746814,4.13035797240078,3.4163182564618886
103.990491982604,1.3820554868277,5.76335063775344,1.9332445131244889,3.2500670460846877,2.0452887574630836,3.874604853233773,3.3733111615318947
103.990491982604,1.38286566211882,5.7868834348026965,1.7824072501028034,3.203024421373808,1.8720640256605314,3.880129136136091,3.304901653615186
103.990491982604,1.38367583740993,5.483916613972411,1.4076459049528474,3.149793360181924,1.91333476004775,3.8430896619377144,3.1595560602185295
103.990491982604,1.38448601270105,5.467401795426181,0.9363631600285274,2.9854514593776003,1.7660725444417622,3.4430385759399513,2.9196655070428044
103.990491982604,1.38529618799217,5.80304045015108,0.4559664489332391,3.106594772647604,2.0148863931396868,3.108896863161924,2.8978769856067066
103.990491982604,1.38610636328328,6.125040749596405,0.4643209154901804,2.966957279299713,2.178879553276989,2.6982361848875165,2.8866869365101606
103.990491982604,1.3869165385744,6.082196942893464,0.6626333204719295,3.115247919140085,2.127145954745483,2.673238489532171,2.9320925253566266
103.990491982604,1.38772671386551,5.901343732149964,0.8567908302085989,3.3988520996555884,1.9465655835263789,2.784384860264204,2.9775874211609468
103.990491982604,1.38853688915663,5.735370971025141,1.224053129981911,3.905265763479214,1.7621572567723085,3.2461339574178467,3.174596215735284
103.990491982604,1.38934706444775,5.15353323952807,1.2328311529549083,3.378771462267295,1.3253688367568692,3.2054964136943056,2.8592002210402896
103.990491982604,1.39015723973886,4.937539164651877,1.0692579495471044,3.0671720369833686,0.9921088978624688,3.1097048990021783,2.6351565896093994
103.990491982604,1.39096741502998,5.073925956343508,0.8555720834316389,3.2667538435991013,1.253730835180658,3.3301652164269804,2.7560295869963776
103.990491982604,1.39177759032109,4.563379186539169,0.24959436737708174,2.8805171036063726,0.6883420922466215,3.4977994374819126,2.3759264374502314
103.990491982604,1.39258776561221,4.6182098044758,0.9226907722003261,2.5958211467623613,0.5059232209851885,2.9797648397458154,2.3244819568338984
103.991302157895,1.31400076237396,4.935567565965808,2.60469610218108,2.781552210305886,0.6703033317386797,2.9767892884345493,2.7937816997252005
103.991302157895,1.31481093766507,4.962263812045329,2.539957343514363,3.080679173109125,0.509377657968713,3.441632318702993,2.9067820610681046
103.991302157895,1.31562111295619,5.076548724041032,2.4523052001334413,3.239131480956921,0.20731323665367185,4.54730576103746,3.1045208805645053
103.991302157895,1.31643128824731,4.997515709945979,2.0378941702413798,3.0120773786553627,0.025205109004247106,4.5706723356373615,2.928672940696866
103.991302157895,1.31724146353842,4.852259751512012,1.9888026711309408,4.055746384740392,0.03899005748240114,4.846600238006108,3.1564798205743707
103.991302157895,1.31805163882954,4.921631947463478,2.14293016259316,3.13119342788071,0.02063896906147278,4.668204865145661,2.9769198744288965
103.991302157895,1.31886181412065,4.837560994991119,2.009849002799868,2.8924656772137105,0.037917924610841425,4.2736200073825685,2.8102827213996213
103.991302157895,1.31967198941177,4.7838918013293,2.0493197951325435,2.91354466199817,0.10871476569476357,4.455772986430812,2.8622488021171177
103.991302157895,1.32048216470289,4.7157534895479465,2.037051348243029,3.0246849685383133,0.03250469771937148,4.4291389052650345,2.847826681862739
103.991302157895,1.321292339994,4.597310198686728,1.8759640093482055,3.003951823700593,0.08951793520742868,4.316758801303326,2.776700553649256
103.991302157895,1.32210251528512,4.63017362416803,1.761685482539793,2.8301082496244483,0.11596082003738317,3.9250669705657906,2.652599029387089
103.991302157895,1.32291269057623,4.688527825511159,1.718262609209141,2.6128249048362058,0.18969262233297002,3.7626375347311125,2.5943890993241174
103.991302157895,1.32372286586735,4.72510924717362,1.658075952939452,2.6639956590221736,0.05398504546324645,3.843428914042345,2.5889189637281675
103.991302157895,1.32453304115847,4.896591324453606,1.5830040582587195,3.0260931813401086,0.3300506361066695,3.7340835917647084,2.7139645583847622
103.991302157895,1.32534321644958,4.845029304572787,1.4166460647922072,2.9114454979314637,0.374470968512167,3.62514776262201,2.634547919686127
103.991302157895,1.3261533917407,4.566175295413149,1.1176149731020715,2.70427970208625,0.03052162419384885,3.5556416362261416,2.394846646204292
103.991302157895,1.32696356703181,4.580223245299965,1.18242914878806,2.474687481258986,0.07519540009902315,3.4346381785686866,2.349434690802944
103.991302157895,1.32777374232293,4.759301199511452,1.4129294325391903,2.4868254456773506,0.029141062021288633,3.2700952109592727,2.391658470141711
103.991302157895,1.32858391761405,4.952958067458475,1.7194266565797385,3.103694898562704,0.5393451267492075,3.9854752117916483,2.8601799922283546
103.991302157895,1.32939409290516,4.996425897502878,1.8311672592153414,3.4318636715791335,0.69261548184992,4.246085742986114,3.039631610626677
103.991302157895,1.33020426819628,4.815451079109142,1.6550760934282884,3.24294617220702,0.49389827485066107,4.1567947830203735,2.872833280523097
103.991302157895,1.33101444348739,4.90309932917884,1.7483301327348464,3.147482591167112,0.4995941544161475,4.408434453128038,2.9413881321249966
103.991302157895,1.33182461877851,4.83655587098912,1.629973430552127,2.7586784816896603,0.16311391409588438,4.471980049460882,2.7720603493575346
103.991302157895,1.33263479406963,4.805827288057895,1.5688712720312168,2.7854482249903434,0.09905393223329995,3.379210778966584,2.5276822992558676
103.991302157895,1.33344496936074,4.684897375689069,1.5173344221664813,2.540449111172709,0.6699368036754194,4.1227697904672205,2.70707750063418
103.991302157895,1.33425514465186,4.5579973356753385,1.3790797278777198,2.0124476192991203,1.3621618991226931,3.4922482698950255,2.5607869703739796
103.991302157895,1.33506531994297,4.635574409042025,1.5866994883546042,1.8923320898082103,1.6081982134348713,2.75447567334945,2.4954559747978324
103.991302157895,1.33587549523409,4.842015881210276,1.6501319325990913,1.6043990959962215,1.7812240326748068,2.2195460703537293,2.419463402566825
103.991302157895,1.33668567052521,4.896008067741338,1.5501470596040576,1.4618468703662586,2.031191951911989,2.017566300131115,2.3913520499509517
103.991302157895,1.33749584581632,5.356455803109558,1.8045755343634227,1.4181837377297342,1.5667055382241344,2.707340175951554,2.5706521578756805
103.991302157895,1.33830602110744,5.414991142674875,1.5969927622761375,1.0840565576230112,1.5145706648988408,3.3671315977541845,2.5955485450454097
103.991302157895,1.33911619639855,5.526208696147869,1.5395273097429758,1.9008214808177648,0.7936763675300753,3.7245477866405174,2.6969563281758404
103.991302157895,1.33992637168967,5.387335715557629,1.2789979371756104,1.4218651329609457,0.48926457329362094,3.6741867933529235,2.450330030468146
103.991302157895,1.34073654698079,5.655585316448089,1.4908437245017083,1.6950680499217405,0.4081524235952081,3.8755040143168458,2.6250307057567186
103.991302157895,1.3415467222719,5.831808478024744,1.917892842587733,2.4246124104924327,0.46734416108972354,3.9382360457755503,2.9159787875940366
103.991302157895,1.34235689756302,6.097589669811708,2.3279416178283263,2.5656845750110406,0.42955467833784056,4.03918253363717,3.091990614925217
103.991302157895,1.34316707285413,5.67222641842644,1.7932244886543032,2.132224654973829,0.7441267858389828,3.979846279163148,2.8643297254113405
103.991302157895,1.34397724814525,6.510882699175962,2.3324976165744538,2.2403646375965423,0.750126191958568,4.535756627396523,3.27392555454041
103.991302157895,1.34478742343637,6.3947046746153795,2.2170010510092695,2.111999332070269,0.8030074168322372,4.425353798264801,3.190413254558391
103.991302157895,1.34559759872748,6.009914185886817,2.131721799430082,2.4436636015126574,0.23544339693691896,4.353605344118481,3.0348696655769913
103.991302157895,1.3464077740186,5.701179021780671,1.7681361891370386,1.9841518840215784,0.12399092529813416,4.321579446602112,2.779807493367907
103.991302157895,1.34721794930971,6.060713339936264,2.122159118238759,2.1957732444151183,0.19898522066018742,4.627042225905679,3.0409346298312014
103.991302157895,1.34802812460083,6.2315060144705114,2.0805261545376403,2.174551496091855,0.029669077039443437,4.732690311149597,3.049788610657809
103.991302157895,1.34883829989195,6.182593906917248,1.9410720581157364,1.9477406622318085,0.015810053973218885,4.983090213890911,3.0140613790257844
103.991302157895,1.34964847518306,6.098456979700938,1.758682822343193,1.8244877977753475,0.032950433197260764,5.277483855879002,2.998412377779148
103.991302157895,1.35045865047418,6.478590943386891,1.8965818221893223,1.8543289044368727,0.045663916635692914,5.326436096868036,3.120320336703363
103.991302157895,1.35126882576529,6.944296658270641,1.9024310319191784,1.5120044150540402,0.2931179642519197,5.490768275763241,3.228523669051804
103.991302157895,1.35207900105641,6.485527697818089,1.3584479232753246,1.2657152989051212,0.514693862381641,5.816692045342126,3.0882153655444604
103.991302157895,1.35288917634753,6.74199805153993,1.6191862386942866,1.5717942312513244,0.7082912343803898,5.608708601696996,3.2499956715125853
103.991302157895,1.35369935163864,6.426765518277083,1.5858264279645589,2.1282937727406157,0.31184113431391935,6.0927330224573915,3.3090919751507135
103.991302157895,1.35450952692976,6.409969261516412,1.3610152938169904,1.9934217616891843,0.39193045239446533,6.006720957486458,3.232611545380702
103.991302157895,1.35531970222087,6.573405632660869,1.3905551860405936,1.7396018162318931,0.6243872348517812,5.888853056535201,3.2433605852640675
103.991302157895,1.35612987751199,6.757405726813431,1.1286820836143683,1.5049782530581197,0.8539105697880522,6.411747328558736,3.3313447923665414
103.991302157895,1.35694005280311,6.382215321056808,1.0175715003266035,1.5178260336044644,0.9441356561802543,6.2599327166376355,3.2243362455611533
103.991302157895,1.35775022809422,6.75672473350992,1.658442005059527,1.8540366083597277,0.8209839337679057,5.894513751426942,3.396940206424804
103.991302157895,1.35856040338534,6.479471288309895,1.7054415583188423,2.229549429084365,0.5128712304604086,5.051550968922129,3.195776895019128
103.991302157895,1.35937057867645,6.8091084069256205,2.1193921915687177,2.7449830454223374,0.5241763172292302,4.519660128008251,3.3434640178308315
103.991302157895,1.36018075396757,6.65966641794363,1.552613081116995,2.135775737094331,0.4173594411955186,4.527809778810649,3.0586448912322246
103.991302157895,1.36099092925869,7.487329346249524,1.641873962427713,1.4455522613464424,0.2822147783440414,4.702484445137042,3.1118909587009527
103.991302157895,1.3618011045498,8.176220042785015,1.6513655571879582,1.2407054187844793,0.08253234307005286,4.728861817097979,3.175937035785097
103.991302157895,1.36261127984092,7.876651290131221,1.8938876902990494,1.541115495847201,0.3206251689584576,4.703650826603404,3.2671860943678666
103.991302157895,1.36342145513203,8.184100851124438,2.5009803681213008,2.0030716777468314,0.6475860671249727,4.3180254084177285,3.530752874507054
103.991302157895,1.36423163042315,7.847842347800476,2.002466728491868,2.036818752079082,0.9026250820329516,4.303927063853902,3.418735994851656
103.991302157895,1.36504180571427,7.844762569795815,1.758751646963482,2.0837308753676176,1.1162830135607038,4.22555813160513,3.4058172474585495
103.991302157895,1.36585198100538,7.512968360632122,1.619766730972664,2.3271709900487565,1.3795958323266895,4.334499567167349,3.434800296229516
103.991302157895,1.3666621562965,6.795323215965524,1.030984014278637,3.3433444515445423,1.852768734028789,4.909295317733271,3.5863431467101528
103.991302157895,1.36747233158761,6.955090951300299,0.9540191258886281,2.21438640087651,1.4709455540710756,4.61782312514201,3.2424530314557045
103.991302157895,1.36828250687873,7.348553943611044,1.174615289565029,2.4589571428174253,1.4929871427367694,4.7281977374938755,3.4406622512448286
103.991302157895,1.36909268216985,7.508062097414257,1.1954048657923906,2.4680258092629934,1.3362757225814654,4.445121914757447,3.390578081961711
103.991302157895,1.36990285746096,6.116106027870462,0.9651776583752643,2.807098942435772,2.1143160118953794,4.799189402977909,3.3603776087109574
103.991302157895,1.37071303275208,6.091837491728551,0.8651997319869622,2.7002805695402508,1.71133569732266,4.410979125029524,3.1559265231215896
103.991302157895,1.37152320804319,5.997270863033574,0.39914991725598625,2.3506696014940474,1.1854618616730406,4.101254224855129,2.8067612936623556
103.991302157895,1.37233338333431,6.424738370718014,0.6736693761363526,2.6081294917544504,1.1982473764381183,3.8089380341738917,2.9427445298441652
103.991302157895,1.37314355862543,6.664564150068692,1.2567112909282017,2.9437653527239505,1.7026414509487893,4.079434087523769,3.3294232664386803
103.991302157895,1.37395373391654,6.368240221194409,1.3921650335084053,2.9251104400057706,1.7817167008011232,3.8654554430356605,3.2665375677090736
103.991302157895,1.37476390920766,6.021285568291816,1.3968397962912569,2.9005988955780104,1.7366934398955536,3.6040137964570285,3.131886299302733
103.991302157895,1.37557408449877,5.747916000647468,1.0525286968342797,2.8337620636277165,1.5868975367395102,3.574883181694318,2.9591974959086587
103.991302157895,1.37638425978989,6.4932869334020396,1.7123824555038638,3.1484201198680353,1.9042486727532335,3.810382996732997,3.4137442356520338
103.991302157895,1.37719443508101,6.36669225954936,1.9531518821281004,3.186913384354444,2.1016451791541684,3.359022538461904,3.3934850487295956
103.991302157895,1.37800461037212,6.149105362342134,1.7595415013072255,3.0579371500398693,1.98041261728239,2.8599879607640055,3.161396918347125
103.991302157895,1.37881478566324,5.945128582395647,1.5685852819284314,3.0021484037243624,1.9956971700582997,2.7966875845094954,3.061649404523247
103.991302157895,1.37962496095435,5.043649627358871,0.48848239364568613,2.1979210479292846,1.2505698915158092,2.3536994073769293,2.266864473565316
103.991302157895,1.38043513624547,6.277727226520117,1.0895162039705397,2.536880425287933,1.5781061608259783,3.3303037587355817,2.9625067550680297
103.991302157895,1.38124531153659,6.864405967846704,1.6311343306417072,2.53158551791779,1.4710526492694207,3.856086879714841,3.2708530690780924
103.991302157895,1.3820554868277,6.704185367532286,2.1191173837329913,2.818918756973545,1.8871411808943357,3.8690968889789836,3.4796919156224284
103.991302157895,1.38286566211882,5.6124503079589765,1.5734816606292128,2.6967631601639184,1.7603305693859674,3.193309305693383,2.9672670007662916
103.991302157895,1.38367583740993,5.435025193571544,1.4237173462002595,2.9406340805404554,1.8569163891868357,3.3077598998392013,2.9928105818676594
103.991302157895,1.38448601270105,4.826587055789702,0.7401061059709058,2.5378816859315414,1.4320163723661956,2.9603207230991906,2.499382388631507
103.991302157895,1.38529618799217,5.413892305672942,0.5194491072396126,2.8892363488394857,1.8581453477761016,2.948097145294529,2.7257640509645342
103.991302157895,1.38610636328328,5.891465272462231,0.5469828347442593,3.0882682079149326,2.17624388614626,2.83439643295695,2.9074713268449264
103.991302157895,1.3869165385744,5.983830128851931,0.8092173172981099,3.1054179235344606,2.0076989457779923,2.7732981373684638,2.9358924905661916
103.991302157895,1.38772671386551,5.61765679525443,1.1035495507621924,3.4540668887054515,1.8560834238944466,3.0990095148748793,3.0260732346982797
103.991302157895,1.38853688915663,5.319049015051789,1.6487515865599924,3.6722638366602958,1.5943140000290548,3.5535807192491013,3.1575918315100466
103.991302157895,1.38934706444775,4.990167238262234,1.635714146565391,3.4770218241395447,1.2150369804936823,3.5911723069262713,2.981822499277425
103.991302157895,1.39015723973886,4.6876785842088715,1.128945087876307,2.878064351992329,0.6061047716298766,3.248411058920585,2.5098407709255937
103.991302157895,1.39096741502998,4.9685469344554285,1.069148973862447,3.101349795887181,1.091479787240928,3.374573493041634,2.7210197968975236
103.991302157895,1.39177759032109,4.855932866001762,1.2243809921521276,3.5707065422258566,0.6940481147103199,3.7102606265736107,2.8110658283327354
103.992112333186,1.31400076237396,4.9739910202337505,2.548120877598187,2.895897243986422,0.4853249154311854,3.0293451754443907,2.7865358465387873
103.992112333186,1.31481093766507,4.983600738868738,2.4559614768310105,3.1583043891033,0.35957623395535876,3.6207176756022896,2.9156321028721393
103.992112333186,1.31562111295619,5.274716225691407,2.465857139388678,3.370720237299068,0.4114145790386594,4.613262451889721,3.2271941266615065
103.992112333186,1.31643128824731,4.939137452812002,1.9809982185407975,2.80038352891615,0.11193305165440037,4.318096894120224,2.830109829208715
103.992112333186,1.31724146353842,4.84406271230641,1.864894993207546,2.7314904637187603,0.5995100111991611,4.156935248808249,2.8393786858480254
103.992112333186,1.31805163882954,4.828525679727601,1.8734971665283204,2.69373223104364,0.5592383152842721,4.073168717371701,2.805632421991107
103.992112333186,1.31886181412065,4.823753311281468,1.920349447734928,2.831814685390011,0.2625363521033748,4.1158054163937585,2.7908518425807083
103.992112333186,1.31967198941177,4.8304712700792365,2.1061927952853416,3.9639183595561924,0.4267251666282803,4.89672184990328,3.244805888290466
103.992112333186,1.32048216470289,4.642882578040659,1.9992730396296778,3.9190654599117813,0.476553940567527,4.501681999604077,3.1078914035507443
103.992112333186,1.321292339994,4.508411878515258,1.8275574692105572,2.918596707780658,0.24611019251195287,4.459440273386313,2.792023304280948
103.992112333186,1.32210251528512,4.60557009763107,1.7661480942561703,2.5370960691711417,0.09485672204033335,4.101094071081917,2.6209530108361263
103.992112333186,1.32291269057623,4.586420974107352,1.6920079268971229,2.5730846636842593,0.010643250253096426,4.411474513033841,2.6547262655951345
103.992112333186,1.32372286586735,4.705934138393346,1.5849576501684695,2.773690268177237,0.15183610989654284,4.2114550177055605,2.685574636868231
103.992112333186,1.32453304115847,4.825099418134034,1.641428610034172,2.8008301716998396,0.3257452306013775,3.896914229194742,2.698003531932833
103.992112333186,1.32534321644958,4.725275622479504,1.4203734882754873,2.344523637390111,0.042287247488005164,3.373807602529176,2.3812535196324567
103.992112333186,1.3261533917407,4.130299938674643,0.7168883266649502,1.6243491147676004,0.5177628232769358,3.389839235606498,2.0758278877981255
103.992112333186,1.32696356703181,4.567604488518189,1.1888132185076792,2.1610765215525802,0.23635331087469424,3.106610707454923,2.252091649381613
103.992112333186,1.32777374232293,4.6356582893177105,1.3478320199091485,2.4340895884650458,0.10371319950746383,3.071239916129411,2.3185066026657557
103.992112333186,1.32858391761405,5.050472439172289,1.8317029916188652,3.2509287893046377,0.8202182028801914,4.180528092393935,3.0267701030739835
103.992112333186,1.32939409290516,5.124671553846618,1.9582850573262185,4.241140280659831,0.9494958974440948,4.6829453205919975,3.391307621973752
103.992112333186,1.33020426819628,5.131316088868658,2.01176084064598,3.5993122240688322,0.9695828403806424,4.855151730182939,3.3134247448294105
103.992112333186,1.33101444348739,5.301971032060436,2.255034677250297,3.801773130677663,1.1245121634024358,4.62343007422594,3.421344215523354
103.992112333186,1.33182461877851,5.0247991899862825,1.876797009173739,3.3064318566923596,0.598400684957074,4.015839737832454,2.964453695728382
103.992112333186,1.33263479406963,4.8673904151355,1.631957882439906,2.9144868935815076,0.32207924298507606,3.8107718137686284,2.7093372495821235
103.992112333186,1.33344496936074,4.75447741753711,1.5308924309505691,2.543807170363472,0.23160016789102045,3.305834314358286,2.4733223002200915
103.992112333186,1.33425514465186,4.626945458596467,1.5274160244036636,2.2876391162422784,0.7492726432375179,2.6953088684316064,2.3773164221823064
103.992112333186,1.33506531994297,4.6135706470934,1.5137928435031824,2.4168614128093466,1.0431984310451838,2.454890803655342,2.408462827621291
103.992112333186,1.33587549523409,4.613536080612928,1.5362468118715213,2.3006341338075806,1.477678106432741,3.7778921958080396,2.741197465706562
103.992112333186,1.33668567052521,4.500206035472907,1.4913025850851263,2.11712172179784,1.9612420815280913,2.989954998511319,2.6119654844790565
103.992112333186,1.33749584581632,4.705608310966959,1.6069547365546413,2.0458206936975607,1.9510910349373738,2.6786706737773684,2.5976290899867807
103.992112333186,1.33830602110744,4.87167534150365,1.6352878800250075,1.8636321445084612,1.6919151590512698,3.0734264711056376,2.6271873992388053
103.992112333186,1.33911619639855,4.681268282479529,1.2577880027392503,1.653383376020507,1.585665609560614,2.977389298615993,2.4310989138831784
103.992112333186,1.33992637168967,4.843051089775905,0.9510214336870995,1.478371717459698,1.1451882821601629,3.1216076013201786,2.3078480248806086
103.992112333186,1.34073654698079,5.45815322901359,1.6129558916233364,1.9266240821514415,0.371923170182054,3.8199560503433148,2.6379224846627474
103.992112333186,1.3415467222719,5.6146523431889825,1.8894735046095796,2.3575209270650888,0.6309743716236156,3.982362628968989,2.894996755091251
103.992112333186,1.34235689756302,5.5376468858460655,1.8255069923297533,1.9711943697015286,0.9313442983385265,3.7132547789442434,2.7957894650320236
103.992112333186,1.34316707285413,5.452160790899114,1.671080387019746,1.861614428538811,1.1659880129006375,3.687305529897909,2.7676298298512436
103.992112333186,1.34397724814525,5.5997686318715125,1.6267860542312604,1.5976180920353045,1.4414673825654383,4.263509146746838,2.9058298614900706
103.992112333186,1.34478742343637,6.185782799764549,1.8397151411697692,1.4440391466213889,1.3846632821626557,4.54071231160739,3.0789825362651504
103.992112333186,1.34559759872748,6.504706653083328,2.236306374759401,1.9402921296755764,0.9174730448397774,4.699419701748962,3.259639580821409
103.992112333186,1.3464077740186,6.478407470329728,2.0702092757585184,1.4922015044301702,0.7692618767122497,4.553028185407371,3.0726216625276073
103.992112333186,1.34721794930971,6.233918060939068,2.0814031681039644,1.8626999439583116,0.3488299865943745,4.6575557915885,3.036881390236844
103.992112333186,1.34802812460083,6.0283258763465035,1.8784272444577788,2.131339353055761,0.016415670389971382,4.808824357847978,2.9726665004195985
103.992112333186,1.34883829989195,6.0432081137879194,1.8793021057905364,3.0391843098304108,0.24023025916461194,5.298509678190026,3.300086893352701
103.992112333186,1.34964847518306,6.407842682768798,1.9553794319509663,2.074264465217471,0.14647016990597805,5.356663129323824,3.1881239758334075
103.992112333186,1.35045865047418,6.216296466388712,2.0116695436588294,2.1983716055376235,0.3828674400708323,5.3238336209136286,3.2266077353139253
103.992112333186,1.35126882576529,6.538866539084346,2.081948504179877,2.2190546456323226,0.3783928979020601,5.513241726260556,3.3463008626118325
103.992112333186,1.35207900105641,6.674025920425926,1.8983760486777896,2.0634669111246993,0.030839953054819347,5.62806518032739,3.258954802722125
103.992112333186,1.35288917634753,6.601541879425888,1.8507795021254836,2.1585874968610526,0.06926526401836952,5.55817174925069,3.2476691783362965
103.992112333186,1.35369935163864,6.798825021026911,1.9339923804696397,2.038069351803248,0.23891075604699807,5.723231794631264,3.346605860795612
103.992112333186,1.35450952692976,5.915273144945889,1.2725570770221815,2.33907843003961,0.07576799808829193,5.879120505048643,3.0963594310289233
103.992112333186,1.35531970222087,6.634151496628519,1.5064011367213297,2.0657570868554203,0.6025128544829457,5.952914661213146,3.3523474471802723
103.992112333186,1.35612987751199,6.742472302900442,1.1850522848713396,1.7132433208943283,1.0724364456245716,5.4767877115654855,3.2379984131712334
103.992112333186,1.35694005280311,6.3859526866553225,1.1401420122427588,1.9067615322723022,0.7871330672866783,5.463167172495329,3.136631294190478
103.992112333186,1.35775022809422,6.45281845048844,1.124498359316867,1.3648943712881483,1.1391520361727885,4.915822991357658,2.99943724172478
103.992112333186,1.35856040338534,6.950012337145527,1.4531417397337734,1.2071465923311848,1.5287826077015687,4.718577762449911,3.171532207872393
103.992112333186,1.35937057867645,6.935182974662403,1.7393168048799659,1.6316173171827586,1.049150716509775,4.648483593497605,3.200750281346502
103.992112333186,1.36018075396757,7.025541891441129,1.5881828317737892,1.5469473813832835,0.926737823985281,4.493516435183263,3.1161852727533494
103.992112333186,1.36099092925869,7.781329491284019,1.8432854699384578,1.508856827034279,0.47774855462468935,4.55247779540619,3.2327396276575273
103.992112333186,1.3618011045498,7.344810388359477,1.1632403143034047,1.2849151496778717,0.1948297185927892,4.8186360686406005,2.9612863279148285
103.992112333186,1.36261127984092,7.495412205708099,1.9525146429924725,1.8553720053388503,0.6394371343302083,4.454344033045121,3.2794160042829503
103.992112333186,1.36342145513203,7.852809869794751,2.519535540661451,2.2782050546657224,0.6606877053454703,4.331394600205886,3.528526554134656
103.992112333186,1.36423163042315,7.8037656221574,2.019018976717028,1.9837402568902895,0.7805183121637391,4.683688645453998,3.4541463626764908
103.992112333186,1.36504180571427,7.17879514632137,1.45549818411288,1.8868234601983325,1.1724302695597402,4.478971133438765,3.234503638726218
103.992112333186,1.36585198100538,6.934090602949638,2.0289109093928914,2.2697558397367494,1.572454304156377,4.316105863367188,3.4242635039205687
103.992112333186,1.3666621562965,7.240701881316966,1.4124182470966353,2.2664705425815797,1.5945961623573695,4.28040609912053,3.358918586494616
103.992112333186,1.36747233158761,6.650631784191049,0.5951336853243028,2.264828308080819,1.6601906280070438,4.7240049424941795,3.1789578696194787
103.992112333186,1.36828250687873,7.57167240462833,1.025062433297208,2.066621203601475,1.3894441844921097,4.372244969155453,3.2850090390349154
103.992112333186,1.36909268216985,7.561838035305712,1.344299461309852,2.3197922778035434,1.4173819552414635,4.278307769906441,3.384323899913402
103.992112333186,1.36990285746096,7.274296366705517,1.5126870047683205,2.339212990879801,1.566540968801192,4.234442661871256,3.3854359986052174
103.992112333186,1.37071303275208,4.867635222981445,0.7027723674571789,1.0573322538059209,0.696382201175517,3.792943244139032,2.2234130579118188
103.992112333186,1.37152320804319,5.761567346055891,0.23367515856184085,2.13649823498989,1.2349033695310396,4.118033896378552,2.696935601103443
103.992112333186,1.37233338333431,6.296936645309202,0.45716606844209906,2.3219898899531195,1.2829526901727988,4.268807416964055,2.9255705421682547
103.992112333186,1.37314355862543,6.346518519512188,0.5669650560011235,2.362976551855379,1.496389597579256,4.346096850290362,3.0237893150476616
103.992112333186,1.37395373391654,6.806809801244526,0.8970490593254077,2.9138270160251842,1.173990982616445,4.007635510133923,3.1598624738690972
103.992112333186,1.37476390920766,7.23456995551588,1.5467578352709417,2.629359453652679,1.3201747336640217,3.9419384664282013,3.3345600889063447
103.992112333186,1.37557408449877,6.458006983122917,0.920229588982231,2.534596531207125,1.6096101100703635,4.15185442385939,3.1348595274484055
103.992112333186,1.37638425978989,6.677370882531047,1.2051781841230849,2.685080027741307,1.6890299550542558,3.9640185890795223,3.2441355277058435
103.992112333186,1.37719443508101,6.37240037298044,1.4170172123631488,3.239708429352362,1.9772674110488637,3.5265989851243944,3.306598482173842
103.992112333186,1.37800461037212,6.281091411941464,1.7033201329618635,3.3358295739114503,2.0071452520666497,3.054291516205886,3.2763355774174627
103.992112333186,1.37881478566324,6.389333729645273,1.5674183538191464,3.062508521724414,1.9106175884732721,2.8847489155444634,3.162925421841314
103.992112333186,1.37962496095435,6.056538187293615,1.0078309950710462,2.4949974918752815,1.7334745993937553,2.586408315395932,2.775849917805926
103.992112333186,1.38043513624547,6.4270740329856615,1.121358552902727,2.5128260419123265,1.6056977824266205,3.0689572585550806,2.9471827337564833
103.992112333186,1.38124531153659,6.2966090756269395,1.3634667608302777,2.730282099158625,1.5011137433849306,3.2167172441208614,3.021637784624327
103.992112333186,1.3820554868277,6.401998701617195,1.7261871780213838,2.7950956631345427,1.8873185368775758,3.688558341386436,3.299831684207427
103.992112333186,1.38286566211882,5.50180224488674,1.2713417999624,2.6675640079409675,1.6651598775926395,2.8798254923428885,2.797138684545127
103.992112333186,1.38367583740993,5.54265719548518,1.462627244861686,3.0514548588992163,1.8885616342602525,3.0832558112983115,3.0057113489609293
103.992112333186,1.38448601270105,4.846705231018422,0.6170833177760784,2.8011415289556822,1.5211483364295404,2.9298589024584913,2.543187463327643
103.992112333186,1.38529618799217,5.214132474719442,0.7878116186437722,3.1397066301882965,1.7387198587547061,2.8793739589900262,2.7519489082592488
103.992112333186,1.38610636328328,5.523470927625269,0.9016773133488236,3.167834624468984,1.9000481592331582,2.8670068438175207,2.872007573698751
103.992112333186,1.3869165385744,5.7212276937812305,1.0781600649970677,3.2453538374137096,2.0254960443812493,3.085583197850106,3.031164167684673
103.992112333186,1.38772671386551,5.43114953211585,1.4650301418620018,3.509477366123118,1.8225197435680691,3.3824571258710385,3.1221267819080154
103.992112333186,1.38853688915663,5.137703626648964,2.0024290779701914,3.4240019005014375,1.4185643517480777,3.8486243545898198,3.166264662291698
103.992112333186,1.38934706444775,4.858105550885988,1.7882898873359316,3.2240979154854905,0.9964892572381316,3.625569304359619,2.898510383061032
103.992112333186,1.39015723973886,4.828167399350217,1.2585664228835896,3.013547069903016,0.8461883030664268,3.19920682400263,2.6291352038411757
103.992112333186,1.39096741502998,4.858904505734543,1.2428831897122343,2.97723474432906,0.9690008923743463,3.4479990639846143,2.6992044792269594
103.992112333186,1.39177759032109,4.705710890098473,1.6954482456260642,2.5907587396447127,0.5521459074499617,2.95876490676255,2.5005657379163524
103.992922508477,1.31319058708284,4.953130983151624,2.6405313545136977,2.6659886367149,0.4368694367424375,2.893254713942909,2.7179550250131137
103.992922508477,1.31400076237396,5.100528326397885,2.5834823626421404,3.1110801801146977,0.41094709364370985,3.2365664976656454,2.888520892092816
103.992922508477,1.31481093766507,5.099366018166741,2.333139590197103,3.223825500476604,0.351547880444226,4.466382360176599,3.0948522698922547
103.992922508477,1.31562111295619,5.322792076708023,2.32301789300433,3.371607747078418,0.2529408213750237,4.40649462352242,3.1353706323376427
103.992922508477,1.31643128824731,5.09805695620647,1.9678885887904762,2.9585890034417055,0.2548600245433583,4.124636868394138,2.8808062882752297
103.992922508477,1.31724146353842,4.670087169819773,1.5208226700887586,2.3035894945095237,1.2829937890103942,3.7030502081548313,2.6961086663166562
103.992922508477,1.31805163882954,4.863358171757341,1.6886363434630027,2.6634118197525467,0.8917880511317549,3.8147561942702275,2.7843901160749747
103.992922508477,1.31886181412065,4.832224142406044,2.015055098742998,2.9133046668080844,0.2502297165605043,3.8274558058905086,2.7676538860816278
103.992922508477,1.31967198941177,4.613234726613044,1.938349288794086,3.0189967984482955,0.37903381951642956,4.1764563801335015,2.8252142027010714
103.992922508477,1.32048216470289,4.637049924066787,1.930309407418715,3.184794592072244,0.6651079020685522,4.842111074911912,3.051874580107642
103.992922508477,1.321292339994,4.643975899989876,1.9193665598884806,2.95965431103442,0.6272253644982015,4.610045857298552,2.952053598541906
103.992922508477,1.32210251528512,4.428030023632324,1.684155723947768,2.454825436476991,0.038173880495204315,4.349957455240322,2.5910285039585217
103.992922508477,1.32291269057623,4.685075728994541,1.8348757762489036,2.571702662724224,0.07482204969123885,4.28234581096212,2.6897644057242056
103.992922508477,1.32372286586735,4.766664538435183,1.72227291223642,2.7144336123648287,0.12739680026074396,3.8274434806975712,2.6316422687989496
103.992922508477,1.32453304115847,4.825103279637762,1.6611850566585638,2.8257273297886982,0.05895106904103997,4.092897563482072,2.6927728597216274
103.992922508477,1.32534321644958,4.674491989930949,1.4979156127790993,2.5194929957785206,0.05358282885442733,3.7470370960355694,2.498504104675713
103.992922508477,1.3261533917407,4.465045101642453,1.2193439948395515,2.0564532389553882,0.4353821270580589,3.108852328662749,2.25701535823164
103.992922508477,1.32696356703181,4.644963269704103,1.30901290730311,2.1711594731938177,0.2818222247215161,2.765484964575691,2.2344885678996476
103.992922508477,1.32777374232293,4.625077308519675,1.435112991188607,2.655901836578664,0.0939804655086185,2.9627445648382995,2.354563433326773
103.992922508477,1.32858391761405,4.502232084377752,1.4466046244621396,2.6002809603008608,0.16931816217944373,3.6786483334441904,2.4794168329528774
103.992922508477,1.32939409290516,4.965300919671371,1.918764837483259,3.2591270928031406,0.6516605542015661,3.9630110534628926,2.951572891524446
103.992922508477,1.33020426819628,5.102523650339425,1.981891715055319,3.574347355035467,0.9996664391929606,4.39103926581334,3.2098936850873026
103.992922508477,1.33101444348739,5.456549276303534,2.281502048191278,3.7803490283996766,1.4143680417124216,4.737080874068848,3.533969853735152
103.992922508477,1.33182461877851,5.373685139827959,2.1247443445626253,3.7413911371848805,1.3382398277351761,4.703014116991767,3.4562149132604816
103.992922508477,1.33263479406963,5.137020616623726,1.9881001702155316,3.344536253478715,1.0632777954683164,4.16619319858081,3.13982560687342
103.992922508477,1.33344496936074,5.0613659548268295,1.9973592430104716,3.2180719504107813,0.721307925525057,3.3820942039042237,2.8760398555354727
103.992922508477,1.33425514465186,4.79427675226858,1.8171027939707507,2.86940841827019,0.058282505131469264,3.0172624453507595,2.51126658299835
103.992922508477,1.33506531994297,4.551785116329523,1.5284693682530275,2.6273119183461873,0.5194165342234669,2.838321967969719,2.4130609810243846
103.992922508477,1.33587549523409,4.500540608844535,1.4149845687743792,2.3359041114079844,0.9332079550810306,2.7709497591661467,2.391117400654815
103.992922508477,1.33668567052521,4.4827929953443295,1.4389198832831909,2.4313009435038744,1.221329223626821,2.6312761419492894,2.441123837541501
103.992922508477,1.33749584581632,4.533728449228867,1.481955949721172,2.4822414879214776,1.3136111225896343,4.153647875993521,2.7930369770909342
103.992922508477,1.33830602110744,4.556765511286141,1.2931994323709333,2.2108089472829846,1.5343707893192686,2.60830892724632,2.4406907215011295
103.992922508477,1.33911619639855,3.979748631834017,0.4015752981857901,1.1247332488977761,2.3587628006032375,2.68299090421673,2.1095621767475103
103.992922508477,1.33992637168967,4.204819071198816,0.626786468306026,1.5239476633143596,1.9368046848402152,2.629918774656222,2.184455332463128
103.992922508477,1.34073654698079,4.978315372720733,1.6094373051947848,2.1823691410781905,1.1351811152911928,3.1714189191923055,2.6153443706954413
103.992922508477,1.3415467222719,5.273095746955374,1.541756612648424,2.0723026506936186,1.319730528744767,3.714975931757454,2.7843722941599274
103.992922508477,1.34235689756302,5.43745288696994,1.5802257286564512,1.9293258327435083,1.3760201280170605,3.564493947984598,2.7775037048743116
103.992922508477,1.34316707285413,5.409432151100706,1.2281576988949077,1.6730798540380398,1.7509851296682122,3.1396796734479295,2.640266901429959
103.992922508477,1.34397724814525,4.582430897263201,0.3889791345594773,0.5764664263429999,2.542827965196814,3.5148347331356966,2.3211078312996376
103.992922508477,1.34478742343637,5.706305920941862,1.4876300689903417,1.5216701499891094,1.625827636405642,4.43751899239129,2.955790553743649
103.992922508477,1.34559759872748,5.808362273484658,1.5054504147064307,1.307535291678981,1.57710595771632,4.182408474584786,2.876172482434235
103.992922508477,1.3464077740186,6.250587599706659,1.652068316338351,0.9500105937118661,1.2365629190905025,4.735926751047781,2.965031235979032
103.992922508477,1.34721794930971,6.554821742747961,1.9144512110220973,1.268238841738075,0.7848062536699487,4.679980249365212,3.0404596597086586
103.992922508477,1.34802812460083,6.333942471732268,1.850223984259248,2.0953025023159597,0.17878699014596933,5.040847220667015,3.099820633824092
103.992922508477,1.34883829989195,6.13310721415159,1.6139455900243433,1.9906971425663826,0.0012201207607667186,5.025613173026496,2.9529166481059157
103.992922508477,1.34964847518306,5.75542374286729,1.6293525034029095,2.191666846873904,0.1347060874140027,4.764456306936971,2.8951210974990156
103.992922508477,1.35045865047418,5.7065118648523345,1.8411536867881182,2.4255846874839264,0.47604364646170794,4.7408714559985405,3.0380330683169254
103.992922508477,1.35126882576529,6.0329572062724885,1.9882971423746731,2.77511645231597,0.9547762002635132,5.108563091869328,3.371942018619195
103.992922508477,1.35207900105641,6.45999551507062,2.1037717675501533,2.572827904511051,0.5096938866813261,5.4845083031340955,3.4261594753894493
103.992922508477,1.35288917634753,5.045975649003331,0.6820026701660744,1.49052546860597,0.5395839695964959,5.185936829215411,2.5888049173174563
103.992922508477,1.35369935163864,6.556366715598749,1.7993528837749473,1.9837768680582428,0.2064154598802901,5.546820683374396,3.218546522137325
103.992922508477,1.35450952692976,6.94565356164302,1.9996890237006966,2.349618241096337,0.5099013386689109,5.379419248669684,3.4368562827557296
103.992922508477,1.35531970222087,6.712508143117091,1.706975061203309,2.270006992822431,0.7374536856719587,5.338835319392249,3.3531558404414077
103.992922508477,1.35612987751199,6.968034118408461,1.3580310050925029,2.5794134812073715,1.1852525337359587,4.9071171903985835,3.3995696657685754
103.992922508477,1.35694005280311,6.594487491387973,1.1584217907593306,2.0318607116120084,0.9437961481637913,5.039289984744592,3.153571225333539
103.992922508477,1.35775022809422,6.668258380711787,1.38371302571273,1.773876334166122,0.8869146119804014,4.91730012881861,3.12601249627793
103.992922508477,1.35856040338534,6.825208742009707,1.4676952873477198,1.2778130677005777,1.1842049100177903,4.968726540870595,3.144729709589278
103.992922508477,1.35937057867645,6.9495535882038695,1.6727505380320729,1.2170944794939373,1.1803142623192429,4.740552883014576,3.1520531502127396
103.992922508477,1.36018075396757,7.052681996914096,1.8155702467514665,1.5628396159979836,0.792069080869922,4.652502196638245,3.1751326274343428
103.992922508477,1.36099092925869,7.573251821683165,1.9935441034924608,1.4501167522145018,0.4917582654500805,4.517428386955753,3.2052198659591924
103.992922508477,1.3618011045498,6.17741079633479,0.4965847568142472,0.6843793688168667,0.10432081749757316,4.67611072073025,2.4277612920387455
103.992922508477,1.36261127984092,7.732959208220553,1.8645064021600781,1.0755225772598465,0.07817722801865301,4.589940119240229,3.068221106979872
103.992922508477,1.36342145513203,8.26927340191639,2.6332536816020315,1.9884744098483367,0.35490171286138406,4.25929753633843,3.5010401485133142
103.992922508477,1.36423163042315,7.751483170485759,2.1973225429156678,2.2101851591182466,0.6771986048336274,4.5662711932771565,3.4804921341260915
103.992922508477,1.36504180571427,7.103682275254741,1.294840829670182,1.7962645836677602,0.9243356252662842,4.761077283109191,3.176040119393632
103.992922508477,1.36585198100538,7.484271145231258,1.77911161226492,2.254772399591264,1.319274788763341,4.952007163692272,3.557887421908611
103.992922508477,1.3666621562965,7.268633108923595,1.3866623490599181,2.209272709770989,1.484243393068624,4.67063983502328,3.403890279169281
103.992922508477,1.36747233158761,7.60725927673294,0.8574609239410158,2.155949309205127,1.2724992802813198,4.419190134963387,3.2624717850247578
103.992922508477,1.36828250687873,7.819415874277226,1.1906956070290597,2.26186161522849,1.2819201176593111,4.271774190394549,3.365133480917727
103.992922508477,1.36909268216985,7.104648599460031,1.16385023596877,2.3306109259902144,1.4913499092838371,4.192635020269666,3.256618938194504
103.992922508477,1.36990285746096,7.463416887145669,1.790470621655082,2.026339704387489,1.4320844351017001,4.039397701950438,3.3503418700480756
103.992922508477,1.37071303275208,6.037092594339608,0.03162559274362664,1.3094711432719137,1.330142392812128,4.3654813278840905,2.6147626102102732
103.992922508477,1.37152320804319,6.993685020949513,0.9565155419679563,1.8287928399543532,1.1549770816509266,4.259067092823749,3.0386075154692995
103.992922508477,1.37233338333431,8.301557364821434,2.1284846225728913,2.401474394366648,0.7508063314808417,3.8574638584021876,3.4879573143288005
103.992922508477,1.37314355862543,7.985853054735799,1.7756697549319895,2.4376996477740036,0.8336405416771413,3.7969030535522528,3.3659532105342373
103.992922508477,1.37395373391654,6.989556000618521,1.108450105730423,2.2504150545514925,1.051515682859371,4.128827532089581,3.1057528751698777
103.992922508477,1.37476390920766,7.172568043761466,1.3984098856322653,2.442059377464929,1.1291605500275494,4.130589481183545,3.254557467613951
103.992922508477,1.37557408449877,7.288857631062108,1.1514282175631116,2.2118864326695267,1.0342704636832956,4.052831184327069,3.147854785861022
103.992922508477,1.37638425978989,6.930620006970489,0.630353838200822,2.2194172387902604,1.3146149028665235,3.3123175885750626,2.8814647150806314
103.992922508477,1.37719443508101,7.443417222307737,1.241432846655563,2.260915682898247,1.3078597845823907,5.394352929093785,3.5295956931075443
103.992922508477,1.37800461037212,6.824040168967009,1.2443152796581032,2.621350531583669,1.7796024848006553,3.4113958588879,3.1761408647794673
103.992922508477,1.37881478566324,6.396287362771279,1.0634739456528983,2.583624450321544,1.577750085924098,2.6226722696414377,2.848761622862251
103.992922508477,1.37962496095435,6.1261582245283535,0.5260208329675784,2.170937483795985,1.441427633214996,2.677459601410778,2.588400755183538
103.992922508477,1.38043513624547,6.210892983570211,0.4627203689852806,1.832529455131084,1.1372578353579463,2.6574369572232435,2.4601675200535533
103.992922508477,1.38124531153659,6.586550467939823,1.2785130853946214,2.415174027407609,1.4581346653281884,3.0371896187582017,2.9551123729656887
103.992922508477,1.3820554868277,5.883710500894509,1.5183984095179177,3.069387649130327,1.9289014935163387,3.371415534534382,3.154362717518695
103.992922508477,1.38286566211882,5.508616907745509,1.5714535565451513,3.0547450184096228,1.933583978190601,3.4462287481503004,3.1029256418082367
103.992922508477,1.38367583740993,5.498826608623062,1.3998154019905442,3.153405396200828,1.8771614791670288,3.3377127946919103,3.0533843361346746
103.992922508477,1.38448601270105,5.278292173998878,1.0200015602999422,3.177625467406088,1.8191879495143901,3.2028333766846693,2.8995881055807935
103.992922508477,1.38529618799217,4.978102104065268,0.6484982893871312,2.9212234526469594,1.6302661995777399,2.8666741773958755,2.6089528446145946
103.992922508477,1.38610636328328,5.6081362986350385,1.1623769925816987,3.4931690216639844,1.8463138168037005,3.0630457200783994,3.034608369952564
103.992922508477,1.3869165385744,5.8032352221959975,1.2260930367915925,3.423425751676639,2.0655183744332994,3.431879867913011,3.1900304506021078
103.992922508477,1.38772671386551,5.311914445129126,1.3778368692271137,3.2953722329816593,1.6710565640150499,3.4951503842544724,3.0302660991214845
103.992922508477,1.38853688915663,5.158129942807506,1.6512954767252026,3.440429919499042,1.4711456159812144,3.6860628173683203,3.081412754476257
103.992922508477,1.38934706444775,5.127165265484688,1.4913633291138595,3.218561693011612,1.187407173239908,3.2823384068074013,2.8613671735314936
103.992922508477,1.39015723973886,5.271012661298084,1.3421278756812818,3.4466875174563754,1.336927720949113,3.392874995482611,2.957926154173493
103.992922508477,1.39096741502998,4.831907235215564,1.3549024229794213,2.9909969839187305,0.8256723850673318,3.5313465630540506,2.7069651180470196
103.992922508477,1.39177759032109,4.1456784956325095,1.3487301658397577,1.806612560359131,0.058201254645972256,2.8586263813823116,2.0435697715719363
103.993732683768,1.31319058708284,4.856810894672979,2.476535487181412,2.7032747737081273,0.2912887150568295,2.9236136277741878,2.650304699678707
103.993732683768,1.31400076237396,5.004105645766828,2.4218621817759853,3.1811825476095663,0.20659469896537175,3.6287833084541745,2.8885056765143853
103.993732683768,1.31481093766507,5.234899071160061,2.3436739291648827,3.570464613906701,0.18044883915116827,4.582633626545146,3.1824240159855917
103.993732683768,1.31562111295619,5.32830520525733,2.1563691934940046,3.33594260782964,0.021109594812870114,4.495788771362431,3.0675030745512553
103.993732683768,1.31643128824731,5.088596329883011,1.9182468538441242,2.989608728374268,0.2549361922199438,4.526843445023271,2.9556463098689236
103.993732683768,1.31724146353842,5.143387205820741,1.9663128249946702,3.0586299224850038,0.4944401731196528,4.577388644552073,3.048031754194428
103.993732683768,1.31805163882954,4.8090651682850805,1.737987884518553,2.7479168092850266,0.7029632872517553,4.23202596652553,2.845991823173189
103.993732683768,1.31886181412065,4.692971956633311,1.8631842947818953,2.857299571839672,0.12727840772974375,4.0078626697054744,2.7097193801380195
103.993732683768,1.31967198941177,4.656143982554738,1.8883180103598178,3.880139081934651,0.311848639623328,3.7056157692769567,2.888413096749898
103.993732683768,1.32048216470289,4.555049134077169,1.8030636678460858,3.176691036390313,0.4472512453936197,3.835526895475443,2.7635163958365263
103.993732683768,1.321292339994,4.483256998988793,1.6843309184242408,2.781001981580687,0.31506619936644853,4.68633438380526,2.7899980964330857
103.993732683768,1.32210251528512,4.594913505045216,1.8528837651667907,2.563001226853679,0.15654320650696008,4.096594901761691,2.6527873210668673
103.993732683768,1.32291269057623,4.709316060611542,1.8380826978815108,2.318307822480385,0.05559113720386932,4.370896730775897,2.6584388897906406
103.993732683768,1.32372286586735,4.742026398735142,1.7110126551204843,2.604886307476022,0.22619190682874546,4.136749185248494,2.6841732906817777
103.993732683768,1.32453304115847,4.738680929562367,1.6608170952246901,2.8502681378658714,0.051479692628639384,3.78820177787777,2.617889526631868
103.993732683768,1.32534321644958,4.7182611175309965,1.6013688859756634,2.476228770823951,0.27926618395592584,4.066514586267392,2.628327908910786
103.993732683768,1.3261533917407,4.571071625863993,1.3642523361227816,1.942638995184602,0.07681741451638757,3.3529680976533704,2.261549693868227
103.993732683768,1.32696356703181,4.577589026245818,1.3796304390525513,2.361041153810149,0.008006191990510558,3.213763911129586,2.3080061444457227
103.993732683768,1.32777374232293,4.695738188393605,1.5323229996178291,2.8625757303871993,0.4824106583680816,3.6416645865255965,2.6429424326584625
103.993732683768,1.32858391761405,4.743533176483531,1.5926196126247802,2.901291340273744,0.5851166676239998,4.077424475971153,2.7799970545954418
103.993732683768,1.32939409290516,4.805389485588922,1.7111638419668402,3.151600185796376,0.5441824806030269,3.8987195431018975,2.8222111074114125
103.993732683768,1.33020426819628,5.123915176715762,2.0919541238103747,3.5177333031013234,1.0115460446844047,4.283214924009698,3.2056727144643125
103.993732683768,1.33101444348739,5.449422964587082,2.3276261879567635,3.7901037355856104,1.5210054995851472,4.865360737043677,3.590703824951656
103.993732683768,1.33182461877851,5.643377003165124,2.484598056583451,3.947532395604032,1.7791912990780538,5.124226853137447,3.795785121513622
103.993732683768,1.33263479406963,5.435326759943003,2.269324454833832,3.7723886823150075,1.426530102121248,4.76343073403007,3.5334001466486322
103.993732683768,1.33344496936074,5.423907997071382,2.4103094803091025,3.8684998652662728,1.4007217705759913,4.08307021292671,3.437301865229892
103.993732683768,1.33425514465186,5.214466756273982,2.1883194690595396,3.624363956093937,0.7183844654231706,3.511235054857881,3.051353940341702
103.993732683768,1.33506531994297,4.90535323526484,1.920587879514592,3.322739489418584,0.23097409398646107,3.2052153860593187,2.7169740168487593
103.993732683768,1.33587549523409,4.615775445216176,1.6313763999450828,2.784297071799859,0.34692337444142396,2.6905915253687844,2.413792763354265
103.993732683768,1.33668567052521,4.421988641576082,1.4232875666970308,2.426124428312118,0.9690008794178553,2.5471200576359188,2.3575043147278008
103.993732683768,1.33749584581632,4.54211495029848,1.421902584086741,2.28930240605197,1.0018314519054705,2.6484369886621195,2.3807176762009563
103.993732683768,1.33830602110744,4.511341310775169,1.265597094514142,2.1797223761952402,1.2728450999128214,2.5485695493695566,2.355615086153386
103.993732683768,1.33911619639855,4.28414205860944,0.93823775158031,1.5827650300447225,1.8757148797077754,2.312347504051889,2.1986414447988274
103.993732683768,1.33992637168967,4.308204479194028,0.8044730261484503,1.9109186345335907,1.8851274004087522,2.4370971047009036,2.269164128997145
103.993732683768,1.34073654698079,4.453416846958483,1.020904107055138,1.9169185314134012,1.7468410916226453,2.651912508593771,2.3579986171286875
103.993732683768,1.3415467222719,4.51141795115273,1.1857989595502012,1.8032066181317354,1.7385326500369978,2.660691308123404,2.3799294973990137
103.993732683768,1.34235689756302,4.742101265934629,1.4432724913835422,1.9039065762128793,1.6665767030942753,3.009398174653146,2.5530510422556945
103.993732683768,1.34316707285413,4.907090929455954,1.2340349878950612,1.5537803625112723,1.9588854137487175,3.17470735025622,2.565699808773445
103.993732683768,1.34397724814525,4.880527372160319,0.7787624775718562,0.6842878455485497,2.386035471696168,3.596081134138199,2.4651388602230186
103.993732683768,1.34478742343637,5.565108651253045,1.368946929536122,1.080793407106249,1.9480708064948757,4.123472408517383,2.8172784405815348
103.993732683768,1.34559759872748,5.7633365618114,1.4797626921987614,1.118090219577308,1.9361929564454776,4.237156747759968,2.906907835558583
103.993732683768,1.3464077740186,5.911012006381039,1.3673781712668855,0.7185868483924516,1.7716428158091944,4.533003281853439,2.860324624740602
103.993732683768,1.34721794930971,5.896894769791473,1.4625448062782809,2.8765191009955444,1.1769436328204677,4.7128783085141635,3.225156123679986
103.993732683768,1.34802812460083,5.615326465400365,1.302891611991008,1.7733210775648267,0.5661094734702026,4.845830770703582,2.8206958798259967
103.993732683768,1.34883829989195,5.94242714314991,1.4851524510644118,1.8455036276296362,0.41600521323414696,4.969736838338353,2.9317650546832916
103.993732683768,1.34964847518306,6.07908857087628,1.6441306434632281,1.7596192930070416,0.1073554335649014,4.99107528385392,2.9162538449530744
103.993732683768,1.35045865047418,5.9375546924302185,1.6199500047378415,2.239822152666484,0.2739779130407598,5.170675305269967,3.048396013629054
103.993732683768,1.35126882576529,5.969488709396739,1.782960704883159,2.6085883554571083,0.6076552360279059,5.240245571517907,3.2417877154565637
103.993732683768,1.35207900105641,6.243455712439115,1.9470804511624635,2.5928269051008286,0.3595359515149603,5.26861903224906,3.2823036104932855
103.993732683768,1.35288917634753,4.720188210376474,0.28359350454553933,1.10820053449007,1.0820677611149385,4.826996376803887,2.404209277466182
103.993732683768,1.35369935163864,6.46719729627716,1.6089053879126105,1.4695721800486652,0.5842945837910811,5.3646386259867995,3.0989216148032632
103.993732683768,1.35450952692976,7.122976872910446,2.2030766005458453,2.057371295205826,0.5460409283938255,5.174547970926422,3.420802733596473
103.993732683768,1.35531970222087,6.81464757903959,1.799243241317896,2.03897316286076,0.5732470722052518,5.166291489898185,3.2784805090643365
103.993732683768,1.35612987751199,6.652369022141919,1.5394784485253297,2.24322888433451,0.772651199352623,4.889922761383318,3.21953006314754
103.993732683768,1.35694005280311,6.9377194060076235,1.5365957921815472,2.1949685437641016,0.8652630871459159,4.944855714514031,3.295880508722644
103.993732683768,1.35775022809422,6.5751128775181265,1.5351946858051164,2.195700539724072,0.6670369439734678,4.8801940918678035,3.1706478277777173
103.993732683768,1.35856040338534,6.795040537273781,1.6918806047075918,1.5863187557150908,0.8666182319980429,5.110090101065033,3.209989646151908
103.993732683768,1.35937057867645,6.806694916376905,1.9925874934975347,1.4689334663777593,0.7456416805203219,4.689074652424722,3.1405864418394485
103.993732683768,1.36018075396757,7.116518610202871,2.4377428645954247,1.7934055787136032,0.5052936483088644,4.583599816503668,3.287312103664886
103.993732683768,1.36099092925869,7.844908584776647,2.5366535943391,1.671536442511588,0.4748941225830592,4.228904177401191,3.3513793843223167
103.993732683768,1.3618011045498,6.496228463728045,0.8677705048426283,0.9149775914986478,0.013424697359255333,4.676813404682999,2.593842932422315
103.993732683768,1.36261127984092,7.164539856755642,1.6882328999360787,1.16517983323412,0.3540926417471688,4.468755066326413,2.9681600595998843
103.993732683768,1.36342145513203,7.761592674741287,2.257334793240833,1.6020295233634343,0.7384764984313321,4.393983749561595,3.3506834478676963
103.993732683768,1.36423163042315,7.936068367570492,2.3461738989096936,2.068471042256242,0.9148159514945533,4.448689008648582,3.5428436537759125
103.993732683768,1.36504180571427,7.486442053358271,1.868713044823469,1.9993352669948798,0.8671525079639082,4.4839474688410235,3.34111806839631
103.993732683768,1.36585198100538,7.564318128175085,1.6891314189794748,1.9882995694139467,0.9311948560978642,4.411348812370139,3.316858557007302
103.993732683768,1.3666621562965,7.594182914772279,1.7837059908758164,2.3434520345462104,1.3047112851017033,4.7068059612032656,3.546571637299855
103.993732683768,1.36747233158761,8.046799854583089,1.5425116516546105,2.291253601344142,1.2037863975230465,4.52275400823352,3.5214211026676816
103.993732683768,1.36828250687873,7.557821607277031,1.236116806800041,2.3287208083229913,1.4096755453941512,4.294851686891224,3.3654372909370878
103.993732683768,1.36909268216985,7.1303332834825355,1.152384920621678,2.2603729100911707,1.3974926082212598,4.229101026046923,3.2339369496927133
103.993732683768,1.36990285746096,7.641692246030427,2.1478301934077244,2.5152470825281874,1.5910597236978106,4.186003143105307,3.6163664777538913
103.993732683768,1.37071303275208,6.896109225357112,1.4814260177009864,2.399227465750588,1.8565473146383304,4.600029354511747,3.4466678755917526
103.993732683768,1.37152320804319,5.8844774322991,0.20597077638286976,1.8139924129155602,1.1525125705717159,4.264756185215749,2.6643418754769987
103.993732683768,1.37233338333431,7.68129090380609,1.9202287620203862,2.3660975813830625,1.1047413321704376,4.085604078976772,3.43159253167135
103.993732683768,1.37314355862543,7.935444375232727,2.100205565463785,2.611870413978565,0.9783839335514877,4.045141946533814,3.534209246952076
103.993732683768,1.37395373391654,7.9072484465688575,1.8602147573580012,2.662262750342016,0.9904341810443533,4.105603829881247,3.505152793038895
103.993732683768,1.37476390920766,7.971847062902363,1.8962067693920268,2.5424072273002487,0.9194672063736,3.9345941110396723,3.4529044754015823
103.993732683768,1.37557408449877,7.423400955869898,1.7271021779825872,3.3227621670179097,1.7781927304797982,4.3920160463722056,3.72869481554448
103.993732683768,1.37638425978989,7.4990762787040985,1.16833470756713,2.595807444618991,1.1541562629306519,3.619919978771211,3.2074589345184163
103.993732683768,1.37719443508101,7.396564635849078,1.0877094417020743,2.2791865815361696,1.1335501048400793,3.0462963109083,2.98866141496714
103.993732683768,1.37800461037212,6.9186135133978155,1.002711856384284,2.48095016772384,1.4534760643661357,3.0636545903537176,2.9838812384451585
103.993732683768,1.37881478566324,6.608774952573523,0.5317902334581781,1.9472612320969027,1.2506395801968644,2.865825818691487,2.640858363403391
103.993732683768,1.37962496095435,6.148146328300115,0.05215796994118449,1.5002090910512074,1.1222292722396325,2.6618648202621635,2.2969214963588604
103.993732683768,1.38043513624547,6.01488600551944,0.12273053924421617,1.3376636894078047,0.9489648726044493,2.58310181376536,2.201469384108254
103.993732683768,1.38124531153659,5.946666397922332,0.32708165109836784,1.8567496747442753,1.242987223446253,4.744041476580005,2.8235052847582467
103.993732683768,1.3820554868277,5.5829435600531205,1.0004298354661394,2.8572396082099907,1.5369496599328194,2.9391985170799444,2.783352236148403
103.993732683768,1.38286566211882,5.477796483379059,1.4353590008964083,3.0577307831848515,1.7377830616061694,3.506347114635652,3.043003288740428
103.993732683768,1.38367583740993,5.573658792145242,1.4582989295891124,3.312196704179545,1.845236644778062,3.3982964659624812,3.1175375073308884
103.993732683768,1.38448601270105,5.6016544595708595,1.3523235176866564,3.387386943509469,1.8874727971226228,3.3255746221149316,3.110882468000908
103.993732683768,1.38529618799217,5.15713087016908,1.087994939508647,3.0819052700505445,1.6867287154173383,3.1614731914120036,2.8350465973115226
103.993732683768,1.38610636328328,5.6448777776476255,1.6233562820185519,3.6193604434415327,1.9622006487192571,3.6016131425962534,3.290281658884644
103.993732683768,1.3869165385744,5.736219147975049,1.468139609412308,3.5537265220496685,1.8631983698648895,3.699125659244821,3.2640818617093474
103.993732683768,1.38772671386551,5.65306914448141,1.4215399537851603,3.4578401477482608,1.5933440441435316,3.5378526239813617,3.132729182827945
103.993732683768,1.38853688915663,5.416207660027851,1.2144104725852216,3.4130891260415908,1.5179167940242202,3.4763300542584865,3.007590821387474
103.993732683768,1.38934706444775,5.387398893470618,1.0162905568564682,3.2202261764060367,1.313929324114543,3.206205630684014,2.828810116306336
103.993732683768,1.39015723973886,5.597023807459333,1.3394701503910902,3.6233403591647964,1.475901225677461,3.519287573182229,3.111004623174982
103.993732683768,1.39096741502998,4.724853467511277,1.409107449728154,2.514660094478817,0.6658062303962708,3.8294319035101196,2.628771829124928
103.993732683768,1.39177759032109,4.525683347637209,1.7837983470816319,1.9128678641671826,0.3596145415688916,2.7984307486856785,2.2760789698281187
103.994542859059,1.31238041179173,4.75931729493912,2.349097640425839,2.5364586398684565,0.05678087783807939,2.9258244536630293,2.5254957813469048
103.994542859059,1.31319058708284,4.789877486803526,2.35269822581958,2.7231975257742036,0.019448991906951818,3.120167836897103,2.601078013440273
103.994542859059,1.31400076237396,5.03249034425669,2.335549674622307,3.1815295420613374,0.09562707460415254,4.479159323353169,3.024871191779531
103.994542859059,1.31481093766507,5.389736677208941,2.45908330607487,3.8102501359254397,0.2784308425936288,4.636969839487861,3.314894160258148
103.994542859059,1.31562111295619,5.466463050924936,2.5662368613389823,3.657315840174512,0.7215288683291803,4.99991926237524,3.48229277662857
103.994542859059,1.31643128824731,5.247812799746189,2.399595823001892,3.4882481854150207,0.7718215988165227,4.690373638585218,3.3195704091129685
103.994542859059,1.31724146353842,5.1775208641111625,2.3744658378864543,3.3233664897169426,0.6495014364282916,4.490737388924124,3.203118403413395
103.994542859059,1.31805163882954,4.8245639382876355,1.9550116820455123,2.969931039228552,0.0740760725928098,4.332059239703263,2.8311283943715546
103.994542859059,1.31886181412065,4.753656406206957,1.8459124380509415,2.754899866451005,0.002753292058208956,4.81528460579035,2.8345013217114925
103.994542859059,1.31967198941177,4.374179727944025,1.4519804861311059,2.4828668426264784,0.3622440281090462,4.030915574470903,2.5404373318563116
103.994542859059,1.32048216470289,4.442164462328769,1.5682766313760226,2.651395882691059,0.09364250010187902,3.6980534847201696,2.49070659224358
103.994542859059,1.321292339994,4.47584478160584,1.5706649518405165,2.4328141088383184,0.18421926922420795,3.80589627531268,2.4938878773643127
103.994542859059,1.32210251528512,4.456456818508062,1.6110906172004,2.3143505938175153,0.07371403857106174,4.257799629653409,2.5426823395500895
103.994542859059,1.32291269057623,4.766201079531715,1.6937717229553044,2.58318242276577,0.2936014272671379,4.806662874806282,2.8286839054652417
103.994542859059,1.32372286586735,4.73433367229962,1.69113699078612,2.5708263743233317,0.06319024530468553,4.810704273163349,2.7740383111754214
103.994542859059,1.32453304115847,4.715965241435761,1.6975911464561868,2.7998509321223963,0.24446681006124749,4.18308097734495,2.7281910214841085
103.994542859059,1.32534321644958,4.847888958115348,1.7550008978597482,2.6656362625969834,0.4689273809275605,3.8479466391857606,2.7170800277370803
103.994542859059,1.3261533917407,4.807315937135076,1.6410672910450792,2.374318940414387,0.3034218830056865,3.7142988841263396,2.5680845871453135
103.994542859059,1.32696356703181,4.81088337481145,1.6316706068649545,2.656888212273852,0.6348650099386184,3.4288314853622346,2.632627737850222
103.994542859059,1.32777374232293,4.8005177913702575,1.634709184041924,3.0007132774758283,1.0998362312230903,3.506508348057384,2.8084569664336967
103.994542859059,1.32858391761405,4.826945366926889,1.6823719927614995,2.967528380181207,1.0482061565271579,3.734923965454744,2.8519951723702994
103.994542859059,1.32939409290516,4.959086327912072,1.825587486517609,3.2763538292609518,0.9748538550331141,4.139840276747961,3.0351443550943413
103.994542859059,1.33020426819628,5.370336160374688,2.2309801041849617,3.619513044088251,2.4119065199517316,4.556442001634473,3.637835566046821
103.994542859059,1.33101444348739,5.50622575033827,2.525458007022962,3.8378601217453294,1.7271183256463374,5.111990528459387,3.741730546642457
103.994542859059,1.33182461877851,5.473518168696934,2.5245834034116186,3.964214890258358,1.8185427915577073,5.281997408243619,3.8125713324336474
103.994542859059,1.33263479406963,5.514623513563066,2.508470344357942,3.82737344411683,1.650840988720848,5.118391248894973,3.723939907930732
103.994542859059,1.33344496936074,5.1698105815382895,2.2545437152987446,3.4938101639622623,1.1471260561350398,4.210829800703099,3.255224063527487
103.994542859059,1.33425514465186,5.214029185694319,2.335420653686601,3.5899872336189773,1.0615368680752013,3.8369264181977485,3.2075800718545695
103.994542859059,1.33506531994297,4.9578406980464855,2.030873582166535,3.3942499343003902,0.7140348473532185,3.1810622952838834,2.8556122714301027
103.994542859059,1.33587549523409,4.202775071636658,1.269215679674545,2.3865795011947277,0.27454839261261554,2.3326858891901026,2.09316090686173
103.994542859059,1.33668567052521,4.840451387928525,1.9207042869235877,3.228355016431923,0.12489466365831348,2.784118220661682,2.579704715120806
103.994542859059,1.33749584581632,4.591615341142134,1.6652923360777905,2.8882896921174606,0.64481500450038,2.6258355624193506,2.4831695872514232
103.994542859059,1.33830602110744,4.5403940025209515,1.4009504446550416,2.6470397826559093,1.035734041150537,2.688431510874903,2.4625099563714685
103.994542859059,1.33911619639855,4.49642895812962,1.1872903118084395,1.951021043035869,1.5357216224543535,2.7442754015778696,2.3829474674012303
103.994542859059,1.33992637168967,4.5353970362522595,1.1147195973747444,1.7240556607920077,1.7183749705948799,2.68280166552125,2.355069786107028
103.994542859059,1.34073654698079,4.396543776473983,1.0683555797206488,1.678035968776733,1.8198257831873796,2.507137328167353,2.2939796872652196
103.994542859059,1.3415467222719,4.301657490754266,0.990093517483654,1.7492979897478307,1.9791486602146158,2.3820495668192265,2.2804494450039186
103.994542859059,1.34235689756302,4.4206576120858045,1.2036348980295912,1.8828944527226739,1.840783972931611,2.6331159167211595,2.396217370498168
103.994542859059,1.34316707285413,4.233948589368886,0.8722679365070256,1.5956367880841285,2.07377625440612,2.568641362110295,2.268854186095291
103.994542859059,1.34397724814525,4.69034730167861,1.1470626338080692,1.2759297341375806,1.9458899939960084,3.183668279764305,2.448579588676915
103.994542859059,1.34478742343637,5.056336250766723,1.7978681327086932,0.7851242840584582,2.239177981844584,3.6714367794733924,2.7099886857703703
103.994542859059,1.34559759872748,5.43793328691725,1.4689674859546678,1.119012208879461,1.615491822250366,4.229530123469882,2.7741869854943255
103.994542859059,1.3464077740186,5.95543387676193,1.6145791741233602,1.2305605194041895,1.4117724825775895,4.693505744379966,2.981170359449407
103.994542859059,1.34721794930971,5.625044564517708,1.0880805447001016,1.2934278600774078,1.5333810804497787,4.648034619409248,2.837593733830849
103.994542859059,1.34802812460083,4.8026947504715345,0.4960808327082198,0.8606369572684756,1.5326174094388705,4.285822204623475,2.395570430902115
103.994542859059,1.34883829989195,5.249318835223999,1.1583975718032313,1.8010033672580192,0.5014649645082301,4.73804154438572,2.6896452566358398
103.994542859059,1.34964847518306,5.597643130273621,1.2596834114361606,1.7926961819017038,0.2387858520317785,5.017036387434729,2.7811689926155987
103.994542859059,1.35045865047418,5.924730589971372,1.2353360223571954,1.4350437240207619,0.17048405551127033,5.314872969808139,2.8160934723337476
103.994542859059,1.35126882576529,6.438318238121923,1.747266844735318,1.90364772980627,0.0017218943606494008,5.60332859754789,3.13885666091441
103.994542859059,1.35207900105641,6.824990775366498,2.151412650170151,2.143997328944799,0.21892806345595162,4.912981482658704,3.250462060119221
103.994542859059,1.35288917634753,5.97934317357749,1.5809788592358665,2.08488259445258,0.13561205296173995,5.3538730668637555,3.0269379494182864
103.994542859059,1.35369935163864,5.92855019639012,1.7565750379576919,2.10058703755546,0.057369182898369786,5.313725689227351,3.0313614288057984
103.994542859059,1.35450952692976,6.085944450646526,2.027044651442651,2.556819437710086,0.23279343622598958,5.144579157991135,3.2094362268032777
103.994542859059,1.35531970222087,6.221520465666263,2.0559419414530105,2.702521517297665,0.13496524659741738,5.096409395775556,3.242271713357982
103.994542859059,1.35612987751199,6.45783098186093,2.0643902307745314,2.828817917944665,0.09362761814792009,4.782580350000291,3.2454494197456674
103.994542859059,1.35694005280311,6.062389183219281,1.7055525957200395,2.647046885582462,0.08824080456754047,4.748796449075343,3.0504051836329333
103.994542859059,1.35775022809422,6.38532271647086,1.7855575260904644,2.4415395855037154,0.1604100526399428,4.8854837253427945,3.1316627212095556
103.994542859059,1.35856040338534,6.62510245699923,2.1856152581147796,2.5881181732933776,0.08689749525027679,5.451796359960088,3.3875059487235504
103.994542859059,1.35937057867645,7.064502530493407,2.400223437240534,2.0038827069361282,0.5178639023377762,4.6918973232833885,3.335673980058247
103.994542859059,1.36018075396757,6.971740353956211,2.5114535817473467,2.1199788552603245,0.1662834300219771,4.520387078984623,3.2579686599940962
103.994542859059,1.36099092925869,7.2584344225870545,2.4364669672496007,1.9924389550412087,0.07989138070522017,4.477791551970778,3.2490046555107726
103.994542859059,1.3618011045498,6.595693605963898,1.29902656642302,1.4481122293494693,0.3385199850099667,4.764960891328069,2.8892626556148846
103.994542859059,1.36261127984092,6.102451561044159,0.4525969173710571,0.7991292373674028,0.3816882780631268,4.633750089828187,2.4739232167347867
103.994542859059,1.36342145513203,7.792245094540629,2.3544118575524493,1.6504340063623246,0.7899194168697896,4.315838377240052,3.380569750513049
103.994542859059,1.36423163042315,7.2929941633061155,2.474533520461609,2.5405716153006495,1.56362708205463,4.9020989904606616,3.754765074316733
103.994542859059,1.36504180571427,7.207349515849341,1.9509401611762236,2.1359525033075215,1.1971841214748231,4.609449742421244,3.420175208845831
103.994542859059,1.36585198100538,6.774999255380937,1.4290669427118843,1.7707001671607117,1.2207760632369116,4.3992347725611225,3.1189554402103132
103.994542859059,1.3666621562965,7.400087669488904,1.7502060511277833,2.3103290606839515,1.397162802366939,4.613494943535699,3.4942561054406553
103.994542859059,1.36747233158761,8.084986168770424,1.7247287483455693,2.308210301622701,1.105006744934748,4.8147756570192115,3.6075415241385307
103.994542859059,1.36828250687873,7.541230577696556,1.3553455786151787,2.0365554231998573,1.3321153568492399,4.663309965669065,3.3857113804059793
103.994542859059,1.36909268216985,7.075998503209792,1.383438405524462,2.347336269200987,1.6154379507888272,4.4532443037817515,3.375091086501164
103.994542859059,1.36990285746096,7.753294992063569,2.3117924791418822,2.309961582228919,1.2873674008250724,4.0228429041574,3.5370518716833685
103.994542859059,1.37071303275208,7.448073792515402,2.621729445869157,2.2532065751343744,1.3180157699005157,4.304760631769611,3.589157243037812
103.994542859059,1.37152320804319,6.71380410015983,0.8109717382279449,1.9470015488772283,1.326288125374866,4.700940173527631,3.0998011372335
103.994542859059,1.37233338333431,7.999970105352851,2.068915125251042,2.2496030962983156,0.9921323557920374,4.20838422894213,3.503800982327275
103.994542859059,1.37314355862543,7.256627082095658,1.4580997239658018,2.4045672373669262,1.3894375977667615,4.567923305411544,3.415330989321338
103.994542859059,1.37395373391654,6.935518739316429,1.3504787944424805,2.552109241162036,1.4058793803860574,4.377021820067188,3.3242015950748383
103.994542859059,1.37476390920766,6.918225809795807,1.11103114685244,2.31257329820394,1.2660408524415203,4.254228591518068,3.172419939762355
103.994542859059,1.37557408449877,7.700769936870479,2.210625973795892,4.0288048421733045,2.0840973520899446,4.652734699520181,4.13540656088996
103.994542859059,1.37638425978989,8.384727380731519,2.046056174154643,3.0897341694950775,1.0446113705856703,4.462362427954805,3.8054983045843427
103.994542859059,1.37719443508101,7.6596678880807865,1.8706476564889662,2.6865268457186318,1.1778893997169178,3.410650464781753,3.361076450957411
103.994542859059,1.37800461037212,6.862454904297266,1.5240096827054685,2.9005912274358927,1.4786922916509866,3.37690219093302,3.2285300594045268
103.994542859059,1.37881478566324,6.595771042947391,0.9206615983268129,2.3463549936656527,1.3087810405296487,2.635130367985383,2.7613398086909777
103.994542859059,1.37962496095435,6.339166297702331,0.31560882231429943,1.9422727895203984,1.0870750363741557,1.910464350125686,2.3189174592073742
103.994542859059,1.38043513624547,5.43629989544986,0.6566179595481216,0.9372077688853686,0.6665180422277288,1.3779211571779584,1.8149129646578075
103.994542859059,1.38124531153659,6.063849190154446,0.1259061787246587,1.8098506105768841,1.3049091778697672,1.8371854709568396,2.228340125656519
103.994542859059,1.3820554868277,5.59433766970799,0.026427114464059542,1.8774681686170496,1.2304807886328888,2.07687782367244,2.1611183130188856
103.994542859059,1.38286566211882,5.610663270823942,0.6436554472132876,2.569903532754008,1.446061892070503,2.5423504416291607,2.56252691689818
103.994542859059,1.38367583740993,5.415553868387441,1.1600414069221188,2.8949354409103307,1.5731263732789103,3.0550651225204426,2.8197444424038487
103.994542859059,1.38448601270105,5.477888091302749,1.6712311993119577,3.3025414909117536,1.7714684196064034,3.4371665627271426,3.132059152772001
103.994542859059,1.38529618799217,5.284323642391929,1.8387533806015348,3.1855551760280676,1.5053974932924383,3.5437458327046123,3.0715551050037164
103.994542859059,1.38610636328328,5.005669913309497,1.7359591687102913,3.1733869306179194,1.08867447758918,3.4442732462956833,2.889592747304514
103.994542859059,1.3869165385744,5.156171353583584,1.897555571460373,3.298559309717213,1.290347281165129,3.659893513003407,3.0605054057859413
103.994542859059,1.38772671386551,5.520664866251199,1.5536888402497837,3.378552018848648,1.5280022598080123,3.7744120953967695,3.1510640161108823
103.994542859059,1.38853688915663,5.461445905469279,0.9381588487152008,3.2568092450885295,1.26410675599584,3.4792919059627927,2.8799625322463287
103.994542859059,1.38934706444775,5.01536376672615,0.25242052263216763,2.5995522505415103,0.8925502044420242,2.857997827424928,2.323576914353356
103.994542859059,1.39015723973886,5.705508235288846,1.4174699390040644,3.526426021588076,1.448772784983042,3.8512823927726636,3.1898918747273384
103.994542859059,1.39096741502998,4.726096616461881,1.740861964293046,2.394272294310415,0.6360074173277326,2.6868527717521644,2.436818212829048
103.994542859059,1.39177759032109,4.549737948913126,1.9814976945721234,1.784039709304615,0.4211523117155096,2.6375896610792218,2.274803465116919
103.99535303435,1.31238041179173,4.7514230211149275,2.1953649580345065,2.493022975671458,0.2020411398179398,3.358961898483379,2.600162798624442
103.99535303435,1.31319058708284,4.864072162589114,2.100607638380122,2.52846293306807,0.46852425311499957,3.9129385108100756,2.7749210995924765
103.99535303435,1.31400076237396,5.142043167026497,2.270076379020079,3.3467713491632836,0.19940856738070778,4.874662797554333,3.16659245202898
103.99535303435,1.31481093766507,5.537853331395059,2.6777708020244724,3.907146857894709,0.5332592797044917,5.2106852705652145,3.5733431083167893
103.99535303435,1.31562111295619,5.720954425425127,3.080451558472703,4.169549111014696,1.67372195890335,5.375324668166822,4.004000344396539
103.99535303435,1.31643128824731,5.560740066033009,2.8752241424701914,4.1438491381364635,1.6571783714911241,5.0097930532814345,3.8493569542824444
103.99535303435,1.31724146353842,5.220032256741476,2.5032988522259245,3.628325179350469,1.0845123827479206,4.444875273375615,3.376208788888281
103.99535303435,1.31805163882954,4.855525527773029,2.1024676721684408,3.079147904458271,0.6953519497298402,4.458981172880527,3.0382948454020218
103.99535303435,1.31886181412065,4.748245454121623,1.96507210095724,2.9342923899221915,0.5139413302905105,5.151400064268159,3.0625902679119448
103.99535303435,1.31967198941177,4.218095871397949,1.3734453161099687,2.3658184209436577,0.21562348180159674,4.50414881392777,2.5354263808361885
103.99535303435,1.32048216470289,4.469234860993961,1.5606783075934203,2.4543277764170064,0.022335584429860944,3.8764592978951846,2.4766071654658868
103.99535303435,1.321292339994,4.4591759804775215,1.516691210724371,2.114979981194729,0.2234844398691891,3.3093090872948245,2.324728139912127
103.99535303435,1.32210251528512,4.744167034201322,1.694015646493643,2.2683558831518233,0.310932601950924,3.487553811126819,2.501004995384906
103.99535303435,1.32291269057623,5.139684085529112,1.9740943209375779,2.6785322763285215,0.832189364188018,4.227447697410053,2.9703895488786562
103.99535303435,1.32372286586735,5.0419541085517,1.8823661315436766,2.5326146718494336,0.85435890895981,4.325426962118367,2.9273441566045975
103.99535303435,1.32453304115847,4.842881488648718,1.856817300128533,2.09409353453157,0.8750865692920371,3.6400540748033414,2.66178659348084
103.99535303435,1.32534321644958,4.764112918094021,1.6816596432148216,2.405263212774706,0.846001752179081,3.4836973756587426,2.6361469803842743
103.99535303435,1.3261533917407,4.761958370729115,1.6113199280245887,2.5266884988562595,0.4977615515158469,3.9794196624994846,2.675429602325059
103.99535303435,1.32696356703181,4.509210392943675,1.371209635935461,2.599164020637243,0.6674809385932754,3.3453548946004226,2.4984839765420155
103.99535303435,1.32777374232293,4.903463576973149,1.795179562929924,3.198813517580792,1.1710607546903624,3.7259798260113435,2.958899447637114
103.99535303435,1.32858391761405,5.125660456152136,1.9550828721614693,3.3675975560284357,1.427184718133141,4.158997176918465,3.2069045558787295
103.99535303435,1.32939409290516,5.500726202039594,2.4275404993875718,3.66589542545362,1.6320225988085717,4.64002147233024,3.5732412396039193
103.99535303435,1.33020426819628,5.483064176263952,2.4402965072731604,3.781283639796868,1.8250944427554252,4.84059587885104,3.674066928988089
103.99535303435,1.33101444348739,5.430188466294538,2.5557208933064075,3.701092810243196,1.8331758755173517,4.97173552597976,3.698382714268251
103.99535303435,1.33182461877851,5.402181205634832,2.482527671125929,3.7502767010088967,1.8378116202026824,5.11391200423401,3.71734184044127
103.99535303435,1.33263479406963,5.205183150598959,2.310288234599284,3.4993330724697778,1.4882878237689994,4.851719108718264,3.470962278031057
103.99535303435,1.33344496936074,4.9573275510972685,2.154023486263,3.508861990130523,1.2480351409384198,4.2452042285418194,3.222690479394206
103.99535303435,1.33425514465186,5.061408197970291,2.1982668366818814,3.399570598149939,1.1544063807178873,3.713526436460537,3.1054356899961073
103.99535303435,1.33506531994297,4.975673161264801,2.1199563847396377,3.503681295229274,0.8618284950131212,3.4614929433513595,2.9845264559196387
103.99535303435,1.33587549523409,5.05937389490839,2.154761054857701,3.5013612119649444,0.9185434392334066,3.2880327080245593,2.9844144617978
103.99535303435,1.33668567052521,5.218764241622377,2.3141618498318266,3.7091574444308613,0.3697144541529376,3.2566616147605885,2.9736919209597183
103.99535303435,1.33749584581632,5.031021944440607,2.005274593064531,3.6748580181582398,0.11060773417038305,3.091015113370215,2.782555480640795
103.99535303435,1.33830602110744,4.750083703882865,1.6477197395813086,3.1288925673971306,0.44546432011302883,2.898838766364829,2.5741998194678324
103.99535303435,1.33911619639855,4.6419363868848755,1.294084404892459,2.343680732096651,1.2293521375070853,2.68563991927104,2.438938716130422
103.99535303435,1.33992637168967,4.507364093803982,1.0101741338804544,1.3350069846064088,1.813240937166551,2.7378909542882006,2.2807354207491195
103.99535303435,1.34073654698079,4.444687678694827,0.9223398966469141,1.4539293093487622,2.0114852085937898,2.6614974608025967,2.298787910817378
103.99535303435,1.3415467222719,4.169289701177732,0.7052257381917109,1.4696737209226676,2.316627042932879,2.525397156442917,2.2372426719335814
103.99535303435,1.34235689756302,4.469482725991988,1.08541154183742,1.7678016837336656,2.0441474297105486,2.4085892917679246,2.355086534608309
103.99535303435,1.34316707285413,4.597431601859377,1.2509211646333824,1.9149458955911314,1.7715444781620064,2.67051005317283,2.4410706386837453
103.99535303435,1.34397724814525,4.621203433467201,1.2398239201204682,1.4570900197868468,1.8817621429721676,2.591657652494071,2.358307433768151
103.99535303435,1.34478742343637,4.578406104592464,1.25476809002879,0.681036217891581,2.3314081213959206,2.8399996055324905,2.337123627888249
103.99535303435,1.34559759872748,4.193502148401361,0.7626616242347986,0.34055811299797156,2.523055903781291,2.9999633983480933,2.1639482375527033
103.99535303435,1.3464077740186,4.734163280579491,1.1404633533353987,1.1024555651962267,1.6779010247165687,3.7814568125420855,2.4872880072739543
103.99535303435,1.34721794930971,4.997986884925272,0.9068157571412812,1.02462335605982,1.5753374224060401,4.29086733500602,2.5591261511076864
103.99535303435,1.34802812460083,4.705064497286962,0.2697872038369269,0.4716903892060813,2.0241991415611444,4.691322537355589,2.4324127538493405
103.99535303435,1.34883829989195,4.669910992768468,0.3775815984794981,0.5672837987378188,1.5487462148013016,4.730466310150522,2.3787977829875215
103.99535303435,1.34964847518306,5.175118322100047,0.8060829192394081,1.087171614370238,0.8829202620807202,4.736823054847463,2.537623234527575
103.99535303435,1.35045865047418,5.190073340356943,0.6360205163985455,0.6249578494118886,0.91313235014103,5.113089735348169,2.495454758331315
103.99535303435,1.35126882576529,5.289408766278228,0.8517873432353475,0.988724443238258,0.678972730011953,5.098198307879482,2.581418318128654
103.99535303435,1.35207900105641,5.905132161673386,1.7422346156828183,2.1509730808809486,0.21003827605795422,5.135713823642618,3.028818391587545
103.99535303435,1.35288917634753,5.846151280495796,1.4918962895640497,1.8562569059901008,0.3928699390257613,5.103823108557961,2.9381995047267337
103.99535303435,1.35369935163864,4.8511626659771885,0.5453363549112105,0.8736106750863044,0.9947114984350058,4.740527266417558,2.4010696921654535
103.99535303435,1.35450952692976,5.416646811889901,1.5483977904699202,2.031251926195818,0.05748116685316518,5.0589280518402475,2.8225411494498105
103.99535303435,1.35531970222087,5.751172132715659,1.989941506830256,2.6362527055569664,0.2709804889180276,4.889929469312644,3.1076552606667107
103.99535303435,1.35612987751199,5.734560659893159,2.0652911408870125,2.9340571875255783,0.37717496220073343,4.843582716925468,3.1909333334863903
103.99535303435,1.35694005280311,5.449601068557339,1.787753002225589,2.7106129170444966,0.09239207293424911,4.350862089238735,2.8782442300000817
103.99535303435,1.35775022809422,6.339217118392501,2.267803227021986,2.941512338835544,0.19726641101583908,4.729940917577746,3.295148002568723
103.99535303435,1.35856040338534,7.01546762065275,2.512040975507574,2.5663797083157576,0.25455027340218805,4.567816616417613,3.3832510388591763
103.99535303435,1.35937057867645,6.933555124438197,2.3865514904876903,2.4857720218873993,0.2209019009402624,4.658767564077124,3.3371096203661343
103.99535303435,1.36018075396757,6.430696148744914,2.0830485206293083,2.215326974988969,0.05078081093605036,4.475907099307538,3.051151910921356
103.99535303435,1.36099092925869,6.852516676249479,2.34779901457685,2.3028400425505,0.10637603201933032,4.158264154647952,3.1535591840088224
103.99535303435,1.3618011045498,6.696766926454668,1.7344869870595048,1.9181948618000924,0.3947490110574918,4.2507299101096905,2.9989855392962896
103.99535303435,1.36261127984092,6.13566708711701,0.8576960650052889,1.4885604042883855,0.6169924102671622,4.546714908421599,2.729126175019889
103.99535303435,1.36342145513203,7.770235150985226,2.5095211159696085,2.274908330995281,1.1507283472607135,4.226662719940684,3.5864111330303023
103.99535303435,1.36423163042315,7.578137996666101,2.2976501299586864,2.079934643730436,1.1378165320227112,4.417902088722652,3.5022882782201172
103.99535303435,1.36504180571427,6.983835193635052,2.4383694979418955,2.1130063747882204,1.4360131563653091,4.596543138735019,3.5135534722930992
103.99535303435,1.36585198100538,6.074025642315949,0.8365614335543903,1.9063174357079724,1.3803552498590044,4.677177906525813,2.974887533592626
103.99535303435,1.3666621562965,7.734057478201187,1.9922255820448243,2.156323030255347,1.226909872122679,4.491855542387189,3.520274301002245
103.99535303435,1.36747233158761,7.254514848490832,1.7629732100226185,2.5017454584568704,1.4146139995423184,4.558098868083551,3.498389276919238
103.99535303435,1.36828250687873,7.383279497781118,1.8628896010768692,1.6381321120318724,1.127175978975437,4.611795640508859,3.3246545660748312
103.99535303435,1.36909268216985,7.329979100988513,1.7555383649185998,2.008540196688223,1.2402811053677176,4.246486473445113,3.3161650482816336
103.99535303435,1.36990285746096,7.57639304342079,2.1967959038833698,1.8494765656316687,1.2138531338432266,3.955844467621027,3.3584726228800164
103.99535303435,1.37071303275208,7.58830266250289,1.9439691938084067,1.8411739560982952,1.033720884520143,4.324676052943769,3.346368549974701
103.99535303435,1.37152320804319,8.194127865478961,2.4472621900388205,2.4459635717082904,0.9794639448762474,4.166903253886254,3.6467441651977146
103.99535303435,1.37233338333431,8.00955022392186,1.8794287372872809,2.105788272804894,0.8774013874827737,4.337170110488124,3.4418677463969862
103.99535303435,1.37314355862543,8.125028531986743,1.5450606307953088,2.001298695082184,0.8111481586513989,4.360316597630863,3.3685705228292995
103.99535303435,1.37395373391654,7.42755747337684,1.622974526565951,2.5922537147263824,1.2887572623532932,4.406931233554289,3.467694842115351
103.99535303435,1.37476390920766,6.080352420838761,0.9064205347084346,2.6661627142321045,1.5164221622769176,4.28651108152453,3.0911737827161496
103.99535303435,1.37557408449877,6.874093719439003,1.5469042134534483,3.4267647401334216,1.7439902309401525,4.644018882542241,3.647154357301653
103.99535303435,1.37638425978989,7.425180834684461,1.8311592761253017,3.261193213466502,1.6318580299872174,6.17157375815999,4.0641930224846945
103.99535303435,1.37719443508101,8.01176308500968,2.2174031675863795,2.8972188070222984,1.1305063151733066,3.852854700741368,3.621949215106606
103.99535303435,1.37800461037212,7.638758011193328,2.0633743680541627,3.2310451290811315,1.1851147572543361,3.351214804613342,3.49390141403926
103.99535303435,1.37881478566324,7.327996316875595,1.5982596309370969,3.0045958227760323,1.1128435670170091,2.906910185484346,3.190121104618016
103.99535303435,1.37962496095435,6.973214888237667,1.2260028841900201,2.9946065957961636,1.1844890695343757,2.4081282702256885,2.957288341596783
103.99535303435,1.38043513624547,6.607529769560539,0.9552483023837794,2.7639274283406756,1.2325301888104612,2.1146512500046803,2.734777387820027
103.99535303435,1.38124531153659,6.231724220090925,0.5326212864626534,2.474695671041907,1.15619969103075,1.8112376045562257,2.441295694636492
103.99535303435,1.3820554868277,5.881876362890971,0.0872061381670548,2.1167649682165113,1.0331065411996754,1.5513478389994404,2.1340603698947307
103.99535303435,1.38286566211882,5.815954410644398,0.04135408004240304,2.184330222581771,0.9663126546938194,1.526183602633541,2.1068269941191864
103.99535303435,1.38367583740993,5.514720104739627,0.4210457811590196,2.5183042352768368,1.4034908228553178,2.7209380229103175,2.5156997933882237
103.99535303435,1.38448601270105,5.565350937063965,1.7091731517637534,3.31594458558088,1.839239231265438,3.6739617699138556,3.220733935117578
103.99535303435,1.38529618799217,5.10786384783729,1.8456358752025501,3.0413860391760963,1.3369013884488687,3.6671323403938203,2.9997838982117253
103.99535303435,1.38610636328328,4.961546790162142,1.9326941089599927,3.174013062404992,1.2778347830638133,3.8892066226392856,3.047059073446045
103.99535303435,1.3869165385744,4.865625715661551,2.059241960833077,3.11326421844732,1.0731716649606575,3.6821875829210313,2.958698228564727
103.99535303435,1.38772671386551,5.27388612755869,1.6629853712493805,3.2767956848085014,1.4125666698294523,3.846525815020428,3.0945519336932903
103.99535303435,1.38853688915663,5.440958568251098,1.1642227591568286,3.2528636160108917,1.3216806845028763,3.6807208689114788,2.9720892993666346
103.99535303435,1.38934706444775,5.853165402101862,1.2451022295019918,3.3430913721872457,1.3728306620622632,3.364507505420871,3.0357394342548467
103.99535303435,1.39015723973886,5.387393184857224,1.4572923027261702,3.365050504003662,1.2079499607175137,4.0060299579435465,3.0847431820496234
103.99535303435,1.39096741502998,4.617036234465324,1.7316062163547379,2.2313784179454466,0.4427348046852302,2.623345721727606,2.329220279035669
103.99535303435,1.39177759032109,4.608020976597732,2.0747167725749485,1.884628613269939,0.47201438461413403,2.635910166156524,2.3350581826426557
103.996163209642,1.31157023650061,4.796933066584625,2.348308695839389,2.3409686728825605,0.28536809370280736,3.1838808353400765,2.5910918728698915
103.996163209642,1.31238041179173,4.409080096114032,1.6253808204269795,2.136638043765444,0.9804944361757642,3.950076339504463,2.6203339471973366
103.996163209642,1.31319058708284,4.972023752018494,1.9300618518333046,2.809901175939114,0.88249788643693,5.094608071908727,3.137818547627314
103.996163209642,1.31400076237396,5.3620650276602575,2.3778803564032174,3.3202125818476276,0.279314380500864,5.23678412437798,3.3152512941579895
103.996163209642,1.31481093766507,5.85057243704976,2.976242358474657,4.212391475855441,0.7395479599392303,5.58082833954677,3.8719165141731713
103.996163209642,1.31562111295619,5.351335204209022,2.740876882897286,3.988895894674471,1.1646646361756652,5.297897347942282,3.708733993179745
103.996163209642,1.31643128824731,5.691439335457321,3.0033354137511346,4.324376775789666,1.5082392151782678,5.244863023317656,3.954450752698809
103.996163209642,1.31724146353842,5.33484676914869,2.6015210337023085,3.7094213634484596,1.0197665193687477,4.72404131860117,3.4779194008538754
103.996163209642,1.31805163882954,4.872853959366765,2.221024192352175,3.189541144931713,0.603729552218816,4.296764570051099,3.0367826837841134
103.996163209642,1.31886181412065,4.691557683849961,1.9879689658957247,3.010526727516929,0.7887527657243254,4.4367118967994195,2.983103607957272
103.996163209642,1.31967198941177,4.62885634642284,1.8505355174663052,2.886582647651789,0.6901866732358606,4.700919483235239,2.9514161336024065
103.996163209642,1.32048216470289,4.359508578627334,1.5903668331369119,2.3969694604350984,0.4246048759122907,4.122340032532158,2.578757956128759
103.996163209642,1.321292339994,4.684895673688111,1.7465659133490092,2.43355204542366,0.7658664553521355,3.754299937311032,2.6770360050247897
103.996163209642,1.32210251528512,5.051701425299651,1.8672229676896315,2.3105078030001103,1.0507428477660312,3.475060782902645,2.751047165331614
103.996163209642,1.32291269057623,5.313888174641388,1.9961356207932326,2.428262914048343,0.9542427383986869,3.4218810471772265,2.8228820990117756
103.996163209642,1.32372286586735,5.23709907138274,2.011339908675165,2.264411918833769,0.8302078780325459,3.3130229135231097,2.731216338089466
103.996163209642,1.32453304115847,5.004722615633025,1.900918702865173,1.9446956059910043,1.1122335750967274,3.1380221413245764,2.6201185281821013
103.996163209642,1.32534321644958,4.874176739584257,1.7311388178489402,2.0155527953657284,0.9312853939935231,3.2983472393108606,2.570100197220662
103.996163209642,1.3261533917407,4.853236716741801,1.714125291086905,2.5231196432258045,0.71242013284931,4.593781342113207,2.8793366252034054
103.996163209642,1.32696356703181,4.956272630711997,1.7603005933509515,3.041626577208568,1.1834807937599656,3.9350339394959164,2.9753429069054795
103.996163209642,1.32777374232293,5.337342890390548,2.1556560778070413,3.480366693255341,1.5076554584144333,4.2908970778231215,3.354383639538097
103.996163209642,1.32858391761405,5.475715691648549,2.308819720032215,3.701477647968744,1.8084511428251737,4.545058934726182,3.5679046274401727
103.996163209642,1.32939409290516,5.300207171377622,2.254407105799274,3.636036963750449,1.8172599994364873,4.756946904921779,3.5529716290571223
103.996163209642,1.33020426819628,5.42373525451659,2.4231216747203135,3.6118048151237936,1.87346608979324,4.504248674322245,3.5672753016952363
103.996163209642,1.33101444348739,5.457219545268089,2.5826202762445014,3.5725371381264814,1.8687502253485988,4.436230950510872,3.5834716270997085
103.996163209642,1.33182461877851,5.291550801946244,2.4444446619175295,3.746662173160246,2.0448952110960725,4.967819533366342,3.6990744762972865
103.996163209642,1.33263479406963,5.110143750735972,2.2156680971401066,3.6113568473507947,1.6796377916244403,4.644585320255121,3.452278361421287
103.996163209642,1.33344496936074,4.94716335936231,1.9516039417858835,3.38463917003844,1.396963420420306,4.519694184271369,3.2400128151756618
103.996163209642,1.33425514465186,5.089692925401252,2.062114221386782,3.503373648689685,1.5391083271810722,4.2440815789190225,3.2876741403155627
103.996163209642,1.33506531994297,5.091672696266123,2.119179987193398,3.489252257584951,1.0003854929750275,3.548604184586086,3.049818923721117
103.996163209642,1.33587549523409,4.946334519696396,2.0131087268209633,3.486388580014289,0.7457967530073297,3.2568623319529912,2.889698182298394
103.996163209642,1.33668567052521,5.107675932981611,1.9386074388566321,3.653633237880044,0.46590874632662604,3.2005051259773083,2.873266096404444
103.996163209642,1.33749584581632,4.878819293720845,1.8617330114195063,3.6335971558949893,0.1800146926737014,3.0285835711589115,2.716549544973591
103.996163209642,1.33830602110744,5.173025858160376,2.1072405180480587,3.6742121464096513,0.2904112329910902,3.582391158800874,2.96545618288201
103.996163209642,1.33911619639855,5.043362498550241,1.703704137622207,3.6601728801251525,0.3356978222737297,3.456679140321448,2.8399232957785556
103.996163209642,1.33992637168967,4.900649250401177,1.7870456690864067,1.6574606172816786,1.0469946995228732,3.357148053962206,2.549859658050868
103.996163209642,1.34073654698079,4.644652825732869,1.0008408224584322,1.1350534730210136,1.7525648078314546,3.061016157016965,2.318825617212147
103.996163209642,1.3415467222719,4.3520796640803425,0.6768862362719901,0.6845934049835982,2.4729040005966425,2.5340239823120605,2.1440974576489267
103.996163209642,1.34235689756302,3.9574797755672435,0.48194342563881065,0.6324483605214581,2.6176275111588936,2.429408651964234,2.023781544970128
103.996163209642,1.34316707285413,4.485529179444853,0.9931100811662255,1.2520950144748255,2.041158191352441,2.72411593323859,2.299201679935387
103.996163209642,1.34397724814525,4.702743345253861,1.2073218625601676,1.202217924880859,2.264838220173626,2.723380218156226,2.420100314204948
103.996163209642,1.34478742343637,4.623142846084178,1.0668204441487923,0.9561018431151354,2.1550425354930525,2.6428601581489275,2.2887935653980174
103.996163209642,1.34559759872748,4.418920495046365,0.9218305951498991,1.3058928889101473,2.0370010203233093,3.056633944090059,2.348055788703956
103.996163209642,1.3464077740186,4.332864578358272,0.8341487916022423,1.3747675048740646,1.8102338384646899,3.0532339657321614,2.281049735806286
103.996163209642,1.34721794930971,4.412157133246382,0.521837936907616,0.635763070202966,1.966080494243279,4.05763227106949,2.3186941811339468
103.996163209642,1.34802812460083,4.367750151478305,0.1140875517628892,0.23541479562255319,2.278150233237195,4.336436303625806,2.2663678071453495
103.996163209642,1.34883829989195,4.235684496508231,0.06813457902805453,0.20338043856813925,2.0334566554450006,4.209227784912425,2.14997679089237
103.996163209642,1.34964847518306,4.89210345599113,0.8240486551007429,0.9450489574793188,1.2339872635322138,4.488935580487752,2.4768247825182312
103.996163209642,1.35045865047418,5.07257788266466,0.787196668587157,0.6590658418777089,1.2895014848844788,4.898744120101114,2.541417199623024
103.996163209642,1.35126882576529,5.069177869973458,0.7097589015795869,0.5887761278286874,1.2121119027428193,4.918293747415628,2.499623709908036
103.996163209642,1.35207900105641,5.293994674057721,1.0275301465296671,1.4233903992710601,0.6055503833896694,4.770150302610428,2.624123181171709
103.996163209642,1.35288917634753,5.338715750203679,1.5692567811689422,1.8856418665622563,0.43461210155595964,4.774330508152218,2.800511401528611
103.996163209642,1.35369935163864,5.6770161187571695,1.4248595368420105,1.6841091739507235,0.4836253776389583,4.9764869609727,2.8492194336323124
103.996163209642,1.35450952692976,6.0929966868900785,1.3612377681236438,1.3101731629947295,0.7262651297723828,5.02823168419706,2.903780886395579
103.996163209642,1.35531970222087,6.526729139033009,1.9028402037650878,2.0110351533721804,0.5060167333342775,4.776477679861589,3.144619781873229
103.996163209642,1.35612987751199,6.167743171197408,2.031957806425101,2.645332477386958,0.18415542076811064,4.630039036949309,3.1318455825453775
103.996163209642,1.35694005280311,5.364471351694149,1.7031020131740178,2.6209431371713947,0.23253181150758095,4.248531582714442,2.8339159792523168
103.996163209642,1.35775022809422,5.973030537767784,2.135034559140884,2.994783843747868,0.036107705727758344,4.451853651029051,3.118162059482669
103.996163209642,1.35856040338534,6.563357231406542,2.4856787249359833,3.0496638126728577,0.005019649757660005,4.5076378013298,3.3222714440205685
103.996163209642,1.35937057867645,6.931536360935866,2.4417823927714117,2.700884275289443,0.05081223354086006,4.4890281664271505,3.322808685792946
103.996163209642,1.36018075396757,6.62880364876256,2.4104402156154237,2.941928122659583,0.2826393020557987,4.55475047053007,3.363712351924687
103.996163209642,1.36099092925869,6.617901021587631,2.2964999895760627,2.8333037113654633,0.36770855993245277,4.338161574819086,3.290714971456139
103.996163209642,1.3618011045498,6.949125323307982,2.0923012806365904,2.3980229143875675,0.4761686404261063,4.279013525511385,3.2389263368539263
103.996163209642,1.36261127984092,7.28431289740757,2.3875036257861666,2.4524622595561745,0.8763346290950444,4.301667280962729,3.460456138561537
103.996163209642,1.36342145513203,7.484364650351701,2.460761791167169,2.390815658861875,1.3412841903809145,4.316165455410172,3.5986783492343664
103.996163209642,1.36423163042315,7.130954079295275,2.1391264585665404,2.2602799285986386,1.4441347046011117,4.511082571311572,3.4971155484746275
103.996163209642,1.36504180571427,7.393114090078278,2.103321457288544,2.214680157800032,1.34722533200787,4.449448720174082,3.5015579514697612
103.996163209642,1.36585198100538,6.258058549819552,1.1454213546837657,2.2710434802066928,1.6717582955531398,4.7349858124936475,3.2162534985513593
103.996163209642,1.3666621562965,7.70809730256968,1.9165444338901558,2.1741578722781156,1.4344309636330692,4.566093483425828,3.5598648111593696
103.996163209642,1.36747233158761,7.184974851408889,1.9982083602020495,2.9243888186926057,1.9956569228491894,4.8324554878425445,3.7871368881990555
103.996163209642,1.36828250687873,7.6531227954804955,1.9288516383007952,1.9749866810071488,1.1278129578575005,4.407102630286548,3.418375340586498
103.996163209642,1.36909268216985,6.8502982842150395,1.7230173750940594,2.2524023273697473,1.4830291396869804,4.514918132715827,3.364733051816331
103.996163209642,1.36990285746096,6.9521999623345145,1.6903388774660613,2.1029961018676246,1.5426938511723485,4.137564237307927,3.2851586060296953
103.996163209642,1.37071303275208,7.574945518370544,1.6988960120678023,1.7135184121841078,0.8790522774514109,4.1371303886588,3.200708521746533
103.996163209642,1.37152320804319,8.836519944664065,2.607323455714198,2.400288396101722,1.0052945379290321,4.047197502001339,3.779324767282071
103.996163209642,1.37233338333431,8.89665095203232,2.58127063473329,2.6690523556068513,1.160910030442519,4.159271584855826,3.8934311115341615
103.996163209642,1.37314355862543,8.60111156172374,2.2223482249761055,2.531859330383913,0.9492388345715419,4.2243440333598485,3.70578039700303
103.996163209642,1.37395373391654,8.018762477018655,1.8601532247275792,2.4068455029876894,1.1281734891953228,4.471606403478212,3.5771082194814916
103.996163209642,1.37476390920766,6.996253550549039,1.5251001838273126,2.95835469645149,1.7846718834801116,4.91700061320682,3.636276185502955
103.996163209642,1.37557408449877,6.784745636266248,1.489062412363559,3.1249465087638804,1.8165839475893613,4.729736174894104,3.58901493597543
103.996163209642,1.37638425978989,7.002922475012209,1.7492953825077997,3.352894198842545,1.7543635185780424,4.632450484534534,3.698385211895026
103.996163209642,1.37719443508101,7.2845859640504536,1.6672163145522134,3.113847455157412,1.3569180417785383,4.8877710533200975,3.662067765771743
103.996163209642,1.37800461037212,6.83852509733871,1.4446186648338504,3.214488146456869,1.516731990010058,4.093249699416003,3.421522719611098
103.996163209642,1.37881478566324,7.400321616274713,1.6483371326719087,3.145916964132372,1.3054184682144268,3.2045233877420607,3.3409035138070964
103.996163209642,1.37962496095435,8.108238969125988,1.2128112541335199,2.5208211770705233,0.7453433672563747,2.034776493379905,2.9243982521932623
103.996163209642,1.38043513624547,8.689206807073084,1.9537411600658494,3.0988499769224447,0.9268602094478204,1.3853003148931826,3.210791693680476
103.996163209642,1.38124531153659,7.16943563593016,0.6965167383556512,3.0256452716506246,1.0667233966195404,1.5095938934886846,2.693582987208932
103.996163209642,1.3820554868277,6.200755008395927,0.16552521900536377,2.9245024423867143,1.2849845691076034,1.8240564352972193,2.4799647348385654
103.996163209642,1.38286566211882,6.0236553959197074,0.22586589629941045,2.7168619149212745,1.2378963465598645,2.1654079688499017,2.473937504510032
103.996163209642,1.38367583740993,6.591316873922089,1.099544012971819,3.0307388528358885,1.7706498730301519,3.355126784992393,3.1694752795504684
103.996163209642,1.38448601270105,6.535168398276209,2.223976410200688,3.7988116204711524,2.4447849641024284,4.322287969541907,3.865005872518477
103.996163209642,1.38529618799217,5.923183613960621,2.289021724661975,3.8710954899651675,2.34342582007994,4.4349869240520725,3.772342714543955
103.996163209642,1.38610636328328,5.752976647685784,2.102457920630094,3.771694607978187,1.9294654304614447,4.131919512200657,3.5377028237912334
103.996163209642,1.3869165385744,5.718480198522684,2.15521723711786,3.6080269800342606,1.9104134761821427,4.126989654939237,3.503825509359237
103.996163209642,1.38772671386551,5.90795711520018,1.9827856476930883,3.71513658333523,1.6284334773088318,4.005592167062641,3.447980998119994
103.996163209642,1.38853688915663,5.725719738062988,1.3564837313272093,3.2265559383771496,1.4473907219723507,3.5965093248649893,3.0705318909209374
103.996163209642,1.38934706444775,5.739202032195919,1.2663225617382174,3.3038257197134513,1.2817001398356282,3.3249351576932433,2.9831971222352918
103.996163209642,1.39015723973886,5.121901269333282,1.6434906419364452,3.0277768631081834,1.0766963645891252,3.964167548490906,2.966806537491588
103.996163209642,1.39096741502998,4.565360280264425,1.8700109610283135,2.1395229150462534,0.38502629931262433,2.6964022595112382,2.331264543032571
103.996973384933,1.31157023650061,4.826757428458407,2.2635150019215082,2.4303910873148276,0.07041848468528755,3.746781494286463,2.6675726993332987
103.996973384933,1.31238041179173,5.0895186587603085,2.1973677176182846,3.251272537000286,0.02960476079585206,5.2027381093883776,3.154100356712622
103.996973384933,1.31319058708284,5.286238674794415,2.4237509645942517,3.4410382941711184,0.1588220000271292,5.801487693227493,3.4222675253628814
103.996973384933,1.31400076237396,5.544642482708564,2.732370616009419,3.8184222817618156,0.18296931999185873,5.59117686091615,3.5739163122775617
103.996973384933,1.31481093766507,5.45684405323302,2.715820140465283,3.9684032122532322,0.5832333847420905,5.558991087966966,3.6566583757321185
103.996973384933,1.31562111295619,5.0857014483648015,2.3996738155417887,3.5975677789044553,0.5211269949387329,4.968249144650425,3.3144638364800407
103.996973384933,1.31643128824731,5.224224439270429,2.4589613623841657,3.4972341022985844,0.6279897152137828,4.947858092611128,3.351253542355618
103.996973384933,1.31724146353842,5.109932518579509,2.28167747918123,3.1728932842432194,0.31383159686966877,4.565795361640497,3.088826048102825
103.996973384933,1.31805163882954,4.923615019003112,2.0595733091343504,3.105109686574675,0.29264408483594195,4.305395703088671,2.93726756052735
103.996973384933,1.31886181412065,4.761183790611689,1.995727861687925,2.8689270029203904,0.6959635257669667,4.484179875572778,2.96119641131195
103.996973384933,1.31967198941177,4.556688358483083,1.7569796989034394,2.5837580028803337,0.7519011682140686,4.43255799194656,2.8163770440854967
103.996973384933,1.32048216470289,4.5955350086731634,1.7340385504791165,2.5175916442447885,0.9973676148955768,4.410482975567248,2.8510031587719786
103.996973384933,1.321292339994,4.761876243282668,1.792417309403593,2.5914133796289427,0.8040296327952419,3.616664276489235,2.713280168319936
103.996973384933,1.32210251528512,5.280787502112311,1.7900921073137326,2.0672559678939386,0.5659462841776097,2.732792089383924,2.487374790176303
103.996973384933,1.32291269057623,5.4109761452639695,1.780038578504989,1.979375618718251,0.4436848887881695,2.54559207638448,2.4319334615319717
103.996973384933,1.32372286586735,5.150865543533808,1.5837352293214053,1.849314289322301,0.0563920582500721,2.287878032240979,2.185637030533713
103.996973384933,1.32453304115847,5.082882398484287,1.6086646050553242,1.8366242512752677,0.08553652202242645,2.504163049442379,2.223574165255937
103.996973384933,1.32534321644958,4.968689232183909,1.6980999075158003,2.0177805909786883,0.286397606550608,3.391040482288897,2.4724015639035803
103.996973384933,1.3261533917407,5.005157899368182,1.712647542505131,2.4231735953098408,0.4754443043423606,5.215963008550823,2.9664772700152673
103.996973384933,1.32696356703181,5.139351029070713,1.7125198657061205,2.737942931263891,0.8006806913260753,3.9732168947063613,2.8727422824146323
103.996973384933,1.32777374232293,5.61403809209876,2.3965378747764845,3.4395329263636683,1.5997251634978582,4.2467893959708505,3.459324690541524
103.996973384933,1.32858391761405,5.6300097383970495,2.5605810135839633,3.6415264281639494,1.7620506435841001,4.15150269803301,3.5491341043524143
103.996973384933,1.32939409290516,5.037675424185821,2.1613354258149684,3.4067814920312074,1.7107343459583824,3.8647657432096842,3.2362584862400126
103.996973384933,1.33020426819628,5.330105086037239,2.432280482524618,3.6495338229103353,1.9120956125038369,3.89684430523749,3.4441718618427037
103.996973384933,1.33101444348739,5.42358927639733,2.442985549524188,3.5483878605089103,1.895816508023664,4.064839314970008,3.47512370188482
103.996973384933,1.33182461877851,5.458845708757895,2.4355443068084064,3.730757468810598,2.0400350563127816,4.425853527596459,3.618207213657228
103.996973384933,1.33263479406963,5.314020070309866,2.241410181055034,3.5851986162112013,2.001311583203737,4.758013812465954,3.5799908526491584
103.996973384933,1.33344496936074,5.1225516330200485,2.025368305203788,3.5798593541138324,1.8845178565963074,4.607486703530519,3.443956770492899
103.996973384933,1.33425514465186,5.146385202857612,2.0132810270282526,3.475843621063177,1.7802716854112823,4.659576545507907,3.415071616373646
103.996973384933,1.33506531994297,5.121199571988203,1.9292698272930515,3.504328048059417,1.4653678875586138,4.41845413504614,3.287723893989085
103.996973384933,1.33587549523409,4.8848066371391,1.710906010064722,3.3584627358385646,0.6461252010637786,3.8510662410967527,2.8902733650405836
103.996973384933,1.33668567052521,4.940838310884871,1.7953597373047288,3.5499321204523895,0.6674895466753732,3.539452328102339,2.8986144086839403
103.996973384933,1.33749584581632,5.007682130288757,1.8992745292596709,3.5867746341028095,0.3246326902655561,3.515488302907581,2.8667704573648747
103.996973384933,1.33830602110744,5.202791122219551,2.141834405338791,3.785471417139444,0.5352765053150144,3.617905275975307,3.0566557451976215
103.996973384933,1.33911619639855,5.226184613359287,2.0373976419430306,3.4220269254500657,0.17062726345145052,3.476371404264107,2.866521569693588
103.996973384933,1.33992637168967,5.316866510532019,2.0130720908637585,2.7543712291937332,0.07851132352088541,3.6185689975799207,2.7562780303380636
103.996973384933,1.34073654698079,4.979725016302126,1.8608508671874802,1.5768407971505098,0.9645206821996695,3.370300075209439,2.550447487609845
103.996973384933,1.3415467222719,4.848355852488119,1.1434852111667553,1.0570909254383771,1.4352719756180647,3.288927515447533,2.35462629603177
103.996973384933,1.34235689756302,4.696110398317824,1.2063312195190186,1.3928978713786186,1.5085000596004399,2.9218592140967203,2.3451397525825244
103.996973384933,1.34316707285413,4.541539558023057,1.066180705276679,1.388603314293551,1.6422279190030196,2.736596525358838,2.2750296043910287
103.996973384933,1.34397724814525,4.6601687668285905,1.13925058253567,1.5445167457979458,1.838352763998305,2.925445584792943,2.421546888790691
103.996973384933,1.34478742343637,4.535438307098161,1.0171930811532945,1.5188557613371216,1.7700170921246112,3.1848852293163112,2.4052778942059
103.996973384933,1.34559759872748,4.533805353211157,1.0105671232328781,1.9019383105007286,1.3949052577176104,3.0222607856385615,2.3726953660601873
103.996973384933,1.3464077740186,4.454322797298051,0.9341996265041104,1.8455195234158843,1.3341132307006802,3.5599524953136914,2.4256215346464836
103.996973384933,1.34721794930971,4.413930879751039,0.6586492663957237,1.31709806316929,1.5410659275998846,3.6961307488582875,2.325374977154845
103.996973384933,1.34802812460083,4.327486429362111,0.41270124820836074,0.7287299989854752,1.816536831185715,3.9538768299900084,2.247866267546334
103.996973384933,1.34883829989195,4.275422098359716,0.4391296642840423,0.4251997538308885,1.768779599079899,3.7731695557990967,2.1363401342707284
103.996973384933,1.34964847518306,4.441054387777612,0.6985732692387323,0.4954610884561781,1.624794481913728,3.7310297123257783,2.198182587942406
103.996973384933,1.35045865047418,4.734580416058904,0.8655936183807569,0.6674956713182212,1.4253425574746004,3.967215580524968,2.3320455687514903
103.996973384933,1.35126882576529,4.89358595798133,0.7615291916858311,0.6355832030039572,1.8320622395482502,4.467407013892146,2.5180335212223026
103.996973384933,1.35207900105641,5.118132772029359,0.8027615512068635,0.6499283021729028,1.6280412489484881,4.744988546145528,2.5887704841006283
103.996973384933,1.35288917634753,5.1496194917457245,0.8439769165488009,1.025441032179348,1.1587317407155062,4.685242701460648,2.5726023765300057
103.996973384933,1.35369935163864,4.907076537781169,0.6236826427166449,0.8827264500317504,1.3275508505014493,4.525483419317883,2.453303980069779
103.996973384933,1.35450952692976,5.266819916936676,0.6086295102007071,0.6139922144811081,1.2847407810730154,4.738483157479141,2.5025331160341295
103.996973384933,1.35531970222087,5.423443964586138,0.9045024181266434,1.1438123609926905,1.232221489695192,4.458531445242709,2.6325023357286748
103.996973384933,1.35612987751199,5.8979781140889,1.6498823187621063,2.2400674044344058,0.2316727116414583,4.5846577881466395,2.920851667414702
103.996973384933,1.35694005280311,6.329539112408202,2.0547744830015553,2.8143693736848974,0.024439234149117084,4.767320560563572,3.198088552761469
103.996973384933,1.35775022809422,6.749206323392176,2.2875221963180046,2.7714317071224848,0.15704705802497543,4.508478837987365,3.294737224569001
103.996973384933,1.35856040338534,6.603652621607303,2.479045237987439,2.966372318275198,0.007869226997144096,4.484056277351701,3.308199136443757
103.996973384933,1.35937057867645,6.572816832676608,2.2451583864114326,2.75461586248791,0.18995601643061732,4.035319957453268,3.159573411091967
103.996973384933,1.36018075396757,6.333453033864036,2.3667733623636025,3.1841252727544926,0.2366748630022073,4.364589894271454,3.2971232852511583
103.996973384933,1.36099092925869,6.489757857555283,2.168959421770399,2.9686896297380088,0.42894913120510125,4.455611916238954,3.3023935913015494
103.996973384933,1.3618011045498,6.722043229761159,2.0297630067356494,2.5322369936080698,0.6018012930270586,4.465872831918855,3.2703434710101584
103.996973384933,1.36261127984092,7.228301253077113,2.4478334950246854,2.4791225977540776,0.9565923705491244,4.334686509181527,3.4893072451173053
103.996973384933,1.36342145513203,6.7663451007191995,2.1963976669808325,2.636246811407158,1.6847545176652368,4.590567413156009,3.574862301985687
103.996973384933,1.36423163042315,6.997639473856033,2.2105918246067695,2.2159438000745304,1.4392098518762886,4.415921262527416,3.4558612425882074
103.996973384933,1.36504180571427,6.931747563215687,1.8578583287082786,2.4616131360145417,1.5944249351797453,4.571197487740836,3.4833682901718177
103.996973384933,1.36585198100538,6.9416716321547725,1.7545434562361102,3.0952951411910874,1.6224048083518667,4.611803175990104,3.605143642784788
103.996973384933,1.3666621562965,7.188127067009361,1.8030378125639501,2.4011629776622883,1.604002592133849,4.504469135435588,3.5001599169610076
103.996973384933,1.36747233158761,6.321783979105781,1.3145344643587826,2.4226123497025718,1.5396935414962378,4.493496164032933,3.2184240997392615
103.996973384933,1.36828250687873,7.371385903737629,1.9797213082403111,2.2335396852904914,1.2611598966929698,4.408815381157428,3.450924435023766
103.996973384933,1.36909268216985,7.366659191380325,2.0154641652035856,2.2295639233252906,1.325682335310617,4.698550025265195,3.5271839280970028
103.996973384933,1.36990285746096,6.809453543446573,1.940300599466969,2.466226337963061,1.6308204953399112,4.264322692942184,3.4222247338317393
103.996973384933,1.37071303275208,6.936766836892666,1.4638714103838772,1.8972850148383813,1.2719916360378036,4.295630712835706,3.173109122197687
103.996973384933,1.37152320804319,7.996304887354761,2.0750693669720626,2.068044654734475,0.6563281222990014,3.8055979849392543,3.3202690032599107
103.996973384933,1.37233338333431,8.75609435456855,2.443434554804192,2.2763118634137776,0.8969087869903767,4.213324992499018,3.7172149104551826
103.996973384933,1.37314355862543,8.94670433695596,2.475396836310658,2.3395520352057986,1.0345527485689523,4.331827323988332,3.8256066562059403
103.996973384933,1.37395373391654,8.955286580384985,2.4455484759393826,2.519528883572651,1.0357050942681596,4.325957039231508,3.856405214679337
103.996973384933,1.37476390920766,6.897775068460451,1.4349872447423593,2.7334553818493994,1.8334313124080133,4.86111312038377,3.5521524255687984
103.996973384933,1.37557408449877,6.7254533612473395,1.4673195690216119,2.937245333742581,1.7553104163856759,4.579444123282059,3.4929545607358534
103.996973384933,1.37638425978989,7.316562689932532,1.8105898790335786,3.1703590117419367,1.6438743989192623,4.57462983937862,3.7032031638011857
103.996973384933,1.37719443508101,7.527276956639266,1.819278854735149,3.226414866522706,1.41575081503089,5.410865730999841,3.8799174447855704
103.996973384933,1.37800461037212,6.76649468874993,1.584212556922349,3.3744882457058516,1.451959917917641,4.324251191905365,3.5002813202402274
103.996973384933,1.37881478566324,5.811103468658953,0.2464577965893362,2.74303252954223,1.2294592793915768,3.583604098396684,2.722731434515756
103.996973384933,1.37962496095435,7.464973585721943,1.2947480557313469,2.8336839627726924,1.063104484633726,2.3226883520932518,2.9958396881905918
103.996973384933,1.38043513624547,8.63460517998801,1.7857538116411007,2.7540109937286736,0.6153889695529422,0.5472759448791393,2.8674069799579733
103.996973384933,1.38124531153659,8.712841851067513,1.729721950830264,2.9115523913773025,0.7562336434826022,0.19042410106744256,2.860154787565025
103.996973384933,1.3820554868277,7.02936329809739,0.7310599197042613,2.721253130326442,0.9288597200240609,1.3097221997664796,2.5440516535837268
103.996973384933,1.38286566211882,6.452466187104161,0.6829589035695811,2.8970311146884278,1.4454129169323444,2.5383861179138343,2.8032510480416697
103.996973384933,1.38367583740993,6.5622138961494265,1.160560432250822,3.048509527964068,2.0173372259315308,3.714360593115785,3.3005963350823264
103.996973384933,1.38448601270105,7.049103302840717,2.2571968035657015,3.459528587772624,2.2756474681966274,4.410405932491571,3.890376418973448
103.996973384933,1.38529618799217,6.471008905333321,2.226156232079955,4.305354791066041,2.8028831329045403,4.89203998859956,4.139488609996683
103.996973384933,1.38610636328328,6.776446887525239,2.0712964564732452,3.9954421767680834,2.192306010928622,4.3913078873475015,3.885359883808538
103.996973384933,1.3869165385744,6.941078088531018,2.2358669304771297,3.761891538257249,2.270031502408081,4.32910176988204,3.9075939659111034
103.996973384933,1.38772671386551,6.845127031599013,2.112115121079075,3.75288861677938,2.010594490775926,4.06636877060739,3.7574188061681566
103.996973384933,1.38853688915663,6.015928387482258,1.615521078302514,3.421606077243567,1.7346115359482077,3.541525952734549,3.265838606342219
103.996973384933,1.38934706444775,5.98874568714114,1.751467198680583,3.5198578585975397,1.6022205989808427,3.7351916761672506,3.3194966039134712
103.996973384933,1.39015723973886,4.747837199280799,1.851229815634536,2.888415961779497,0.8143868250664958,3.8775590966108595,2.8358857796744372
103.997783560224,1.31157023650061,5.070201515780489,2.62851568026176,2.6549614267734185,0.6792011612976232,4.1373215521877675,3.034040267260212
103.997783560224,1.31238041179173,5.6042508729695655,2.7766220597705384,3.525083627400818,0.44582067476494913,5.625537437614142,3.5954629345040026
103.997783560224,1.31319058708284,5.749661576141563,2.871461503815933,3.632456566181123,0.18907044676279128,5.691592465204462,3.626848511621174
103.997783560224,1.31400076237396,5.667810879000804,2.9259586925298002,3.7921717782186093,0.40450148917854634,5.5660404638280205,3.671296660551156
103.997783560224,1.31481093766507,5.177879354703201,2.5470022393560505,3.7317253270595785,0.4890678535981614,5.212978932250447,3.431730741393488
103.997783560224,1.31562111295619,4.803614398265246,2.1179184097679453,3.303973266842725,0.2050699430103684,4.509996750576104,2.9881145536924776
103.997783560224,1.31643128824731,4.919459205566721,2.138816535709239,3.116368266094927,0.25546948316890905,4.938188865061566,3.0736604711202724
103.997783560224,1.31724146353842,4.8912014645558095,2.221189933249196,3.027744471793671,0.10305184512554533,4.423239359916682,2.933285414928181
103.997783560224,1.31805163882954,4.848746992836599,1.9599062747799074,2.8885066429180135,0.00728067647648345,3.8270717890637336,2.7063024752149474
103.997783560224,1.31886181412065,4.77119935435714,1.8645081764725688,2.657302762636675,0.494071305856167,3.8805296434286696,2.733522248550244
103.997783560224,1.31967198941177,4.702261510514926,1.9009922179086622,2.4713263692525906,0.9502536326301829,3.96885916619469,2.7987385793002106
103.997783560224,1.32048216470289,4.604173906385228,1.6817394344145598,2.162169184121389,0.8701384588166192,3.885577526090099,2.640759701965579
103.997783560224,1.321292339994,4.66585851312049,1.4732243375005218,2.0651783190794504,0.5165103844825367,3.121548765160064,2.3684640638686125
103.997783560224,1.32210251528512,5.314102542971813,1.9025495286513134,1.934300305079244,0.46750327936167935,2.2483587260211166,2.3733628764170334
103.997783560224,1.32291269057623,5.537696260778848,1.8191379040902085,1.912440246874887,0.22103476184575044,2.0336672506120195,2.304795284840343
103.997783560224,1.32372286586735,5.37585198139665,1.66042162833147,1.6750511460303308,0.057532363918500806,1.7367695278183426,2.101125329499059
103.997783560224,1.32453304115847,5.518242185528624,1.6658657080134986,1.3884143189163147,0.02769848688881993,2.2551993283151894,2.1710840055324896
103.997783560224,1.32534321644958,4.95228871569951,1.3204408490059834,1.4553124252397218,0.20670617283735027,2.8373587117694683,2.154421374910407
103.997783560224,1.3261533917407,5.204077636189719,1.7028208851690856,2.1933073244652483,0.2919791792863613,4.554930674340611,2.789423139890205
103.997783560224,1.32696356703181,5.171621406897881,1.7411188734288352,2.548746376687717,0.3404579278445432,3.438381842990907,2.6480652855699764
103.997783560224,1.32777374232293,5.531022809418342,2.218369252861187,2.8822119258825296,1.1987020242324427,3.9220058930112316,3.1504623810811467
103.997783560224,1.32858391761405,5.563962434889341,2.4419219181883314,2.942027415633749,1.5368546703632084,5.605015369557101,3.617956361726346
103.997783560224,1.32939409290516,5.029553652079539,2.154267511178773,3.3178530927422756,1.700246428658037,3.787609107107098,3.1979059583531444
103.997783560224,1.33020426819628,5.022194008751516,2.0798237630089496,3.2796195515377704,1.751701361751202,3.7907259446166996,3.1848129259332274
103.997783560224,1.33101444348739,5.455496889722589,2.346081424901218,3.5755985948617486,1.9747951882513881,4.2741195993149645,3.5252183394103818
103.997783560224,1.33182461877851,5.509392398678088,2.361822476666571,3.675538515828375,2.0413688839737816,4.651731123764737,3.6479706797823104
103.997783560224,1.33263479406963,5.419901158828132,2.1544991719589177,3.615785070048698,2.07900067013966,4.791336440290699,3.6121045022532217
103.997783560224,1.33344496936074,5.365191998856151,2.0769531189913124,3.6490076127234197,2.0564084346493843,4.519481406942752,3.5334085144326037
103.997783560224,1.33425514465186,5.02227771429861,1.87102655355989,3.55523182773646,1.776789070042998,4.281164490018259,3.3012979311312436
103.997783560224,1.33506531994297,5.28577203323302,2.1757944729003746,3.8021293188149414,1.847166285506944,4.661433986599334,3.554459219410923
103.997783560224,1.33587549523409,4.974684286852479,1.858437339760961,3.5875474928661006,0.8374797349562186,4.236015460987417,3.0988328630846356
103.997783560224,1.33668567052521,5.151924698297115,1.885722058321047,3.7788164580598895,0.7891498935999479,4.1410280803925446,3.149328237734109
103.997783560224,1.33749584581632,5.243224506780781,2.0179110219362997,4.7639956535623185,0.7649963306360306,4.118397193726409,3.3817049413283677
103.997783560224,1.33830602110744,4.797244460889427,1.6497561117932804,3.6267818210545784,0.3697922463720076,3.7600046149157116,2.840715851005001
103.997783560224,1.33911619639855,4.68170086726284,1.5224931576670002,3.318084064209053,0.3794957373893091,3.724890607482621,2.725332886802165
103.997783560224,1.33992637168967,5.3379995947261705,2.040104692571372,3.4421653636414895,0.3459107882117749,3.764774865453184,2.986191060920798
103.997783560224,1.34073654698079,4.9869471959704725,1.5750809029520099,2.338183301727721,0.3350097699765371,3.639717349972301,2.5749877041198084
103.997783560224,1.3415467222719,4.909056032055261,1.4083242876518653,1.8673159451221117,0.7239075091642988,3.5826494195687495,2.4982506387124572
103.997783560224,1.34235689756302,4.946976357709367,1.4330292485211977,2.244281028379742,0.7100549661502917,3.42494047777452,2.551856415707024
103.997783560224,1.34316707285413,4.476147959198141,1.0705362087934631,1.9595560798996488,1.1990156767832687,3.1121407717249063,2.3634793392798854
103.997783560224,1.34397724814525,4.964089612291918,1.4479174248293631,2.2893664091436783,0.9269545426763806,2.97899843389861,2.52146528456799
103.997783560224,1.34478742343637,4.593949998352802,1.1283513489126804,2.071662458817123,1.2372879857467431,2.6931613728021055,2.3448826329262906
103.997783560224,1.34559759872748,4.41871273037728,0.9635361928659982,2.046090193967135,1.3063541800268403,2.6177994250156544,2.2704985444505814
103.997783560224,1.3464077740186,4.29821195673372,0.7398509630393804,1.7085068752622234,1.437802043717472,2.7156736573327898,2.1800090992171173
103.997783560224,1.34721794930971,4.349213980626782,0.6635570918301568,1.5720690728859914,1.259168277750895,3.423564614602437,2.2535146075392527
103.997783560224,1.34802812460083,4.370606437940683,0.6201070938271904,1.9418114127646113,1.518305867853389,3.1855106401811852,2.3272682905134117
103.997783560224,1.34883829989195,4.128914538046075,0.24923899707358999,0.34203663287225083,1.7159078234281004,3.3673765114453467,1.9606949005730727
103.997783560224,1.34964847518306,4.255742042397202,0.3773147160334034,0.46024149434184025,1.789540104026507,3.3315907143230667,2.042885814224404
103.997783560224,1.35045865047418,4.293508879680612,0.5606703270722839,0.4119046285878589,1.990030560560779,3.1526229354491093,2.0817474662701287
103.997783560224,1.35126882576529,4.468599837170533,0.7239762609559044,0.08587763795306813,2.503448552923224,3.6037466576691095,2.277129789334368
103.997783560224,1.35207900105641,4.771054868789264,0.9362602633595181,0.25899180047516523,2.44901881249271,4.006884543294966,2.4844420576823247
103.997783560224,1.35288917634753,4.88808907324913,0.8446106660145993,0.2616927828915223,1.9690208093989732,4.419843775251991,2.476651421361243
103.997783560224,1.35369935163864,5.026037796510728,0.7626397230457229,0.7005289062400237,1.5775129151617797,4.368359816646844,2.4870158315210196
103.997783560224,1.35450952692976,5.136096235315218,0.48619303784728984,0.2883007768065511,1.8392155427014352,4.610326895398977,2.472026497613894
103.997783560224,1.35531970222087,5.28471392431938,0.728567738456352,0.7489925802034421,1.477032317977585,4.465803096992737,2.541021931589899
103.997783560224,1.35612987751199,5.342395189078825,1.3144997259419036,1.8455431952005164,0.8073707616795289,4.188875732165304,2.6997369208132156
103.997783560224,1.35694005280311,5.661614544534043,1.5129322221795825,2.5450629227285297,0.43867957298595783,4.464769242122387,2.9246117009101
103.997783560224,1.35775022809422,6.034319944338673,1.3554678816681012,2.294180519120463,0.5699573003623044,4.650352363290281,2.9808556017559646
103.997783560224,1.35856040338534,6.418690642907041,2.0500419842420605,2.7448504687836426,0.25704452657837606,4.482758973097951,3.1906773191218143
103.997783560224,1.35937057867645,6.62291673253862,2.178701185682211,2.6704806521108218,0.2834962246571777,4.24212117257731,3.199543193513228
103.997783560224,1.36018075396757,6.664154863426589,2.1873935094974293,2.5913497262519805,0.35343065370608073,4.1058980657097415,3.180445363718364
103.997783560224,1.36099092925869,6.350584350633085,1.805885601703256,2.4748343957347387,0.07912635126938738,4.143308423356451,2.9707478245393837
103.997783560224,1.3618011045498,6.351905382670843,2.0582966751587257,2.909154576361086,0.683562842451721,4.404215849479549,3.281427065224385
103.997783560224,1.36261127984092,6.705872764891112,2.5006746030955043,2.941077997412208,1.1842617619531914,4.3355924420717,3.5334959138847433
103.997783560224,1.36342145513203,6.576088423161419,2.584091864152157,3.1781018908595193,2.0181532822863772,4.726693517379889,3.816625795567872
103.997783560224,1.36423163042315,6.14564922709712,1.8763843738556432,2.6386448942935807,1.7620103861842011,4.565010238439587,3.3975398239740264
103.997783560224,1.36504180571427,6.198219907616547,1.8575295438779627,2.88778694052014,1.9731335600068398,4.778445664940428,3.5390231233923837
103.997783560224,1.36585198100538,6.456726760381329,1.7333203997326088,2.622759200440445,1.9088155739625563,4.71283708803686,3.4868918045107598
103.997783560224,1.3666621562965,6.118446510665208,1.2656902044596876,2.402521894365435,1.741984307888476,4.5696164398645145,3.219651871448664
103.997783560224,1.36747233158761,6.6370077655005595,1.641860648552047,2.4603637210783695,1.4247664814004182,4.148531800914768,3.2625060834892325
103.997783560224,1.36828250687873,6.627455090081813,1.5891114383794154,2.360724047362165,1.3234793218951424,3.9888636482455624,3.17792670919282
103.997783560224,1.36909268216985,7.479491481752138,2.025381276213583,2.067165902957491,1.1298256289362136,4.683852910026662,3.4771434399772176
103.997783560224,1.36990285746096,5.7384752870915605,0.3247032372573315,1.1305619849195985,1.058656976117014,4.36534503300334,2.5235485036777687
103.997783560224,1.37071303275208,6.851921927870887,1.5366628665635815,1.688003939431784,1.2010552148905624,4.014016099511139,3.058332009653591
103.997783560224,1.37152320804319,7.741211761698619,2.2389086515143006,2.4132283364481353,0.8558148223214559,3.9728534300836884,3.44440340041324
103.997783560224,1.37233338333431,7.878799425199098,2.1805949415324903,2.4314886674664997,1.0319165211768215,4.0874444275270605,3.522048796580394
103.997783560224,1.37314355862543,7.334418737979735,1.4808483080540036,1.9560020774714495,1.145257082944191,4.41996702240132,3.26729864577014
103.997783560224,1.37395373391654,7.65649453715243,1.7029095170272015,2.2939006503543027,1.2235317127798382,4.438600437979421,3.4630873710586387
103.997783560224,1.37476390920766,6.870187926580613,1.2742076703349916,2.680488632519399,1.8977359603265036,4.8034771798587705,3.5052194739240554
103.997783560224,1.37557408449877,6.8662027818052564,1.361033771609172,2.859235636415683,1.8865513070918922,4.6709501334390495,3.528794726072211
103.997783560224,1.37638425978989,7.852883797310707,1.8244004067069852,2.5362092017509426,1.1473663215822008,3.8917299495296866,3.450517935376104
103.997783560224,1.37719443508101,7.850127200818747,1.7550290477950838,2.6077617720211883,1.2217557820682998,3.819887371353822,3.4509122348114283
103.997783560224,1.37800461037212,7.458201995221003,1.669264192428873,3.2589492710709607,1.4468610394570263,3.589610680253614,3.4845774356862953
103.997783560224,1.37881478566324,6.720151447357502,1.1158848546152882,3.1660162841756474,1.662457248921843,3.6526691823897117,3.2634358034919986
103.997783560224,1.37962496095435,6.910116415212947,1.5150909037750218,3.21289628364741,1.6082105136210032,3.2976502647157417,3.308792876194425
103.997783560224,1.38043513624547,7.076423618861483,1.5904523361399434,3.394864929615757,1.515920903569004,2.721227665939569,3.259777890825151
103.997783560224,1.38124531153659,7.609494507268465,1.5187899387767558,2.974723589341508,1.3192208491331385,2.1840822369238246,3.1212622242887385
103.997783560224,1.3820554868277,6.66208494170899,0.9357775190872601,3.5769337639197225,1.3488410947743112,2.3326919190163267,2.9712658477013223
103.997783560224,1.38286566211882,6.7952369003189865,1.4037695961536123,3.053866173514109,1.4424349850342075,2.5772478763146403,3.0545111062671113
103.997783560224,1.38367583740993,6.675668598187919,1.22326626350549,3.267794097021067,1.8011083275199589,3.2175954937905438,3.2370865560049955
103.997783560224,1.38448601270105,6.691908028500883,1.8905114003249466,3.2516794147617247,2.013400924112581,4.08797329193915,3.5870946119278573
103.997783560224,1.38529618799217,7.023970348854792,2.019464528331099,3.687368022242172,2.410912046296893,4.684572477713811,3.9652574846877533
103.997783560224,1.38610636328328,7.433467671949366,2.224324939300825,3.7851456206748857,2.262888725695092,4.383558534234496,4.017877098370933
103.997783560224,1.3869165385744,7.684384725690272,2.569236578900668,3.941348255183744,2.139943349636379,4.11776656343919,4.090535894570051
103.997783560224,1.38772671386551,7.252844683055869,2.4364461820333077,3.829775920453116,2.081931141819851,3.9309660551835783,3.9063927965091443
103.997783560224,1.38853688915663,6.195697427378299,1.7747909942680309,3.3358898258002334,1.6828089968534101,3.4278444819178198,3.2834063452435585
103.997783560224,1.38934706444775,5.66464876064375,1.7534641164092228,3.3682912521890565,1.594625023050849,3.78814927042999,3.233835684544574
103.997783560224,1.39015723973886,4.629198908309181,1.8134450159007294,2.5076182917416503,0.6705648045034103,3.8201561950394876,2.688196643098892
103.998593735515,1.31076006120949,5.34978287768898,2.957532714088014,2.8766706042709878,1.1760228482423898,3.9101393023027384,3.254029669318622
103.998593735515,1.31157023650061,5.34228631477793,2.8425316826806686,2.818308866950119,0.8810720608537821,4.087933637172803,3.1944265124870603
103.998593735515,1.31238041179173,5.35479664499648,2.5936457751158954,3.2538739965693892,0.16803820418656557,4.800015187135006,3.234073961600667
103.998593735515,1.31319058708284,5.754774043997362,2.9460581643700188,3.616216852494933,0.42008572541056566,5.353555130181004,3.6181379832907767
103.998593735515,1.31400076237396,5.424979974214583,2.704992371235008,3.28968770520461,0.3422447562144484,5.188102089483433,3.3900013792704167
103.998593735515,1.31481093766507,4.917218766740614,2.28973435147417,3.1809059429825233,0.13768913599995258,4.810635338642129,3.067236707167878
103.998593735515,1.31562111295619,4.7515327022653935,2.1008620808104084,3.0302499336924633,0.1993057159778857,4.531523432541043,2.922694773057439
103.998593735515,1.31643128824731,4.550611602300357,1.8970245318027175,2.845156384309405,0.04302201419221774,4.630935119499288,2.793349930420797
103.998593735515,1.31724146353842,4.913848435390829,2.223958614981047,2.9493350868523045,0.10743769788651747,4.468741242836153,2.9326642155893703
103.998593735515,1.31805163882954,4.856139120850539,2.170325743082511,2.9098290607983017,0.009713256249842317,3.9505846543622276,2.7793183670686843
103.998593735515,1.31886181412065,4.583377942857293,1.90397169479699,2.415896846514343,0.2031492501062928,3.651884535934009,2.5516560540417856
103.998593735515,1.31967198941177,4.752536124498079,1.8904123107444093,2.479990944186305,0.5787549098154372,3.808981437852214,2.702135145419289
103.998593735515,1.32048216470289,4.7020073252595544,1.6486455931372426,2.2318299266889916,0.18082473504837182,3.5795625717614925,2.4685740303791306
103.998593735515,1.321292339994,4.847146151462059,1.7005818071211323,2.415128846427123,0.05794778210443141,2.8222421551173227,2.3686093484464137
103.998593735515,1.32210251528512,5.309261713998211,1.8240317053076076,1.8775633701083976,0.06405351479426713,2.1404169177229804,2.2430654443862927
103.998593735515,1.32291269057623,5.5883102728866305,1.921638313612,2.0053244321309265,0.002141010445356528,1.9753147118074885,2.2985457481764806
103.998593735515,1.32372286586735,5.918736533980766,2.032566715601604,1.8559582439856186,0.07527358446951382,1.8413873239440228,2.344784480396305
103.998593735515,1.32453304115847,5.814654840467547,1.94726697799139,1.4334352942210487,0.0929462021060381,2.2086278869718896,2.299386240351583
103.998593735515,1.32534321644958,5.5223510489410685,1.733747614239178,1.6568716507723664,0.039335539317466583,2.61106153803415,2.312673478260846
103.998593735515,1.3261533917407,5.311603221504484,1.5062463419787733,1.8247558108906432,0.09372133059829935,3.5212885892879413,2.451523058852028
103.998593735515,1.32696356703181,5.33976258308325,1.58210883448427,1.8795908915234065,0.10938036492002468,4.141804564215832,2.6105294476453564
103.998593735515,1.32777374232293,5.500440326530978,1.7366349694038625,1.9652189735715453,0.5024415444940686,4.190360399356052,2.779019242671301
103.998593735515,1.32858391761405,5.551163639934028,2.0895915643740395,2.3635269103708403,1.0147307966603556,4.386961235068558,3.0811948292815643
103.998593735515,1.32939409290516,5.325371964227909,2.001968130820309,2.6790916236049185,1.4304333162449225,4.010694487260057,3.0895119044316233
103.998593735515,1.33020426819628,5.380368523840662,2.108911608145309,2.9859961773345525,1.7394684415523898,4.155838150182021,3.274116580210987
103.998593735515,1.33101444348739,5.463290222006179,2.127439426322862,3.2448719121302787,1.8922654603541176,4.318095866038231,3.4091925773703338
103.998593735515,1.33182461877851,5.431620776931862,2.0522663355247026,3.354109287878149,2.0071780840695297,4.545714676626744,3.4781778322061974
103.998593735515,1.33263479406963,5.188148688427901,1.9958200031456066,3.368683571626672,2.03732844604696,4.441213491723797,3.406238840194187
103.998593735515,1.33344496936074,5.587780179380129,2.24449922505109,3.5708195995371703,2.3439143344753006,4.4599381685811075,3.6413903014049596
103.998593735515,1.33425514465186,5.498778451350969,2.312535152743777,3.7395704940249033,2.4015000885010913,4.737679734205553,3.738012784165259
103.998593735515,1.33506531994297,5.277716625901469,2.0587863598227685,3.6098526321809388,1.9229698371307222,4.569588189147051,3.48778272883659
103.998593735515,1.33587549523409,5.25178801878377,1.9750318644340474,3.688003493698936,1.3741763623032988,4.852704361059345,3.4283408200558796
103.998593735515,1.33668567052521,5.2292039526936485,1.9974508972672496,3.709044473496764,1.1818289552605954,4.841456877885069,3.391797031320665
103.998593735515,1.33749584581632,5.3096139102429305,1.9572887665910699,3.9107239733710415,0.9951082294915636,4.85142130075781,3.404831236090883
103.998593735515,1.33830602110744,5.373623594477699,2.0021428475802985,4.017598060323721,1.1386492584107692,4.85159893010329,3.4767225381791556
103.998593735515,1.33911619639855,5.46157632313113,2.1603822352368702,4.06329148953148,1.245165192097442,4.799289337375125,3.5459409154744095
103.998593735515,1.33992637168967,5.425916248876309,2.0942746438220077,3.688465710246895,0.8524410079660356,4.623299158609612,3.336879353904172
103.998593735515,1.34073654698079,5.330277769657325,2.017696412390279,3.258564432955584,0.18338666584325836,4.466742639994077,3.0513335841681046
103.998593735515,1.3415467222719,4.912769789965129,1.5490421246100858,2.6185617515962107,0.4213667895638977,3.8965414597478905,2.679656383096643
103.998593735515,1.34235689756302,5.007856414644078,1.65921295266606,2.963963406671599,0.35990785027803085,3.7425568625281613,2.746699497357586
103.998593735515,1.34316707285413,4.757523127971119,1.3102052631515058,2.558472580696204,0.7436212038474714,3.224541227252036,2.518872680583667
103.998593735515,1.34397724814525,5.0801591400363755,1.4917291151154792,2.710596321655295,0.594575355797339,2.9774350914246988,2.5708990048058373
103.998593735515,1.34478742343637,5.150367901854963,1.5261663546687565,2.8448943274419527,0.6960657207947598,2.673990677772281,2.5782969965065425
103.998593735515,1.34559759872748,4.843741303935143,1.345517116440078,2.7535918408462408,0.5672974534245121,2.2428602540762306,2.350601593744441
103.998593735515,1.3464077740186,4.36804257061236,0.9061235675332853,2.1576153868075103,0.9998107201439517,2.0208164773621995,2.0904817444918615
103.998593735515,1.34721794930971,4.565119562186627,0.9577909694858384,2.294912104984853,0.704668870469888,2.4269835831472726,2.1898950180548957
103.998593735515,1.34802812460083,4.118491644616551,0.4621307126704224,1.2587723498806618,1.157892534717405,2.926541924364173,1.9847658332498426
103.998593735515,1.34883829989195,4.2902940554107225,0.3767543663371349,0.7087203706995417,1.2127657137383885,3.349534453924033,1.987613792021964
103.998593735515,1.34964847518306,4.266478637528966,0.3327670941354448,0.5759087435002499,1.3896814445944585,3.16515211263744,1.9459976064793119
103.998593735515,1.35045865047418,4.256345317631478,0.38631612718824826,0.2869900420069449,1.9407644979902088,3.0368711989321504,1.9814574367498061
103.998593735515,1.35126882576529,4.318520905930217,0.6282764648543839,0.47927412271462444,2.7304853737799384,3.222875861169978,2.2758865456898283
103.998593735515,1.35207900105641,4.54911235143344,0.8283045675124043,0.6761640373284941,2.5872179421595902,3.387849101968211,2.405729600080428
103.998593735515,1.35288917634753,4.743963622055681,1.05597832387366,0.3703438522583973,2.0023955610217,3.6927661530295097,2.3730895024477894
103.998593735515,1.35369935163864,4.629218750708212,0.7803732364914389,0.624603130613238,1.9823973474999157,3.9618187032161636,2.3956822337057937
103.998593735515,1.35450952692976,4.826758826494668,0.7419672029749904,0.534555427083621,1.9968712126736214,4.016298717430182,2.4232902773314167
103.998593735515,1.35531970222087,4.894085467360302,0.6528757180823703,0.9290079510979723,1.8679501671379128,4.248381343181499,2.5184601293720115
103.998593735515,1.35612987751199,5.378944991547215,0.9667750633366232,1.8305512572810905,1.0712750496137957,4.526571821897665,2.754823636735278
103.998593735515,1.35694005280311,5.42316997933262,0.8157833576014966,1.7429552989042705,1.1330824520808953,4.507413035323179,2.7244808246484924
103.998593735515,1.35775022809422,5.22326428252271,0.49787486451561946,1.72363790067633,1.260796972188782,3.979391212663039,2.536993046513296
103.998593735515,1.35856040338534,5.7507120140755,1.5599509995152694,2.61254825974434,0.32264803189902125,3.845856808830039,2.818343222812834
103.998593735515,1.35937057867645,5.902225327414779,1.7163873287679756,2.764666186559751,0.2348243074425227,3.754270406173962,2.874474711271798
103.998593735515,1.36018075396757,6.600397846246672,1.7317069848083442,1.9226837050222123,0.6888395838074537,3.8888438931210025,2.966494402601137
103.998593735515,1.36099092925869,5.365375400069258,0.2861178460469809,1.1591447147623555,1.0858769583176766,3.789956255353516,2.3372942349099572
103.998593735515,1.3618011045498,6.387300525854641,1.823614585324954,2.547240219174615,0.22277517201112929,4.397090298783958,3.0756041602298594
103.998593735515,1.36261127984092,6.591055787002443,2.5996836655349753,3.1510517287018978,1.350784083919418,4.453959489676723,3.6293069509670914
103.998593735515,1.36342145513203,6.3650907278666615,2.774349042963454,3.4716130171405624,2.129572111316545,4.564036555106963,3.860932290878837
103.998593735515,1.36423163042315,5.542112152515049,1.895237088389642,2.676924277435159,2.0635908964799867,4.34835331259006,3.3052435454819795
103.998593735515,1.36504180571427,5.8852698484490205,2.068155588133692,3.165210943141819,2.328364312496916,4.504640737521829,3.5903282859486554
103.998593735515,1.36585198100538,5.719508826249065,1.5719799246615942,2.6794984781727003,2.13779942741321,4.6199959450514605,3.345756520309606
103.998593735515,1.3666621562965,5.826597550273366,1.3279165398341668,2.52252184691163,1.5510562153193526,4.224063782283185,3.09043118692434
103.998593735515,1.36747233158761,5.575927463449531,1.0100937148224496,2.0898142241275437,1.2060170566419472,4.348320411434848,2.846034574095264
103.998593735515,1.36828250687873,6.579738983169669,1.5719397803539685,2.2011945898360388,1.3315175085560966,4.3238265530588045,3.2016434829949154
103.998593735515,1.36909268216985,7.68016772938822,2.1750125709098462,1.9786520276314583,0.9040078457708383,4.295895922113427,3.406747219162758
103.998593735515,1.36990285746096,5.683099275824041,0.2329824617641485,1.2381008510549023,0.8770622189933732,4.424086202702622,2.4910662020678176
103.998593735515,1.37071303275208,6.269179518749986,1.601429166043708,2.424985358604186,1.6377285219017388,4.412053887355949,3.269075290531114
103.998593735515,1.37152320804319,6.360306218421297,2.0540093324776905,3.1673995219923476,1.9104447768601176,4.0865233691707346,3.5157366437844373
103.998593735515,1.37233338333431,6.835796973955141,1.8936721595228363,2.921644450697073,1.8595669061343578,4.209511508293769,3.5440383997206353
103.998593735515,1.37314355862543,6.560764871862148,1.0786478106695263,2.1242887023133363,1.4446014401779301,4.1526422933100875,3.0721890236666054
103.998593735515,1.37395373391654,7.04520766054657,1.4092552448858804,2.421256069505173,1.5024852186096211,4.274141830369487,3.330469204783346
103.998593735515,1.37476390920766,7.524284353269994,1.5756470241042209,2.531289296100109,1.44359755685716,4.130478630147099,3.4410593720957166
103.998593735515,1.37557408449877,7.1934037750447075,1.5365938245818178,2.8838884570100802,1.751139286396377,4.214423780048275,3.5158898246162513
103.998593735515,1.37638425978989,7.693036252256764,1.8780924806247086,2.877856483236922,1.3001260378142128,3.581735275800618,3.466169305946645
103.998593735515,1.37719443508101,7.380769013270264,1.7547173991009828,2.980641827283275,1.6582311843228048,3.1968731175856426,3.3942465083125937
103.998593735515,1.37800461037212,7.650395515527116,1.636531805111126,3.2673605679014948,1.5059810503764979,3.0746183614307228,3.4269774600693914
103.998593735515,1.37881478566324,6.979967436179422,1.3432346964069914,3.4503512725546415,1.7132908964980196,3.4162938967567804,3.380627639679171
103.998593735515,1.37962496095435,6.694874367130364,1.5800132220160918,3.200627187931854,1.7242289842131484,3.4287774959685002,3.3257042514519917
103.998593735515,1.38043513624547,6.864663403220074,1.7156197097487613,3.58937619608626,1.878462605480383,3.3136077159330384,3.4723459260937033
103.998593735515,1.38124531153659,6.8164874545553715,1.5363685697005742,3.707244204896149,1.8382747211543808,3.15233231919823,3.410141453900941
103.998593735515,1.3820554868277,6.642470837225819,1.1008842036785822,3.2535115200025473,1.5885318284294243,2.630179571914951,3.0431155922502646
103.998593735515,1.38286566211882,6.825327195920991,1.1557717069816107,3.1537227251005824,1.4519100704250611,2.496649542127461,3.0166762481111413
103.998593735515,1.38367583740993,6.787339835778123,1.5549794413831357,3.4367056297262977,1.7476925219640265,2.727529060129619,3.2508492977962407
103.998593735515,1.38448601270105,6.3825667108516875,1.176877183733346,3.436912950200462,1.9796669468449366,3.245089348873048,3.244222628100696
103.998593735515,1.38529618799217,6.691406513898816,1.7783243219284515,3.5591887188114377,1.9860224794940677,3.5723901969797573,3.517466446222506
103.998593735515,1.38610636328328,6.886595948571987,2.058226178732884,3.6502732599818444,1.9746437047543708,3.7681697753479924,3.6675817734778158
103.998593735515,1.3869165385744,6.874969886446589,1.9765357309138167,3.5869577695720984,2.097666470391122,3.673022684641868,3.641830508393099
103.998593735515,1.38772671386551,6.93188704767649,2.108948636851693,3.593875535945955,1.937762131254381,3.771064420875689,3.6687075545208416
103.998593735515,1.38853688915663,6.110548540228844,1.7107159294225909,3.35196610116445,1.7046614736462367,3.7366991900960826,3.322918246911641
103.998593735515,1.38934706444775,5.27478039444588,1.838051885808909,3.1995515828076186,1.296147542162899,3.688938951000946,3.0594940712452505
103.999403910806,1.31076006120949,5.261389850588603,2.6096536013332425,2.8288754676406995,0.4287218910796824,4.334637520492382,3.0926556662269222
103.999403910806,1.31157023650061,5.121554613624024,2.381434259301386,2.826166417461099,0.02108590806517796,4.45267813866673,2.9605838674236837
103.999403910806,1.31238041179173,5.6193704470216055,2.694062114989766,3.345042787423946,0.18399590610431105,5.123513902941053,3.393197031696136
103.999403910806,1.31319058708284,5.683306724990686,2.7898048900099894,3.4789505717430984,0.4758047984726197,4.970377352788056,3.47964886760089
103.999403910806,1.31400076237396,5.546917271869816,2.7552967682822604,3.421500746426357,0.3705742952104103,4.750797075286744,3.3690172314151177
103.999403910806,1.31481093766507,5.343369922574389,2.689409453949647,3.2038581587752972,0.22540060369624726,4.806859434224357,3.2537795146439876
103.999403910806,1.31562111295619,5.134916451899485,2.4387650672226684,3.0496086341300455,0.04765885512838963,5.20713695637718,3.1756171929515538
103.999403910806,1.31643128824731,5.0967895663657785,2.3977780842814944,3.211193139867447,0.07116573643352098,4.64793041293343,3.084971387976334
103.999403910806,1.31724146353842,4.978564719525252,2.273019644388736,3.110105847232635,0.02310154184764812,4.36199229030662,2.9493568086601782
103.999403910806,1.31805163882954,4.894411243121244,2.2060984741215854,2.9382759989863665,0.14686930182356406,4.0088163056317185,2.8388942647368958
103.999403910806,1.31886181412065,4.789945851365562,2.1572488616802232,2.7412542813122265,0.13543423919718833,4.154270746775516,2.7956307960661433
103.999403910806,1.31967198941177,4.806972829337809,2.1234264835089043,2.6675981058997422,0.279182024147012,4.11751131974906,2.7989381525285055
103.999403910806,1.32048216470289,4.842770818962361,2.004590062587635,2.418417393691122,0.0670447768612128,3.862140127998771,2.6389926360202205
103.999403910806,1.321292339994,4.859680690457562,1.8436540181835959,2.377663247584085,0.18848915643892994,2.9401309520252674,2.441923612937888
103.999403910806,1.32210251528512,5.418846232550553,2.070507608211468,2.2875208223037973,0.0661340026799202,2.616067237007453,2.4918151805506383
103.999403910806,1.32291269057623,5.78241250585749,2.000733574374614,2.31658797878751,0.0329455467880706,2.1339026282118496,2.453316446803907
103.999403910806,1.32372286586735,5.998990753676811,2.1414857061701973,2.2369121752207803,0.06602932854176657,2.1006707802412663,2.508817748770164
103.999403910806,1.32453304115847,5.762127685990649,1.8514615010994753,2.203736580592974,0.02388772856465593,2.40904187479261,2.4500510742080728
103.999403910806,1.32534321644958,5.4978197868473835,1.644263154799738,2.237811772737828,0.2419099103040061,2.952276163540546,2.5148161576459005
103.999403910806,1.3261533917407,5.394088550353189,1.4508620415612619,1.9801641552838696,0.21075835358414352,2.6855463908555492,2.3442838983276024
103.999403910806,1.32696356703181,5.412275935322462,1.2551625933751893,1.6482213259919405,0.162274286034787,2.256843799596684,2.1469555880642126
103.999403910806,1.32777374232293,5.401197629909639,1.2925878148549117,1.3767102402883928,0.02057963379847294,2.2554049184975113,2.0692960474697855
103.999403910806,1.32858391761405,5.426159990059908,1.8235204882201934,1.68466145311114,0.41603818729003095,3.033444661349286,2.476764956006112
103.999403910806,1.32939409290516,5.411661765127366,1.8946553611408845,1.8663034280069617,0.8725278304682575,4.94806599839438,2.99864287662757
103.999403910806,1.33020426819628,5.514179844096091,1.7945415660982746,1.9919625798935563,1.2255914814845816,4.313156732818406,2.967886440878182
103.999403910806,1.33101444348739,5.414939582166525,1.7324273279209912,2.427166536274573,1.3295975057708063,4.551759255620119,3.091178041550603
103.999403910806,1.33182461877851,5.355307022493822,1.707233949466108,2.7563493825029113,1.574223209907231,4.676527319757248,3.213928176825464
103.999403910806,1.33263479406963,5.422673150135754,1.9392861867533817,3.4499024215483836,2.1156816651087063,4.671795009364075,3.51986768658206
103.999403910806,1.33344496936074,5.478407824296212,2.08203600423327,3.267986428227278,2.572760524262378,4.679319991191491,3.616102154442126
103.999403910806,1.33425514465186,5.386062519322536,2.048977327763808,3.330998151937159,2.5540540065526223,4.755973967095429,3.6152131945343107
103.999403910806,1.33506531994297,5.305901068747676,2.0050676494923394,3.5426537301543846,2.167730045020523,4.8583484240251344,3.5759401834880116
103.999403910806,1.33587549523409,5.404392903475415,2.0615397949907397,4.45995422023778,2.0742202622672856,5.041032798043361,3.808227995802916
103.999403910806,1.33668567052521,5.31090070934825,2.005372029704507,3.444131154530247,1.3063693843201385,4.863327743023632,3.3860202041853547
103.999403910806,1.33749584581632,5.319290916059977,1.8594320225699832,3.713764849309218,1.2741101803599975,5.01502304945144,3.436324203550123
103.999403910806,1.33830602110744,5.345052621958988,1.913437737190332,3.823300167997477,1.20935853844124,4.890518504763797,3.436333514070367
103.999403910806,1.33911619639855,5.370524485272156,2.054180091466339,3.8051808100516844,1.193781685172457,5.10080714294396,3.5048948429813196
103.999403910806,1.33992637168967,5.47406663845236,2.0841782625890275,3.6350897161419873,1.0602942132241537,4.919465940850703,3.434618954251646
103.999403910806,1.34073654698079,5.532330143605879,2.1271401672775987,3.537497892687,0.6886065954241722,4.791548807431095,3.335424721285149
103.999403910806,1.3415467222719,5.351446173378985,2.068495022020283,3.3656277577627876,0.18551144789554996,4.475791282576772,3.0893743367268756
103.999403910806,1.34235689756302,5.255177102974326,1.9652204626219323,3.457400620772109,0.019081229432188707,3.895302562547748,2.918436395669661
103.999403910806,1.34316707285413,5.025318020608655,1.5936923927470055,3.079846130555598,0.38232966396777357,3.2599648727600687,2.66823021612782
103.999403910806,1.34397724814525,5.199100715198771,1.6483216949792876,3.1390876273659813,0.3588645930259311,2.834344378407213,2.635943801795437
103.999403910806,1.34478742343637,5.377171564056649,1.7024816130768166,3.1378734288318952,0.31622286189730886,2.569438181967513,2.6206375299660367
103.999403910806,1.34559759872748,5.156525863592808,1.5788543335541974,3.1069480641648077,0.13937800241695086,2.463190142308992,2.488979281207551
103.999403910806,1.3464077740186,4.776054717813672,1.2381705620738188,3.5240928658658923,0.37219011380839007,2.0443618548301856,2.3909740228783916
103.999403910806,1.34721794930971,4.434170915372452,0.8560907161824787,2.3590893827517228,0.4815867112787302,1.907928902296117,2.0077733255763
103.999403910806,1.34802812460083,4.301829195609244,0.7074948360411923,1.9263814264517762,0.37561872354478254,2.3060523979857024,1.9234753159265394
103.999403910806,1.34883829989195,4.445364763577409,0.5774962017101792,1.4614848177951814,0.4283238547392969,3.1500233003187894,2.012538587628171
103.999403910806,1.34964847518306,4.376671313898601,0.4272751142769913,0.9642271061850174,1.131229126214869,3.37558912004382,2.0549983561238596
103.999403910806,1.35045865047418,4.247077179535008,0.24448108820456227,0.048211206193265355,2.1689124496506125,3.047644356099756,1.9512652559366408
103.999403910806,1.35126882576529,4.292531234258497,0.4175344637664793,0.5042780164731653,2.6307376674793232,3.0363962268692966,2.1762955217693523
103.999403910806,1.35207900105641,4.427577940101131,0.49477377783771104,0.5694011714276996,2.378128230719099,3.1452429793921297,2.203024819895554
103.999403910806,1.35288917634753,4.623487720398824,0.768803956547977,0.6318630186063494,1.8775580491620794,3.3002572804322803,2.240394005029502
103.999403910806,1.35369935163864,4.546870364427647,0.7516107939355869,0.9997452140605603,1.9092095139085252,3.349371114163649,2.3113614000991936
103.999403910806,1.35450952692976,4.5578153956490794,0.9061333681701882,1.1036102087288846,2.004352047558342,3.623499897654348,2.4390821835521685
103.999403910806,1.35531970222087,4.762459021734188,1.058365193793005,1.502126048383655,1.6703591081430815,3.8241881931344253,2.5634995130376708
103.999403910806,1.35612987751199,4.943004452513126,1.055709626864335,1.749019450996041,1.6128830045375793,5.034470716935495,2.8790174503693153
103.999403910806,1.35694005280311,5.209245319395912,0.9708576345625204,1.6397849053321778,1.5130263217875601,4.430945549957784,2.752771946207191
103.999403910806,1.35775022809422,4.977223973291181,0.5114913124176894,1.4135812470400815,1.6472426198482566,4.982133712897781,2.706334573098998
103.999403910806,1.35856040338534,5.524636636709904,1.0319048089809613,1.8814940201082386,1.030862269015305,3.4093138210873626,2.575642311180354
103.999403910806,1.35937057867645,5.6312803851442474,1.2816198192170418,2.265489534816421,0.7867664195505562,3.1686154086258185,2.626754313470817
103.999403910806,1.36018075396757,5.961522223088966,1.17084132821806,1.470648831071344,1.0195304603147797,5.079250225843303,2.9403586137072906
103.999403910806,1.36099092925869,5.322101672854931,0.96549151164837,1.743573233786904,0.8521327466984587,4.706583001291293,2.7179764332559913
103.999403910806,1.3618011045498,5.853384612752119,1.5579075287806,2.150691665325187,0.03845312769330178,5.952233998320267,3.110534186574295
103.999403910806,1.36261127984092,6.114074780388378,2.2315975201126044,3.166519272751799,1.5139093645293755,4.59536422169877,3.5242930318961854
103.999403910806,1.36342145513203,5.935943896566929,2.630534244106908,3.48150661564015,2.0271909664649925,4.205343142144638,3.6561037729847237
103.999403910806,1.36423163042315,5.7059673089546195,2.4989633018973016,3.3499709646407396,2.3201990596356232,3.805417225508368,3.53610357212733
103.999403910806,1.36504180571427,5.530611375205176,2.268933214949506,3.226314173027159,2.2736924175792907,3.748012044309448,3.4095126450141158
103.999403910806,1.36585198100538,5.458678854242841,2.021137557512308,3.1181256956460004,2.2840152398191904,3.8653941822775835,3.3494703058995845
103.999403910806,1.3666621562965,5.478840916950041,1.6972014015249854,2.930139865518459,1.9920500309286489,4.110823589270588,3.2418111608385445
103.999403910806,1.36747233158761,5.66620347904195,1.5032265769810387,2.670755331357011,1.8425168778240426,4.181524629981297,3.172845379037068
103.999403910806,1.36828250687873,5.893914598749383,1.3312553011474968,2.536648516821465,1.7573534428190456,4.3315285483880075,3.1701400815850795
103.999403910806,1.36909268216985,6.364141218008108,1.353379046889298,1.9240797944249053,1.4710837676375554,4.367950130489142,3.0961267914898016
103.999403910806,1.36990285746096,5.787415247902761,0.8536345431989822,1.6216043054946638,1.2230651100052725,4.495602942116324,2.7962644297436006
103.999403910806,1.37071303275208,5.632213119726249,1.0695212760496489,2.075213583434767,1.33031161203116,4.094187092171712,2.8402893366827073
103.999403910806,1.37152320804319,5.6489601489732095,1.5165075647279451,2.74428636862827,1.6534820097066962,3.9555688582453783,3.1037609900563
103.999403910806,1.37233338333431,5.708173221054803,1.577043786376727,2.8713434828287845,1.9699447532633343,4.143455883375726,3.253992225379875
103.999403910806,1.37314355862543,5.6098434043066625,0.7540763804959241,2.2438323279200176,1.6953628387603779,3.9902478942349013,2.8586725691435766
103.999403910806,1.37395373391654,6.578879436929473,1.4446108938282833,2.524955023335991,1.684166702206852,4.055926672656106,3.257707745791341
103.999403910806,1.37476390920766,7.022750249243131,2.149000346515635,3.433904007457933,2.334731177295449,4.107251541616229,3.8095274644256754
103.999403910806,1.37557408449877,7.301622951611833,1.9827063591077376,3.1306087222156798,1.7451767647688499,3.742094451317815,3.580441849804383
103.999403910806,1.37638425978989,6.897333931307241,1.3677781720404525,3.0862028629881486,1.5752956814051515,3.454363217391247,3.276194773026448
103.999403910806,1.37719443508101,7.262943053271748,1.7430785737177494,3.139099828435839,1.6150643945150804,3.402950386505566,3.4326272472891963
103.999403910806,1.37800461037212,7.3236262094248445,2.0724071672397706,3.7232514265704957,1.9491429853455884,3.2717838753601853,3.668042332788177
103.999403910806,1.37881478566324,6.49005228797461,1.8735008992155464,3.943898763180883,2.128417664967408,3.8311139382461263,3.6533967107169145
103.999403910806,1.37962496095435,6.350059033829201,1.571382148904675,3.5889373399544233,1.789198794854233,3.5837783945905315,3.3766711424266127
103.999403910806,1.38043513624547,6.403690015393444,1.332954896803276,3.536636700052398,1.6480894754838609,3.42712550489232,3.26969931852506
103.999403910806,1.38124531153659,6.297078221217092,0.9658001235426781,3.5464756988159998,1.7633094020089537,3.3683857853453105,3.1882098461860067
103.999403910806,1.3820554868277,6.461909489741263,0.713433603995373,3.2590135922460988,1.5996758077096196,2.8341785983029517,2.9736422183990614
103.999403910806,1.38286566211882,6.2501307573999725,0.3070057798015391,2.9670864756808086,1.425837240998593,2.41736014876361,2.6734840805289046
103.999403910806,1.38367583740993,6.770731328243045,1.069898950139578,3.0659251948747297,1.517209673962391,2.2125119025217614,2.927255409948301
103.999403910806,1.38448601270105,6.681429288260485,1.0044806438523182,3.268367402725012,1.5773244536245379,2.4699722435740767,3.000314806407286
103.999403910806,1.38529618799217,6.889947572408026,1.7144693000169546,3.23456829212709,1.5890439180763067,2.6821129273409774,3.222028401993871
103.999403910806,1.38610636328328,6.855781607038104,1.953200563249215,3.3756055037803776,1.732642227482497,3.197238850128805,3.4228937503358
103.999403910806,1.3869165385744,6.764966829042027,1.9218839570845816,3.307257277907329,1.954820189839598,3.5850596711129015,3.5067975849972877
103.999403910806,1.38772671386551,6.86523627953969,1.89892679418654,3.40414487591843,1.8512792672190876,3.6283339268995185,3.529584228752653
103.999403910806,1.38853688915663,5.852985198169719,1.8849273736770762,3.5743448240231714,1.754451741191751,4.142048094827061,3.4417514463777557
103.999403910806,1.38934706444775,5.00978701494568,1.9179631271198083,3.1937612563573268,0.9373095831512792,3.6175973189065367,2.9352836600961263
104.000214086097,1.31076006120949,5.224732837817886,2.2608196154046247,2.745553365932622,0.5990267624489007,4.81827662012925,3.129681840346657
104.000214086097,1.31157023650061,5.071395452548419,2.0636277964764957,2.7942373391732467,0.8234860848810008,4.952807809233011,3.141110896462435
104.000214086097,1.31238041179173,5.806475319046243,2.7716598526649285,3.5296452236040388,0.07790595733379746,5.312402361123564,3.499617742754514
104.000214086097,1.31319058708284,6.028946271322088,3.0410887708712018,3.832981679396628,0.579206532903985,5.041145305873247,3.70467371207343
104.000214086097,1.31400076237396,5.7585934282707285,2.838921125914574,3.7468136138828676,0.66889213758461,4.746289045601699,3.5519018702508958
104.000214086097,1.31481093766507,5.770338018862226,2.995077595036836,3.904908959784681,0.776724830969215,5.039932518123447,3.697396384555281
104.000214086097,1.31562111295619,5.604439803694504,2.9196793592067323,3.7361498650630267,0.58243831955037,5.085177240859384,3.5855769176748034
104.000214086097,1.31643128824731,5.44661942225099,2.8527687187306867,3.9261057024810597,0.40226548967308773,4.492725874120783,3.424097041451321
104.000214086097,1.31724146353842,5.181609363598426,2.546928708025426,3.668077231191919,0.1681222865046621,4.159754103371391,3.144898338538365
104.000214086097,1.31805163882954,5.12918801993569,2.3653330658639007,3.430067136201835,0.1262386792179484,4.180563376383059,3.0462780555204865
104.000214086097,1.31886181412065,4.950406488011158,2.2296135741691216,3.17326314978229,0.0838246791729702,4.194563290991169,2.9263342364253417
104.000214086097,1.31967198941177,4.99399467967276,2.3860456084956816,2.9502142961046154,0.26846333263689104,4.133660899770156,2.9464757633360206
104.000214086097,1.32048216470289,4.936537359477931,2.432638517306863,2.6915895759451516,0.10926064132729252,3.7372316542509054,2.7814515496616288
104.000214086097,1.321292339994,4.994717819829532,2.216163945868775,2.6942984714051192,0.005798392900292271,3.281016335403063,2.6383989930813563
104.000214086097,1.32210251528512,5.593334849131406,2.1014000760829745,2.5237300999792716,0.2817420206750185,2.923936851808268,2.684828779535388
104.000214086097,1.32291269057623,5.763443481608402,1.9259749361376421,2.2472393611748274,0.3313679534369989,2.3472203132044207,2.5230492091124583
104.000214086097,1.32372286586735,5.811710326893326,1.706292165934098,2.0130384890307695,0.41836433201901,2.417602869876429,2.4734016367507268
104.000214086097,1.32453304115847,5.758858876757049,1.7872940506540402,2.532486475469156,0.1794713087901343,2.856909737899489,2.623004089913974
104.000214086097,1.32534321644958,5.44971301711956,1.8528881739322927,2.7739368012316525,0.05814302775384306,3.132658624483799,2.6534679289042296
104.000214086097,1.3261533917407,5.3032405119573305,1.9029953903576349,2.6282131593798432,0.08354680486015553,2.5091481990546036,2.4854288131219135
104.000214086097,1.32696356703181,5.312963516916167,1.8245553316547678,2.2318247738035417,0.13258022156018967,2.0948244700427914,2.3193496627954913
104.000214086097,1.32777374232293,5.240498307340452,1.6730326407205993,1.792883725124021,0.08956890520827088,2.03410574307631,2.1660178642939307
104.000214086097,1.32858391761405,5.321674936426675,1.8130806274004065,1.8852474477201397,0.38940136171743234,2.6924015026275185,2.420361175178434
104.000214086097,1.32939409290516,5.479193764627457,1.8311372326220514,1.791612205370587,0.715728481629224,3.94363174231799,2.7522606853134617
104.000214086097,1.33020426819628,5.536456673553488,1.6199403623086646,1.2335530478909682,0.7545513167797289,5.657202818766251,2.96034084385982
104.000214086097,1.33101444348739,5.287213627955712,1.2032243806669385,0.9685081045638171,0.6352430587269602,6.0241020027320005,2.8236582349290855
104.000214086097,1.33182461877851,5.224637288394643,1.2360715272011724,1.3882572286191888,0.9928112946263141,5.193554113610009,2.8070662904902655
104.000214086097,1.33263479406963,4.8302740216181625,1.1436120826776524,1.7420316150663986,1.5814324738481496,4.689995294450373,2.7974690975321472
104.000214086097,1.33344496936074,5.383529698139927,1.7630109055726813,2.6686180659598087,2.7421047117918356,5.028536791390959,3.5171600345710425
104.000214086097,1.33425514465186,5.226195096327455,1.738741921368188,3.1946424466929386,2.555258282049465,4.876261229288346,3.5182197951452787
104.000214086097,1.33506531994297,4.697566329616631,1.2275414142973062,3.0450067546684814,1.72824865875139,4.365911994543584,3.0128550303754786
104.000214086097,1.33587549523409,5.577417240661074,2.1852872199284015,3.655931815431977,2.18780851431503,5.050476424189661,3.7313842429052286
104.000214086097,1.33668567052521,5.376917941305738,1.7630393369305217,3.3182878674616774,1.8259174255637056,4.773905738778481,3.411613662008025
104.000214086097,1.33749584581632,5.26021230469755,1.745383383437698,3.4648184187703386,1.45118971235188,4.873170208683543,3.358954805588202
104.000214086097,1.33830602110744,5.436262123251989,1.9160764256163496,3.6010973320344277,1.4020032154554585,4.9086245552187115,3.4528127303153875
104.000214086097,1.33911619639855,5.309018109280704,1.8791716170180024,3.516587832660022,1.1180762283465562,4.808187989128058,3.3262083552866684
104.000214086097,1.33992637168967,5.445835388460676,1.9951171034522197,3.4639646075690464,0.9263331775713475,4.88443863815834,3.3431377830423257
104.000214086097,1.34073654698079,5.541983501754302,2.067421574208776,3.279011238676876,0.5563975939483896,4.850368134459892,3.259036408609647
104.000214086097,1.3415467222719,5.536244133185484,2.234772058973576,3.4243333209489357,0.49479531454280945,4.468961679910507,3.2318213015122623
104.000214086097,1.34235689756302,5.465687484559261,2.1310178020201427,3.4777926153455674,0.14366896293142162,3.9448181842522096,3.0325970098217203
104.000214086097,1.34316707285413,5.445954818778869,1.9928539449691591,3.258172249414052,0.024754233902559264,3.398160799311981,2.823979209275324
104.000214086097,1.34397724814525,5.458057995032789,1.7661562659778696,3.236928420858579,0.16722516572075108,2.6551043490688,2.6566944393317575
104.000214086097,1.34478742343637,5.773061281935966,2.059530290834413,4.599959247968211,0.11302706022222253,2.801686714190577,3.069452919030278
104.000214086097,1.34559759872748,5.38647517099675,1.7384925664335178,3.5221899018747003,0.2679556190903014,2.656563603692831,2.71433537241762
104.000214086097,1.3464077740186,4.947005165528672,1.3189540721803787,3.2068555965703993,0.052863950161160744,2.0728226346897145,2.319700283826065
104.000214086097,1.34721794930971,4.010944251148047,0.46707189107567615,2.2492947178721074,0.4332830102949323,1.4449631947792234,1.7211114130339973
104.000214086097,1.34802812460083,4.052301127722949,0.465635006417056,2.2746002034985793,0.06855178758735292,1.7324629306357053,1.7187102111723285
104.000214086097,1.34883829989195,4.412412271650261,0.7514903956793582,2.1047618601887983,0.031065324176068998,2.6005835542831477,1.9800626811955269
104.000214086097,1.34964847518306,4.229049479176183,0.31869674533674797,0.8418301559963517,1.30659676732326,2.9767752193285766,1.9345896734322239
104.000214086097,1.35045865047418,4.201187274471021,0.015733116926423207,0.31529885093902976,2.2401413974083155,2.985375184690845,1.951547164887127
104.000214086097,1.35126882576529,4.310096733094756,0.0028932673661934416,0.3988115164029544,2.53982129681809,2.762961601709339,2.0029168830782664
104.000214086097,1.35207900105641,4.381066515052801,0.14715511580703478,0.023153353050950898,2.095875047173326,2.9713221640700276,1.923714439030828
104.000214086097,1.35288917634753,4.50731528111125,0.42861366505292153,0.7150307434233092,1.6405412900367935,3.1817162563114856,2.094643447187152
104.000214086097,1.35369935163864,4.531206226591497,0.5019014422771626,1.111836949407195,1.653682842456881,3.2938220201042867,2.218489896167404
104.000214086097,1.35450952692976,4.479858866118946,0.6213983970423413,1.4511292830509959,1.7062567525051264,3.2216327795323316,2.296055215649948
104.000214086097,1.35531970222087,4.525080590883906,0.7461579150988982,1.539563323495397,1.7519556110289756,3.383838793558965,2.3893192468132285
104.000214086097,1.35612987751199,4.273241257202837,0.4435919490984226,1.3892506021500068,2.3721422512233126,2.860109539527695,2.2676671198404548
104.000214086097,1.35694005280311,4.611342514784532,0.8213251640854473,2.726013371087081,1.790438906314833,2.2068381015432443,2.4311916115630274
104.000214086097,1.35775022809422,5.12354620266991,1.098916855737997,1.9591467648670857,1.095408562498772,2.5782577400704056,2.371055225168834
104.000214086097,1.35856040338534,5.29993893094494,0.9202380652295723,1.696855866374591,1.1519957111722832,2.7023312465830465,2.3542719640608865
104.000214086097,1.35937057867645,5.537941385656822,0.6737654923412357,1.3738467663711766,1.3776680766294866,1.8916349371323378,2.1709713316262116
104.000214086097,1.36018075396757,5.717448710984456,0.7028147944345307,0.9916045509808313,1.173321573928984,1.475058214506948,2.01204956896715
104.000214086097,1.36099092925869,5.515370927018299,1.2254755566034135,1.9352121410153913,0.6741179206290653,2.1039731310614833,2.2908299352655304
104.000214086097,1.3618011045498,5.46827995734046,1.4646838219448597,2.393676094791509,0.15896319294384753,4.201738544531288,2.737468322310393
104.000214086097,1.36261127984092,5.213114148314197,1.6738760501932681,3.705004592955632,0.811562819023866,3.836755810755122,3.048062684248417
104.000214086097,1.36342145513203,5.614872158779431,2.552277673119878,3.621441447198169,1.7499750479409215,3.8034658179435397,3.4684064289963876
104.000214086097,1.36423163042315,5.6428361697915115,2.5708739637894453,3.6981814559866635,2.3218722972628285,3.694631169770968,3.585679011320283
104.000214086097,1.36504180571427,5.5645338228685475,2.4520738718896595,3.546011481274892,2.309962528245009,3.6382947102235335,3.5021752829003283
104.000214086097,1.36585198100538,5.414076415187662,2.350813887604417,3.3371182807379043,2.1716335475135438,3.6817539464380005,3.3910792154963056
104.000214086097,1.3666621562965,5.291581871900348,2.123321276994364,3.2983246115130065,1.9613563692893692,3.6421497363016044,3.2633467731997383
104.000214086097,1.36747233158761,5.515104456080348,1.8996982631517767,3.3323215394682073,2.1047722691780635,4.211017006934931,3.4125827069626653
104.000214086097,1.36828250687873,5.47555808030658,1.3286598292609497,2.6552382683538767,2.1620329327238963,4.341996174870403,3.1926970571031412
104.000214086097,1.36909268216985,5.061342360289103,0.35134809979194515,1.2469546642623932,1.5654429823548028,4.774944532023195,2.600006527744288
104.000214086097,1.36990285746096,5.452009692939086,0.57083491153492,1.199342387974859,0.9379846661604816,4.546196042626175,2.5412735402471043
104.000214086097,1.37071303275208,5.213329980417985,0.8492261636777627,1.6871395262986404,0.9145014405656724,4.049957346269647,2.5428308914459414
104.000214086097,1.37152320804319,4.891360286043206,0.6970357269247742,1.7574032487883642,0.8176680965621053,3.7519523083747117,2.383083933338632
104.000214086097,1.37233338333431,4.919569770885065,0.3982110185534964,1.7690911366804016,1.200210355548439,3.8122964298375663,2.419875742300994
104.000214086097,1.37314355862543,4.8395896332507,0.05968556229294464,1.6868443058677194,1.2583297330547012,4.288234575459565,2.426536761985126
104.000214086097,1.37395373391654,5.159039922359909,0.49837333518696525,1.7573259100605512,1.3674472416558672,3.7326027778087365,2.5029578374144057
104.000214086097,1.37476390920766,6.9497908690759544,2.0645198434966296,3.152769661271524,2.127470811319835,3.734311220788051,3.6057724811903986
104.000214086097,1.37557408449877,6.9636975431016666,1.8496287420989574,2.992546486178295,1.966774014486795,3.7590247868611293,3.5063343145453687
104.000214086097,1.37638425978989,6.492634880807259,1.1674133749301703,2.9224906793647705,1.7562256894730837,3.6911435771049597,3.2059816403360486
104.000214086097,1.37719443508101,6.2777377493418385,1.3116360325100196,2.782616587119783,1.5429194040567928,3.2193881543367873,3.0268595854730442
104.000214086097,1.37800461037212,6.886777209798538,1.8881440707357307,3.4022831544755547,1.8756578029527695,3.1142520629957815,3.433422860191675
104.000214086097,1.37881478566324,6.366027465661347,1.4292348340083194,3.542666438781808,1.8073836928879565,3.297378118771146,3.2885381100221154
104.000214086097,1.37962496095435,5.515526908068736,0.5296283002682678,2.8426460517360184,1.1614483925626367,2.75481643053768,2.560813216634668
104.000214086097,1.38043513624547,6.032797053096424,1.4722667674464915,3.4463784567103417,1.4619544390290677,2.87324025171538,3.057327393599541
104.000214086097,1.38124531153659,6.15800307713797,1.4438247929880106,3.54309567096303,1.6058125777869279,2.90975205239949,3.1320976342550857
104.000214086097,1.3820554868277,5.760245918189717,0.26800779586170265,3.1782291452781983,1.45498790910246,2.7289038252450517,2.678074918735426
104.000214086097,1.38286566211882,5.981486155048103,0.46134972413788944,3.306213470900307,1.7293332964303474,2.9355134278547297,2.882779214874275
104.000214086097,1.38367583740993,6.558833368388413,0.9593294542447914,3.4455447134493653,1.8425085549494895,2.853273174617584,3.131897853129929
104.000214086097,1.38448601270105,6.545864087306022,1.1673606526063196,3.6375148713923657,1.6256851709717104,2.7691023094316627,3.149105418341616
104.000214086097,1.38529618799217,6.720215492378848,1.7086127378715474,3.6730199383739865,1.6290381201034663,3.1276897268941575,3.3717152031244013
104.000214086097,1.38610636328328,6.184326553481547,1.75207382819152,3.6629450652304953,1.7393190692829563,3.5495015980615108,3.3776332228496058
104.000214086097,1.3869165385744,6.009665629814805,1.799897512931075,3.397948061803177,1.7203938146716595,3.7525359882315463,3.3360882014904525
104.000214086097,1.38772671386551,6.2991194091978215,1.71844490159366,3.255572210202555,1.784820401719795,3.856949814976872,3.3829813475381405
104.001024261388,1.31076006120949,4.629560079011238,1.5049574402426344,2.1118020381032494,1.4250891952486953,4.3424516363585965,2.802772077792883
104.001024261388,1.31157023650061,4.583790162569898,1.4524856075747685,2.149020662627862,1.406161976384368,5.240826553387059,2.966456992508791
104.001024261388,1.31238041179173,5.9085163982264,2.9138873108633803,3.5327545011066093,0.07955741281479689,5.421043709373368,3.571151866476911
104.001024261388,1.31319058708284,6.059904621075255,2.9666771102888205,3.677686531311057,0.1409156757910921,4.973158017891297,3.5636683912715044
104.001024261388,1.31400076237396,5.255438911055645,2.253735149798743,3.006735828394426,0.2678384230293389,4.280645148452162,3.012878692146063
104.001024261388,1.31481093766507,5.893256380436078,2.8864897542142813,3.648504312745839,0.3878354199824905,4.809389286338064,3.5250950307433504
104.001024261388,1.31562111295619,6.158580873228605,3.1653792057091046,3.944970510766691,0.5357055465095151,4.708921888750556,3.7027116049928943
104.001024261388,1.31643128824731,5.606550266591022,2.9397615152910994,3.861440642514264,0.4770653951591157,4.3446046022950355,3.445884484370107
104.001024261388,1.31724146353842,5.446431935927919,2.7872617353742513,3.705277238732819,0.5431475570491884,3.975411799154248,3.291506053247685
104.001024261388,1.31805163882954,5.3972436774543375,2.916473559828759,3.4787196061158348,0.354733183770481,3.6372574572861396,3.1568854968911104
104.001024261388,1.31886181412065,5.323564719673783,2.724124107832697,3.391613784066781,0.31371839803052026,3.8465953627101506,3.1199232744627863
104.001024261388,1.31967198941177,5.08435459659011,2.600375096031531,3.073807386044731,0.18023788538147656,3.638832585678454,2.9155215099452603
104.001024261388,1.32048216470289,4.9660700200509815,2.4090987287391137,2.785680962718722,0.12046229567080147,3.6166003410071,2.7795824696373437
104.001024261388,1.321292339994,5.160603447510063,2.1450639381685903,3.0873118651304097,0.055483326295302504,3.3614748954170004,2.761987494504273
104.001024261388,1.32210251528512,5.649861865938547,1.897682813711267,2.8137803864856252,0.21880301706356065,3.2653263824269594,2.769090893125192
104.001024261388,1.32291269057623,5.614252189434442,1.8094577492701092,2.6906515986685697,0.12107871188069197,2.9586968372515514,2.638827417301073
104.001024261388,1.32372286586735,5.199188711063773,1.3797055425990479,2.3221010569028486,0.2376564868057116,3.000462403002601,2.4278228400747963
104.001024261388,1.32453304115847,5.486798056196701,1.4467871953646245,2.3479050833510833,0.021531144446854,3.453651766187324,2.551334649109317
104.001024261388,1.32534321644958,5.579513516727399,1.7522650295979965,2.4281560024923152,0.16902486153107077,3.3701139474445228,2.659814671558661
104.001024261388,1.3261533917407,5.403449866162767,1.9806937174265826,2.5440058101886613,0.08817225775641191,2.75037728728676,2.5533397877642363
104.001024261388,1.32696356703181,5.282391966541322,2.19005635031359,2.5759325511138016,0.40402318176391105,2.325128997857778,2.5555066095180807
104.001024261388,1.32777374232293,5.248203055752608,2.2351895968690414,2.5796202944745197,0.4936178114978311,2.365126319403945,2.5843514155995893
104.001024261388,1.32858391761405,5.004281569847837,2.0105458071856397,2.181029172709053,0.38895054944715923,2.6339318683349333,2.4437477935049245
104.001024261388,1.32939409290516,5.4938316981189,2.182005550879861,2.210262292749288,0.7732589462640895,3.3518025300206524,2.8022322036065583
104.001024261388,1.33020426819628,5.528598153510476,1.6962908106662873,1.2656045237438818,0.5607852137202443,4.79489425847396,2.7692345920229697
104.001024261388,1.33101444348739,5.270253658851011,1.001312220156123,0.8021285313109665,0.4924705139517691,4.992994856427387,2.5118319561394515
104.001024261388,1.33182461877851,5.231015863115349,0.8682865920287206,0.6316580149116682,0.8705849448523182,5.21845222031812,2.5639995270452354
104.001024261388,1.33263479406963,5.129037156039427,0.9978580164658339,1.0547011117063825,1.9539073549579484,5.939683494176961,3.0150374266693105
104.001024261388,1.33344496936074,5.359277165844734,1.3057361745305478,1.8158658370217715,2.9822324186276354,5.645101373050981,3.421642593815134
104.001024261388,1.33425514465186,5.277262025465234,1.4887974518874394,2.452474002789515,2.5452469041517993,5.147010474272218,3.382158171713241
104.001024261388,1.33506531994297,5.260888642013221,1.7078071367965038,3.0043234780479757,2.3427693858323515,5.009268260467088,3.465011380631428
104.001024261388,1.33587549523409,5.336069618784975,1.8629323655047898,3.19642336468743,2.169457802539899,5.012391198529009,3.5154548700092207
104.001024261388,1.33668567052521,5.334652069773668,1.9876452919291339,3.1224118326138672,1.9324135196540695,4.908261459038979,3.4570768346019434
104.001024261388,1.33749584581632,5.32934612979853,1.8791657621649591,3.253326821869763,1.9631534849250798,5.028241976663562,3.490646835084379
104.001024261388,1.33830602110744,5.40731511007181,1.9285309508972688,3.350450682340554,1.705829200172655,4.926184759897524,3.4636621406759622
104.001024261388,1.33911619639855,5.41781267529457,1.8373562881611996,3.099870542627695,1.3655919454333798,4.8655427396744635,3.3172348382382615
104.001024261388,1.33992637168967,5.291350578684913,1.712538896960428,3.0371316321815307,0.7934349539319498,4.7808841375623174,3.123068039864228
104.001024261388,1.34073654698079,5.428230713910899,1.821959140961141,4.053068621124151,0.6550418793433046,4.720590553826085,3.335778181833116
104.001024261388,1.3415467222719,5.526956049133361,1.9763928993533568,3.1659322553805396,0.44543844482955564,4.240630135992706,3.0710699569379036
104.001024261388,1.34235689756302,5.545738545558169,2.189332748257698,3.262865983592551,0.36061015235006977,3.95292216770828,3.062293919493354
104.001024261388,1.34316707285413,5.417672037054729,1.93802743121433,3.3743697436874207,0.20031853651495624,3.5103318541682427,2.8881439205279356
104.001024261388,1.34397724814525,5.342304175211574,1.725161281530042,3.128734494860449,0.06460845468700427,2.832247965848456,2.618611274427505
104.001024261388,1.34478742343637,5.8219597869248325,2.0909302332138218,3.4673854874550543,0.26711718371277726,2.9703740646535763,2.9235533511920124
104.001024261388,1.34559759872748,5.403779142006311,1.6958781963066976,3.3899379092391015,0.30200341130842645,2.608925809629419,2.680104893697991
104.001024261388,1.3464077740186,4.912053802814363,1.2744685652342866,3.14567801241067,0.21650187904665685,2.0626125789680074,2.3222629676947966
104.001024261388,1.34721794930971,4.081652056454377,0.5372495508486281,2.1535868897328605,0.3144660325128896,1.2626718886345287,1.669925283636657
104.001024261388,1.34802812460083,4.172091581943519,0.5699876346479051,2.4427549115819964,0.17479929258877291,1.787034436753661,1.8293335715031709
104.001024261388,1.34883829989195,4.3469459474329,0.6212268835769912,1.8464579908629375,0.27105545856292323,2.0562980755746807,1.8283968712020866
104.001024261388,1.34964847518306,4.530082685328448,0.5059041099269699,0.40309008782357125,1.5133637966295623,2.5390642359471194,1.8983009831311342
104.001024261388,1.35045865047418,4.471896077412612,0.12425479851980015,0.4872115380247948,2.2232493403301916,3.157537942343879,2.0928299393262555
104.001024261388,1.35126882576529,4.3213024270594715,0.12121572021634819,0.41778410399131616,2.3241394844736583,2.9680962270226416,2.030507592552687
104.001024261388,1.35207900105641,4.346137227394664,0.09805476259829149,0.32012336789735585,2.0126281186768296,2.9581334400387895,1.947015383321186
104.001024261388,1.35288917634753,4.54242212307312,0.32477622733751943,0.8118994367414452,1.6777557260736344,3.200183286404389,2.1114073599260217
104.001024261388,1.35369935163864,4.689283367453211,0.30325307729214757,0.964885465815577,1.6189658515813647,3.327500282634059,2.180777608955272
104.001024261388,1.35450952692976,4.751797100957784,0.5486795550703327,1.7226470027938312,1.3110775881697876,3.4660175667553226,2.3600437627494117
104.001024261388,1.35531970222087,4.830814354965252,0.7301154967328216,1.8667656668808803,1.158928780930978,4.376137208013542,2.592552301504695
104.001024261388,1.35612987751199,4.3327022939409225,0.43491748633086047,1.8100118797593474,1.5699478124712378,2.9000512095650883,2.2095261364134915
104.001024261388,1.35694005280311,4.451679664727024,0.798439014543181,1.9622989239596222,1.2968721388999391,2.7897875481126917,2.2598154580484917
104.001024261388,1.35775022809422,4.5711465587135045,0.8898926877309528,1.924990327434518,1.1977036798652918,2.8279602772823402,2.2823387062053215
104.001024261388,1.35856040338534,4.757291116470078,0.9112429726326283,1.6516808590660759,1.1208295126318504,2.4104513381763795,2.1702991597954027
104.001024261388,1.35937057867645,4.923705518508218,0.5356758231389556,1.0775198643509007,1.506206133844593,1.6402069253836302,1.9366628530452594
104.001024261388,1.36018075396757,5.3316665599443915,0.6858099238495043,0.893568774878343,1.3397414548420414,1.2213288220858871,1.8944231071200335
104.001024261388,1.36099092925869,5.279282480165886,1.025505560668087,1.9204867843712066,1.109058344107936,1.5062620110447398,2.168119036071571
104.001024261388,1.3618011045498,4.98551778005459,0.988388385295579,1.9578444911435078,0.4499951280847121,2.365678259928181,2.149484808901314
104.001024261388,1.36261127984092,5.384524226849027,1.9969964504436,2.948791894445428,0.9210221607182092,4.920644569066791,3.2343958603046112
104.001024261388,1.36342145513203,5.420720004026393,2.408819881336001,3.7394150622328404,1.6989029835782148,3.7928710644754844,3.4121457991297865
104.001024261388,1.36423163042315,5.438563180983195,2.558719096181864,3.7848696396259385,2.47038452845279,4.012072523406449,3.652921793730047
104.001024261388,1.36504180571427,5.149408889897121,2.1453484300615173,3.413184744475373,2.1580558736672693,3.9883050318692597,3.370860593994108
104.001024261388,1.36585198100538,5.457019192605372,2.386996952035748,3.6757239874617262,2.2758794817774373,4.090630551180894,3.5772500330122354
104.001024261388,1.3666621562965,5.578636219911196,2.3937731267097533,3.7226291964100717,2.169189876953606,4.150667617123119,3.602979207421549
104.001024261388,1.36747233158761,5.4642056937896015,2.0295301190666493,3.40190765947003,2.0705147948840583,4.0425651971704895,3.4017446928761657
104.001024261388,1.36828250687873,4.73566898550898,0.8023338780647897,2.2079357801402857,1.6590127869493614,4.005653599294959,2.682121005991675
104.001024261388,1.36909268216985,5.470725485226108,0.9392538527215102,1.9443279552196806,1.830582656463644,4.8528156621845255,3.0075411223630937
104.001024261388,1.36990285746096,5.415384109818255,0.9297393993117105,1.6552016279638053,1.089514679169941,4.631586788389036,2.7442853209305498
104.001024261388,1.37071303275208,4.945490188863271,0.9835446646995933,1.8362188664021595,0.8728641368766681,4.008112507613536,2.5292460728910457
104.001024261388,1.37152320804319,4.6900108075848905,0.9216759451010219,1.9949226894739667,0.6485962572983119,3.8225852577348576,2.4155581914386097
104.001024261388,1.37233338333431,4.577631552018428,0.38900639346212884,1.5015491011435849,0.7581553602620303,4.369980228791569,2.319264527135548
104.001024261388,1.37314355862543,4.699346805687604,0.0029844875788285208,1.3607506073297095,0.7502569549263747,4.93488295769497,2.3496443626434975
104.001024261388,1.37395373391654,5.181801979617319,0.6754079870488603,1.6670950992651967,1.2570017664004283,4.247442188287621,2.605749804123885
104.001024261388,1.37476390920766,6.31101851316836,1.4351179261672584,2.630507078215647,1.8488543975868055,4.438015997446509,3.332702782516916
104.001024261388,1.37557408449877,6.154115332738439,1.1696007777075188,2.646286984695273,1.8341461597271653,3.9920255259093196,3.159234956155543
104.001024261388,1.37638425978989,6.886122876277412,1.1689160935599183,1.8730013618236647,1.2348074582812636,3.3754712088861503,2.9076637997656816
104.001024261388,1.37719443508101,6.593775932646633,1.3592461547843442,2.453036969938296,1.4973667641678823,3.187162515168694,3.01811766734117
104.001024261388,1.37800461037212,6.812416677859758,1.6817677867279528,2.911212830994664,1.527008943116435,2.4164184505953834,3.0697649378588387
104.001024261388,1.37881478566324,6.6025732779228115,1.3280143946831515,3.172926845469661,1.4943801205713392,2.5237582732316106,3.0243305823757147
104.001024261388,1.37962496095435,6.178376980974122,0.4774196469101213,2.8301541243176125,1.528197512557437,2.5034300826077,2.7035156694733984
104.001024261388,1.38043513624547,6.428707471553526,0.32735298460556095,3.288478281185096,1.793714269442436,2.514150564769018,2.8704807143111273
104.001024261388,1.38124531153659,6.588587481084911,0.7050112786331013,3.9796585678788645,1.9612574128804212,2.89017189501698,3.2249373270988557
104.001024261388,1.3820554868277,6.327828077125908,0.9295988177665144,3.954201100415659,2.0658904834982685,3.4664752964028374,3.3487987550418374
104.001024261388,1.38286566211882,5.859133522332563,1.2925284824656167,3.6913863528336393,1.7675018627163617,3.5472759768147597,3.231565239432588
104.001024261388,1.38367583740993,5.8750927361951994,1.4741774797908676,3.84719467515405,1.840078655910478,3.7373984460220555,3.35478839861453
104.001024261388,1.38448601270105,5.673286791066161,1.2853534208459827,3.31100548177891,1.538172696389605,3.591092764371865,3.0797822308905047
104.001024261388,1.38529618799217,5.53518914714083,1.6026339564353407,3.1453799822891213,1.2622837355726517,3.4885132937261893,3.0068000230328265
104.001024261388,1.38610636328328,4.929599835595155,1.7074803916527443,2.8839787783955018,0.9874380219010135,3.5260354752435887,2.806906500557601
104.001834436679,1.31076006120949,4.638932859145218,1.5150744543260366,2.0014258906979805,1.1994033588331732,3.9779358552654998,2.6665544836535817
104.001834436679,1.31157023650061,4.630714851469456,1.378250607634918,2.0291739453683704,1.3903458084596174,4.88412779167313,2.8625226009210984
104.001834436679,1.31238041179173,6.034928436454447,2.842693787924283,3.571344149096717,0.19657358041238382,4.86715284845026,3.502538560467618
104.001834436679,1.31319058708284,6.354353193539335,3.2886852909568205,5.003291722702539,0.14978935112299752,4.387653323041363,3.836754576272611
104.001834436679,1.31400076237396,5.591581799678469,2.6174183454561515,3.2315793782380204,0.2815297864844091,3.8131924357375837,3.107060349118927
104.001834436679,1.31481093766507,6.084892234255928,3.1376695748207695,3.7773197799497886,0.2706539974809665,4.403119005568662,3.534730918415223
104.001834436679,1.31562111295619,5.767377278087853,3.0906440404356452,4.149773288927111,0.5818256830832915,4.517377583183215,3.6213995747434233
104.001834436679,1.31643128824731,5.7967277001223,3.0378484234741414,3.8739080263628303,0.4002624624594482,4.176159269210103,3.4569811763257645
104.001834436679,1.31724146353842,5.695996034093223,3.0874648106646774,3.8324811525557827,0.6742704526499992,3.7577019586199256,3.4095828817167217
104.001834436679,1.31805163882954,5.740851805233987,3.190777742603359,3.886368063287428,1.0011889026879999,3.6309235625148126,3.4900220152655175
104.001834436679,1.31886181412065,5.63832830374924,3.3086844774062385,3.7362782688303504,0.7266617329745664,3.6732261922846803,3.4166357950490154
104.001834436679,1.31967198941177,4.733870830442488,2.3296939079026195,2.8341274089149806,0.1898600331072302,2.90182806071887,2.5978760482172376
104.001834436679,1.32048216470289,4.72144363210926,2.15773303285129,2.7538351003940598,0.2720234557469041,3.085206812098278,2.5980484066399585
104.001834436679,1.321292339994,5.327121807970208,2.4129424436152576,3.2702144422796025,0.09606292266770566,3.450678850137159,2.9114040933339864
104.001834436679,1.32210251528512,5.506509862326222,2.162180540288279,3.2100543554685395,0.1077588418298383,3.3091572916165504,2.859132178305886
104.001834436679,1.32291269057623,5.666229152642323,2.136916666256443,2.8356696627890976,0.19823746390151697,3.237064881871401,2.8148235654921563
104.001834436679,1.32372286586735,5.599605910849146,2.0611601105548765,2.913819091277169,0.2604624467737615,3.3434688577506932,2.8357032834411293
104.001834436679,1.32453304115847,5.480984188885383,1.979002579527453,2.7078734667744335,0.21127084768191295,3.40298893388508,2.7564240033508525
104.001834436679,1.32534321644958,5.484138672217064,2.062545869020031,2.7765557605588924,0.04406580607749433,3.113613331814232,2.6961838879375426
104.001834436679,1.3261533917407,5.497955792724039,2.0848852431403735,2.4247822049186247,0.13460288796714082,2.4222460524966642,2.5128944362493684
104.001834436679,1.32696356703181,5.509008151649404,1.9202794504064293,2.018933934893969,0.1811327761338397,1.8703206322466777,2.299934989066064
104.001834436679,1.32777374232293,5.43298732729302,2.1735544672957694,2.1708381645405375,0.3042193067832244,2.0553839007769454,2.4273966333378993
104.001834436679,1.32858391761405,5.274180466324427,2.2906343265913485,2.5725907432275683,0.49779659454100766,2.468874276910398,2.62081528151895
104.001834436679,1.32939409290516,5.335995723543455,2.2123131618076783,3.468068006454107,0.6051595224911885,2.767580193750252,2.8778233216093363
104.001834436679,1.33020426819628,5.409160471198881,1.5483929402712207,1.7826463926086973,0.4013038488461653,3.855903116364786,2.59948135385795
104.001834436679,1.33101444348739,5.304333816755722,0.9063273156799916,1.0131743831142472,0.20913980537574162,4.053397255986145,2.2972745153823695
104.001834436679,1.33182461877851,5.247513675675169,0.9477753351463605,1.1719975664901625,0.8517838310228214,4.639325366058252,2.571679154878553
104.001834436679,1.33263479406963,5.107423037606658,0.9644681635595589,0.9756566986221458,1.6219345012505215,5.057443580245106,2.745385196256798
104.001834436679,1.33344496936074,5.175305728491736,1.0088210965852404,1.0452661523122408,2.366650473277435,5.339392612113514,2.987087212556033
104.001834436679,1.33425514465186,5.247500294655172,1.3236813017249922,1.6014080686376388,2.1376698379645873,5.140227614709293,3.0900974235383365
104.001834436679,1.33506531994297,5.219894760026783,1.471398073678941,2.0633322835318957,1.8183872510902113,4.8259349414255865,3.0797894619506834
104.001834436679,1.33587549523409,5.308213321244111,1.6887648745211834,2.533956471935003,1.7687584878377152,4.943880972425255,3.2487148255926535
104.001834436679,1.33668567052521,5.256835780500051,1.8020842749781316,2.8128561751342183,1.8153103706099962,5.1441678435359535,3.36625088895167
104.001834436679,1.33749584581632,5.27648080964256,1.8324776334855848,3.0226253471071978,1.8076259375196067,5.069392098222565,3.401720365195503
104.001834436679,1.33830602110744,5.2671727207466255,1.865171884026843,3.8564378007177886,1.774220822572108,4.834139630069888,3.5194285716266505
104.001834436679,1.33911619639855,5.384734186559577,1.7771780197193117,2.7337750769254896,1.402261397956174,4.429393770127053,3.145468490257521
104.001834436679,1.33992637168967,5.319719078916698,1.7011044681384,2.734851512902484,1.4843403517062796,4.561521483219561,3.1603073789766847
104.001834436679,1.34073654698079,5.4019598868481395,1.872779412443112,4.061819356198374,1.2806524052394188,4.76954590040128,3.4773513922260646
104.001834436679,1.3415467222719,5.108486591928688,1.6000095696765904,2.883692687078689,0.7389748359403505,4.076095247616447,2.881451786448153
104.001834436679,1.34235689756302,5.4049554302059555,1.9047450488810576,3.1513650469719536,0.6981596331933808,3.620363160010765,2.9559176638526226
104.001834436679,1.34316707285413,5.377551148325182,1.87638192757721,3.2678573255986905,0.35283939155934263,3.0994438453615025,2.7948147276843853
104.001834436679,1.34397724814525,5.041294344552391,1.3605245600628884,2.8704643421596074,0.03867247749295899,2.794964292627519,2.421184003379073
104.001834436679,1.34478742343637,5.540480408562338,1.8718648188861877,3.453538666922551,0.3542577867607939,2.7655268366096095,2.797133703548296
104.001834436679,1.34559759872748,5.360285330613991,1.7799061403365535,3.3823322384214904,0.5571018319533714,2.461852046635549,2.708295517592191
104.001834436679,1.3464077740186,4.654078364198583,1.0893325891351608,2.7831538012062857,0.21907827458640838,1.6756052689572307,2.0842496596167335
104.001834436679,1.34721794930971,4.479678035595647,0.9372625430262467,2.428422207222809,0.12762976776755508,1.2105367448197306,1.8367058596863977
104.001834436679,1.34802812460083,4.665288054173452,1.0350061458234805,2.6596563265483333,0.46255050528571573,1.5571788850300905,2.075935983372214
104.001834436679,1.34883829989195,4.677094115448007,0.9040731197437033,1.4096667178163038,0.4892266251598443,1.7639342701311165,1.848798969659795
104.001834436679,1.34964847518306,4.715465977626081,0.9498031796033999,0.4901912096860386,1.9014344899215203,2.2820219311525705,2.0677833575979223
104.001834436679,1.35045865047418,4.487459634412247,0.49944619991772754,1.018183364569392,2.431465559900552,2.7872663672712576,2.2447642252142352
104.001834436679,1.35126882576529,4.347398316510635,0.11281382294519204,0.5487979866817625,2.342755084156135,2.7890227982796816,2.028157601714681
104.001834436679,1.35207900105641,4.437788475957699,0.26702226779464056,0.5597216239897591,1.7849097468678892,2.98837785040471,2.0075639930029396
104.001834436679,1.35288917634753,4.559015444116696,0.3379547760517063,0.8428634893091882,1.963346022050743,3.1125748818025762,2.163150922666182
104.001834436679,1.35369935163864,4.814335681783614,0.41736341459867177,1.3384738218020118,1.7611369263545775,3.1636678541464214,2.298995539737059
104.001834436679,1.35450952692976,4.85267510544908,0.6071016350057796,1.876857404607403,1.4268933649497306,3.1589455950482233,2.3844946210120432
104.001834436679,1.35531970222087,4.910980663209543,0.7624125294976061,2.00523518222888,1.1090244816824573,3.218601705364218,2.4012509123965406
104.001834436679,1.35612987751199,5.040536247363399,1.123186018795284,2.4855233290956527,0.8244554836909757,3.2885887222328627,2.5524579602356345
104.001834436679,1.35694005280311,4.557395273378567,0.8760747381018916,2.273264359279768,0.9312147321418749,3.3221263890587096,2.392015098392162
104.001834436679,1.35775022809422,4.7882103429008716,1.2861640923820694,2.539595759821964,0.7620640978573263,3.363654840993238,2.547937826791094
104.001834436679,1.35856040338534,4.755664442605216,1.10942985859446,2.980328737877464,0.9772054657958194,2.6127771733687837,2.4870811356483484
104.001834436679,1.35937057867645,4.523369593687352,0.6837187563739526,1.6586549196219238,1.3485146774127408,2.047087861937804,2.0522691618067546
104.001834436679,1.36018075396757,4.710023916715006,0.6104014392492871,1.4376756214692676,1.5065865336387496,1.408561578905232,1.9346498179955085
104.001834436679,1.36099092925869,4.878504566277687,0.8665339832783694,1.70816806233859,1.4158375223948099,1.533914637372149,2.080591754332321
104.001834436679,1.3618011045498,4.907933970630289,1.0609323997366076,1.9984613831368598,0.579262322991152,1.9738185642649206,2.1040817281519657
104.001834436679,1.36261127984092,5.219040788944021,1.7911578059084192,2.643100817959702,0.46288278802072824,3.5412532932931704,2.731487098825208
104.001834436679,1.36342145513203,5.503967591142828,2.217299688073357,3.338857064517704,1.36811304172085,3.8404274655641117,3.25373297020377
104.001834436679,1.36423163042315,5.51795030747477,2.5399309150925617,3.514955298926356,2.2355981872315382,4.148496560912722,3.5913862539275896
104.001834436679,1.36504180571427,5.049517428243458,1.9533884345524406,3.2877401299142193,1.9933960707808644,3.8855418433444093,3.2339167813670784
104.001834436679,1.36585198100538,5.349423095770728,2.3651816368778142,3.749759520074143,2.1707047210539834,4.029990457648697,3.533011886285073
104.001834436679,1.3666621562965,5.517909795725753,2.427461722948248,4.034848003721358,2.3251272112264587,4.228259152657749,3.7067211772559134
104.001834436679,1.36747233158761,5.904204149300249,2.28425538689304,3.7800696303023003,2.2062581839231505,4.239988943841009,3.68295525885195
104.001834436679,1.36828250687873,5.560343450105531,1.5021427167683505,2.808614980297122,2.0300115545351822,4.6895748696747965,3.3181375142761964
104.001834436679,1.36909268216985,5.4784467665835415,1.143445096455281,2.2096811675930077,1.5472466422314604,4.6105693570066,2.997877805973978
104.001834436679,1.36990285746096,5.1519099698337385,1.029914835339902,1.8842371330533254,0.8423923683634307,4.1439548608781145,2.610481833493702
104.001834436679,1.37071303275208,4.993525378753823,1.0692324293370774,2.146227104559923,0.9794442499090863,3.877630940592738,2.6132120206305296
104.001834436679,1.37152320804319,4.604125763476571,0.5003934170822077,2.0462360268326236,0.5845433791743844,3.8500142308895384,2.317062563491065
104.001834436679,1.37233338333431,4.59393102283693,0.1308990846423832,1.2818722190769947,0.6603806671582859,5.26949213000961,2.387315024744841
104.001834436679,1.37314355862543,4.556531432023288,0.47407290835320026,0.6995195238052965,0.5923930084854376,6.6208081742641625,2.588665009386277
104.001834436679,1.37395373391654,4.707140723971502,0.1922307583193117,1.0906658445471287,0.7138480614381599,5.415960905104875,2.4239692586761956
104.001834436679,1.37476390920766,5.775356652617003,0.980215709550933,2.1281007234323646,1.564485609642329,4.9728718739656514,3.084206113841656
104.001834436679,1.37557408449877,6.202715286691404,1.5609127034540613,2.5848186272164817,1.8962044935598925,4.656650909113271,3.3802604040070223
104.001834436679,1.37638425978989,7.014335990534747,1.7462789779094017,2.279904069524342,1.2616939375408016,3.7683270344361404,3.2141080019890866
104.001834436679,1.37719443508101,6.761777671147829,1.82705850378154,2.6283794796402127,1.354748436529789,4.673560243121997,3.449104866844274
104.001834436679,1.37800461037212,6.70353773444295,1.7735852968740282,2.9397696055690936,1.5231163172691211,2.321520919504863,3.052305974732011
104.001834436679,1.37881478566324,6.4289525483516385,0.774707484703157,2.6856983243731456,1.4519871402428883,2.392391022992829,2.7467473041327315
104.001834436679,1.37962496095435,6.70809257386567,0.7109317641190778,3.164841215759683,2.0521340540459754,2.7079280463776136,3.068785530833604
104.001834436679,1.38043513624547,6.51355277570725,0.623060270730047,3.621306137056404,2.3150120251724857,3.3039521479811214,3.275376671329462
104.001834436679,1.38124531153659,5.839081995717191,1.28661600427915,3.8569854218067405,1.8512355977446084,3.278151434020785,3.222414090713695
104.001834436679,1.3820554868277,5.255124153982948,1.49037157842913,3.251347655507484,1.4338045847839105,3.5237280552841206,2.9908752055975185
104.001834436679,1.38286566211882,5.0449634849496405,1.7479925447517886,3.243445335887209,1.36614313499933,3.943259379386859,3.0691607759949653
104.001834436679,1.38367583740993,5.187788893303441,1.8279196519048497,3.375307618954025,1.472036179924622,3.9939646809578377,3.171403405008955
104.002644611971,1.31076006120949,4.968671100963103,1.8557803162864843,2.7339476200919606,0.7127847354949246,4.461322219083645,2.9465011983840235
104.002644611971,1.31157023650061,5.004015765689488,1.7955407397522087,2.2084688632050167,1.2154615285398194,4.01656620798725,2.8480106210347564
104.002644611971,1.31238041179173,6.144293590358853,2.9112508050183052,3.469545770375383,0.35533294797956216,4.399386383852423,3.4559618995169052
104.002644611971,1.31319058708284,6.668868620448347,3.3505791011111583,4.21589551499051,0.021706313890692996,4.125578410565893,3.6765255922013202
104.002644611971,1.31400076237396,6.223955486135285,3.2510892337404655,3.732804616274624,0.2650798961090963,4.257029636118805,3.545991773675655
104.002644611971,1.31481093766507,6.008565811143658,3.2350506722971524,3.833476262874939,0.37114562851402155,4.582986582235829,3.60624499141312
104.002644611971,1.31562111295619,5.946510640958014,3.100188631495584,3.8883821959945237,0.38024530167411186,4.42941760385045,3.5489488747945366
104.002644611971,1.31643128824731,5.810697140526802,3.2688113245468386,3.840479913902506,0.3321505351808476,4.205694320805616,3.491566646992522
104.002644611971,1.31724146353842,5.693600740588511,3.164197465788952,3.854730649910689,0.5234123403228459,3.8857309615636666,3.424334431634933
104.002644611971,1.31805163882954,5.824383175195511,2.934102782001812,3.7830484295681046,0.33416231037082156,3.522375062117945,3.2796143518508387
104.002644611971,1.31886181412065,5.8610434367442,2.934203577459943,3.865629939478591,0.3584986516758555,3.622086255953132,3.3282923722623443
104.002644611971,1.31967198941177,5.177432092012317,2.615915811083017,3.3277227143405277,0.2997278843398128,3.4242550132308693,2.9690107030013086
104.002644611971,1.32048216470289,5.004759184653558,2.5612203549688104,3.3252591074767324,0.48288876629914057,3.664402177650299,3.007705918209708
104.002644611971,1.321292339994,5.469279326603186,2.892348129519192,3.849930811779874,0.8042515194482505,3.880832906554943,3.379328538781089
104.002644611971,1.32210251528512,5.386675423056918,2.9194156175936037,3.902144578769949,0.5107625599340508,3.7206926353660776,3.28793816294412
104.002644611971,1.32291269057623,5.528438010533431,2.535544592403191,3.579737682300607,0.3874654895501024,3.618940588728819,3.13002527270323
104.002644611971,1.32372286586735,5.557600260988902,2.1612492671542114,3.1123720104067303,0.5795375136158434,3.5703210211275085,2.996216014658639
104.002644611971,1.32453304115847,5.5764620762273225,2.049800492051965,2.9906978781484135,0.5547675390405367,3.359276676349918,2.906200932363631
104.002644611971,1.32534321644958,5.516781570390847,1.9313240959333484,2.98384740394032,0.44326769283409106,3.1105346576759807,2.7971510841549176
104.002644611971,1.3261533917407,5.541379651020058,1.8334094245590293,2.798605965295998,0.27961448221333995,2.4812577217283582,2.586853448963357
104.002644611971,1.32696356703181,5.467668339018768,1.427412853763073,2.0029861796442603,0.17741254595848588,2.2621504078278534,2.267526065242488
104.002644611971,1.32777374232293,5.414259757301426,1.7974667120224623,2.1492588284040117,0.3051668219428443,2.194014302270862,2.3720332843883214
104.002644611971,1.32858391761405,4.895979746057481,1.4171024460865986,2.0474034106692294,0.23328549447290925,2.444920945401641,2.2077384085375718
104.002644611971,1.32939409290516,4.908156289201514,1.3264223250483163,1.9038281699922806,0.34580239889466213,2.64695448722739,2.2262327340728327
104.002644611971,1.33020426819628,5.33294026805266,1.4371949053920048,1.7606992354236901,0.24682289867500273,2.615068190646685,2.2785450996380083
104.002644611971,1.33101444348739,5.261274886683676,1.0378878602467871,1.3766812260661219,0.25545613959332414,4.179539292690812,2.4221678810561444
104.002644611971,1.33182461877851,5.262134841094351,1.4546172168654152,1.8795816001568717,0.7143580019089661,3.460989898857566,2.554336311776634
104.002644611971,1.33263479406963,5.157455423898309,1.7192514012614986,1.7468401148120059,1.3062515800000334,4.338392922536272,2.8536382885016236
104.002644611971,1.33344496936074,5.087996839306587,1.1905067634917543,1.2980295483630329,1.4326408112964621,4.588190283360358,2.719472849163639
104.002644611971,1.33425514465186,5.056765299020391,1.0223534828512513,1.118666577835885,1.1283853827805572,4.610737071910712,2.5873815628797594
104.002644611971,1.33506531994297,4.938788915467928,1.0350741961296457,1.0597851438386456,0.48765387971375773,4.589483592750263,2.422157145580048
104.002644611971,1.33587549523409,4.9398753211278645,1.0523455227753296,1.2186598560436543,0.5122466496974667,4.881767357211,2.5209789413710633
104.002644611971,1.33668567052521,4.95814575843843,1.0865746487301848,1.324938899589121,0.5126176337753741,4.651620079477123,2.506779404002047
104.002644611971,1.33749584581632,5.037469529243815,1.2616417295714122,2.0768470118979003,0.8489639497825152,4.954707062599326,2.8359258566189935
104.002644611971,1.33830602110744,5.1100937221453755,1.4296049712980121,2.3816497623355524,1.173616458606329,4.756740600638722,2.970341103004798
104.002644611971,1.33911619639855,5.13424349118311,1.4955598847867329,2.5297290746950054,1.309421773855302,4.754232562461926,3.0446373573964154
104.002644611971,1.33992637168967,5.309489307126224,1.5716519268470002,2.7836197434357004,1.5929042359783239,4.782889453793736,3.208110933436197
104.002644611971,1.34073654698079,5.5862587600323295,1.9060850452925706,3.0366495930535002,1.603363255879529,4.602222799594653,3.3469158907705165
104.002644611971,1.3415467222719,5.419034435900336,1.8025383251832992,3.189655758969149,1.6101649001040066,4.391255046646389,3.282529693360636
104.002644611971,1.34235689756302,5.307181959357674,1.662184824643763,3.398592194254995,1.0730198399715398,3.7249381737174403,3.0331833983890824
104.002644611971,1.34316707285413,5.370740503577689,1.7039281307272631,3.3291264392623567,0.9048328417138514,3.183955044903172,2.8985165920368665
104.002644611971,1.34397724814525,5.35455490708161,1.6725545182176695,3.2470990508249606,0.7734843933790074,2.9050868467314217,2.790555943246934
104.002644611971,1.34478742343637,5.453866086542472,1.7880078020650565,3.485972312376962,0.5737932977896492,2.722759589820008,2.8048798177188297
104.002644611971,1.34559759872748,5.190987458367708,1.4348771166902878,2.9478366009877597,0.6435404702822183,2.2491467911910483,2.4932776875038045
104.002644611971,1.3464077740186,4.566041641218497,0.8680967911640884,2.3912795736268855,0.4028133966096199,1.7850612867131446,2.002658537866447
104.002644611971,1.34721794930971,4.541575173298046,0.9291718809839402,2.39259113554073,0.3472497491765054,1.336173887705705,1.9093523653409854
104.002644611971,1.34802812460083,4.998250299312389,1.3677148951551246,2.6053937206802757,0.3921193073238385,1.5773975967824256,2.1881751638508105
104.002644611971,1.34883829989195,4.742698448278752,1.0819321999786986,0.693885258971072,0.773632376200748,1.4978317415042994,1.757996004986714
104.002644611971,1.34964847518306,4.78346454628371,1.1251545384839723,1.0640769040152023,2.0700105329013887,1.6736765249151304,2.143276609319881
104.002644611971,1.35045865047418,4.759611635488561,0.9114330182206984,1.138477843753666,2.103735992827815,2.393813374676,2.261414372993348
104.002644611971,1.35126882576529,4.681290166380606,0.6729979167356674,0.10128681937995054,1.6067391271864473,2.954684299807269,2.0033996658979882
104.002644611971,1.35207900105641,4.554679030230396,0.37902845975906274,0.8394982642559121,1.3167088944111853,2.975698641563099,2.013122658043931
104.002644611971,1.35288917634753,4.6434550933994565,0.2250688663778213,0.7894394317642792,1.460445343561993,3.061496523051577,2.0359810516310253
104.002644611971,1.35369935163864,4.849167748870997,0.29849206564396624,1.0529060365444494,1.5981150065162595,3.0693451324494596,2.1736051980050264
104.002644611971,1.35450952692976,4.875351599134049,0.37583720232744966,1.1905561449510778,1.6948697835902387,2.816321519721093,2.1905872499447816
104.002644611971,1.35531970222087,5.144990488073081,0.7641905834721641,1.74938596123798,1.0005906417860722,2.643912159691311,2.2606139668521217
104.002644611971,1.35612987751199,5.118941106355937,1.0762785003602389,2.4247884183573163,0.5738432236157536,3.02422550578369,2.443615350894587
104.002644611971,1.35694005280311,5.246015780158661,1.5163381327937877,2.6935247817074917,0.22423591688730227,3.73142186059523,2.6823072944284947
104.002644611971,1.35775022809422,5.159814482794015,1.674819485954977,3.056817229974804,0.26588291356638294,3.8318498212100813,2.797836786700052
104.002644611971,1.35856040338534,5.066714136118122,1.3756093189489498,2.5852374932682984,0.23787035871372808,3.332328511253145,2.5195519636604486
104.002644611971,1.35937057867645,4.803395710172836,1.0592665172670088,2.256590459391578,0.6204988024226168,2.9214507195033335,2.3322404417514746
104.002644611971,1.36018075396757,4.650569166224596,1.0378487096808975,2.31107792549286,0.6239351347648103,2.7433828393271185,2.2733627550980566
104.002644611971,1.36099092925869,4.610265624407358,1.03764665870888,2.25742903759512,0.9973340172951275,2.455286143261695,2.271592296253636
104.002644611971,1.3618011045498,4.436239721203734,0.7004004623512081,1.7677628441898996,0.7630674874323091,2.353922751656043,2.004278653366639
104.002644611971,1.36261127984092,4.631823737182998,1.0954393434124512,1.928856267736336,0.16602962336685323,3.5429268318111404,2.2730151607019558
104.002644611971,1.36342145513203,5.07615918740003,1.346925600203054,2.2518283121830507,0.8226489624106392,3.953866783435892,2.6902857691265334
104.002644611971,1.36423163042315,5.306512000904242,1.4527199709829475,2.6096370803452693,1.2818267961579473,4.302260522971366,2.9905912742723544
104.002644611971,1.36504180571427,5.2486333105138705,1.690335595749822,2.8191818386796967,1.5982625504401113,4.300737273691606,3.1314301138150213
104.002644611971,1.36585198100538,5.055331771076325,1.7876948137381667,3.220952357996744,1.7108379483890062,4.344876194840907,3.22393861720823
104.002644611971,1.3666621562965,5.7185923924836395,2.327305321847625,3.6510871143384627,2.1318789005742396,4.538944338810424,3.673561613610878
104.002644611971,1.36747233158761,5.793651196717949,2.1202465764941714,3.4013824298433413,2.048391692636372,4.502010881779384,3.5731365554942434
104.002644611971,1.36828250687873,5.644842974320632,1.4346727013564795,2.431484244697444,1.7755750842542817,4.9824862632652405,3.2538122535788156
104.002644611971,1.36909268216985,5.617370602738298,1.447254402424612,2.4602567576885903,1.5505816945095496,4.862051051381496,3.187502901748509
104.002644611971,1.36990285746096,5.105203956012357,1.1885891091610468,1.9813669907131235,1.016578249520112,4.017843055277957,2.6619162721369194
104.002644611971,1.37071303275208,4.818892150085986,0.9939133233696076,2.0107157248310514,0.6554128558984864,3.4003620916382182,2.37585922916467
104.002644611971,1.37152320804319,4.57034502450426,0.6160991146653139,2.0425741814081775,0.5665838198409823,3.736868226644102,2.306494073412567
104.002644611971,1.37233338333431,4.5604517950136625,0.2075549945400681,1.64071024214077,0.6375038469780918,4.951501366243882,2.3995444489832947
104.002644611971,1.37314355862543,4.640123927270505,0.218587665074363,1.1904062448410393,0.8164464161081284,6.3365666510440946,2.640426180867626
104.002644611971,1.37395373391654,4.228268712460757,0.17713691829587574,0.84675398046274,0.12347616470443157,4.810142037829351,2.0371555627506313
104.002644611971,1.37476390920766,5.405226481799559,0.886846577302105,1.9336997830325622,1.3361332487000013,4.978531090564903,2.908087436279826
104.002644611971,1.37557408449877,6.547332535686149,1.8829788850264393,2.79819270516532,1.7549460736548248,4.944344371052871,3.585558914117121
104.002644611971,1.37638425978989,7.024618606773679,2.3234000520570923,3.041447807401031,1.62246707719817,4.20174038159135,3.642734785004264
104.002644611971,1.37719443508101,6.859589482102518,2.2364944611563082,3.321870645707971,1.6371789968315866,2.2573505195514194,3.2624968210699605
104.002644611971,1.37800461037212,5.737654619988103,1.3080418728113514,2.6157188002058582,1.31118183727677,2.5016828694787208,2.6948559999521606
104.002644611971,1.37881478566324,5.93245605355634,1.3608587174062912,3.2387527724314893,1.7033794500249861,3.191422807174739,3.085373960118769
104.002644611971,1.37962496095435,5.487139398989239,1.4198871443574674,3.6206631648611562,1.868479165261892,3.3519842241212956,3.14963061951821
104.002644611971,1.38043513624547,4.796921751618822,1.3481970646402779,2.8939492855092084,1.2733444360340016,3.542125537618926,2.770907615084247
104.002644611971,1.38124531153659,4.434251295348265,0.7457789575667384,2.523337800923432,0.794637303396204,3.893957618179787,2.478392595082885
104.002644611971,1.3820554868277,4.556190603710235,1.0885617912737722,2.6081917845990503,0.6978127002435883,4.105937493790648,2.611338874723459
104.002644611971,1.38286566211882,4.58223470977277,1.6184601993820493,2.5415719557486582,0.6146085600044096,2.8098028617914466,2.4333356573398666
104.003454787262,1.31076006120949,4.877474740143178,1.7577496896658111,2.592172791871217,0.648894407512902,3.8069820925013147,2.7366547443388844
104.003454787262,1.31157023650061,5.014148595083043,1.7502026608407881,1.9922087958568682,1.1781396752970004,3.5377901516677674,2.694497975749093
104.003454787262,1.31238041179173,5.656158224949955,2.4371657127835498,2.7395993862782717,0.7117456642025672,3.894458180048531,3.087825433652575
104.003454787262,1.31319058708284,6.139453700076491,2.9602318843695095,3.529632918981651,0.044433605038697976,4.175123415691964,3.3697751048316626
104.003454787262,1.31400076237396,5.867655635448266,2.981713870135298,3.9003908108806797,0.15015652978384253,4.035066405439171,3.3869966503374513
104.003454787262,1.31481093766507,5.997440471553041,3.25098595124793,3.8273256499006365,0.10357106325968957,4.455352526193533,3.526935132430966
104.003454787262,1.31562111295619,5.692629359475351,2.9006456226163273,3.6054030184056707,0.32693379622326546,4.2236809585591075,3.349858551055944
104.003454787262,1.31643128824731,5.768477193857471,2.806534021503122,3.76971197671066,0.13546083216604998,4.213678737585216,3.338772552364504
104.003454787262,1.31724146353842,5.862359719542482,3.1561397331692547,3.9309414558988713,0.22448111392007064,3.6985841074664414,3.374501225999424
104.003454787262,1.31805163882954,6.038222292584116,3.2130847714869937,3.8435717014668214,0.37385286731135636,3.2827311951004248,3.3502925655899425
104.003454787262,1.31886181412065,6.000432070730774,3.2118838046460247,3.7647451549658086,0.20408413112778945,3.2983055518977693,3.2958901426736333
104.003454787262,1.31967198941177,5.573480370061944,3.096849810163345,3.8681620855527505,0.7131863582092315,3.987006266675511,3.447736978132556
104.003454787262,1.32048216470289,5.577731913775089,3.544930902371892,3.920353489317101,1.3816313468740873,4.568052996412593,3.7985401297501524
104.003454787262,1.321292339994,5.599759044930462,3.354694419164371,4.129092788235749,1.6198088096485854,4.4589864186956625,3.832468296134966
104.003454787262,1.32210251528512,5.442592406473949,3.1152522411373695,4.437337404292144,1.5972646788126497,4.14597516932842,3.7476843800089066
104.003454787262,1.32291269057623,5.421401520988127,3.2854952323618782,4.390791418390407,1.3086081850137319,3.7940913433126795,3.6400775400133645
104.003454787262,1.32372286586735,5.5890467953067215,2.9588469971625813,3.8657650173467033,0.8137074916123481,3.5775762468558376,3.3609885096568384
104.003454787262,1.32453304115847,5.221977525748688,2.076406078128276,3.028070014926538,0.41947188857294293,2.872177823066192,2.7236206660885274
104.003454787262,1.32534321644958,5.611443892894165,2.0476382216556424,2.946180666012822,0.5474807729856508,2.7631678024264197,2.78318227119494
104.003454787262,1.3261533917407,5.762753010043092,2.0619577229099484,2.92731691770177,0.4348380997875765,2.466172555847937,2.7306076612580648
104.003454787262,1.32696356703181,5.461053826586639,1.7968052924931648,2.414126981044106,0.32797272579765036,2.3224320534812257,2.464478175880557
104.003454787262,1.32777374232293,5.393479826206992,1.8833969772798085,2.2156241800716145,0.16052937912055754,2.393388481541468,2.4092837688440882
104.003454787262,1.32858391761405,4.7463482013828795,1.367515476225897,1.8880574181978815,0.16350425371339838,2.2244849319316486,2.077982056290341
104.003454787262,1.32939409290516,4.812843223192214,1.3229765020084443,1.9468761399519856,0.039139304414263165,2.0987056392767194,2.044108161768725
104.003454787262,1.33020426819628,5.307128761184856,2.2418610642981385,1.9545072825520613,0.2454043778957029,2.0945047294623294,2.3686812430786177
104.003454787262,1.33101444348739,5.31311045582606,1.1121123257543104,1.6232019833449165,0.16387908455063638,2.4741001326189185,2.137280796418968
104.003454787262,1.33182461877851,5.592174257026535,1.6046077141481163,1.9284804938251234,0.7749978714353425,4.4099687408968755,2.8620458154663986
104.003454787262,1.33263479406963,5.449463369689518,2.0715814348854096,2.178182602173859,0.9781750477599829,5.7405275927541695,3.2835860094525877
104.003454787262,1.33344496936074,4.958332846229371,1.4876145365504456,1.82227982799888,0.5887472250685093,3.9941406531467614,2.5702230177987935
104.003454787262,1.33425514465186,5.0601977326057686,1.2770589075981889,1.2218187611731146,0.35867926802480454,4.260187061377632,2.435588346155902
104.003454787262,1.33506531994297,4.690258641078728,0.8336412054639446,0.6169528291359079,0.08666013326545752,4.452228671517407,2.135948296092289
104.003454787262,1.33587549523409,4.710237983759967,0.7343186068952257,0.7110158399005861,0.4023752518602244,4.111558957937323,2.133901328070665
104.003454787262,1.33668567052521,4.625800975710604,0.6095188762853745,1.3642871607721787,0.37758684983472435,4.285730210254204,2.252584814571417
104.003454787262,1.33749584581632,4.629154966910999,0.609729130586004,0.9304773664008579,0.3084592335096623,4.579024034015546,2.211368946284614
104.003454787262,1.33830602110744,4.780641848503329,0.796623885305987,1.0792408007853673,0.11353364322134496,4.676824043751285,2.289372844313463
104.003454787262,1.33911619639855,4.9667144659018305,0.9339855669805317,1.4801886594899045,0.48691770246136556,4.698122279641673,2.5131857348950613
104.003454787262,1.33992637168967,5.146482562122948,1.1170833139050806,1.8643048088079546,0.8603483896675144,4.923237062105326,2.782291227321765
104.003454787262,1.34073654698079,5.392957758592793,1.4528980569644965,2.5519884564216184,1.2103103226516865,4.694823091832383,3.0605955372925955
104.003454787262,1.3415467222719,5.283790936879058,1.4879780907990003,2.9852680225009003,1.4373800797138188,4.292545523838651,3.0973925307462857
104.003454787262,1.34235689756302,5.316666758080284,1.5664259496295436,3.3888290136528205,1.4601531185491616,3.733202038020959,3.093055375586554
104.003454787262,1.34316707285413,5.222959044279698,1.599810995112378,3.303033983593597,1.397692728221486,2.9785392525133503,2.9004072007441017
104.003454787262,1.34397724814525,5.268553217435688,1.761335465802432,3.3690340772400837,1.158912872423528,2.7827018586033105,2.8681074983010086
104.003454787262,1.34478742343637,5.398734013644109,1.7988401703069883,4.160330434370081,1.3498507037251102,2.6160299097477875,3.064757046358815
104.003454787262,1.34559759872748,5.0479359502454955,1.3109215132635015,2.57200385224591,1.2147666916417634,2.2731758397815405,2.483760769435642
104.003454787262,1.3464077740186,4.57033514221677,0.8346565669828969,2.211083351604433,0.8034379231553146,1.8478869950173404,2.053479995795351
104.003454787262,1.34721794930971,4.67142431419639,0.9379844423446535,2.398636750111862,1.1126537515031991,1.5574487483420256,2.135629601299626
104.003454787262,1.34802812460083,4.868949555616776,1.033171391988244,2.0730545218901213,0.5963611195632197,1.3760707758728827,1.9895214729862487
104.003454787262,1.34883829989195,4.827742034373465,0.8828017504879391,0.20399014286790162,0.47467734833171704,1.334765209883205,1.5447952971888455
104.003454787262,1.34964847518306,5.011330558921177,1.1621901394685388,0.4939101054999391,1.0783629541781075,1.3602117690414808,1.8212011054218487
104.003454787262,1.35045865047418,5.082167435515892,1.2838520712306085,0.10729587934836005,0.8975435644936987,1.842320596091298,1.8426359093359714
104.003454787262,1.35126882576529,4.950572622531801,1.008249562723151,1.3384951164734282,0.25797029488910894,3.0316317442406344,2.1173838681716246
104.003454787262,1.35207900105641,4.868739611333396,0.7550944454270869,1.9583240539216469,0.06527929428860446,3.0766127999546704,2.1448100409850808
104.003454787262,1.35288917634753,5.128056408573368,0.6692747001826937,1.8438638152782012,0.12821097750329358,3.032022022666034,2.160285584840718
104.003454787262,1.35369935163864,5.05345990235568,0.3493986174242991,1.2543374470831488,0.7050261614632234,3.0833076705995666,2.0891059597851838
104.003454787262,1.35450952692976,4.797882675648118,0.15620144304089933,0.846182741557584,1.1689583709002171,2.6159456473302107,1.917034175695406
104.003454787262,1.35531970222087,5.005546221380499,0.4642001072465618,1.361722491366141,0.7553703683656927,2.0191056997696855,1.9211889776257158
104.003454787262,1.35612987751199,5.146615571696508,1.0568580636896456,2.2132031703838493,0.031240825978720466,2.7868439392640134,2.2469523142025474
104.003454787262,1.35694005280311,5.455643352796923,1.664438666361761,2.949632940793254,0.5233961644126239,3.5466983966114327,2.827961904195199
104.003454787262,1.35775022809422,5.376636166634579,1.6840387619965185,2.9467785146483934,0.6421064723899619,3.4900837734734687,2.8279287378285844
104.003454787262,1.35856040338534,5.308508678025756,1.6778292456405488,2.5837125172096584,0.6585124866394132,3.0203424854725114,2.6497810825975776
104.003454787262,1.35937057867645,5.150188386975124,1.508995041219599,2.438590755943139,0.9356644679096746,3.189741558268114,2.64463604206313
104.003454787262,1.36018075396757,4.748262034330725,1.2384390154072236,2.568945893230424,0.9013300904117436,3.5463440864764486,2.600664223971313
104.003454787262,1.36099092925869,5.033661266913718,1.5790021945619905,3.1114960128116564,1.0627572097683995,3.652156927838792,2.8878147223789115
104.003454787262,1.3618011045498,4.721417800789521,1.3580395235274487,2.8178492781667863,0.5263523939609485,3.212726289060864,2.527277057101114
104.003454787262,1.36261127984092,4.460798014385659,1.2142906108358105,2.219820256253257,0.37189185882894904,3.8262420388389025,2.4186085558285155
104.003454787262,1.36342145513203,4.513451764112855,1.0633124265911107,2.174135881407537,0.33456138278478775,3.4302664261006726,2.3031455761993924
104.003454787262,1.36423163042315,4.492559705508818,0.7489969437283612,1.731644924398264,0.08225245360943845,3.8096636361805096,2.173023532685078
104.003454787262,1.36504180571427,4.603656423504194,0.7042093171270132,1.344169882627881,0.15663172442090456,4.157491609682303,2.193231791472459
104.003454787262,1.36585198100538,4.624099271359448,0.6284863658430737,1.4670107559301826,0.44622230181042255,4.35558097651613,2.304279934291851
104.003454787262,1.3666621562965,5.546227640681973,1.5501339327210353,2.53936230752808,1.503679356741479,4.90961227797683,3.2098031031298797
104.003454787262,1.36747233158761,5.652910801519411,1.47367992563413,2.3623011712384567,1.611321803110659,4.906917854308315,3.2014263111621943
104.003454787262,1.36828250687873,5.666392833626425,1.3327709500733818,1.7510399618906227,1.3651997604359423,4.87893715024148,2.9988681312535705
104.003454787262,1.36909268216985,5.227203822970981,1.2526671416571027,2.2812136542761685,1.3175675059899632,4.713007741953422,2.9583319733695275
104.003454787262,1.36990285746096,4.861526438195618,1.1468515715722418,2.0240931750520126,0.9035197652987392,3.862974061909025,2.5597930024055273
104.003454787262,1.37071303275208,4.65031783260449,0.8854424234810914,2.0377889163559395,0.3492066492265131,3.381378257841682,2.260826815901943
104.003454787262,1.37152320804319,4.596480377195068,0.7634376565371461,2.185346578671396,0.5130507631598107,3.48868571186501,2.309400217485686
104.003454787262,1.37233338333431,4.624645243417639,0.7373900744127404,2.3815147537670143,0.553887819675289,3.717531606583872,2.402993899571311
104.003454787262,1.37314355862543,4.65003816039258,0.6974832879022372,2.3435992218249275,0.7558828151146031,3.882148504304869,2.465830397907843
104.003454787262,1.37395373391654,4.648033574435281,0.484184197473823,2.391272552262709,0.6854494569634468,3.9156856025429043,2.424925076735633
104.003454787262,1.37476390920766,5.396890286990541,1.0156090728905163,2.359438470975128,1.694697812406389,5.231751525874607,3.139677433827436
104.003454787262,1.37557408449877,6.481437554014327,1.94103987080425,3.2876479056355805,2.0412841783164417,5.211361077056431,3.7925541171654062
104.003454787262,1.37638425978989,6.452635297897622,2.1887967474290093,3.584351787873448,1.8173356728539858,4.518704367883146,3.712364774787442
104.003454787262,1.37719443508101,5.988348617202451,2.0162666084259264,3.8010340477428883,1.7997418558876745,3.193091330694841,3.359696491990756
104.003454787262,1.37800461037212,5.4536228773183915,2.3179021370375104,3.365442247043177,1.7923997625999917,3.878440972078266,3.3615615992154675
104.003454787262,1.37881478566324,5.194143956896216,1.7347789832437357,3.296208478006381,1.6592962750504157,4.136705640921715,3.2042266668236925
104.003454787262,1.37962496095435,4.556709271273821,0.8205680886788969,2.761414087877302,1.0675006446291704,4.0873821491603906,2.6587148483239162
104.003454787262,1.38043513624547,4.785201039440242,1.1705068879315057,2.824470022410985,1.2822170615248325,2.786429250898987,2.5697648524413106
104.003454787262,1.38124531153659,4.675086568161841,1.1526666873088374,2.1452290307172497,0.8159472417827516,2.6367053594226206,2.2851269774786602
104.004264962553,1.31076006120949,4.8550358562552205,1.9596190149592658,2.3845881591887625,0.44170922860497797,3.7932946811454578,2.686849388030737
104.004264962553,1.31157023650061,4.914653835459703,1.8128872246823207,2.0897158205965987,0.9808763087602017,3.6365332735146616,2.686933292602697
104.004264962553,1.31238041179173,5.204251740595957,2.0199868139177326,2.581484058407547,0.8797787154981904,3.8085075841385,2.8988017825115855
104.004264962553,1.31319058708284,5.786239438851606,2.7202826869770576,3.3089795150609405,0.06462844660202904,4.296668590085581,3.2353597355154426
104.004264962553,1.31400076237396,5.579389765746967,2.8462972496845182,3.5015862904598194,0.0261405090225999,3.955250561394397,3.1817328752616603
104.004264962553,1.31481093766507,6.112505326412016,3.3631479261552,4.10840933126676,0.26520728720745623,4.148224042559708,3.599498782720228
104.004264962553,1.31562111295619,5.605850695784696,2.51143849375228,3.2078664521673765,1.1565335893157922,3.8087300565139195,3.2580838575068127
104.004264962553,1.31643128824731,5.912399867692134,2.591061242382139,3.5361493654815916,1.2110447741171768,3.728430550779308,3.39581716009047
104.004264962553,1.31724146353842,6.1636496513445245,3.2877670453481223,4.159321185321886,0.7670706339996443,3.7933961909641845,3.634240941395672
104.004264962553,1.31805163882954,5.6920926552594295,2.8895518756283316,3.624340076666172,1.2123239459427673,2.9705824166186687,3.2777781940230737
104.004264962553,1.31886181412065,5.935199041433499,3.2576622091582834,3.6886659441975844,0.4628657853957172,3.150999165686411,3.299078429174299
104.004264962553,1.31967198941177,5.748471735261468,3.2711035241018784,4.034137804347054,0.766224582734516,3.8746539089537073,3.538918311079725
104.004264962553,1.32048216470289,5.80739764479452,3.519803079963232,4.1009259862030305,1.5907471354526557,4.67000627934673,3.9377760251520337
104.004264962553,1.321292339994,5.464205002294058,3.3435098502159057,4.015511158096359,1.7205286218636608,4.512104338786294,3.8111717942512557
104.004264962553,1.32210251528512,5.452721954023232,3.291784458062871,4.23980410072528,1.8723739922312745,4.425386055979612,3.8564141122044537
104.004264962553,1.32291269057623,5.565533298292099,3.32821449059605,4.387006921901623,2.036944890106639,4.400122953857657,3.9435645109508135
104.004264962553,1.32372286586735,5.534994699011509,3.278613161337457,4.16319930106966,1.7722796282165945,4.122128964892699,3.7742431509055843
104.004264962553,1.32453304115847,5.616697003366497,2.742440641131328,3.6952472787358843,0.9531474916632696,3.679185292524796,3.337343541484355
104.004264962553,1.32534321644958,5.524686675145169,2.0791559299776203,2.7704203332454007,0.7979994215574315,2.8979461388878285,2.81404169976269
104.004264962553,1.3261533917407,5.728886407485529,2.343916489438797,3.188064669345721,0.9398531397456686,2.8208050928117956,3.004305159765502
104.004264962553,1.32696356703181,5.4948739114461915,2.1545079361681196,2.8913401399960144,0.8311266203486767,2.92350418805049,2.8590705592018986
104.004264962553,1.32777374232293,5.4448673734254385,2.018167242612698,2.694674634274744,0.5192595417686796,2.799748568647548,2.6953434721458214
104.004264962553,1.32858391761405,5.248073711682423,1.7741980756022464,2.310377173146538,0.4516114433161036,2.59271771825534,2.47539562440053
104.004264962553,1.32939409290516,5.3297572270902585,1.7399387154126238,2.110930919722879,0.43473829680245046,2.3072047390292667,2.3845139796114956
104.004264962553,1.33020426819628,5.334130878796202,1.8448803669207194,2.27206974471547,0.44654574391670465,2.172856185755478,2.414096584020915
104.004264962553,1.33101444348739,5.386630692335412,1.7265972533303717,2.30021416889576,0.6368266591771992,2.4024580720420268,2.490545369156154
104.004264962553,1.33182461877851,5.726237270838901,2.0919795740230853,2.6481910377480844,1.1283684782571441,3.096589852849174,2.9382732427432776
104.004264962553,1.33263479406963,5.755716321389659,2.36643155443652,2.5042529295146814,1.3140685786360393,4.121487635708387,3.2123914039370574
104.004264962553,1.33344496936074,5.361687233265982,1.9416545191582273,2.179488308268912,0.9589712850514474,6.293664091697728,3.3470930874884592
104.004264962553,1.33425514465186,5.2843000046230095,1.6794043044371598,1.7347263971815075,0.712437674003862,4.310570446622837,2.744287765373675
104.004264962553,1.33506531994297,5.06265722270453,1.1935606969797057,1.3155620170228275,0.31547989590804804,4.44982339282026,2.4674166450870745
104.004264962553,1.33587549523409,4.874119824238079,1.1296678224547207,1.5840224488405568,0.2861335215821015,4.499765064459488,2.4747417363149893
104.004264962553,1.33668567052521,4.718264669169098,1.0117004343741272,1.2914515293554985,0.019329555210617855,4.438334650941869,2.295816167810242
104.004264962553,1.33749584581632,4.681131811270429,0.7853907334701127,0.7833908233617315,0.29994745554610347,4.497638124060529,2.2094997895417814
104.004264962553,1.33830602110744,4.620746769448729,0.5982371643086033,0.6103097862229028,0.31600052107224386,4.749912523219205,2.1790413528543366
104.004264962553,1.33911619639855,4.748584903163579,0.446215917044249,0.41390001795550546,0.3462539123098267,4.960805906254077,2.183152131345447
104.004264962553,1.33992637168967,4.813587289276931,0.5019134327500652,0.7065593926064224,0.04127110921498911,5.243083530350578,2.261282950839797
104.004264962553,1.34073654698079,4.726377333577101,0.5058101917636897,1.1074506972035394,0.19646865662747004,4.91793161360831,2.290807698556022
104.004264962553,1.3415467222719,5.0941747848640695,1.1425165754918503,2.1097148431878487,0.7547023054209632,4.405809050706168,2.70138351193418
104.004264962553,1.34235689756302,4.759971798520862,0.8643504005276483,2.252033379842281,0.6151863480075015,3.6028506194648564,2.4188785092726297
104.004264962553,1.34316707285413,5.015124281235266,1.4651654862111378,2.9634528122809094,1.1373084293032427,3.005444608892873,2.7172991235846857
104.004264962553,1.34397724814525,5.119073612133459,1.6870834463704227,3.1480775280462687,1.4591133227773554,2.635018216943937,2.8096732252542886
104.004264962553,1.34478742343637,5.33757045423733,1.7150766302213505,3.0395262375421197,1.7848646490547573,2.7483557644341623,2.925078747097944
104.004264962553,1.34559759872748,4.803896627828724,1.1010973074563104,2.279678563089252,1.5491124214623007,2.346477800270428,2.416052544021403
104.004264962553,1.3464077740186,4.5564796431817385,0.8272301506852173,2.002526059890645,1.565923088513859,2.0289776910008293,2.1962273266544576
104.004264962553,1.34721794930971,4.82298012272954,0.9430020491242672,2.3442561316017247,1.3889613744143183,1.8915477502767608,2.278149485629322
104.004264962553,1.34802812460083,4.802006084526084,0.7064762815117085,1.3062084913130114,1.102995897832649,1.648164938466543,1.9131703387299992
104.004264962553,1.34883829989195,4.684854612335009,0.5147710066246809,0.06057892906977713,0.019857004169779202,1.2150791379476438,1.299028138029378
104.004264962553,1.34964847518306,4.938535195999798,0.9039536441886575,0.039973264333021064,0.07337873388561533,1.195425234961629,1.430253214673744
104.004264962553,1.35045865047418,5.14106709118051,1.1875400362415505,0.6825846884457398,0.4882095084635836,1.2710032117107595,1.7540809072084287
104.004264962553,1.35126882576529,5.060446563973002,1.1079426588362686,1.9510582925315845,1.0532546631371105,2.394568699572879,2.313454175610169
104.004264962553,1.35207900105641,5.2224096430247045,1.113983119136119,3.0187483866219296,1.5243114322359474,3.1472015143071665,2.8053308190651736
104.004264962553,1.35288917634753,5.387291903429723,1.1588764408886831,3.088120093646779,1.3800410973061972,3.169898586744452,2.836845624403167
104.004264962553,1.35369935163864,4.91315400048418,0.5253694884830402,1.8022504637301395,0.43626541613567227,2.82756458116371,2.1009207899993485
104.004264962553,1.35450952692976,5.025032264883475,0.5811765757856584,1.223722887516157,0.0401072951368775,2.6843907308196187,1.9108859508283573
104.004264962553,1.35531970222087,5.061890669037091,0.7830502791093323,1.5819700400244194,0.06002042858133905,2.3093846336837878,1.9592632100871938
104.004264962553,1.35612987751199,5.235915423916065,1.1772054343609604,2.279340934003123,0.43716418268982693,2.8798512818318827,2.401895451360372
104.004264962553,1.35694005280311,5.331539077869902,1.4610484663676147,3.0660053473498188,0.83609650338866,3.4039273497059206,2.819723348936383
104.004264962553,1.35775022809422,5.545494464260241,1.663317284069759,2.927395755700392,0.7275668778558604,3.0987381472244877,2.792502505822148
104.004264962553,1.35856040338534,5.55505816849978,1.7200730849538495,2.577241797638866,0.7729726091924647,2.6765137740484555,2.6603718868666832
104.004264962553,1.35937057867645,5.615542543153072,1.913443108496427,2.660915257296832,0.8976846769555706,3.1365095239520997,2.8448190219708005
104.004264962553,1.36018075396757,5.305650937553931,1.7057392787871635,2.960773054978212,1.196560295085085,3.7876528685734705,2.9912752869955725
104.004264962553,1.36099092925869,5.420007067091902,1.8703369004127275,3.401518764087559,1.3240826181885055,3.8862663578717402,3.1804423415304868
104.004264962553,1.3618011045498,5.390256334125834,1.9255941559826368,3.3795999557500593,1.2116256531496923,3.8065427369081313,3.142723767183271
104.004264962553,1.36261127984092,5.057395884888688,1.7726946924559428,3.186330312732455,1.2413569259396198,4.246014201139026,3.100758403431146
104.004264962553,1.36342145513203,4.609975227322007,1.3423611574951764,3.532609390796683,0.7481427898300232,3.5793847946141497,2.762494672011608
104.004264962553,1.36423163042315,4.231379336755875,0.8797578372526011,2.0824339350727215,0.2909729301527051,3.599420056006842,2.216792819048149
104.004264962553,1.36504180571427,3.9789529181461205,0.3552280814998916,1.5662374007562434,0.240673766849536,3.961599490632473,2.020538331576853
104.004264962553,1.36585198100538,4.42092455132147,0.5376345800638802,1.3228438243027618,0.04651910222611022,3.857780349203477,2.0371404814235397
104.004264962553,1.3666621562965,4.658705286076405,0.33378242015718484,0.7963161027748384,0.1231663116413273,4.469338965562841,2.076261817242519
104.004264962553,1.36747233158761,5.154541949013144,0.44451976551046357,0.9024297212398622,0.5750772215867634,4.92820609942569,2.4009549513551844
104.004264962553,1.36828250687873,5.331125937535553,1.015772333873386,1.5261825299550367,0.8284123603701801,4.907531910518731,2.7218050144505774
104.004264962553,1.36909268216985,5.09235049621163,1.2069082410817096,2.271306409535665,1.140425469694037,4.384320784171734,2.8190622801389553
104.004264962553,1.36990285746096,4.8261294736450004,1.0827925120484636,2.2527357745712706,0.9748368765357647,3.9216001356454093,2.611618954489182
104.004264962553,1.37071303275208,4.828195729699406,1.0532717129061027,2.421067152940509,0.9319049744016397,3.8235647923012444,2.61160087244978
104.004264962553,1.37152320804319,4.84811577598591,1.0213972123972255,2.3141594972368225,0.7094876304309814,3.6789671867452327,2.5144254605592344
104.004264962553,1.37233338333431,4.88698801057588,0.9637810407257561,2.4834649200950025,0.7463274923683443,3.708444984607027,2.5578012896744022
104.004264962553,1.37314355862543,4.928421691323283,1.1059510620037294,2.6422402060565275,1.0784902797329252,3.701487930392709,2.6913182339018347
104.004264962553,1.37395373391654,4.907702047827037,0.8795278340003101,2.596975426620702,1.3156028408538596,3.966575973145744,2.7332768244895305
104.004264962553,1.37476390920766,4.673124969358579,0.5911691852461765,2.566957141034127,1.1275591900822377,3.084283430111629,2.40861878316655
104.004264962553,1.37557408449877,5.2407948619816445,1.3208271981791846,3.0379629467670277,1.553004929905196,3.3623474951854,2.9029874864036906
104.004264962553,1.37638425978989,4.85719380597245,1.0918896555111708,2.9625816802057017,1.1959139933924234,3.590660769877932,2.7396479809919354
104.004264962553,1.37719443508101,4.699180767153976,1.0469752292371552,2.972344915739967,1.1845691815051538,3.989248777055785,2.7784637741384075
104.004264962553,1.37800461037212,4.888908587828759,1.234063726203516,3.1665018749896525,1.3714731287866826,2.630445415680583,2.6582785466978387
104.004264962553,1.37881478566324,4.9162642678750075,1.2212377127973149,3.074905063834379,1.410418737683294,2.575098725264578,2.6395849014909145
104.004264962553,1.37962496095435,4.832409071082761,1.4204752701966754,2.672566183650588,1.061814905873618,2.536909546139043,2.504834995388537
104.005075137844,1.31157023650061,4.816072136315899,1.9007196280721566,2.5536275105032615,0.5475403203741642,3.8163141830886538,2.726854755670827
104.005075137844,1.31238041179173,4.926870588891219,1.85691632565986,2.455779241396911,0.7710747343512523,3.84472676500668,2.7710735310611847
104.005075137844,1.31319058708284,5.4705653961664815,2.516615114523308,3.2386516510617973,0.20602254586142976,4.207528886278823,3.127876718778368
104.005075137844,1.31400076237396,5.783804751985869,2.941219600014648,3.679826952134107,0.030177307003324216,4.2263974176412304,3.3322852057558356
104.005075137844,1.31481093766507,6.388597206922306,3.3008896691570264,3.8480538285168038,0.1944108961088169,4.053329149177518,3.557056149976494
104.005075137844,1.31562111295619,5.345488152628565,2.0133573475238897,2.7647883672956937,2.038697184667825,3.2534080403921486,3.0831478185016246
104.005075137844,1.31643128824731,5.325566808062405,1.8509542305316309,2.423799824516429,2.133274397602822,3.460645839259481,3.0388482199945535
104.005075137844,1.31724146353842,6.313238164326101,3.2128041314654503,4.745267178372885,1.3206683013102172,3.5480028994761774,3.8279961349901663
104.005075137844,1.31805163882954,5.944197307828052,3.0316924219478807,4.209047934050954,1.392704490172676,2.9581418465468197,3.5071568001092763
104.005075137844,1.31886181412065,5.808257077491916,3.11891793165643,3.581162790763681,0.6480196979806401,2.8499037361818225,3.201252246814898
104.005075137844,1.31967198941177,5.6844696665339605,3.353264011047969,4.022641798476201,0.807164654530272,3.9238073109147003,3.5582694883006205
104.005075137844,1.32048216470289,5.625484358794051,3.578418411856024,4.081241432103511,1.743335986005608,4.748554670133565,3.955406971778552
104.005075137844,1.321292339994,5.481491306541621,3.41182564325198,4.04537740490532,1.7124630372912613,4.533263834182598,3.836884245234556
104.005075137844,1.32210251528512,5.549958547372363,3.429492564787342,4.177724150498637,1.8395510442926835,4.568121327843539,3.912969526958913
104.005075137844,1.32291269057623,5.76898669241486,3.693504765386294,4.37615901474026,2.5157582828189184,5.0678237631934095,4.284446503710749
104.005075137844,1.32372286586735,5.7592270291328305,3.487051212749808,4.235159554129567,2.2370968306898256,4.69794993366769,4.083296912073944
104.005075137844,1.32453304115847,5.367191021914902,2.5111099081903703,3.4596693384908477,1.2873607828123816,3.9743267619543268,3.319931562672566
104.005075137844,1.32534321644958,5.45409222951487,2.2511061773319803,3.1970907465924014,1.136727816407177,3.55224059432879,3.1182515128350436
104.005075137844,1.3261533917407,5.332980226827786,2.0302622058795805,2.914317222762989,0.7782576273864201,2.9802538541763717,2.8072142274066296
104.005075137844,1.32696356703181,5.357731782089839,1.945109079940302,3.0010601915806348,0.7863151927111716,3.233108121777981,2.8646648736199856
104.005075137844,1.32777374232293,5.440069901364051,1.9283138815432608,2.887779035721085,0.6780064525543885,3.0933653563968697,2.805506925515931
104.005075137844,1.32858391761405,5.366505049387069,1.8151050241609568,2.517094852446725,0.5963466503401662,2.7436865509287074,2.607747625452725
104.005075137844,1.32939409290516,5.510190902583897,2.232271984803049,2.7239279933485108,0.8833296175500429,2.789801997404709,2.8279044991380418
104.005075137844,1.33020426819628,5.610289012987401,2.3214995554089057,2.7945983401077257,0.9758302284363829,2.668921991340362,2.8742278256561553
104.005075137844,1.33101444348739,5.766264091212349,2.779596649807363,3.0826798797525896,1.358872392817009,2.8127507219842585,3.160032747114714
104.005075137844,1.33182461877851,5.58524578117634,2.5356501363042128,2.8620378336976273,1.1806764057701606,2.7774785433446993,2.988217740058608
104.005075137844,1.33263479406963,5.414464141543675,2.3317444812667674,2.62872534274954,1.0454916219668462,3.178853660602023,2.9198558496257703
104.005075137844,1.33344496936074,5.388792612291834,1.9765225799567858,2.2258220790274095,0.9383867320932673,4.09369421760265,2.924643644194389
104.005075137844,1.33425514465186,4.560056492630185,0.6912484412777609,1.2248974140636797,0.07457947428110856,3.9875384929943998,2.1076640630494268
104.005075137844,1.33506531994297,5.540375338357816,1.5914014997394617,2.0715389050435213,0.783648257119399,4.478191350139397,2.893031070079919
104.005075137844,1.33587549523409,5.190470127230071,1.5444476829142246,2.0615157907298,0.7066733746464244,4.691516746474051,2.838924744398914
104.005075137844,1.33668567052521,4.942828982166617,1.6098676942036825,1.5706492103000578,0.3962794168930195,5.14837605381776,2.7336002714762273
104.005075137844,1.33749584581632,4.865375254348756,1.3520422140103747,1.5351253973533154,0.18733114973590048,4.364318184481089,2.460838439985887
104.005075137844,1.33830602110744,4.841103197257802,0.733770763920969,0.9582287586689553,0.13594079457495312,4.853922781653697,2.304593259215275
104.005075137844,1.33911619639855,4.898421086441029,0.5315309059642672,0.6358969273551835,0.33245820408520643,4.973413273495051,2.2743440794681478
104.005075137844,1.33992637168967,4.79617204992034,0.5334623443760833,0.6005411345799558,0.3124944365748732,5.108446077769095,2.2702232086440697
104.005075137844,1.34073654698079,4.800951772146039,0.4721770417069955,0.42415299860926936,0.3885950054943592,4.8141907033325815,2.180013504257849
104.005075137844,1.3415467222719,4.8279868790719895,0.602560654883181,1.0111232975760593,0.14543719499691932,4.735609558933042,2.264543517092238
104.005075137844,1.34235689756302,4.924159428547458,0.8518065786142053,1.3643695812921912,0.10835880634430595,3.936551903196179,2.237049259598868
104.005075137844,1.34316707285413,5.00921924938233,1.2028830338392709,2.03879249453437,0.6504602482486703,3.2152918604718863,2.4233293772953055
104.005075137844,1.34397724814525,5.278192956228452,1.8699662454033792,2.6857160606324975,1.2552920660019709,3.0760705535952617,2.833047576372312
104.005075137844,1.34478742343637,5.028449881284288,1.5941005419933312,2.412227983372965,1.5883902900674691,2.8431099902323638,2.6932557373900834
104.005075137844,1.34559759872748,4.764600362108123,1.3443021266394304,1.8468857879471763,1.6535709467738222,2.510508250496745,2.423973494793059
104.005075137844,1.3464077740186,4.631167765611249,0.7378542710668015,1.7442055764709679,1.5063159442210328,2.288082778371084,2.181525267148227
104.005075137844,1.34721794930971,4.972354584371068,1.0303156759706589,2.0798333217375493,1.6550097232550662,2.221817639417715,2.3918661889504116
104.005075137844,1.34802812460083,5.0863963609495215,1.0400783888480412,1.16207002756693,1.4883329976272393,1.8351835693975787,2.122412268877862
104.005075137844,1.34883829989195,5.121450803947358,0.7875754831985553,0.2280463260865453,0.5532280662244595,1.176302449481689,1.5733206257877215
104.005075137844,1.34964847518306,4.949293944179633,0.6023297999297057,0.2580315375152402,0.2859470809692617,0.9002007514592911,1.3991606228106264
104.005075137844,1.35045865047418,4.94349266179535,0.8667917520463995,1.418179654968288,1.0035967841120588,1.0329469955811348,1.8530015697006461
104.005075137844,1.35126882576529,5.071739798953907,1.1345036632501575,2.527280445774956,1.4633803452762706,1.922081275136538,2.4237971056783656
104.005075137844,1.35207900105641,5.167629181440084,1.1195849241392715,3.1104550318694812,1.782322092017651,3.050502621761858,2.846098770245669
104.005075137844,1.35288917634753,5.344039918006899,1.3723026475452826,3.5012575532978225,1.935184088404128,3.2719826643832235,3.0849533743274713
104.005075137844,1.35369935163864,5.371063850060299,1.3537479380507982,3.001272099118143,1.5271816302370098,3.2390823607051082,2.8984695756342718
104.005075137844,1.35450952692976,5.36890464125727,1.0547843913615296,2.27501224492649,0.8958299416490441,2.9929495058644413,2.517496145011755
104.005075137844,1.35531970222087,5.289722438152957,1.1092516438630753,2.1631437099690203,0.6274192457138028,2.8890097338314433,2.4157093543060597
104.005075137844,1.35612987751199,5.010237741153944,1.1418204161957668,2.478746659065404,0.5137086574172862,2.778703164054214,2.384643327577323
104.005075137844,1.35694005280311,5.2591216510113945,1.3271747462564534,2.8363737895594525,0.6803286990836988,2.9949337079908105,2.6195865187803618
104.005075137844,1.35775022809422,5.515786889448581,1.5170916015292377,2.7012066559062795,0.7106707053195791,2.858669358134158,2.660685042067567
104.005075137844,1.35856040338534,5.936159313889814,1.8647968859126074,2.469680025573819,0.7621829182837203,2.860913016269862,2.7787464319859643
104.005075137844,1.35937057867645,5.998635321945962,2.1036345204623004,2.739772532043901,0.7965617395507678,3.314461117478004,2.990613046296187
104.005075137844,1.36018075396757,5.624696144216877,1.9276663778203087,3.054157275403494,1.021374477852973,3.6951175181916724,3.0646023586970648
104.005075137844,1.36099092925869,5.815765731111664,2.122497937443139,3.214896937467099,1.0775620930844738,3.810789033159889,3.208302346453253
104.005075137844,1.3618011045498,6.042722593336826,2.3206404296126664,3.6737777020796827,1.4324699843784288,4.187473278876112,3.5314167976567434
104.005075137844,1.36261127984092,5.523678053429904,2.0405499479001072,3.551778918115261,1.4990445339471705,4.170018930139875,3.357014076706464
104.005075137844,1.36342145513203,5.115816836164907,1.7390411622050266,3.33359022105747,1.366426992443479,4.090234730150325,3.1290219884042414
104.005075137844,1.36423163042315,4.701651952850504,1.311416005368045,2.7433750060529576,0.7510537504627379,3.660912075840283,2.6336817581149057
104.005075137844,1.36504180571427,4.434912797972228,0.9644232484432607,2.192048904108013,0.43559279925501215,3.4833605329565245,2.3020676565470075
104.005075137844,1.36585198100538,4.279946266710262,0.5830871828226059,1.6333604616160464,0.22003596713020102,3.6703717871692803,2.077360333089679
104.005075137844,1.3666621562965,4.162412726418342,0.15301881719183186,0.15671192578600923,0.8260215405881972,4.114403779642128,1.8825137579253017
104.005075137844,1.36747233158761,4.360219816319741,0.23280684804368335,0.12568712268149085,0.5035913337046729,4.39864932375686,1.9241908889012898
104.005075137844,1.36828250687873,4.671681859752887,0.48014965797124987,1.2220702498080342,0.2243214048490998,4.118071061278293,2.143258846731913
104.005075137844,1.36909268216985,5.002223282761662,1.1276648763356896,2.2404484189168485,1.0789437545687903,4.177945690054475,2.7254452045274933
104.005075137844,1.36990285746096,4.944852862009938,1.1766942086499057,2.4546684893473234,1.146355236694081,3.9421130971909086,2.7329367787784316
104.005075137844,1.37071303275208,4.832107740641341,1.200474596127993,2.674167579581738,0.9334619944484892,3.648700638417516,2.6577825098434156
104.005075137844,1.37152320804319,5.340181816989169,1.5677556218600124,3.148003727585909,1.2932459985150544,4.077604655971111,3.085358364184251
104.005075137844,1.37233338333431,5.1857341957812295,1.3089966244293194,3.003238468630812,1.2344490156896484,4.054712967497231,2.957426254405648
104.005075137844,1.37314355862543,5.317324453733747,1.5011823650946,3.2915803642437744,1.6371700134346447,4.064055483045191,3.1622625359103913
104.005075137844,1.37395373391654,4.426860781754588,0.6603010652146786,2.399340697252601,1.0808639325029503,3.8796598815026115,2.4894052716454858
104.005075137844,1.37476390920766,4.695596685569193,0.7948547219130191,2.5783512931244523,1.23970900615398,3.8363132736044747,2.628964996073024
104.005075137844,1.37557408449877,4.586309916434484,0.7755620589147938,2.741265541741356,1.2114873187399482,4.274171141623409,2.7177591954907983
104.005075137844,1.37638425978989,4.299013849134603,0.47700111151732116,2.4231695081661506,0.7987689242375495,2.9920072578775176,2.1979921301866283
104.005075137844,1.37719443508101,4.39820106315609,0.6893399829430855,2.2174372416651202,0.8912426834094447,2.59411083156931,2.1580663605486103
104.005885313135,1.31157023650061,4.821200809530186,1.9619093798044034,2.160220239273329,0.9417650029677311,3.643241890115185,2.705667464338167
104.005885313135,1.31238041179173,4.733341741862041,1.8236081238172872,2.0944543530807564,1.0093564141971427,3.4131084241973646,2.6147738114309185
104.005885313135,1.31319058708284,5.041300888995533,2.2168283272614033,2.8331517037149005,0.4503462932890514,3.996592547071881,2.907643952066554
104.005885313135,1.31400076237396,5.763212294553377,2.939445844957202,3.30166049883762,0.28183251429456035,4.184980392812964,3.2942263090911448
104.005885313135,1.31481093766507,6.669795617925516,3.3451864448157806,3.3953166233473624,0.638722612170028,3.4943754758769217,3.508679354827122
104.005885313135,1.31562111295619,6.120047470200191,2.6723884058458083,3.709068659519591,1.4952907301291738,3.393582863915068,3.4780756259219663
104.005885313135,1.31643128824731,5.55736752075212,2.1384114207428695,3.0287005805204537,1.7692470757747323,3.5267532109397486,3.2040959617459848
104.005885313135,1.31724146353842,6.198353463513527,3.5491635577164544,4.030563445410312,1.2025347900672898,3.66841246071321,3.729805543484159
104.005885313135,1.31805163882954,5.964735836074379,3.1399435054702636,3.574087305570547,1.249395184619857,2.838055047846023,3.3532433759162137
104.005885313135,1.31886181412065,5.646635203724802,3.0255748903591275,3.380103648794776,0.6472190531878326,2.799742673386021,3.099855093890512
104.005885313135,1.31967198941177,5.257408082686226,3.0731842447929374,3.694510009665258,0.8909936598061492,4.293482915233465,3.441915782436807
104.005885313135,1.32048216470289,5.486674441417701,3.347635250911928,3.966662614350465,1.7534958355960129,4.759468537452602,3.862787335945742
104.005885313135,1.321292339994,5.397055724516999,3.3222275612439454,3.9585201693514946,1.6417968164398182,4.4279914646912495,3.7495183472487015
104.005885313135,1.32210251528512,5.5290768346121375,3.451459042431363,4.2922747573540505,1.8583623004076415,4.539858184980368,3.934206223957112
104.005885313135,1.32291269057623,5.675039199300858,3.7110984615444096,4.629771705666101,2.578646485146521,5.251577118394348,4.369226594010447
104.005885313135,1.32372286586735,5.534772610049707,3.1971156833027656,4.361156423315652,1.9564048412895616,4.486798625520059,3.907249636695549
104.005885313135,1.32453304115847,5.499013258296625,2.765807231947427,3.477084434298529,1.169187444914268,3.7304592556759992,3.3283103250265698
104.005885313135,1.32534321644958,5.000027515117203,1.906343778831392,3.6586353718628075,0.6400821861584802,2.8109702333355493,2.8032118170610865
104.005885313135,1.3261533917407,5.23944425070701,1.9127755116491194,3.2073370028035413,0.47197441349984715,3.0777197686533704,2.7818501894625776
104.005885313135,1.32696356703181,5.214612726646369,1.6454628787726904,2.8510057916919607,0.1685350870373803,3.0061350720262183,2.5771503112349237
104.005885313135,1.32777374232293,5.1755452525150645,1.336242699287709,2.610650712646482,0.08952905830232538,2.5779389159473,2.3579813277397763
104.005885313135,1.32858391761405,5.305319189269664,1.729492125025594,2.756549754666189,0.5300150910919612,2.898233077131678,2.643921847437017
104.005885313135,1.32939409290516,5.3496464969523565,2.145796044864994,2.9448862869306787,0.8649670790001664,2.997620007232239,2.860583182996087
104.005885313135,1.33020426819628,5.80259206136942,2.830775630332063,3.3395373400793815,1.374190756224813,2.9717151574079423,3.263762189082724
104.005885313135,1.33101444348739,6.0979428054771745,3.095542661458488,3.522047107765559,1.6570728308423206,3.1966016072490824,3.513841402558525
104.005885313135,1.33182461877851,5.879979168831422,2.756906611628935,3.302357779400598,1.5478763024117868,3.098041940918023,3.317032360638153
104.005885313135,1.33263479406963,5.661075584050327,2.3951893101453123,2.9809846710594883,1.2870021849408424,2.9769881091683317,3.0602479718728604
104.005885313135,1.33344496936074,5.581896486573356,2.117179231212159,2.532152309624699,1.126013282561157,3.205916252392022,2.9126315124726787
104.005885313135,1.33425514465186,5.6320621725132405,2.0769116279383617,2.808619469468713,1.2996809619097434,4.035936058572421,3.170642058080496
104.005885313135,1.33506531994297,5.285830234194439,1.6469737874945203,2.344170383198019,0.743033956407178,5.19132171142239,3.0422660145433094
104.005885313135,1.33587549523409,5.291641654814722,1.4844421173893245,2.332989785379265,0.6474731246222447,6.199890507418921,3.1912874379248954
104.005885313135,1.33668567052521,5.498888121477201,1.6336649943666899,2.42683896345914,0.9680606014883537,6.387833327183628,3.3830572015950025
104.005885313135,1.33749584581632,5.456529545010724,1.805783751736218,2.2380082790809404,0.8469325814926023,5.42533445722778,3.1545177229096533
104.005885313135,1.33830602110744,5.312861161570904,1.50485648167637,1.9144288751246172,0.4583997813711207,5.29382481790611,2.8968742235298244
104.005885313135,1.33911619639855,5.03064090770226,1.0102372909836,1.415680894162449,0.044271184658580154,4.885629136574163,2.4772918828162105
104.005885313135,1.33992637168967,4.928806443598443,1.0329390096962747,1.6072584461241028,0.005303199535660497,5.038139061233618,2.52248923203762
104.005885313135,1.34073654698079,4.971848186708723,0.8254468845012575,1.2226561437598598,0.006039895311484855,5.254738365133083,2.4561458950828814
104.005885313135,1.3415467222719,4.874294173803413,0.5136829469799338,0.9136503757111925,0.207737053401587,4.702107639099982,2.2422944377992216
104.005885313135,1.34235689756302,4.840395144065077,0.6952803576976194,0.8371087291586328,0.16301375725231182,3.5358272181162462,2.0143250412579774
104.005885313135,1.34316707285413,4.859198287574834,0.8461749804936041,0.5449818980353527,0.02584718618562931,3.058760483455334,1.866992567148951
104.005885313135,1.34397724814525,4.769164076095134,0.7266058453142286,1.1364868614728216,0.5206746775894366,2.967871360387747,2.0241605641718734
104.005885313135,1.34478742343637,4.849317362221182,0.7782293514013574,1.4083380677076711,1.3556765457566762,2.962268401406323,2.270765945698642
104.005885313135,1.34559759872748,4.87505312885007,0.7284679962815055,1.5092736612365698,1.941637051590991,3.035618816730537,2.4180101309379345
104.005885313135,1.3464077740186,4.451131227226771,0.47800357546227445,1.141189792494707,1.7736966656102062,3.868267393204402,2.342457730799672
104.005885313135,1.34721794930971,4.640646428259444,0.6524927803010385,1.1522739204758388,1.7995120734012318,2.0069943829800714,2.0503839170835247
104.005885313135,1.34802812460083,5.338607017732304,1.090924785761782,0.6152634294542629,1.5122955522334998,1.8925240109214592,2.0899229592206616
104.005885313135,1.34883829989195,5.273951724553303,1.0145747390677045,0.31097057320280186,0.940227747205924,1.220163635665532,1.751977683939053
104.005885313135,1.34964847518306,5.461680166985619,1.2101944620562577,1.0605849419694238,1.0994832599083715,1.1375131915183019,1.993891204487595
104.005885313135,1.35045865047418,5.439840988175387,1.349775974663153,2.3178106362418376,1.733025626864599,0.9109255766493902,2.3502757605188735
104.005885313135,1.35126882576529,5.304459574296313,1.2976148580772815,2.998941147471129,2.010249892690439,1.9002060403163057,2.7022943025702935
104.005885313135,1.35207900105641,5.396425105295808,1.3640911158935936,3.2596641600049487,2.1106656204283496,2.717250001056982,2.9696192005359365
104.005885313135,1.35288917634753,5.474652399025381,1.4923093535950507,3.2733287710474457,2.105186034965893,3.386987352677817,3.1464927822623174
104.005885313135,1.35369935163864,5.885085452355014,1.8597231582529261,3.2814189945895897,2.0393033749555087,3.4542698315312528,3.303960162336858
104.005885313135,1.35450952692976,5.590693156224859,1.4400252859377076,2.913497871544653,1.5342397662073886,3.319347488404201,2.9595607136637616
104.005885313135,1.35531970222087,5.173247974905831,1.1296154376769287,2.4524083684861964,0.8596761617703521,2.9801283940168624,2.519015267371234
104.005885313135,1.35612987751199,4.748157917249827,0.881029535747448,2.1530335787789667,0.31518210551540093,2.399101625743679,2.0993009526070643
104.005885313135,1.35694005280311,4.814691317195468,1.1506841090952271,2.661463225487008,0.47100778742980864,2.5180198003671315,2.3231732479149287
104.005885313135,1.35775022809422,5.454741959507331,1.3731187926360207,2.664696568778968,0.5765185955487233,2.626989416754629,2.5392130666451345
104.005885313135,1.35856040338534,5.762070820315067,1.6552551223220462,3.5748227482222212,0.6328239355146259,2.7947942513430206,2.8839533755433964
104.005885313135,1.35937057867645,5.61573742234113,1.730650260461129,2.8236670002158775,0.760267151656187,3.1818230376868293,2.8224289744722304
104.005885313135,1.36018075396757,5.8533051783635415,2.1532252799438005,2.9571225462958743,0.9508278423696979,3.554647890809509,3.0938257475564845
104.005885313135,1.36099092925869,5.8147569239869235,2.0083831915729284,3.0856409349368157,0.9469988819299218,3.7397022645956497,3.119096439404448
104.005885313135,1.3618011045498,5.919208975360949,2.1218018670674716,3.471551431356076,1.1057754252971357,4.0826679967305815,3.340201139162443
104.005885313135,1.36261127984092,5.748304559553837,2.0493302222303917,3.574812439834762,1.2644742524546828,4.064042189702729,3.3401927327552805
104.005885313135,1.36342145513203,5.658755582467421,1.963255574011189,3.5871198328311706,1.4637998567385395,4.3190156781515086,3.3983893048399656
104.005885313135,1.36423163042315,5.37870375928345,1.770005459915776,3.16251501837316,1.1429199952812432,4.0067117909129735,3.0921712047533205
104.005885313135,1.36504180571427,4.866827050433965,1.2417756598587388,2.5514788272921685,0.5586650787788408,3.7836933517373303,2.6004879936202085
104.005885313135,1.36585198100538,4.7493695459335115,0.8356334026908705,2.095080542774035,0.15964107255780746,3.970079911538548,2.3619608950989543
104.005885313135,1.3666621562965,4.552097558337792,0.2886653800769601,1.0911095501720602,0.43102202574398873,3.9647862210739184,2.0655361470809437
104.005885313135,1.36747233158761,4.419964059521462,0.16590306394292753,0.9282181077127696,0.40868910979864737,4.052462921228184,1.995047452440798
104.005885313135,1.36828250687873,4.413180049951464,0.48162060893831793,1.508238679200364,0.003303797782976403,3.8319300129488987,2.0476546297644043
104.005885313135,1.36909268216985,4.921960905641988,1.0850708651298717,2.415983946670078,0.6926584967793588,4.056573399890237,2.634449522822307
104.005885313135,1.36990285746096,4.7737185864136045,1.1383849000930084,2.336239033157245,0.8843440136982608,3.658804764689421,2.558298259610308
104.005885313135,1.37071303275208,4.6522554244827,1.0462732875476917,2.599597928970571,0.6161642537459322,3.4589969622332717,2.4746575713960333
104.005885313135,1.37152320804319,5.441432619517432,1.7041784254937973,3.0934526744619113,1.3785607494431709,4.222016988924409,3.167928291568144
104.005885313135,1.37233338333431,4.818343785196742,1.063699439705129,2.6512300638941007,0.7623511484209402,3.690551548576579,2.597235197158698
104.005885313135,1.37314355862543,4.807451742852091,1.004089409684081,2.832846971026701,1.0469406214424914,4.122133133295456,2.7626923756601642
104.005885313135,1.37395373391654,4.946028522361239,1.2090019176448124,3.10578691729685,1.3850591685468494,4.198243750223412,2.9688240552146326
104.005885313135,1.37476390920766,4.614438785643767,0.7861102334967747,2.8968392366860307,1.0999983459246891,4.123283890476252,2.7041340984455027
104.005885313135,1.37557408449877,4.196130584498231,0.4316713363945226,2.3426358436291963,0.6513880509507892,3.361796840052488,2.1967245311050454
104.005885313135,1.37638425978989,4.011405799042809,0.30779449940972725,1.7160377596291383,0.5439971721073285,3.1941573914997683,1.9546785243377542
104.006695488426,1.31238041179173,5.049735868987902,2.1931628882833785,2.3893413658029203,0.4280148017324592,3.61369602537248,2.7347901900358282
104.006695488426,1.31319058708284,5.212795487433382,2.560292689145662,3.1928950800268723,0.21038122763343026,3.9333243444086143,3.021937765729592
104.006695488426,1.31400076237396,5.344668959784471,2.57084716248281,2.836097140593754,0.6914626139515434,3.807169231551942,3.050049021672904
104.006695488426,1.31481093766507,6.125997077352213,3.075887446969947,3.0412321583213426,0.7446122505392125,3.5654467818936055,3.310635143015264
104.006695488426,1.31562111295619,5.948802596638991,2.822228501344526,3.3632253589057655,1.1524923133348324,3.5016538393974983,3.3576805219243226
104.006695488426,1.31643128824731,6.2335557270033775,3.196351830332272,4.027085720989078,0.8885431156436638,3.5593065672903634,3.580968592251751
104.006695488426,1.31724146353842,5.954219111241709,3.15696544476085,4.066653236049902,0.7535928999602959,3.5801607134655598,3.5023182810956635
104.006695488426,1.31805163882954,5.711479884021035,2.9830881096973734,3.7222126674829603,0.8620063441779173,2.809237664027602,3.2176049338813777
104.006695488426,1.31886181412065,5.205320070013347,2.5467011074521366,3.35953418731879,0.5906542440293379,2.981322328642193,2.936706387491161
104.006695488426,1.31967198941177,5.291465892087512,2.9038872462674945,3.8120008710411035,0.9800389072571853,4.399285335163409,3.477335650363341
104.006695488426,1.32048216470289,5.2991503685634065,3.02429261036243,3.894579561117496,1.3338264055812417,4.441999730736331,3.598769735272181
104.006695488426,1.321292339994,5.207072406446098,2.939904206574308,3.8195562243236125,1.225183587263146,3.9464204566135024,3.4276273762441334
104.006695488426,1.32210251528512,5.3464548167617885,3.357846368704461,4.14966806087881,1.7876481042614571,4.341135349641021,3.7965505400495076
104.006695488426,1.32291269057623,5.234063610726025,3.068080730200883,4.616581881469589,2.0324956002716483,4.7556792960512055,3.94138022374387
104.006695488426,1.32372286586735,5.386940131298935,2.707577772139345,4.251821755924389,1.4033673913841334,4.0397496268036726,3.557891335510095
104.006695488426,1.32453304115847,5.656873006980295,2.7410434508044723,3.9276864277262753,0.8025670975855022,3.2992489505256195,3.285483786724433
104.006695488426,1.32534321644958,5.64613827457886,2.5281576824659204,4.502642959038841,1.2568537768595114,3.188036615282453,3.424365861645117
104.006695488426,1.3261533917407,5.594362862969518,2.0560938894573724,3.5006549059728194,0.44737673367160014,2.9702714546700193,2.913751969348266
104.006695488426,1.32696356703181,5.515129908488486,1.5829419247231264,3.055504811746893,0.15528327595372104,2.8241905658613042,2.626610097354706
104.006695488426,1.32777374232293,4.937424909583882,1.0977714869734498,2.531000887475212,0.3287153095429396,2.421689777923536,2.263320474299804
104.006695488426,1.32858391761405,5.244487242298835,1.6306219344158706,3.067523264163178,0.4414739696794001,2.9119071597783908,2.659202714067135
104.006695488426,1.32939409290516,5.1995391287324395,1.9283064105315688,2.8676937815749,0.7518119760865218,3.0782306565206703,2.76511639068922
104.006695488426,1.33020426819628,5.3711351043540745,2.37955239527691,3.1560568009339605,1.0987651629709632,2.954010140484076,2.991903920803997
104.006695488426,1.33101444348739,5.499439442138311,2.686530259698621,3.1676643432772202,1.1814672263745507,3.0475659464586435,3.116533443589469
104.006695488426,1.33182461877851,4.956851871404655,1.9122371593758132,2.5839793827415676,0.8677651035313154,2.615341184735083,2.587234940357687
104.006695488426,1.33263479406963,5.458779734238931,2.2868704133622835,2.908565340936221,1.1390738034873813,2.857839336285771,2.9302257256621176
104.006695488426,1.33344496936074,5.760515570717271,2.0350462094328385,2.8217424581380826,1.1333223970248092,3.504715333817721,3.0510683938261445
104.006695488426,1.33425514465186,5.855154125701386,2.1126242146549856,3.121279901598836,1.3170298443450505,5.334841837438788,3.548185984747809
104.006695488426,1.33506531994297,5.86655692408042,1.9121696567693363,3.154890621936282,1.3069487279632845,5.094271770905511,3.466967540330967
104.006695488426,1.33587549523409,5.462673616178307,1.5596292005527879,2.7634388259531697,1.0206945840053017,5.370206911715179,3.235328627680949
104.006695488426,1.33668567052521,5.4023697803029584,1.5080689618941499,2.4948110743044722,0.9790748842331993,5.502037416224585,3.177272423391873
104.006695488426,1.33749584581632,5.483894053186049,1.5720916579217317,2.34521575233898,0.9885475381990894,5.576514165109348,3.1932526333510394
104.006695488426,1.33830602110744,5.617242152142566,1.5938569932718316,2.405612917340097,0.8089212720471188,5.594409324884104,3.2040085319371436
104.006695488426,1.33911619639855,5.456320534888999,1.2680675224486215,2.2819014138114504,0.7334559979145538,5.822118692002174,3.11237283221316
104.006695488426,1.33992637168967,5.275771397302648,1.0114826244134463,2.2915751190179385,0.5152836001598438,5.618443262174168,2.942511200613609
104.006695488426,1.34073654698079,5.180609884699827,0.7257831838452589,1.806669473895699,0.2060034041550871,5.50095621172742,2.6840044316646585
104.006695488426,1.3415467222719,5.042510288037825,0.713990389717388,1.0637941327763372,0.10663891698176542,4.337913692332794,2.252969483969222
104.006695488426,1.34235689756302,5.009169152750012,0.822776182211232,1.1048117242985072,0.15459773833524437,3.5677808513119196,2.131827129781383
104.006695488426,1.34316707285413,4.718037321360438,0.6119226217319316,0.7959631883796092,0.34712982608305865,3.2317481644791712,1.9409602244068416
104.006695488426,1.34397724814525,4.824750393561921,0.6088238807263089,0.912677863837672,0.643440874711029,3.197239972510669,2.0373865970695197
104.006695488426,1.34478742343637,4.430213645349017,0.1324582329439714,0.46072689266561184,1.030506316382212,2.8730557115622126,1.785392159780605
104.006695488426,1.34559759872748,4.570968240115118,0.014022065225663738,0.5944645414403702,1.6490093147437186,4.678797651298503,2.3014523625646746
104.006695488426,1.3464077740186,5.0131675038088375,0.44717956142264725,0.8573923543372288,1.6309900791895373,2.452166787060456,2.080179257163741
104.006695488426,1.34721794930971,4.865781359781121,0.2927950983396812,0.4509523481973119,1.6858960043849898,1.3991960114652002,1.7389241644336608
104.006695488426,1.34802812460083,5.277258324353049,0.7796437216098049,0.17642373232057196,1.426530485858649,1.2001533646990232,1.7720019257682196
104.006695488426,1.34883829989195,5.544991055445919,1.115398755715713,0.4495968406980282,1.3821272023649485,1.0582609215557852,1.910074955156079
104.006695488426,1.34964847518306,5.376886928083085,1.2380650934355195,1.4576489854502803,1.4787437858752916,0.8366028043621299,2.0775895194412612
104.006695488426,1.35045865047418,5.32165197707555,1.2972290149842607,2.3343951839297397,1.9599782657881732,0.9975902544522981,2.3821689392460046
104.006695488426,1.35126882576529,5.149134466185867,1.0610694319596625,2.635164158436414,2.0008466220958283,1.4956838974381412,2.4683797152231826
104.006695488426,1.35207900105641,5.37398713037096,1.3518838719456525,3.169316623397659,2.1620946611629677,2.535914833573557,2.918639424090159
104.006695488426,1.35288917634753,5.6992304363522415,1.7049545272613464,3.341350277299398,2.1381852914611486,3.038989207063537,3.184541947887534
104.006695488426,1.35369935163864,5.936254386158801,1.9978959529278129,3.2920803183970087,2.010820532615668,3.3300698589081286,3.3134242098014837
104.006695488426,1.35450952692976,5.698576777319705,1.6313948135399485,3.1537342367848495,1.7968597409860578,3.7965538956274543,3.215423892851603
104.006695488426,1.35531970222087,4.834983991738412,0.9676483100251225,2.9184428090263843,1.092409081943746,3.3284346672815275,2.6283837720030383
104.006695488426,1.35612987751199,4.908506673225585,1.1663659040545262,2.7491466514628797,0.8540859395955707,3.111674559746117,2.5579559456169356
104.006695488426,1.35694005280311,4.950744577224235,1.254568236069332,2.8369835451592422,0.6371665967902089,2.9035436547888516,2.516601322006374
104.006695488426,1.35775022809422,5.6901961748744405,1.8099689973798014,4.128754186533868,0.7837807495281872,3.217445814430171,3.1260291845492936
104.006695488426,1.35856040338534,5.315658031033749,1.3375580912662457,3.1367122831575927,0.35531211616909886,2.8989177911333,2.608831662551997
104.006695488426,1.35937057867645,5.5646156690997834,1.575639648035768,3.173846462018389,0.470172665485066,2.97982325066074,2.7528195390599492
104.006695488426,1.36018075396757,6.000747898015241,2.0444853600932156,2.9595284113352704,0.73324569408069,3.0915688169659283,2.965915236098069
104.006695488426,1.36099092925869,6.071096580839239,2.195208753264957,4.058339492892543,0.9179314079054848,3.3629409079959487,3.3211034285796344
104.006695488426,1.3618011045498,5.922293284803082,2.12954446418302,3.1935995575350944,1.0522384219775027,3.6109420374305827,3.1817235531858565
104.006695488426,1.36261127984092,6.003723550153726,2.201693783908812,3.372601243389255,1.2160945607989788,3.85509781644841,3.3298421909398366
104.006695488426,1.36342145513203,5.749949626305753,1.9936473770524188,3.367752355855412,1.1964016676637002,3.804509720359931,3.222452149447443
104.006695488426,1.36423163042315,5.709399119793307,1.9897804725371273,3.363598077011087,1.2829132210725902,4.019608071409547,3.2730597923647315
104.006695488426,1.36504180571427,5.207671019296615,1.3941455738373705,2.7334773838962896,0.781841252725993,3.942682720682658,2.8119635900877853
104.006695488426,1.36585198100538,4.685594281579601,0.9054664182487926,2.1730580354787783,0.2643919644667214,3.9575929570192905,2.3972207313586367
104.006695488426,1.3666621562965,4.893037715369029,0.687472310426557,1.5870216648678017,0.0011325118086205066,4.051022908135501,2.243937422121502
104.006695488426,1.36747233158761,4.6725500696654905,0.5584001235576785,1.6360125335755207,0.06993684712616144,4.089844353727393,2.205348785530449
104.006695488426,1.36828250687873,5.008971836719407,0.9793929088199853,2.2402435844614494,0.6321322737048298,4.359733676210787,2.6440948559832917
104.006695488426,1.36909268216985,5.165057218732304,1.3377418822910592,2.810239722561626,0.9643641780408956,4.31762699575393,2.9190059994759627
104.006695488426,1.36990285746096,4.7000351399050615,1.1296947331261435,2.505672818216638,0.7030185151647537,3.6002300609580224,2.527730253474124
104.006695488426,1.37152320804319,4.707020757531335,1.271171283614354,2.476470772459301,0.6775336584459701,3.4805606115259913,2.52255141671539
104.006695488426,1.37233338333431,4.641026724269594,0.9838680623382032,2.548076709797911,0.4867430576247891,3.534163150410201,2.4387755408881397
104.006695488426,1.37314355862543,5.599156095329462,1.778488044680408,3.497230656153068,1.6043874144659718,4.712146227480893,3.4382816876219606
104.006695488426,1.37395373391654,4.79702570709421,1.0461221371320057,3.03560464293723,0.9643117681224673,3.8797150823147177,2.744555867520126
104.007505663717,1.31319058708284,4.831910224848709,2.01434111183136,2.28791851237893,0.9736737116517169,3.1684839912741545,2.655265510396974
104.007505663717,1.31400076237396,4.8853057617701126,2.397309322978007,2.2641634855258026,1.1713668551321774,3.0341547073808286,2.7504600265573855
104.007505663717,1.31481093766507,5.096565438595189,2.3615817310575373,2.412075505408392,1.1526959539608583,3.146804848587209,2.8339446955218373
104.007505663717,1.31562111295619,5.349819269890261,2.6989308386037436,2.994947488411448,0.8486040784361499,3.3394394497303956,3.0463482250143996
104.007505663717,1.31643128824731,5.288631012639609,2.5554332477658726,3.2651607225642465,0.5992314293027903,3.297250922104098,3.0011414668753233
104.007505663717,1.31724146353842,5.364878251393755,2.7313502601426087,3.7328468027662005,0.4863502862920406,3.262476439485802,3.1155804080160814
104.007505663717,1.31805163882954,5.162984159296229,2.470315712897012,3.424125701070764,0.8085324198546786,2.6743946798566824,2.9080705345950735
104.007505663717,1.31886181412065,5.2474353546757975,2.585208881429022,3.630209773448904,0.0830567061620826,3.3344174905788044,2.976065641258922
104.007505663717,1.31967198941177,5.2342514001640446,2.6705617502573418,3.8802165069946355,0.6891912488172558,3.9794921465648017,3.290742610559616
104.007505663717,1.32048216470289,5.161218633858827,2.636209141260842,3.7394348799774875,0.7388657433183816,3.8952641216547974,3.234198504014067
104.007505663717,1.321292339994,5.179396096474743,2.592485388047429,3.6846462919343566,0.8710304968895208,3.456368697036112,3.156785394076432
104.007505663717,1.32210251528512,5.300674335879204,2.768878723377572,4.121771779818324,1.4662304218511863,3.74956849176834,3.4814247505389253
104.007505663717,1.32291269057623,4.899268208744292,2.3570814825695265,3.9235454553776883,1.0325049109755504,3.75005082648649,3.1924901768307095
104.007505663717,1.32372286586735,5.312151391832092,2.174742190295916,4.058124894960521,0.7177883632646704,3.3790362257178437,3.128368613214209
104.007505663717,1.32453304115847,5.645998049480202,2.417738918243167,4.151811392061081,0.6033030825439312,3.0679887993153336,3.1773680483287428
104.007505663717,1.32534321644958,5.659956077941523,2.1268239061468144,3.8797972086108103,0.6935294085637977,3.0237178558498456,3.0767648914225583
104.007505663717,1.3261533917407,5.604106736848319,1.3375886277577145,2.96865390930121,0.15548067981302083,2.1656403079461377,2.4462940523332803
104.007505663717,1.32696356703181,5.500909335968341,1.2068003674138588,2.638051585397612,0.35714701983275887,1.8404895975492401,2.3086795812323624
104.007505663717,1.32777374232293,5.58662357949834,1.6687254436662435,3.143880995410811,0.4423015259739884,2.701874301981139,2.7086811693061046
104.007505663717,1.32858391761405,5.522632261367345,2.015155395971938,4.29169438354872,1.0275949105599764,3.3652085242922354,3.244457095148043
104.007505663717,1.32939409290516,5.367271906951441,2.1845457164190414,3.379064198724109,1.2151403387994328,3.2503314290687584,3.0792707179925562
104.007505663717,1.33020426819628,5.234419150456024,2.14040099475206,4.05080125624276,1.166534305629348,2.955228785553178,3.109476898526674
104.007505663717,1.33101444348739,5.210307993064546,2.261954508961008,3.1926501627931785,1.253379212756741,2.947035324703087,2.973065440455712
104.007505663717,1.33182461877851,4.939648109310973,1.8810871003304186,2.671204431565876,0.9385365501277079,2.500528238868906,2.586200886040776
104.007505663717,1.33263479406963,4.688061587604647,1.677624831845165,2.2416363956963075,0.40286922726864915,2.251002143373622,2.252238837157678
104.007505663717,1.33344496936074,5.533528804467956,2.032144499479802,2.8363171533090537,1.1071431596903913,3.5956951434820006,3.0209657520858406
104.007505663717,1.33425514465186,5.63229822705939,2.014218001860666,2.9470208168057823,0.9093299354476407,5.586983069327836,3.4179700101002632
104.007505663717,1.33506531994297,6.059121705471441,2.145532203372259,3.3683150941063325,1.1665550648915861,4.880350617083579,3.5239749369850393
104.007505663717,1.33587549523409,5.558407243750004,1.6287637070632428,2.900663410959183,1.1067194177089021,5.328801808398872,3.304671117576041
104.007505663717,1.33668567052521,5.127948980449837,1.4416799185121505,2.4796738690987645,0.9083808656714858,5.38567536229494,3.0686717992054353
104.007505663717,1.33749584581632,5.2808023905012575,1.5979515033553788,2.9346984330944217,1.025580031716455,5.407122906575921,3.2492310530486868
104.007505663717,1.33830602110744,5.160420742350624,1.4511897055204486,2.380843052743007,0.7039030442405974,5.245306742555119,2.9883326574819593
104.007505663717,1.33911619639855,5.3786044183579875,1.4537105481566357,2.451071213998631,0.71729554894236,5.644943181253122,3.1291249821417475
104.007505663717,1.33992637168967,5.662080190025019,1.3465722746293594,2.3551073774039892,0.6307078208766441,5.8547793414067115,3.169849400868345
104.007505663717,1.34073654698079,5.759374576448359,1.2829112844367963,2.2729657961805323,0.7134725530606971,5.927252717651008,3.1911953855554787
104.007505663717,1.3415467222719,5.422638650985256,2.1203727498727822,2.257568652963716,0.6713883940362457,5.043139881995163,3.1030216659706324
104.007505663717,1.34235689756302,5.216429227962458,1.3186701876891256,2.202737350946311,0.7799335908925826,3.5707230593409385,2.617698683366283
104.007505663717,1.34316707285413,5.080224924667558,1.3577873739236388,2.123779297659425,1.5222211178417808,3.386319588659589,2.694066460550398
104.007505663717,1.34397724814525,5.082211605033326,1.1373114923826328,1.7882440960672632,1.8886139062303613,3.321724340275363,2.643621087997789
104.007505663717,1.34478742343637,5.08163950432299,0.7350187964981778,1.1653459951702416,1.7961522659637268,3.357145710195798,2.427060454430187
104.007505663717,1.34559759872748,4.777857574439729,0.17644650195760647,0.6617433513342235,1.6784172990134074,3.9025260943002813,2.2393981642090495
104.007505663717,1.3464077740186,5.1301301532317325,0.39524035816183556,0.6811551233926423,1.7601915648438613,2.325014951050843,2.058346430136183
104.007505663717,1.34721794930971,5.464500682480839,0.49188385012131164,0.5556232741797515,1.9604867951562284,1.2781467623376095,1.9501282728551481
104.007505663717,1.34802812460083,5.000627263548591,0.23194738808236082,0.17172557069396888,1.3547084964094473,0.6668178155640874,1.485165306859691
104.007505663717,1.34883829989195,5.13880802832902,0.4928902663136654,0.10112254592471004,1.3864198174894682,1.2690302541253047,1.6776541824364337
104.007505663717,1.34964847518306,5.3338812033257454,0.8731903450211647,1.2251389546140317,1.478963723957424,0.8572311784372246,1.953681081071118
104.007505663717,1.35045865047418,5.237253083246479,0.9543735729080858,1.8224303299545603,1.4924028346562999,1.1064606829259738,2.1225841007382797
104.007505663717,1.35126882576529,5.2543940457741165,1.0132040212822098,2.369001555726289,1.5329652435511996,1.3019885440078696,2.2943106820683368
104.007505663717,1.35207900105641,5.283598058084323,1.0301686561660794,2.772735088468785,1.6246972450168684,1.828509165667672,2.5079416426807457
104.007505663717,1.35288917634753,5.397980051212606,1.2893398509082843,2.9723865959009714,1.694884193758213,2.640382121985681,2.798994562753151
104.007505663717,1.35369935163864,5.516755451829024,1.524945438256939,3.0331491834906075,1.7116032377457806,3.5985094586903053,3.076992554002531
104.007505663717,1.35450952692976,5.418004673786548,1.3276651639787573,2.9403297467757312,1.4785212941065993,3.395001051036875,2.9119043859369023
104.007505663717,1.35531970222087,4.812971635897501,0.9911442601616969,2.909040721682075,1.196245177166528,3.107330576736498,2.60334647432886
104.007505663717,1.35612987751199,4.857835692765043,1.17574929853712,2.943785645315657,1.0151185737572739,3.1896593449763593,2.636429711070291
104.007505663717,1.35694005280311,5.253917908399803,1.552905097819533,4.116403104686025,0.9492637289778969,3.435035707920047,3.061505109560661
104.007505663717,1.35775022809422,5.406685125088554,1.754894798703372,3.997385236835992,0.7303730106267601,3.38487785122938,3.0548432044968115
104.007505663717,1.35856040338534,5.532625810422022,1.7006441542898898,3.067501752305361,0.7584794351186872,3.4879027950588757,2.909430789438967
104.007505663717,1.35937057867645,5.501120886963189,1.738174981025118,3.428448495745286,0.6924215578529136,3.2876480385784497,2.9295627920329914
104.007505663717,1.36018075396757,5.871404958027089,1.976392220674139,2.979889844091229,0.7200523819105911,3.0070338741861207,2.9109546557778336
104.007505663717,1.36099092925869,6.055866835820549,2.1914465836830566,3.9504635685896403,0.8046068298508153,3.0437486948037993,3.209226502549572
104.007505663717,1.3618011045498,6.168127675379218,2.276900144679054,4.033842093947431,0.8004172199664765,3.3190862902721925,3.3196746848488745
104.007505663717,1.36261127984092,6.105522663846386,2.2495498657654593,3.225773575972312,0.7506872189881975,3.633262157518171,3.192959096418105
104.007505663717,1.36342145513203,5.919416643662718,2.1940705246031023,3.333455075250612,0.9990690151222843,3.921196095392183,3.27344147080618
104.007505663717,1.36423163042315,5.52954185944764,1.8639863214872285,3.1264147909729516,1.0246397079835887,3.902613087348147,3.0894391534479113
104.007505663717,1.36504180571427,5.003444366766853,1.3024804925620046,2.607406797450963,0.524598549148191,3.8555922381271834,2.658704488811039
104.007505663717,1.36585198100538,5.022249690709838,1.1228661696424211,2.2821193346840936,0.43317098492769546,4.21875516191723,2.6158322683762556
104.007505663717,1.3666621562965,4.915098674785714,0.8892843022813857,1.9133685115756833,0.1720086144855557,4.163678392555671,2.410687699136802
104.007505663717,1.36747233158761,4.765616987271777,0.7531087172494466,1.9563440953913265,0.13599790940629575,4.141014842066696,2.350416510277108
104.007505663717,1.36828250687873,5.50819603309926,1.6356838358520562,2.8230637870005033,0.9513633153699388,4.786213946187928,3.140904183501937
104.007505663717,1.36909268216985,5.128333371006423,1.3837505130901242,2.7079393821115083,0.7352789341789858,4.268177930099412,2.844696026097291
104.007505663717,1.36990285746096,4.722484795871061,1.3139211201161736,2.683097064318723,0.5144449029104692,3.647439047555455,2.576277386154376
104.007505663717,1.37233338333431,5.251940857545211,1.46010145769608,3.1614098444556014,1.101064396203288,4.3584531977204115,3.0665939507241182
104.007505663717,1.37314355862543,5.747186341482362,1.58574638812377,3.508382004894557,1.7211330729977163,5.15155182420208,3.542799926340097
104.007505663717,1.37395373391654,4.73710330608413,0.8901784598987099,2.7468526790613446,0.802971301125261,3.474157203653899,2.530252589964669
104.008315839008,1.31319058708284,4.653775283201227,1.6398901541300468,1.569232227794359,2.012209435912503,2.1447644906995613,2.4039743183475393
104.008315839008,1.31400076237396,4.575366159129459,1.9981873387197346,2.76503425636691,1.963674990481973,2.144369842094452,2.6893265173585057
104.008315839008,1.31481093766507,4.692601703325479,2.1123520276001955,2.2975966668485093,1.2846100687033584,2.876689103599265,2.6527699140153613
104.008315839008,1.31562111295619,4.912553914861427,2.2645733376972785,3.7090206035246247,0.9799862902003582,3.112900770720824,2.9958069834009025
104.008315839008,1.31643128824731,4.734077925258028,2.1241070929866126,3.909228381143169,0.6351676932743686,3.0104552082111518,2.882607260174666
104.008315839008,1.31724146353842,4.891237504171439,2.2756488343306494,3.514469109510731,0.16626423737814378,3.151312307711084,2.7997863986204097
104.008315839008,1.31805163882954,5.032538710315219,2.3318115011508134,3.5490127005995085,0.07991861296090974,2.988942980714693,2.7964449011482286
104.008315839008,1.31886181412065,5.02580571633284,2.306623261854945,3.5909578661950015,0.11492428534782917,3.039079218082584,2.81547806956264
104.008315839008,1.31967198941177,5.031906876649007,2.319624677131497,3.5898641705170533,0.05340295102213233,3.142727513467765,2.827505237757491
104.008315839008,1.32048216470289,5.139859678030508,2.422041004649433,3.6259004580722625,0.278480553120513,3.089332855048788,2.911122909784301
104.008315839008,1.321292339994,5.023075855152218,2.2105914115296095,3.4878657018988335,0.5879817252128916,2.7966078306082096,2.8212245048803526
104.008315839008,1.32210251528512,5.100560198971255,2.19178058484723,3.6836940690851705,0.8987720768832332,2.9941654246870826,2.973794470894794
104.008315839008,1.32291269057623,5.055090407366318,1.9035793838279673,3.5095417152994663,0.3445565322237698,3.037698070774418,2.770093221898388
104.008315839008,1.32372286586735,4.751799572383721,0.9340882154689893,2.7368021769938586,1.0369263177781356,1.7579411678607322,2.243511490097087
104.008315839008,1.32453304115847,5.462555973803088,1.910589498813735,3.334234875723098,0.8815160527532733,2.304816063611675,2.7787424929409736
104.008315839008,1.32534321644958,5.603803341699233,1.8450846709666102,4.308642382058739,0.8541665772448717,2.3936270916715188,3.0010648127281945
104.008315839008,1.3261533917407,5.513330456924933,0.9426768185235268,2.635108984798194,1.0183476277686623,1.906237752448348,2.403140328092733
104.008315839008,1.32696356703181,5.489163240688423,1.115463834866997,2.64821705368853,0.6246620237087548,1.9840307715264238,2.3723073848958256
104.008315839008,1.32777374232293,5.6548907350439634,1.9422270583701646,3.481539919027746,0.6137793828781106,2.9949624654145808,2.9374799121469133
104.008315839008,1.32858391761405,5.658738970519153,2.4607240964502672,3.689793617195992,1.5585831807490393,3.619217078315046,3.3974113886458994
104.008315839008,1.32939409290516,5.692659185258581,2.929773172909819,4.951798174943811,2.2279778599977718,3.515611645385281,3.8635640076990527
104.008315839008,1.33020426819628,5.516985810050649,2.583111894091328,4.299729365937154,1.9391694745123047,3.233324575530279,3.514464224024343
104.008315839008,1.33101444348739,5.285357908893197,2.448596272963062,3.6282704006595985,1.7455489993587818,2.7869444759980304,3.178943611574534
104.008315839008,1.33182461877851,4.998631645341828,2.060153198245544,2.7025217626419504,1.2482727246487109,2.389289023541579,2.6797736708839226
104.008315839008,1.33263479406963,4.5052285490139035,1.4395251550077646,1.9965887038679497,0.3761661521021722,1.78537901469279,2.020577514936916
104.008315839008,1.33344496936074,5.339154772634046,2.2274602799208445,2.6244270292300413,1.0097857647360833,2.68634828048425,2.777435225401053
104.008315839008,1.33425514465186,5.287389506973565,1.908951634142717,2.599137761729242,0.7601118414272321,3.526091713169798,2.816336491488511
104.008315839008,1.33506531994297,5.507794949369529,1.840976270803388,2.9852306404255984,0.8269413336451876,3.4034624565419023,2.912881130157121
104.008315839008,1.33587549523409,5.46376234224466,1.7114105774643846,2.9581181463745274,0.9129151222702383,4.369566863092118,3.083154610289186
104.008315839008,1.33668567052521,5.991101374254988,2.1623803675250315,3.4423506867555638,1.4946515405298477,5.173666139319373,3.652830021676961
104.008315839008,1.33749584581632,5.243859564042335,1.3133095891066056,2.7105074461068455,0.8875063823056841,5.078157833548339,3.0466681630219616
104.008315839008,1.33830602110744,5.4962691829825445,1.3544497144843959,2.8325835895847007,0.9364938925295085,5.485047834427888,3.2209688428018075
104.008315839008,1.33911619639855,5.4736560842600674,1.3016907342200135,2.5812305336726418,0.8014786895411881,5.3870408601018624,3.109019380359155
104.008315839008,1.33992637168967,5.432405027299421,1.422536598015462,2.6766884505050967,0.8065885188716493,5.502631420886388,3.1681700031156033
104.008315839008,1.34073654698079,5.527018949470669,1.4089552896471602,2.7033107533055087,0.9592119591961961,5.579801438143658,3.2356596779526385
104.008315839008,1.3415467222719,5.566078903534159,1.3038398505982691,2.408520650653113,1.100225587915613,5.609017060880017,3.1975364107162343
104.008315839008,1.34235689756302,5.4053102004714795,1.2062572207508602,1.9653017579101046,1.4475528107137983,4.725671400742929,2.9500186781178344
104.008315839008,1.34316707285413,5.65276668309221,1.8668287658886804,2.2085378975422145,2.3738634751150087,3.946294044745404,3.2096581732767033
104.008315839008,1.34397724814525,5.696067235308089,1.96587526373699,2.0147252685006514,2.5441313043635674,3.7532325331877843,3.194806321019416
104.008315839008,1.34478742343637,5.381997665796305,1.2168976376146325,1.298527551143053,2.1038024630916325,3.6440816604288777,2.7290613956149
104.008315839008,1.34559759872748,5.268619580308144,0.861313597915359,1.0475824938880436,2.1663945685800243,3.6382000927734097,2.596422066692996
104.008315839008,1.3464077740186,5.273012002968585,0.8934461287960076,1.0398437045615054,2.160715076199409,4.15624029114257,2.7046514407336155
104.008315839008,1.34721794930971,5.3356142238014215,0.7413429780889977,0.7552510788858626,1.818287234793889,1.8072554681417294,2.09155019674238
104.008315839008,1.34802812460083,5.209747985541,0.5050922040935717,0.2664834951292576,1.4364742448645593,1.0078093452036754,1.6851214549664129
104.008315839008,1.34883829989195,5.091730059622659,0.41055062147800925,0.32044864347103896,1.3261192832104776,1.1012435093485777,1.6500184234261526
104.008315839008,1.34964847518306,5.01874743119523,0.36109609657154706,0.3951068514095333,0.7840725396456882,1.1144121600709838,1.5346870157785966
104.008315839008,1.35045865047418,4.977481513038747,0.34706629546108303,0.7063745403803985,0.561588443712747,1.5990472243396994,1.6383116033865348
104.008315839008,1.35126882576529,5.200833228788888,0.6927708200064373,1.4817837922903685,0.690439191820456,2.184445257458563,2.0500544580729425
104.008315839008,1.35207900105641,5.419903770187208,1.0205603947723567,1.9505089059561236,0.9155508732302238,2.572261973133113,2.375757183455805
104.008315839008,1.35288917634753,5.1734891879495315,0.9399746401862927,2.281780430603508,0.9464973986085994,2.6046621386796005,2.3892807592055063
104.008315839008,1.35369935163864,5.438471805634858,1.1898829895087673,2.3677252083404525,1.0856747240785722,2.686885180033535,2.553727981519237
104.008315839008,1.35450952692976,5.2516909664641815,1.039637867856655,2.3945047757726847,1.0237829250296286,2.4724650456305177,2.4364163161507335
104.008315839008,1.35531970222087,5.30824446054692,1.1576872140153824,3.412345637590164,1.2765630479441121,2.683045441833343,2.7675771603859842
104.008315839008,1.35612987751199,5.803459327478091,1.734275635954429,3.164368909993353,1.380273611691841,3.2015984783687763,3.0567951926972983
104.008315839008,1.35694005280311,5.297227630146548,1.4956291742220138,3.3063343578484243,0.8978677580806362,3.175827869959136,2.8345773580513516
104.008315839008,1.35775022809422,5.026365876330548,1.4427473154078783,3.788010316511013,0.7723436184334425,3.2104773029395695,2.84798888592449
104.008315839008,1.35856040338534,5.487805383584579,1.9573761272342232,4.169528580306562,1.1166124442205643,3.6575829910560103,3.2777811052803876
104.008315839008,1.35937057867645,5.429136262324022,1.8626946736746888,4.069085277707266,0.9107661720663565,3.579471602874161,3.1702307977292987
104.008315839008,1.36018075396757,5.649907717760435,1.9197681577744348,3.124524975432024,0.9274013788978799,3.4913162502974373,3.0225836960324424
104.008315839008,1.36099092925869,5.82334510611398,2.0566577769452294,3.1350685882910803,0.9265264407064215,3.4462376634647853,3.077567115104299
104.008315839008,1.3618011045498,5.716138794308961,2.0187584349299,3.232428525042195,0.8641650267848284,3.4492602254181435,3.0561502012968056
104.008315839008,1.36261127984092,5.783329442092278,2.110919696837499,3.44850154391294,0.9139716186441547,3.802877624761283,3.2119199852496307
104.008315839008,1.36342145513203,5.8606449203161795,2.23489925128354,3.422870490214251,0.998836717460744,4.044949678288688,3.3124402115126808
104.008315839008,1.36423163042315,5.24725658499748,1.6027489375098796,2.98683876282303,0.6978613698531362,3.772779744424689,2.861497079921643
104.008315839008,1.36504180571427,5.462945307893673,1.490613204657226,2.85548154603719,0.5999141841293856,4.310581610351949,2.9439071706138846
104.008315839008,1.36585198100538,5.736881925388968,1.5496311953027195,2.5781820687004817,0.626993054428933,4.615843362755843,3.021506321315389
104.008315839008,1.3666621562965,5.148702870815871,1.1273839947329876,2.526247413019547,0.46122782248179206,4.301967386719948,2.713105897554029
104.008315839008,1.36747233158761,5.022490620477626,1.1569538845948522,2.4638812086209576,0.6122215212298805,4.295892369365809,2.710287920857825
104.008315839008,1.36828250687873,5.507826445833949,1.7583647973208905,3.1385960924402916,1.1402146042330408,4.84126818170121,3.2772540243058765
104.008315839008,1.36909268216985,5.127287565456758,1.536661174617585,2.782321765663319,0.8037239348318579,4.236973086735567,2.897393505461017
104.008315839008,1.37233338333431,4.778813341550901,1.1995477410044089,2.691588005031864,0.6361447530810658,3.83385608908824,2.627989985951296
104.008315839008,1.37314355862543,5.014555810685504,1.0565308812843597,2.85509570007671,1.147170145576844,4.494364454585504,2.9135433984417842
104.008315839008,1.37395373391654,4.679863309071369,0.9077305540415317,2.724551168167096,0.6692310710140603,3.5155746637449106,2.4993901532077936
104.009126014299,1.31400076237396,4.3411457765547645,1.5604780441626573,1.3308494038328185,2.5462596373202473,1.8949089570833202,2.3347283637907617
104.009126014299,1.31481093766507,3.986451050969084,1.4810154285305188,1.6115834941741056,2.1395767339128575,2.2996360963896088,2.3036525607952347
104.009126014299,1.31562111295619,4.75717045763604,1.9876551951598067,2.5529119051027678,1.1561355547107368,2.869897324879261,2.6647540874977222
104.009126014299,1.31643128824731,4.4210019560528195,1.5875905158070616,2.733623139524621,1.5501790479015014,2.431607376922617,2.5448004072417243
104.009126014299,1.31724146353842,4.61448002372866,1.7250254906131417,3.1904881208691265,1.0894808411198582,2.6988701913227438,2.663668933530706
104.009126014299,1.31805163882954,4.264703506546422,1.4377844894301894,3.2276205721355566,1.2622075183668215,2.407817925374065,2.520026802370611
104.009126014299,1.31886181412065,4.714331173528954,1.8601681918541253,3.7710476146608585,0.7567854048666547,2.505438099271373,2.7215540968363934
104.009126014299,1.31967198941177,4.795515144068279,1.9133717468246125,3.3067370143138994,0.6774062684627928,2.5028717945981036,2.6391803936535374
104.009126014299,1.32048216470289,4.874573889884427,2.02665710873649,3.2021096642832774,0.4025305521830802,2.38084485124196,2.577343213265847
104.009126014299,1.321292339994,4.88745218942892,1.8701394121305626,3.1476099016272627,0.24974148511286032,2.5958057568878807,2.550149749037497
104.009126014299,1.32210251528512,4.934510007505228,1.7285710707662183,3.1931934806449505,0.57574976443426,2.8385487785599466,2.6541146203821206
104.009126014299,1.32291269057623,5.108835180062851,1.676553172719533,3.2262052383136854,0.2762950117363516,2.8777834149293042,2.633134403552345
104.009126014299,1.32372286586735,4.506884231244911,0.4243195343150319,2.4834762521912737,1.1912946751785434,1.7613372983048876,2.0734623982469294
104.009126014299,1.32453304115847,5.3043535662322014,0.8764305408971751,2.824763074793861,1.2672671519540302,2.106597510259977,2.475882368827449
104.009126014299,1.32534321644958,5.380594128767708,0.7807270145268816,2.5708523727744996,1.57823034379604,1.8162769160892829,2.4253361551908825
104.009126014299,1.3261533917407,5.464781806960339,0.792069676941697,2.455755417465383,1.3016378598666378,2.0214223527780923,2.40713342280243
104.009126014299,1.32696356703181,5.523044414153869,1.453293720092642,3.0371067162337333,0.17397934353004274,2.825443412350854,2.602573521272228
104.009126014299,1.32777374232293,5.649740468306753,2.242899612336732,3.877455721316938,0.8758476922152845,3.380983389440747,3.205385376723291
104.009126014299,1.32858391761405,5.772832781179261,2.618817490018536,3.880078393891857,1.471456707841682,3.5375557150701376,3.456148217600295
104.009126014299,1.32939409290516,5.684087262199341,2.83996512640584,4.99937854312962,2.1418105311829976,3.643645037805218,3.8617773001446034
104.009126014299,1.33020426819628,5.539973323258213,2.651186387601552,5.06233419843937,2.1608977938754634,3.8258909381906534,3.8480565282730503
104.009126014299,1.33101444348739,5.466446781069049,2.6565618063901404,4.027091592008148,2.1498623527639076,3.760688031399841,3.6121301127262173
104.009126014299,1.33182461877851,5.200391243796652,2.27479924433921,2.9619322767647702,1.529360734991677,2.827331074201325,2.9587629148187267
104.009126014299,1.33263479406963,5.076871624029028,2.0386652544671193,2.854825802168861,1.4106373616004646,2.3352217965975157,2.743244367772598
104.009126014299,1.33344496936074,5.27598424359466,2.1659002905215132,2.9647229522322114,1.3301826315139422,2.037481038321552,2.754854231236776
104.009126014299,1.33425514465186,5.267879728661587,1.9241703398356869,2.78986245590324,0.9431900651498495,1.8882877411986492,2.5626780661498025
104.009126014299,1.33506531994297,4.850828301377376,1.58667863447155,2.365796061442058,0.4987633694079108,2.497666359453099,2.359946545230399
104.009126014299,1.33587549523409,5.218824340883629,1.8372676568348858,2.5981938994426805,0.7341953509722501,4.110922671783101,2.899880783983309
104.009126014299,1.33668567052521,5.490341999420881,1.835188891243412,2.8010070251136696,1.0259630985676473,5.075818351813567,3.2456638732318353
104.009126014299,1.33749584581632,5.5289589647380275,1.7368587028136062,3.050091337257811,0.7624140815550362,5.07363957073915,3.2303925314207262
104.009126014299,1.33830602110744,5.732750158256028,1.5436397501372525,2.74586034392307,0.42566151992254575,5.189157141235317,3.1274137826948425
104.009126014299,1.33911619639855,5.479128070541144,1.2172332999283633,2.2771986761836907,0.26610240004191255,5.251174770718446,2.8981674434827114
104.009126014299,1.33992637168967,5.656623149197582,1.5777248325422093,2.544135193147465,0.5859996136392702,5.36086270469308,3.1450690986439214
104.009126014299,1.34073654698079,5.593139985245745,1.6838601626583127,2.8579329218740384,1.0131021318226416,5.5950125959793695,3.3486095595160217
104.009126014299,1.3415467222719,5.34930507800793,1.3075451958809126,2.4149807844866906,0.9915879420926643,5.351563116231979,3.0829964233400355
104.009126014299,1.34235689756302,5.315898826447725,1.152183568888912,2.009296729174089,1.440033462758592,5.149334264046644,3.0133493702631924
104.009126014299,1.34316707285413,5.447998025477041,1.414516064703939,2.1224033747945157,2.120665054206871,4.135983052599691,3.0483131143564117
104.009126014299,1.34397724814525,5.92890171342669,1.8582689297906612,2.0145276582022333,2.2281734726488196,4.22977865456361,3.2519300857264026
104.009126014299,1.34478742343637,6.038926172905942,1.874202110168202,1.8857010723394332,1.821264811342587,4.179545071007933,3.1599278475528196
104.009126014299,1.34559759872748,5.787271537440084,2.1126557784444735,1.8376679300660719,1.975181906415287,4.023284058073326,3.1472122420878486
104.009126014299,1.3464077740186,5.499579433822461,2.219033923671141,2.053723043701794,2.1623559275166606,3.0211048131059464,2.9911594283636007
104.009126014299,1.34721794930971,5.331009634189908,1.5108117653034299,1.8460224876701012,1.7556758453219459,3.0823330195097824,2.7051705503990333
104.009126014299,1.34802812460083,5.465756209818192,1.3162174288133315,1.5301507289046619,1.6578180672092984,1.949822746826932,2.383953036314483
104.009126014299,1.34883829989195,5.481678254706939,0.8863539272604868,0.6543533650780304,1.1847973810793206,1.0882509521097425,1.8590867760469039
104.009126014299,1.34964847518306,5.145653279992445,0.3484909157700464,0.1028766213883685,0.5536266306442208,0.5699009728574964,1.3441096841305153
104.009126014299,1.35045865047418,4.989999382520104,0.23865601522203406,0.20107078605945716,0.065367242498521,0.5577577321903284,1.2105702316980889
104.009126014299,1.35126882576529,5.054049468047342,0.4239668059074333,0.7988271115439609,0.08358996355465109,0.9834444877438742,1.4687755673594522
104.009126014299,1.35207900105641,5.098475991932098,0.5852917339267876,1.1758720204167865,0.11376581161258414,1.194178356197181,1.6335167828170873
104.009126014299,1.35288917634753,5.144078222602619,0.7583548418302257,1.6220243928445655,0.280782740362568,1.5809740822157465,1.877242855971145
104.009126014299,1.35369935163864,5.4459964027479195,0.9834369543856702,1.7897574506294625,0.46584061973723934,1.6037852593966413,2.0577633373793867
104.009126014299,1.35450952692976,5.504323773318088,1.0151569062450356,2.124927783191996,0.6129308709498389,1.5897876353492464,2.169425393810841
104.009126014299,1.35531970222087,5.476146151104768,1.2480480196626296,2.5344617585776987,0.8982558630190063,1.9390246641874533,2.419187291310311
104.009126014299,1.35612987751199,5.24080519616227,1.1333151857463086,2.4364191282458805,0.6664310082352074,2.215461322921012,2.338486368262136
104.009126014299,1.35694005280311,5.3314636637914425,1.4281751696164733,2.757216730275477,0.7852749932806304,2.8593663503856206,2.6322993814699287
104.009126014299,1.35775022809422,4.972890673543045,1.3661671579160952,2.85050591863223,0.614517901180065,2.9133635575682213,2.5434890417679314
104.009126014299,1.35856040338534,5.3420809425527125,1.9287506227524496,3.3844081665022614,1.008805796346845,3.3705918226614386,3.0069274701631414
104.009126014299,1.35937057867645,5.295328617030123,1.7494119588247052,3.2184492479807822,0.9269023464959432,3.44462207550767,2.926942849167845
104.009126014299,1.36018075396757,5.557772437039585,1.9940852443104085,3.2879602616628283,1.1581585142197532,3.8785457791158855,3.175304447269692
104.009126014299,1.36099092925869,5.807371342664865,2.1886426970612405,3.2294840037083468,1.2176380426215871,4.166852574403428,3.3219977320918934
104.009126014299,1.3618011045498,5.649906112869527,1.9716113134415565,3.317592651821272,1.136742907344697,4.208840025266017,3.256938602148614
104.009126014299,1.36261127984092,5.664202729603623,2.04211847479748,3.517016183093908,1.1909386215615676,3.720999501164787,3.227055102044273
104.009126014299,1.36342145513203,5.75924851084358,2.132425479798677,3.377681045229121,1.1621611730299648,3.9795514370638188,3.282213529193032
104.009126014299,1.36423163042315,5.7813222912648,1.9182502436506788,2.945763655193275,0.8355117597430457,4.197573304425262,3.1356842508554124
104.009126014299,1.36504180571427,5.856854984882617,1.5275459959158866,2.3209691601430222,0.30660994048589885,4.34050302340145,2.870496620965775
104.009126014299,1.36585198100538,5.6228803165586285,1.3921098199653414,2.4078544487061713,0.4735210263793803,4.5365225878594515,2.886577639893795
104.009126014299,1.3666621562965,5.644028454621527,1.7558826910117808,3.380317345849125,1.0330487050577801,4.271562308409557,3.216967900989954
104.009126014299,1.36747233158761,5.619550374404586,1.8307591075251892,3.5777200733139196,1.3301434240475025,4.32272040381595,3.3361786766214294
104.009126014299,1.36828250687873,5.5577619159062905,1.7714294774759693,3.2830912579386684,1.1346386782517293,4.702578960285948,3.289900057971721
104.009126014299,1.36909268216985,5.202682589406891,1.7157780332910342,3.1539167691326995,0.9005058664753776,4.255348819063784,3.045646415473957
104.009126014299,1.37233338333431,4.172629485335502,0.7550998449511503,2.146722002016663,0.11701790844925597,3.6748456891775447,2.1732629859860233
104.009126014299,1.37314355862543,4.165715297112225,0.5183793078559376,2.2568529047773502,0.24044031838749902,3.7103408144625902,2.1783457285191203
104.009126014299,1.37395373391654,4.215476364276814,0.5391892448804363,2.3350386778635155,0.18110999646611958,3.7661633195131436,2.2073955206000058
104.009936189591,1.31481093766507,4.597272351277944,2.0041531312536485,2.28200796545584,1.6516107844314476,2.572257549360792,2.6214603563559344
104.009936189591,1.31562111295619,5.058047060839812,2.267658908499417,3.6071997233124087,0.9971926027817091,3.013933185023859,2.988806296091441
104.009936189591,1.31643128824731,4.788804984602081,1.624295333603964,2.8440079971461003,1.813694781783827,2.281006418774009,2.670361903181996
104.009936189591,1.31724146353842,4.51299032957165,1.1942346490128628,2.8337485126070376,2.1110924931493003,1.7407034164643598,2.478553880161042
104.009936189591,1.31805163882954,4.677693713838654,1.662962503105959,3.2050378904793995,1.2829433957342289,1.9216880392213156,2.5500651084759114
104.009936189591,1.31886181412065,4.578142460629778,1.6956834300844825,3.3697406486172206,1.2855271324753836,1.9153635815256926,2.5688914506665115
104.009936189591,1.31967198941177,4.697826534878779,1.7982103810288557,3.2338524061067986,1.1603996782370878,1.9503310457455676,2.5681240091994177
104.009936189591,1.32048216470289,4.69702460512034,1.7336967661327272,2.8140801089071914,1.0698250293694933,2.20182635748462,2.5032905734028743
104.009936189591,1.321292339994,4.732189676978582,1.6464452655900423,2.7269899560792226,0.2792123009185552,2.821424078946734,2.441252255702627
104.009936189591,1.32210251528512,4.771138234864075,1.8423268616818511,2.940438056041799,0.2642399809911815,3.0539015468952186,2.5744089360948252
104.009936189591,1.32291269057623,5.0227166638288026,1.6290000175115296,3.2192354134663006,0.7123134206632713,3.082157458035365,2.7330845947010536
104.009936189591,1.32372286586735,5.169908050766072,1.3479627058864523,3.3115815764098535,0.3027344036614288,2.8193141417545426,2.5903001756956696
104.009936189591,1.32453304115847,5.3169224476515105,0.9298648496130042,2.9295379983325205,0.6109379003054762,2.2391978327137245,2.405292205723247
104.009936189591,1.32534321644958,5.312000794257457,0.5673731688868031,2.5543500476503134,1.181253127941602,1.7397742135636598,2.2709502704599673
104.009936189591,1.3261533917407,5.366320349048944,0.7791655064341185,2.5416614864410008,0.8002980685979502,2.30548599550297,2.358586281204997
104.009936189591,1.32696356703181,5.485078336316693,1.8053630194812982,4.2176633328931,0.5170971538193214,3.199606696431239,3.0449617077883304
104.009936189591,1.32777374232293,5.474549783661441,2.2990749766472796,4.0000418222271,1.0106193839638706,3.468247391806642,3.2505066716612667
104.009936189591,1.32858391761405,5.462869658471259,2.4556410163914926,3.777759344768789,1.120799110830788,3.32780135422815,3.228974096938096
104.009936189591,1.32939409290516,5.549239280537002,2.64048493440551,4.8446739324203705,1.626990052853067,3.403742592434792,3.613026158530148
104.009936189591,1.33020426819628,5.593402365054921,2.5203134320684697,4.310044906541588,2.3881199220539706,3.9110861304824383,3.7445933512402774
104.009936189591,1.33101444348739,5.6321512187534,2.62263158328226,4.66747728510817,2.385362968785408,4.523405732486307,3.9662057576831087
104.009936189591,1.33182461877851,5.566390541870476,2.54324822161864,4.949915899195048,2.18499036906762,3.9993215507225273,3.8487733164948623
104.009936189591,1.33263479406963,5.326786392075384,2.2177072407318086,3.731226064888226,1.8718747857562867,2.9081393984750648,3.211146776385354
104.009936189591,1.33344496936074,5.350415660270549,2.2772135146669044,3.464890433802889,1.5915482830870573,2.3855623776358215,3.0139260538926442
104.009936189591,1.33425514465186,5.513706513454842,2.396951045890269,3.680195618197704,1.6410642190080154,2.602184774030878,3.1668204341163415
104.009936189591,1.33506531994297,5.328988005972661,2.2983807160387357,3.357371135642566,1.465933065269958,2.7907448399480046,3.048283552574385
104.009936189591,1.33587549523409,5.270361025997701,2.0746692044593757,2.9995390561979143,1.3218655808802175,3.006924025010054,2.9346717785090526
104.009936189591,1.33668567052521,5.145980513257406,1.7534519402629662,2.483765590324605,0.8511083777374893,2.812983138114511,2.6094579119393955
104.009936189591,1.33749584581632,5.164597185190342,1.6446881281581156,2.6834284711258185,0.8492379275446709,3.74826698847194,2.8180437400981773
104.009936189591,1.33830602110744,4.947905259363221,1.144071780456251,2.095936321531216,0.17664525872807246,4.64675168907468,2.602262061830688
104.009936189591,1.33911619639855,5.352218968804618,1.206966693596513,1.9664078764451638,0.26735234714446676,5.081167042493632,2.774822585696879
104.009936189591,1.33992637168967,5.94298294371638,1.6821975041379176,2.3490063994769557,0.6500009524886536,5.630023187383465,3.2508421974406745
104.009936189591,1.34073654698079,5.986960641682462,1.7826634828582009,2.5780169526676033,0.9345907042485386,5.62075129889984,3.3805966160713288
104.009936189591,1.3415467222719,5.225937355053876,1.100359503475456,2.1024428590665316,1.0072464260891856,5.421327998165719,2.9714628283701536
104.009936189591,1.34235689756302,5.5702690283014284,1.3116347487863287,2.192307880852532,1.6418513690875898,5.556061027246461,3.254424810854868
104.009936189591,1.34316707285413,5.472367658994521,1.373668030169231,2.266834498000957,1.8636850669642122,4.997656262307359,3.194842303287256
104.009936189591,1.34397724814525,5.43728030122918,1.4858252900756703,2.300505931264979,1.5703696521644837,4.149724847254905,2.9887412043978436
104.009936189591,1.34478742343637,5.5618853793137895,1.631297500339624,1.9461938587239658,1.1697463160858668,3.6589024817814213,2.7936051072489336
104.009936189591,1.34559759872748,6.00258452094835,2.150250941284501,2.198255666522911,1.560606888346772,3.958707176054741,3.174081038631455
104.009936189591,1.3464077740186,6.131646427396948,2.407033926143427,2.3198481311047736,1.9085550030975114,3.7907903177421503,3.311574761096962
104.009936189591,1.34721794930971,6.0521259973814985,2.219974576738551,2.5280905871633834,1.783088579328851,4.9074101607911444,3.498137980280686
104.009936189591,1.34802812460083,5.938212555145906,1.8913366201662782,2.147179597172613,1.3146575009056463,2.43818478820101,2.745914212318291
104.009936189591,1.34883829989195,5.630037277172921,1.2193635421624798,1.164571758652123,0.886402021456199,1.5143167328727323,2.082938266463291
104.009936189591,1.34964847518306,5.359802307936462,0.8523156053357681,0.8031948088708809,0.6479368397451104,1.2367114181494614,1.7799921960075367
104.009936189591,1.35045865047418,5.090923238243565,0.456917097964606,0.8133407755574318,0.33486820664414196,1.3006063030505466,1.5993311242920583
104.009936189591,1.35126882576529,5.097976005005862,0.5836089539691436,1.196113935364675,0.2886238363225573,1.5728969973308473,1.747843945598617
104.009936189591,1.35207900105641,4.933550352219072,0.501793047878639,1.0754595723010532,0.005542138992222334,1.2270812333361576,1.548685268945429
104.009936189591,1.35288917634753,4.73986246381644,0.29741599120757556,0.7477855937846485,0.42939812893519047,0.7348399949123028,1.3898604345312315
104.009936189591,1.35369935163864,5.076423310450394,0.4179837312241723,0.9036874979615099,0.279656278351883,0.5626485017592486,1.4480798639494417
104.009936189591,1.35450952692976,5.341768115636761,0.6491880318687677,1.4423209113521196,0.15913177908061726,0.6718089888677667,1.6528435653612064
104.009936189591,1.35531970222087,5.40712667056459,0.7741396783060104,1.573224535956001,0.0334177735487593,0.8304269001674669,1.7236671117085656
104.009936189591,1.35612987751199,5.33452300946346,0.8081198539341479,1.8726298940529311,0.1872312731861392,1.2242117857473538,1.8853431632768065
104.009936189591,1.35694005280311,5.115076221706513,0.9091005062027158,2.2194647330284596,0.21343842509972788,1.7082164971778973,2.033059276643063
104.009936189591,1.35775022809422,4.879767082983456,0.9224261981742963,2.3768338544579066,0.0725571906396425,2.0742496733459816,2.0651667999202568
104.009936189591,1.35856040338534,5.273992500224715,1.4516745907797137,2.748939138669641,0.31106657102168356,2.598353722017521,2.476805304542655
104.009936189591,1.35937057867645,5.334861161530881,1.7226095193170181,3.158542680123748,0.749267948650445,3.0743486779473663,2.807925997513892
104.009936189591,1.36018075396757,5.342036046094478,1.758803719155253,3.0806186890279825,0.9909774004154528,3.402997982482475,2.9150867674351284
104.009936189591,1.36099092925869,5.42311287453343,1.831502609493075,3.1790136283221955,1.0778420519791432,3.782811320981608,3.0588564970618903
104.009936189591,1.3618011045498,5.548481554830381,1.9382354965618305,3.4072723547610373,1.3888250535488105,4.326071122483146,3.3217771164370413
104.009936189591,1.36261127984092,5.423893160743557,1.9247482152303483,3.3860679226290316,1.2879480840100719,3.4236316321951605,3.089257802961634
104.009936189591,1.36342145513203,5.8764821228966255,2.2646077347904097,3.497883388201295,1.4472844309301145,3.770185161427076,3.371288567649104
104.009936189591,1.36423163042315,6.010719913824154,1.9743582875869912,3.0021882939292546,0.9278460762869081,3.885907772371482,3.160204068799758
104.009936189591,1.36504180571427,5.866921589530037,1.7262817924035616,2.5259188626701103,0.5185997495675352,3.844235497754113,2.8963914983850714
104.009936189591,1.36585198100538,5.544018332345509,1.4009321008083866,2.6107379853132713,0.5422358230481095,3.6337394351519556,2.7463327353334464
104.009936189591,1.3666621562965,6.075174869733534,2.1887379242445277,3.5556547116326556,1.3820552665148043,3.9970168511779036,3.439727924660685
104.009936189591,1.36747233158761,6.28962726556556,2.4702455822781175,3.601967018104528,1.4451647858663108,4.079178917588241,3.577236713880551
104.009936189591,1.36828250687873,5.5984256679578515,1.9662665343345864,3.218187925078251,0.9886915235324132,4.021628489213132,3.158640028023247
104.010746364882,1.31481093766507,5.229289217911383,2.3393399095859486,2.7230478079117617,1.0893455743919702,2.864174805984419,2.8490394631570966
104.010746364882,1.31562111295619,5.073818419058167,2.2540799077382125,3.285755945696529,0.8677737115875779,3.2273186857867238,2.941749333973442
104.010746364882,1.31643128824731,4.883601060479876,1.764790387326041,3.5823606367711207,1.3074788988950807,2.5807057174900763,2.823787340192439
104.010746364882,1.31724146353842,4.740291187076242,1.3164773394371387,3.2191408620667232,1.5735644642688413,2.0747441867657983,2.5848436079229486
104.010746364882,1.31805163882954,4.691045296395881,1.6726875689874454,3.5635373921669036,1.3376822228800371,1.9348198612028504,2.6399544683266236
104.010746364882,1.31886181412065,4.780271479711235,1.8168156481701878,3.660277334733962,1.157007819543331,1.9691738695358616,2.6767092303389157
104.010746364882,1.31967198941177,4.722905842806178,1.8049999061009565,3.3848379597103495,1.2966626967132449,1.6979359701422787,2.5814684750946015
104.010746364882,1.32048216470289,4.659375314221663,1.696739475219971,2.6525094629702437,1.330434133666838,1.8818300975360103,2.444177696722945
104.010746364882,1.321292339994,4.620941965702279,1.5209362269634852,2.4944530185721483,0.6573426115439567,2.4740109622437068,2.3535369570051152
104.010746364882,1.32210251528512,4.70257051533676,1.6417121507523689,2.877037961842163,0.045509798727074724,2.7561657240241786,2.404599230136509
104.010746364882,1.32291269057623,5.027051727713623,1.7226129145504991,3.2878450039112224,0.6024009007610012,2.991456713077106,2.7262734520026903
104.010746364882,1.32372286586735,5.32441467513366,1.5656111911298467,3.582753562269044,0.504248319562894,3.1341493809878997,2.822235425816669
104.010746364882,1.32453304115847,5.433597292087246,1.0689850335457223,2.975506968312505,0.38695091409039506,2.3495661131062597,2.4429212642284255
104.010746364882,1.32534321644958,5.257238741907578,0.4881968319705514,2.8373427986726547,1.0472342448118113,1.715646667597266,2.2691318569919723
104.010746364882,1.3261533917407,5.294202815236446,0.9348369749210441,3.902055748662093,0.36401825143924427,2.578029914610731,2.6146287409739117
104.010746364882,1.32696356703181,5.32650338363689,1.8331651974064904,3.6356534971099386,0.8600098915338599,3.379414908048581,3.006949375547152
104.010746364882,1.32777374232293,5.361196063652919,2.1558185787417834,3.8961946208362868,0.9454863413533019,3.3891516782789743,3.149569456572653
104.010746364882,1.32858391761405,5.300051099843728,2.2262890127349593,3.9122701864630827,0.8569230715284704,3.1683367601156682,3.0927740261371817
104.010746364882,1.32939409290516,5.402744219740672,2.4243175684820777,4.052672339892279,1.115738456807911,3.220977867764052,3.2432900905373985
104.010746364882,1.33020426819628,5.607888875163404,2.4568402825341558,4.200827548799115,1.7515683315636146,3.988448611102932,3.601114729832644
104.010746364882,1.33101444348739,5.603109484984451,2.4323395712750866,4.151503929215995,2.0840215840548098,4.522279552944568,3.758650824494982
104.010746364882,1.33182461877851,5.504425034082292,2.3669850004226696,4.094071946507448,2.065722673226489,4.005306393427212,3.607302209533222
104.010746364882,1.33263479406963,5.297372953012253,2.1114401821368602,3.894196130528041,1.9018126496253593,3.4328856553880627,3.3275415141381153
104.010746364882,1.33344496936074,5.06157702758021,1.7757855812095578,3.4636166011040963,1.3261868850221106,2.87141129387852,2.8997154777588987
104.010746364882,1.33425514465186,5.405176641209071,2.236670568242321,3.7966859132209585,1.6737504807247454,3.3169720535776896,3.285851131394957
104.010746364882,1.33506531994297,5.348732547407305,2.2008766220746985,3.634876175256988,1.636191717494821,3.5256550555324573,3.269266423553254
104.010746364882,1.33587549523409,5.452438738956822,2.152433247048485,3.510591017909647,1.675635018057104,3.6975878187674063,3.2977371681478926
104.010746364882,1.33668567052521,5.02719852520535,1.6375256233275337,2.9320220307422318,1.1771106559215383,3.287088583337308,2.812189083706792
104.010746364882,1.33749584581632,5.151296771875298,1.8482306529893506,2.9094755062951414,1.2629432099476752,4.275785949518031,3.0895464181250993
104.010746364882,1.33830602110744,4.98475217891874,1.5648598400015565,2.7387194272888316,0.781449835646562,3.867984494643064,2.787553155299751
104.010746364882,1.33911619639855,4.601900647956747,1.0662773207592267,2.0420362601806517,0.03658487722898229,3.839745162518401,2.3173088537288016
104.010746364882,1.33992637168967,5.433945208338361,1.6297382882575988,2.572894620972651,0.4488298411911238,4.60714141310131,2.938509874372209
104.010746364882,1.34073654698079,5.814495611376831,1.7277028788518507,2.3262798266165383,0.475474685957618,4.863318154918922,3.041454231544352
104.010746364882,1.3415467222719,5.573416784927463,1.35611579470336,2.23290293988941,0.8504520709827474,5.104903883828786,3.0235582948663535
104.010746364882,1.34235689756302,5.518913955453957,1.2414404139050674,2.1362600466544492,0.9981517048435364,5.233769487651582,3.0257071217017186
104.010746364882,1.34316707285413,5.848685935237963,1.6286054201230193,2.291186215232681,1.1618520411685296,5.43753962348509,3.2735738470494566
104.010746364882,1.34397724814525,5.71211938630638,1.5024632184048095,1.9467599865524683,0.8610634423478203,5.196093729290691,3.043699952580434
104.010746364882,1.34478742343637,5.617891822164811,1.6593461249391517,1.953936925440928,0.7738867323725245,4.083439174063553,2.8177001557961936
104.010746364882,1.34559759872748,5.6025137549291415,1.9510049687227387,2.0838507294459205,0.923335739068996,4.1400824691938105,2.9401575322721216
104.010746364882,1.3464077740186,5.554170891073248,2.0862905885846423,2.214691237940702,1.069224607706726,3.8316074747761704,2.951196960016298
104.010746364882,1.34721794930971,5.97363217769912,2.1329384062144463,2.532968111107582,1.168988686534881,5.479724475640953,3.4576503714393967
104.010746364882,1.34802812460083,6.506386821237896,2.3639818284668195,2.325841552661643,0.9092436581089984,2.8443078195660547,2.9899523360082823
104.010746364882,1.34883829989195,6.411923477017819,2.078180350742869,1.9796846883038484,0.8265371562370305,2.1242040110878193,2.6841059366778772
104.010746364882,1.34964847518306,5.898065777139639,1.5193929814052254,1.706120560061077,0.5926030764477126,1.749115909389264,2.2930596608885834
104.010746364882,1.35045865047418,5.482623440942156,1.2874681789740094,2.172749892352414,0.7904850557008558,2.174132881021311,2.3814918897981494
104.010746364882,1.35126882576529,5.1992970280632385,1.0127167552285101,2.1506201098961206,0.6015240123465588,2.179479961168454,2.2287275733405765
104.010746364882,1.35207900105641,5.07989201787311,0.9286433607134938,2.0451490253501383,0.4395980225349909,2.011138884791727,2.100884262252692
104.010746364882,1.35288917634753,5.060416898360689,0.6669201002608034,1.4806550510463197,0.10917668578407103,1.2782663804406553,1.7190870231785076
104.010746364882,1.35369935163864,4.9151836331232595,0.3414787229911376,1.8599862024840021,0.4462921691177506,0.662732677030899,1.6451346809494098
104.010746364882,1.35450952692976,4.842189262543815,0.2955587305408187,0.9691766416492058,0.7764407299285203,0.34041359167094143,1.4447557912666604
104.010746364882,1.35531970222087,4.903759724330712,0.21808091338230184,0.8652746801975191,0.7342558936748382,0.2735362154693384,1.398981485410942
104.010746364882,1.35612987751199,4.923471596884081,0.30973745717973955,1.094750218936067,0.6664891551589918,0.40046719895030947,1.4789831254218377
104.010746364882,1.35694005280311,4.796131018695576,0.37033521096110533,1.437050841910775,0.6128027945915235,0.578378491126692,1.5589396714571344
104.010746364882,1.35775022809422,4.532003102708654,0.204853235438204,1.5287637295634298,0.8278290222142601,0.775462876921452,1.5737823933692
104.010746364882,1.35856040338534,4.8465424511114605,0.6771986212452283,2.154007869501381,0.4968578218971835,1.3740047480619495,1.9097223023634406
104.010746364882,1.35937057867645,5.047892500738335,1.142474672195572,2.692546423652537,0.042937142207485124,1.9978379641258392,2.184737740583954
104.010746364882,1.36018075396757,5.179999141442803,1.3820826574868228,2.7779544252735597,0.2768825559526391,2.4223558627516333,2.4078549285814916
104.010746364882,1.36099092925869,5.258868832606236,1.4845312134172879,2.977874595524387,0.6422883200385918,2.9702112273410464,2.66675483778551
104.010746364882,1.3618011045498,5.360492360928955,1.7160056502727272,3.2282990057476972,0.9641833887525308,3.459161519167207,2.9456283849738236
104.010746364882,1.36261127984092,5.554616951766999,1.9196101969971018,3.375118331830379,1.3146829947871304,3.15355680882573,3.063517056841468
104.010746364882,1.36342145513203,6.102512894948777,2.4089039397091554,3.5471099901217684,1.4530235101800635,3.1248694819343754,3.327283963378828
104.010746364882,1.36423163042315,6.383969286413677,2.518385788044892,3.498812130449341,1.2322311926485803,3.4221982309360897,3.411119325698516
104.010746364882,1.36504180571427,6.006182834599269,2.0234986693172807,3.1433726535682496,0.9336763145841509,3.0512017955753272,3.0315864535288553
104.010746364882,1.36585198100538,5.66425796795081,1.661761653941511,3.30470942874166,0.980528624445764,2.9751570780531793,2.9172829506265847
104.010746364882,1.3666621562965,6.157019481452426,2.383951689652857,3.5990019936360085,1.5345086429414785,3.175185376123565,3.369933436761267
104.010746364882,1.36747233158761,6.056218342627645,2.326357310493389,2.891328519223137,1.044489104560558,3.2768567108367037,3.1190499975482866
104.010746364882,1.36828250687873,5.554715690736849,2.077175458541248,3.0563955715469895,0.7015962344408564,3.35352923125037,2.9486824373032627
104.010746364882,1.36909268216985,5.2421670513678045,2.0456566503939584,3.2478374103267598,0.8411410870150213,3.64336443496137,3.0040333268129826
104.011556540173,1.31481093766507,4.628233281897739,1.7039894538023184,2.028858461365786,1.8949844716855964,2.2651486334464366,2.5042428604395752
104.011556540173,1.31562111295619,4.80816486009666,1.9056147841628004,2.649481388015687,1.615184946102211,2.4250927149537276,2.680707738666217
104.011556540173,1.31643128824731,4.800170930790443,1.9183253838785852,3.3116892625195256,1.256319456715545,2.2702414129512647,2.7113492893710727
104.011556540173,1.31724146353842,4.812019347388535,1.6550278376625265,3.0900707135799976,1.0000002644815602,2.2602888961404446,2.5634814118506126
104.011556540173,1.31805163882954,4.7601471463598095,1.8018791757822683,3.1305301838715813,0.9296464823780539,2.410291273473433,2.6064988523730293
104.011556540173,1.31886181412065,4.7978755569066855,1.9361511889280756,3.1802226440348704,0.7562674911559384,2.4984306970730437,2.6337895156197226
104.011556540173,1.31967198941177,4.699983100868032,1.7779724298953283,2.985654286923701,0.9939271242963699,2.0733120878343705,2.50616980596356
104.011556540173,1.32048216470289,4.580888802280146,1.4724049664114176,2.6286759652620084,1.1419080315388221,2.1250204482126946,2.3897796427410176
104.011556540173,1.321292339994,4.52757351363568,1.291313353172388,2.698302489385842,0.8274943264301697,2.5512891761146683,2.3791945717477496
104.011556540173,1.32210251528512,4.679181970026015,1.4350724376640862,2.9872780228690132,0.5265712911041796,2.6220894145727556,2.45003862724721
104.011556540173,1.32291269057623,5.080219867975384,1.5428247698069697,3.494610798133749,0.25242113060038207,2.9809678474190484,2.6702088827871067
104.011556540173,1.32372286586735,5.253158173778669,1.2744791443563237,4.3876700875338805,0.2994124390078561,3.0709304747127675,2.857130063877899
104.011556540173,1.32453304115847,5.268223354758444,0.8251728784744081,3.003849293452582,0.3918900172351627,2.175976593575079,2.3330224274991354
104.011556540173,1.32534321644958,5.258324054682252,0.5611610665278306,2.9805128882167438,0.47218949496746276,2.0215204343202373,2.258741587742905
104.011556540173,1.3261533917407,5.174687211485288,1.0780669157687122,3.268282241085444,0.08282615913712021,2.776747710349184,2.4761220475651498
104.011556540173,1.32696356703181,4.835216325447391,1.2187307554104585,3.2734239613388283,0.2113391754953362,2.9865552161023032,2.5050530867588634
104.011556540173,1.32777374232293,5.19304786421937,1.7416385644464007,3.4627792374621116,0.6028485966987347,3.0730201184166113,2.8146668762486455
104.011556540173,1.32858391761405,5.332569753331743,2.0306552068825887,3.795612838718746,0.8441630142718637,2.9276320006136807,2.9861265627637246
104.011556540173,1.32939409290516,5.543218673593358,2.2719868637834466,4.011096725834211,1.4171292808564786,3.5217921718747505,3.353044743188449
104.011556540173,1.33020426819628,5.530587641293668,2.0937915503849425,3.94914057033645,1.746692771096292,4.255056542844709,3.5150538151912123
104.011556540173,1.33101444348739,5.331955781264927,1.8473797870379975,3.6449791752990137,1.6867520621212613,4.121252356383771,3.326463832421394
104.011556540173,1.33182461877851,5.390002062449991,2.072505987281879,3.7699271720889485,1.7028764583498877,3.7857638569990506,3.3442151074339512
104.011556540173,1.33263479406963,5.458528369604469,2.07869364553704,3.950808138260392,1.263195879660998,3.2958409482556235,3.2094133962637046
104.011556540173,1.33344496936074,5.4266223118944765,1.9337964747135992,3.8261703033402163,1.3879729592611767,3.023511062707936,3.119614622383481
104.011556540173,1.33425514465186,4.969687493186562,1.584929199773402,3.243078752526653,1.2012952504860301,2.855155431160018,2.770829225426533
104.011556540173,1.33506531994297,5.407844676781245,2.056287287160959,3.6755613176743296,1.613539983640031,3.3794390967028995,3.2265344723918927
104.011556540173,1.33587549523409,5.568776466231316,2.246906444361798,3.8434398247468806,1.8846237214879586,3.844278370272164,3.4776049654200234
104.011556540173,1.33668567052521,5.529236729547783,2.28392618820088,3.804124794782016,1.8360657096450979,4.35597744371697,3.5618661731785495
104.011556540173,1.33749584581632,5.590489383425549,2.5350938917681454,3.831798113304231,1.9065301695722106,5.252324829712837,3.8232472775565944
104.011556540173,1.33830602110744,5.038180751518613,2.1460819028894917,3.096299143095031,1.2404046590103022,4.304089053095833,3.1650111019218543
104.011556540173,1.33911619639855,4.959206942581062,1.8670516773041577,2.6829177797326906,0.41900895201835553,3.7414550778032307,2.733928085887899
104.011556540173,1.33992637168967,5.208779555783845,1.7836670052308747,2.6731899914911423,0.5373951251244335,3.9358577213220904,2.827777879790477
104.011556540173,1.34073654698079,5.1361290728988,1.443290843717218,2.285698863915549,0.2652744468944235,3.940016060407288,2.6140818575666556
104.011556540173,1.3415467222719,5.25714968369298,1.2931185264533909,2.065425329692463,0.32561546562615007,4.351034276125876,2.658468656318172
104.011556540173,1.34235689756302,5.382818324091463,1.3607011841933279,1.9532082171737812,0.329856558316191,4.731268881871916,2.7515706331293357
104.011556540173,1.34316707285413,5.89273159679033,1.8581836304733628,2.3685773453212846,0.7894773081807713,5.3652171913053515,3.25483741441422
104.011556540173,1.34397724814525,5.793535728874108,1.396415624020527,1.9524538834449174,0.3985045963073439,5.582804921815892,3.024742950892558
104.011556540173,1.34478742343637,5.899982254509002,1.4380207661224702,2.1680878673195885,0.58303475365609,5.592571512432841,3.136339430807998
104.011556540173,1.34559759872748,6.487528561676001,1.9929653326094119,2.51251367273802,0.8143357784499123,5.100821824092012,3.3816330339130714
104.011556540173,1.3464077740186,5.973450941967574,2.18098177697091,2.7536118002737346,1.3122904699108133,4.644571143798107,3.3729812265842276
104.011556540173,1.34721794930971,5.58026533119655,1.85787269531939,2.7565632513406513,1.0839015653440214,4.09029916913487,3.0737804024670963
104.011556540173,1.34802812460083,5.7419988921263325,1.9974942929629407,2.680183196460625,0.9998391705026499,3.549128288700132,2.993728768150536
104.011556540173,1.34883829989195,6.362893880756257,2.3781016274889595,2.520017850232964,0.9651682643067083,2.8281831270017648,3.0108729499573306
104.011556540173,1.34964847518306,6.193230094863537,1.9773038682805364,2.3832248009366808,0.8789396536424228,2.5569386691528884,2.797927417375213
104.011556540173,1.35045865047418,5.901243815582159,1.7779889368868602,2.662809269124164,1.009101917484621,2.594429407434699,2.7891146693025006
104.011556540173,1.35126882576529,4.881421517043346,0.7765459224035567,1.733551791379199,0.36256483648499227,2.133646501447185,1.977546113751656
104.011556540173,1.35207900105641,5.280092713434623,1.4038110693165784,2.3058633635859387,0.6814533416834543,2.444479264763501,2.423139950556819
104.011556540173,1.35288917634753,5.26688489050083,1.3522735475327394,2.201098615488611,0.6231354690988695,2.331371877581148,2.3549528800404396
104.011556540173,1.35369935163864,5.122049832794417,0.9642917452929609,1.8825892755459606,0.13838437853110008,1.6909572543329752,1.9596544972994827
104.011556540173,1.35450952692976,4.823942785932498,0.4692353701701464,1.1966301487637097,0.6554196855765468,0.7212979513169664,1.5733051883519735
104.011556540173,1.35531970222087,4.822898628451643,0.20059396070146818,0.9743334193078184,0.839229052885667,0.2897372375281435,1.425358459774948
104.011556540173,1.35612987751199,4.666864466937753,0.2717147582917434,1.115665707494177,0.9324546352335616,0.12287459505655107,1.421914832602757
104.011556540173,1.35694005280311,4.6758786177238605,0.36115981985219037,1.2770530693117976,0.8958012928459986,0.11705572751286653,1.4653897054493428
104.011556540173,1.35775022809422,4.6573454492313715,0.30021023458174056,1.487958119581652,0.957740496385,0.4023053492494313,1.5611119298058391
104.011556540173,1.35856040338534,4.719204429572617,0.4520113015342808,1.6342171562125536,0.9511915619476028,0.6508845871558684,1.6815018072845844
104.011556540173,1.35937057867645,4.805497060508078,0.6175161993762082,1.8354801521384694,0.6586733192159677,1.0907436139858326,1.8015820690449111
104.011556540173,1.36018075396757,4.687399767473529,0.5633426583228953,1.7925900322443873,0.5822816981988943,1.3325324923982613,1.7916293297275936
104.011556540173,1.36099092925869,5.136345230032028,1.0684995372211006,2.30368162292293,0.04086481652518259,2.1067083679817813,2.1312199149366045
104.011556540173,1.3618011045498,4.93149053508705,1.0851913338613564,2.7011090184426045,0.3911611108987998,2.6610277836524006,2.3539959563884425
104.011556540173,1.36261127984092,5.53292439875592,1.8963775689908182,3.2522264899830127,1.128904690940022,2.514600895862749,2.8650068089065046
104.011556540173,1.36342145513203,6.0039855369557245,2.3510104128340927,3.3951049196602128,1.1574072302877205,2.33165802605523,3.047833225158596
104.011556540173,1.36423163042315,6.091655672212898,2.3740597814684037,3.51052791500976,1.3002649732023208,2.804105576044549,3.2161227835875863
104.011556540173,1.36504180571427,6.2494370100206424,2.410868128846321,3.7212948563578863,1.3392230667426048,2.8999341681725745,3.3241514460280057
104.011556540173,1.36585198100538,6.316146271899239,2.4377298237866896,3.94926489205638,1.5818463719134002,3.048930591903229,3.4667835903117874
104.011556540173,1.3666621562965,6.151301035623291,2.4202222252286205,3.8981780793597096,1.4354130547907893,3.0385125077207036,3.388725380544623
104.011556540173,1.36747233158761,5.68649536405951,2.125253101596549,2.75642805206164,0.8030998037399684,2.8802056963787486,2.8502964035672833
104.011556540173,1.36828250687873,5.545166465987588,2.134649915225399,3.5984202549111792,0.5347253886914487,2.6361429376017007,2.8898209924834632
104.011556540173,1.36909268216985,5.28344587835112,2.05586164785268,3.4460694278778803,1.1479967762251064,3.2385573225443203,3.0343862105702213
104.012366715464,1.31562111295619,4.562758652765506,1.4822048378714214,2.2055703074516018,2.6040374398233084,1.5960750777212596,2.4901292631266196
104.012366715464,1.31643128824731,4.617003477935629,1.6283624358467925,2.8531403804493394,1.6903916576697569,1.8215641870959551,2.5220924277994947
104.012366715464,1.31724146353842,4.818317202195619,1.5907378078988899,2.88780978462524,0.7519432413813298,2.645736240532422,2.5389088553267003
104.012366715464,1.31805163882954,4.542477544431755,1.2750348196323245,2.5084839208228615,0.7353625196209173,2.8850486565380287,2.3892814922091774
104.012366715464,1.31886181412065,4.708020902040332,1.401161744272983,2.6895240434606436,0.5296379792218815,3.0904065392324362,2.483750241645655
104.012366715464,1.31967198941177,4.704772364393495,1.5636307098214424,2.6992954299558,0.5218255021524705,2.7083628251791865,2.4395773663004787
104.012366715464,1.32048216470289,4.707736551818655,1.460642074668641,2.6335867772497608,0.8107482268574415,2.428114820639614,2.4081656902468227
104.012366715464,1.321292339994,4.61006004498832,1.326338311837361,2.652794629624829,0.9449899825650441,2.279678300334698,2.3627722538700504
104.012366715464,1.32210251528512,4.160632775810484,0.8928869213513444,2.514485550944695,1.1997422988527937,1.9294487145576014,2.139439252303384
104.012366715464,1.32291269057623,4.876866143940024,1.5514643531952004,3.4485421820423916,0.1488221243757195,2.699187493487237,2.5449764594081143
104.012366715464,1.32372286586735,5.186014623570401,1.523243215584408,3.6444545107198785,0.004190271234779885,2.8390855357427505,2.6393976313704437
104.012366715464,1.32453304115847,5.070321495422746,0.9627811016594983,3.3798725290434426,0.06020419951202527,2.666906551349239,2.4280171753973905
104.012366715464,1.32534321644958,5.1277466200272634,0.8169672030933697,3.2438493559711894,0.07475055751865156,2.400393280484284,2.3327414034189515
104.012366715464,1.3261533917407,5.095360052532623,1.0696240858557537,3.3170124296228103,0.11560946822798002,2.7826092994965244,2.4760430671471383
104.012366715464,1.32696356703181,5.014623843138239,1.2643228636690118,3.2654817986657463,0.14454338772395658,2.7590087217732453,2.4895961229940395
104.012366715464,1.32777374232293,5.06734751557747,1.4022101185400437,3.1660164406905906,0.05416570502185891,2.4364853593279427,2.4252450278315814
104.012366715464,1.32858391761405,5.451748097489766,2.00641851983519,3.561562203941797,0.7348860223558233,2.903757033513486,2.9316743754272125
104.012366715464,1.32939409290516,5.475947547297899,1.9842119985796884,3.7387436454793104,1.3060001502126504,3.5619176568971653,3.2133641996933426
104.012366715464,1.33020426819628,5.53792702647921,1.8841548087925943,3.617205652357388,1.4972941418910004,3.95422377799769,3.2981610815035767
104.012366715464,1.33101444348739,4.926330610080683,1.5108139246185353,3.039220293875381,1.2101789713800741,3.595048524058747,2.8563184648026843
104.012366715464,1.33182461877851,4.977267066601119,1.6787645742579294,3.178411125352685,1.3254873290491354,3.478290416709889,2.9276441023941517
104.012366715464,1.33263479406963,5.562170200346102,2.0267529456190516,3.785926697690673,1.6620669414977733,3.2216589181792408,3.251715140666568
104.012366715464,1.33344496936074,5.525920118602599,1.9403851476890672,3.7975877810696588,1.7053517349611589,2.993980825944913,3.1926451216534795
104.012366715464,1.33425514465186,5.47051254533573,1.9508498206914915,3.687314830404482,1.5740746761929465,2.9526659766135523,3.1270835698476405
104.012366715464,1.33506531994297,5.521119053744158,2.0903174822008737,3.652920122707492,1.453516764093557,3.044382723993426,3.1524512293479012
104.012366715464,1.33587549523409,5.653375794103315,2.2631864897799012,3.8874153901869484,1.8504054045676206,3.3953444629364817,3.4099455083148533
104.012366715464,1.33668567052521,5.690605141105756,2.4364575101701504,3.9791996837116095,1.9438466301905954,4.099222367382627,3.6298662665121477
104.012366715464,1.33749584581632,5.71179877970302,2.613347500627551,3.906794489388048,1.7916216348424356,4.777016499395298,3.7601157807912706
104.012366715464,1.33830602110744,5.185312360665069,2.1666638239885607,3.155686389360106,1.0736756827182212,4.444261231128053,3.205119897572002
104.012366715464,1.33911619639855,5.241634513802715,2.2022774482933976,2.936078974502582,0.9368093730301084,4.28050955112181,3.1194619721501224
104.012366715464,1.33992637168967,5.551649778527526,2.291833792273124,3.2244454270443015,1.3001688443960617,5.048433860739397,3.4833063405960822
104.012366715464,1.34073654698079,5.2288326359861514,1.8557243716917071,2.597055569826491,0.7653405888744089,3.9810553297777957,2.885601699231311
104.012366715464,1.3415467222719,5.322873580420168,1.8286000558470121,2.2697436682310297,0.5760560101742662,4.2679675745177015,2.8530481778380357
104.012366715464,1.34235689756302,4.962102677378159,2.047666667037401,1.995728227976933,0.18390429071741465,3.9837428509954407,2.6346289428210694
104.012366715464,1.34316707285413,5.451796258132088,2.248176679011383,2.6641253371809057,0.7650890199008806,4.455105728817905,3.1168586046086326
104.012366715464,1.34397724814525,5.6088293702210805,2.0533950358307784,2.6848228644902505,0.6698162315624501,4.876840567838407,3.1787408139885933
104.012366715464,1.34478742343637,5.555380845050067,1.5320308265758058,2.4936347349814945,0.4213519350181727,5.300049789944385,3.060489626313985
104.012366715464,1.34559759872748,6.407107995513872,2.2651034808369097,2.9738660411629105,0.9294249813092001,5.497225597880824,3.6145456193407433
104.012366715464,1.3464077740186,5.9416830097245565,2.115636635174628,2.8433574286967485,1.160316209765508,5.0970663436668495,3.431611925405658
104.012366715464,1.34721794930971,5.549625074695122,1.7893125518212578,2.9780899659450135,1.06450085562129,5.838220394298169,3.4439497684761706
104.012366715464,1.34802812460083,5.745493426424758,2.032016327924694,3.20301626969205,1.1317062036890206,3.9792623162193976,3.218298908789984
104.012366715464,1.34883829989195,5.698484206406388,1.9473942098667258,2.9104256812947362,0.883312346539487,3.312202092371603,2.950363707295788
104.012366715464,1.34964847518306,5.992476305964086,2.080916564949508,3.14157351450795,0.9750235466057511,3.1373354311051997,3.065465072626499
104.012366715464,1.35045865047418,5.429100533312148,1.5074504384147822,2.41094277151511,0.6835157731896047,2.847232495880643,2.5756484024624577
104.012366715464,1.35126882576529,5.977592878447105,1.8872784219647762,2.599606472079259,0.9522475415712854,2.936469820890153,2.8706390269905158
104.012366715464,1.35207900105641,6.273714683243817,2.0684661132219127,2.672888206802117,0.9708514786631071,2.9067761110198553,2.978539318590162
104.012366715464,1.35288917634753,5.771512359419219,1.7085187624581373,2.6806346984584692,0.9522523583099307,2.9825591734841304,2.819095470425977
104.012366715464,1.35369935163864,5.42512095669537,1.4265394660690234,2.4434637008069515,0.708411430142295,2.569790269627884,2.5146651646683047
104.012366715464,1.35450952692976,5.293594906732437,1.0766450631623101,2.1074761454650215,0.18472732540094938,1.815311515558868,2.0955509912639174
104.012366715464,1.35531970222087,5.139344952920801,0.8407279970137544,1.7780444496349617,0.15499457409531203,1.083382730347104,1.7992989408023867
104.012366715464,1.35612987751199,5.170132236563251,0.8630330613415893,1.9600856906264,0.24830012280230562,1.0189716015683317,1.8521045425803755
104.012366715464,1.35694005280311,5.146302091263088,0.8300437712975892,1.972731541610031,0.25560731968544914,1.0189239977808313,1.8447217443273978
104.012366715464,1.35775022809422,4.828916689859572,0.7023124924298898,1.9793059470202472,0.3335602217918918,1.3004945785912163,1.8289179859385634
104.012366715464,1.35856040338534,4.661392275390288,0.6209633161205979,2.1251528098696575,0.4903013875380502,1.3815073851354782,1.8558634348108143
104.012366715464,1.35937057867645,4.752594126621531,0.6513248804480689,1.9572411729540988,0.5944964474365406,1.3463996685709887,1.8604112592062456
104.012366715464,1.36018075396757,4.971002556360268,0.6314297811479896,1.6567073057666022,0.6197099478350729,1.1378095150030596,1.8033318212225986
104.012366715464,1.36099092925869,5.341427421877999,0.7691772905137313,1.8020673943237782,0.3629450432824797,1.430020499812585,1.9411275299621145
104.012366715464,1.3618011045498,5.081150924336679,0.7453216655055428,2.0286095775066144,0.22646418969080884,1.6252962586341546,1.94136852313476
104.012366715464,1.36261127984092,5.080208669796761,1.0511123806127571,2.3296833393103284,0.15328996817459029,1.9954243157044012,2.1219437347197676
104.012366715464,1.36342145513203,5.070492683003533,1.2429434754503,2.3641751534476114,0.27368624115410256,1.9366653997969294,2.1775925905704954
104.012366715464,1.36423163042315,5.654146541910503,1.8524556024031966,2.9870333374862383,0.9490347863851838,2.456272534801581,2.7797885605973405
104.012366715464,1.36504180571427,6.049789309996399,2.247015091020682,3.4803287491986588,1.3652622183703294,2.538815535167682,3.13624218075075
104.012366715464,1.36585198100538,6.1363644264537704,2.4052867079594797,4.099381304931185,1.6407205415603805,2.536363983722101,3.3636233929253834
104.012366715464,1.3666621562965,5.953909102669773,2.3172512336600626,3.59383841346321,1.301082776223101,3.096394603583718,3.252495225919973
104.012366715464,1.36747233158761,5.57776080447967,2.1533095832973075,2.9566142256572014,0.6421030891126307,2.633775313756143,2.7927126032605907
104.012366715464,1.36828250687873,5.5460150674452855,2.02880154323568,3.0376077844325557,0.5351644650546667,2.3295524024693,2.6954282525274977
104.012366715464,1.36909268216985,5.018195156800619,1.8740992017614175,3.7201322998414916,1.0042735814118444,2.64750553357171,2.8528411546774164
104.012366715464,1.36990285746096,5.096015837539117,2.0550823494084582,3.6036818024584214,1.2214940892924062,3.0279439405222597,3.0008436038441326
104.013176890755,1.31562111295619,4.528604567204962,1.4076298633119713,2.25568612828058,2.428762086792883,1.6742350012043872,2.4589835293589566
104.013176890755,1.31643128824731,4.57920315562998,1.6615061335353403,2.791474373203762,1.6685053956010307,2.0162937380344026,2.543396559200903
104.013176890755,1.31724146353842,4.724985311990121,1.5386485305703097,2.979928269491346,1.0624384253903756,2.802297675849914,2.6216596426584133
104.013176890755,1.31805163882954,4.573129861744583,1.4836370509496923,2.649195297881608,0.8329674968733798,2.8321895639869084,2.474223854287234
104.013176890755,1.31886181412065,4.552790626579746,1.4009491522410649,2.5614173808620997,0.6927881683805523,2.8871042194589407,2.4190099095044806
104.013176890755,1.31967198941177,4.6014055732223405,1.4357456270392213,2.7286753345316086,0.6815179814428589,2.8519562848768523,2.4598601602225765
104.013176890755,1.32048216470289,4.652595531911807,1.3625069072346498,2.8538029602613264,0.6423847399518117,2.849677223304262,2.4721934725327714
104.013176890755,1.321292339994,4.548501703013901,1.2309586198063833,2.7535068845600676,0.6417565227685813,2.436845447966082,2.322313835623003
104.013176890755,1.32210251528512,4.542046700982873,1.2897174736210992,2.94956817462457,0.32136218350716916,2.2455428790123726,2.2696474823496167
104.013176890755,1.32291269057623,4.76828599089389,1.5408728253710855,3.3611219251406688,0.08873017818550366,2.620748880510739,2.475951960020377
104.013176890755,1.32372286586735,4.9626275307821,1.5188110002467852,3.676356200697988,0.1110878120095613,2.777420617950728,2.6092606323374326
104.013176890755,1.32453304115847,5.003331660285006,1.2115104563466303,3.464272661339127,0.2298718854066628,2.6830927629313663,2.5184158852617586
104.013176890755,1.32534321644958,5.0784081771614105,1.1919069321274094,3.4857573037233642,0.5683661662957817,2.6862663955055233,2.602140994962698
104.013176890755,1.3261533917407,5.072374266067808,1.3145020875327837,3.466748156663243,0.43639939143632844,2.7702267071794076,2.6120501217759142
104.013176890755,1.32696356703181,5.00642521422515,1.2475706932111343,3.0467309798121676,0.03005927208963044,2.2334760898687662,2.31285244984137
104.013176890755,1.32777374232293,5.02316545036345,1.4272003441340786,2.93524070807025,0.17884383208982868,2.111685693331907,2.335227205597903
104.013176890755,1.32858391761405,5.3246346365885415,1.7002766399563392,3.1896295549968876,0.45770810255818617,2.970336798602901,2.728517146540571
104.013176890755,1.32939409290516,5.43066202662499,1.720315847162972,3.4299222718207076,1.0492357712277993,3.7134004893585413,3.068707281239002
104.013176890755,1.33020426819628,5.371439324032043,1.6986926259343385,3.2532941288595225,1.0271377706414633,3.7751548270005806,3.0251437352935895
104.013176890755,1.33101444348739,4.920088700978663,1.55534751524986,2.8996036454273515,0.9384428586090472,3.546554862883699,2.772007516629724
104.013176890755,1.33182461877851,4.89542217390731,1.5221973368637407,2.850673444921039,1.0102667185389933,3.4389678687827754,2.7435055086027718
104.013176890755,1.33263479406963,5.578028111508782,1.9177820877824914,3.5437531582436783,1.5633345852199163,3.1784673015740417,3.156273048865782
104.013176890755,1.33344496936074,5.433848501118266,1.7901333545408775,3.570729647742578,1.459880813800062,2.743726627113631,2.999663788863083
104.013176890755,1.33425514465186,5.4877920630467045,1.9815249465355897,3.637932829267516,1.469520669666462,2.8663351459482413,3.0886211308929026
104.013176890755,1.33506531994297,5.67551861940705,2.2336861713945275,3.828388081047539,1.6980319224377673,3.094530618453277,3.3060310825480324
104.013176890755,1.33587549523409,5.715952672037922,2.2759888881069514,3.819976995101971,1.808084890439229,3.0974846061732713,3.3434976103718688
104.013176890755,1.33668567052521,5.743022156789291,2.3185838309976106,3.73225599751121,1.6919021650043717,3.359846144482699,3.3691220589570365
104.013176890755,1.33749584581632,5.620760643220546,2.351274892947373,3.7290461609451064,1.5236316747580005,3.855276323333733,3.4159979390409516
104.013176890755,1.33830602110744,5.078756002452469,1.9263055480159856,2.953718232969706,0.8228516217271,3.5837897242451753,2.8730842258820872
104.013176890755,1.33911619639855,5.786369926550865,2.6634137946111522,3.5725372880694195,1.5762412476415442,4.1974982359188395,3.559212098558364
104.013176890755,1.33992637168967,5.355854221598225,2.3847373972904116,3.5826939001702662,1.7189967389207013,4.265846741806019,3.4616257999571247
104.013176890755,1.34073654698079,5.370834959750432,2.3404925801414898,3.3251372290570984,1.3950648794613727,4.033063156053839,3.292918560892846
104.013176890755,1.3415467222719,5.325253144334006,2.3467595723732337,2.8364003255932673,1.1081883831748591,4.19444203677066,3.162208692449205
104.013176890755,1.34235689756302,5.2356024028672365,2.427699202089329,2.736657525446656,0.9568472708115721,3.9420279411714674,3.059766868477252
104.013176890755,1.34316707285413,5.290439355944599,2.646149116747633,3.0777203561767372,0.9533991756643978,3.989551034504931,3.1914518078076597
104.013176890755,1.34397724814525,5.217313841005662,2.158758045692199,3.069975654683901,0.8139202178094145,3.9478833263825805,3.0415702171147516
104.013176890755,1.34478742343637,5.47756057116073,2.32213111800991,3.0887793386410856,0.9204757348980763,4.429357332102327,3.2476608189624256
104.013176890755,1.34559759872748,5.751216105612819,2.275051415218371,3.288195972627591,1.028819162975097,4.852285144038802,3.439113560094536
104.013176890755,1.3464077740186,5.444803939159851,1.8351549120222508,2.618942926170078,0.7463937091788573,4.528150214760586,3.0346891402583247
104.013176890755,1.34721794930971,5.263926535559591,1.7868432881551222,2.777792540676298,0.9157669957817021,4.76211893828928,3.101289659692399
104.013176890755,1.34802812460083,5.173925023050302,1.6767561270637223,2.5472991221464234,0.6546619455039071,3.694851073270339,2.7494986582069387
104.013176890755,1.34883829989195,5.637137084186701,2.0376530415652354,2.7495748966918896,0.8362518820652483,3.4517969991084243,2.9424827807234997
104.013176890755,1.34964847518306,5.764918168121589,2.2415498245998684,2.9424014996950163,0.9405437469968163,3.19497421125142,3.0168774901329423
104.013176890755,1.35045865047418,5.775725611807093,2.1349125801147686,2.9168260305106557,0.8730488098228655,3.293909222001531,2.9988844508513828
104.013176890755,1.35126882576529,5.3900302183596125,1.719280196924725,2.6199375003945526,0.7572136387199251,3.109037791514595,2.719099869182682
104.013176890755,1.35207900105641,5.823995004737007,1.9495320223233534,2.829860668493801,0.863467715597622,3.0630138102459092,2.9059738442795386
104.013176890755,1.35288917634753,5.962493844547552,2.0116657775599194,2.5624901491026186,0.6656428564674606,2.8121164666313554,2.8028818188617812
104.013176890755,1.35369935163864,5.895489232132952,1.867251349561304,2.6392046633513573,0.8027955733296217,2.6410864243914247,2.769165448553332
104.013176890755,1.35450952692976,5.885503665707226,1.6791036114982028,2.499328428878041,0.6387291415042604,2.252765474497327,2.5910860644170115
104.013176890755,1.35531970222087,5.4317950073016625,1.3245429407765172,2.0599198343352114,0.2549750853894217,1.7158350559411595,2.1574135847487943
104.013176890755,1.35612987751199,5.7844676149994,1.668973075774101,2.5681130070076286,0.4829765413251188,1.8751154488259019,2.47592913758643
104.013176890755,1.35694005280311,5.718084399116609,1.6722413740401585,2.7381699432065254,0.5115752861579708,1.977997831364,2.5236137667770526
104.013176890755,1.35775022809422,5.407736392427445,1.6569443257672276,3.268302829518017,0.978283031237801,2.761417089998556,2.8145367337898093
104.013176890755,1.35856040338534,4.899167339266864,1.2587838211823446,3.0643605518150636,0.7117698709448703,2.7762391547305647,2.5420641475879413
104.013176890755,1.35937057867645,4.963595296917141,1.1246316885217382,2.7624089997131094,0.40057265947998033,2.449905249052893,2.3402227787369725
104.013176890755,1.36018075396757,4.849908610548837,0.6532504862888722,2.294322668058058,0.09216965237133223,1.9133053916199323,1.9605913617774064
104.013176890755,1.36099092925869,5.044944777690553,0.6631935070629993,1.8012239756180826,0.40057050617117085,1.390259188698554,1.8600383910482718
104.013176890755,1.3618011045498,5.101534209207614,0.7715605680056505,1.850378409704117,0.4776203663934311,1.257554892224757,1.8917296891071138
104.013176890755,1.36261127984092,5.172715365884091,0.903575438459761,2.0042733799306234,0.1836860006019876,1.3759167669724484,1.9280333903697824
104.013176890755,1.36342145513203,4.79319317391646,0.6843818652554141,1.9117265109465897,0.3098736309532484,2.1444377595683406,1.9687225881280106
104.013176890755,1.36423163042315,5.085221216085063,1.0903619178344925,2.0906194692692353,0.3533464385797096,2.3327385962415477,2.1904575276020095
104.013176890755,1.36504180571427,5.880142464414682,2.1313107434633416,3.549287048548017,1.4564034785102642,2.5241917549600004,3.108267097979261
104.013176890755,1.36585198100538,6.054875341072094,2.3976651102017215,3.8766899545315994,1.6752106262665798,3.0029476070740806,3.401477727829215
104.013176890755,1.3666621562965,5.731208873171184,2.1089229634374824,3.2753097611401323,1.1288779775790836,2.874217384115191,3.023707391888615
104.013176890755,1.36747233158761,5.793397241404367,2.4697278713956017,3.116046664473135,1.169390084356138,2.605490337870215,3.0308104398998914
104.013176890755,1.36828250687873,5.553921474758848,2.329905375642632,3.6445561772968524,1.0542816565529094,2.480388080831279,3.012610553016504
104.013176890755,1.36909268216985,5.489436399177709,2.334846127088845,4.145763907412817,1.3138913613118497,2.628627523396304,3.182513063677505
104.013176890755,1.36990285746096,5.11331312119421,1.9937701204666212,3.5606810670854507,1.1273907321353995,2.488368064754919,2.85670462112732
104.013987066046,1.31562111295619,4.558472924800984,1.257569857108912,2.222241232178998,2.56714595394007,1.7443199455414415,2.4699499827140814
104.013987066046,1.31643128824731,4.600271281514704,1.5632214040431478,3.229638510836235,2.2613627766175988,1.8099764917604695,2.692894092954431
104.013987066046,1.31724146353842,4.81806673439246,1.4257598548924406,3.1506945034025087,1.0535464685454485,2.8612528099734895,2.6618640742412696
104.013987066046,1.31805163882954,4.597368410211395,1.4603610539794758,2.9471454004357156,0.723524340495139,2.719750744768703,2.4896299899780856
104.013987066046,1.31886181412065,4.538961605631698,1.58329781831479,2.89264472996895,0.347670181959991,2.27105439900523,2.3267257469761318
104.013987066046,1.31967198941177,4.621191242411548,1.5035756346211606,3.526078684241135,0.28151389259982906,2.3383294360654716,2.454137777987829
104.013987066046,1.32048216470289,4.525883202342964,1.19201046028369,2.8050631207969516,0.35052381005612077,2.5093281313013804,2.276561744956221
104.013987066046,1.321292339994,4.518894750315589,1.0458977920272794,2.8117816241360813,0.23587016203989108,2.57286834086635,2.237062533877038
104.013987066046,1.32210251528512,4.528458156938385,1.124413021384342,3.131696398214533,0.04666263706851126,2.6067978299732033,2.2876056087157948
104.013987066046,1.32291269057623,4.5001101634453065,1.207674131026483,3.3233260929784016,0.1891479970298242,2.656663364461469,2.375384349788297
104.013987066046,1.32372286586735,4.935788885162861,1.4466192728166511,3.797024392459903,0.33184211252491735,2.7208384633110896,2.6464226252550844
104.013987066046,1.32453304115847,5.022777527518244,1.3550945184210867,3.6279472411603066,0.2886327458835609,2.792513301484231,2.6173930668934857
104.013987066046,1.32534321644958,5.061432293949991,1.4604212503341785,3.7341159955705407,0.993561991690779,3.188798192700105,2.887665944849119
104.013987066046,1.3261533917407,4.907196876350341,1.3771414604911456,3.5134929347297508,0.6524417421487811,2.90774762627343,2.6716041279986897
104.013987066046,1.32696356703181,4.968572036971199,1.4381702104375407,3.05064142042621,0.14005175683848137,2.309040434200611,2.3812951717748083
104.013987066046,1.32777374232293,4.990566079761006,1.4856972985054995,2.8368153222018684,0.24500719726118447,2.507404724542205,2.413098124454353
104.013987066046,1.32858391761405,5.1461758001333,1.585611573595866,3.2021327159622395,0.7050640818408596,3.7696230463603584,2.8817214435785248
104.013987066046,1.32939409290516,5.081487271877222,1.2924960510644041,3.056871795479587,0.7011391872346202,4.15873204003735,2.8581452691386366
104.013987066046,1.33020426819628,5.273578764382428,1.5938741646012815,3.036045089737648,0.6631635204769815,3.853789540434029,2.8840902159264736
104.013987066046,1.33101444348739,5.366224075832129,1.8455356523145312,3.0077329964904393,0.8773973396935624,3.8029223853759824,2.979962489941329
104.013987066046,1.33182461877851,5.5219499145816116,2.013497563686549,3.201442079873061,1.021954626815699,3.6598508923792394,3.083739015467232
104.013987066046,1.33263479406963,5.480500599652217,1.8970461887459926,3.241533840873604,1.1193175370659212,3.1238770500218997,2.972455043271927
104.013987066046,1.33344496936074,5.438916236022287,1.8063561988237282,3.322933499667151,0.9982747820121318,2.5041271013732,2.8141215635796994
104.013987066046,1.33425514465186,5.579289511791302,2.016690435676086,3.3761418781425405,1.0765695574440315,2.454099790789769,2.900558234768746
104.013987066046,1.33506531994297,5.535772793957701,2.0267308686870606,3.411783671442741,1.2764775057359117,2.6007753192646526,2.9703080318176136
104.013987066046,1.33587549523409,5.691347845461408,2.186460905891309,3.628481715819742,1.6305502823183247,2.954843349683312,3.218336819834819
104.013987066046,1.33668567052521,5.549761296844348,1.9214306128029897,3.3661944625042644,1.4206316485539006,3.1343614263322266,3.078475889407546
104.013987066046,1.33749584581632,5.295656331170587,1.8004240693858264,3.087428198042634,0.9275781415458617,3.0965532029631646,2.841527988621615
104.013987066046,1.33830602110744,5.29317740430459,1.9182038787195168,3.137753526303513,1.0643605417716486,3.329040067027954,2.9485070836254446
104.013987066046,1.33911619639855,6.202859835058803,2.802780946782086,3.7067426516826245,1.7939294912793073,3.9462891210229643,3.690520409165157
104.013987066046,1.33992637168967,5.347987711856941,2.1773326578066197,3.2140863220882636,1.356211406655028,3.6197411480931407,3.1430718492999987
104.013987066046,1.34073654698079,4.955699729472823,2.09605506921341,3.983797287137776,1.105087897426909,3.4445283069498345,3.1170336580401505
104.013987066046,1.3415467222719,5.287737450016692,2.6129260924209277,3.3636562309707294,1.3325013156247643,3.7745182740770815,3.274267872622039
104.013987066046,1.34235689756302,5.587479939597678,3.0697372043555013,3.3426549324530264,1.361042043000328,4.193358116178018,3.5108544471169103
104.013987066046,1.34316707285413,5.5592004737193115,2.911256996114819,3.4477705611056777,1.3080534796678194,4.92802568043653,3.6308614382088313
104.013987066046,1.34397724814525,5.560240654242499,2.712113515519068,3.220732340156111,1.133564804862285,4.017313436871746,3.3287929503303415
104.013987066046,1.34478742343637,5.440852370921611,2.4835749615095004,3.2714204969158622,1.1252270782966356,4.107441391869859,3.285703259902694
104.013987066046,1.34559759872748,5.367067291681341,2.192436155860541,3.023306067158135,0.8730484172797652,3.942524253061748,3.079676437008306
104.013987066046,1.3464077740186,5.295110809490641,2.03817291262229,2.878313885147744,0.8415058724403863,4.441318224981263,3.098884340936465
104.013987066046,1.34721794930971,5.376605854023165,2.0768764470979875,2.919763271739491,0.8778990591636244,4.095878888612688,3.069404704127391
104.013987066046,1.34802812460083,5.559911015618184,2.126074047195427,2.8950671094684814,0.89011296631055,3.988239579879888,3.0918809436945063
104.013987066046,1.34883829989195,5.393467950558428,1.9343688746432797,2.796309859570382,0.8439378889856357,3.783701259404573,2.9503571666324597
104.013987066046,1.34964847518306,5.255351146988158,1.917323268977288,2.7669188517218295,0.7672520054766885,3.6355932399030486,2.8684877026134026
104.013987066046,1.35045865047418,5.570328709473195,2.07203226251967,2.8789078608790284,0.8483424361552423,3.5026198393295793,2.974446221671343
104.013987066046,1.35126882576529,5.770597648753714,2.048120025891709,2.6475378276854613,0.8694238457333547,3.2161395617096495,2.9103637819547776
104.013987066046,1.35207900105641,5.786329812514023,1.9524651221406977,2.685302385430532,0.6872402767230419,2.9497131931335723,2.8122101579883734
104.013987066046,1.35288917634753,5.77705771931419,1.9813935895161023,2.8200325067716783,0.8025542162261914,3.1729225351138304,2.9107921133883985
104.013987066046,1.35369935163864,5.605114259728509,1.884942571713541,2.9539172679104126,1.0346767983723737,3.3680070344950295,2.9693315864439733
104.013987066046,1.35450952692976,5.640311309157909,1.766717275959298,3.63547256694153,0.9081852256104241,2.8699065149468197,2.964118578523196
104.013987066046,1.35531970222087,5.89504726698485,1.9781298779581213,2.6274835272650883,0.8336213674208821,2.5825797512248023,2.783372358170749
104.013987066046,1.35612987751199,5.886403976908429,1.7825780969286882,2.46538203369089,0.7052441255921593,2.353529436783571,2.6386275339807477
104.013987066046,1.35694005280311,5.651396213818664,1.8352654780742945,2.7021456306671823,0.7847647111225484,2.5911557349505507,2.712945553726648
104.013987066046,1.35775022809422,5.205376647433329,1.7217793588516912,3.1793912685032133,0.9158674877828794,2.9753403987311238,2.7995510322604473
104.013987066046,1.35856040338534,5.1713602118742585,1.6131701054558043,3.2651004716899195,1.1290354903352977,3.2094985803879865,2.8776329719486533
104.013987066046,1.35937057867645,5.1761778938561775,1.453429217312447,3.1809920255063773,1.0943058360676474,3.069722105387129,2.7949254156259555
104.013987066046,1.36018075396757,5.192055859281304,1.3427051323220773,3.239571704265863,0.9982309445185216,3.0230260007191028,2.759117928221374
104.013987066046,1.36099092925869,5.023022219312299,1.1759908699144113,2.720272375651561,0.5213138208340453,2.5762158528090033,2.403363027704264
104.013987066046,1.3618011045498,5.14044432452469,1.171566028538411,2.3463325822732415,0.31772264418794904,2.170543676955404,2.229321851295939
104.013987066046,1.36261127984092,5.023550879370411,0.8387947159157321,2.089647140032465,0.10504404324249705,1.63927864912122,1.939263085536465
104.013987066046,1.36342145513203,5.055581565874519,0.7581214795714892,1.6952079474170532,0.16947267966883928,2.524143831385743,2.040505500783529
104.013987066046,1.36423163042315,4.925322769978138,0.9701043419870068,2.2389709681118823,0.083814719609137,2.4095679634779295,2.125556152632819
104.013987066046,1.36504180571427,5.691217775320876,1.9270994562372579,3.6298273301231276,1.5723382742632879,3.1948495130787506,3.20306646980466
104.013987066046,1.36585198100538,6.062440296171548,2.3662948974598095,3.719547415870178,1.5963828989047215,3.312085611804541,3.4113502240421596
104.013987066046,1.3666621562965,5.688524659394162,2.234272034706148,3.3774764874158443,1.2832344629434225,2.9448375509827294,3.105669039088461
104.013987066046,1.36747233158761,5.773282278164373,2.671984186934054,3.3729184085543586,1.436366020645849,2.8643891249658218,3.223788003852891
104.013987066046,1.36828250687873,5.353601447864623,2.288735389904293,3.7783902821807906,1.2041453048388,2.4256156935456445,3.01009762366683
104.013987066046,1.36909268216985,5.159101068532589,2.0009219240780887,3.8953720081447543,1.1092495191964495,2.287821320973581,2.8904931681850927
104.013987066046,1.36990285746096,5.076203709442002,1.8767454015157554,3.4897838700160158,1.149691622734359,2.27486833791302,2.7734585883242304
104.014797241337,1.31562111295619,4.726381675494004,1.0884904189678508,2.512089298284838,2.2357874844759813,2.074294142029732,2.527408603850481
104.014797241337,1.31643128824731,4.930171492667348,1.218515441466618,2.7623625976712525,2.1525109798518614,1.941649254150363,2.601041953161489
104.014797241337,1.31724146353842,4.48458560315261,0.6741877686317252,2.423306993368165,1.7636072111163195,2.3736863558198067,2.343874786417725
104.014797241337,1.31805163882954,4.571286564319223,1.041335282612497,2.7444976562119905,0.8643068939753569,2.8725756228317003,2.4188004039901534
104.014797241337,1.31886181412065,4.622092628284324,1.4423163941590005,2.9188313325414796,0.30875429425756806,2.706114573770062,2.399621844602487
104.014797241337,1.31967198941177,4.594317641640352,1.4457337736744584,2.942152545366625,0.23637345959218337,2.4581286934678808,2.3353412227483
104.014797241337,1.32048216470289,4.525674219719114,1.2562524691561876,2.7992921790442438,0.3111842028561824,2.0655459145284922,2.191589797060844
104.014797241337,1.321292339994,4.466100536133251,0.9854929690051009,2.8743952296963897,0.3362520384899632,2.023243729491501,2.137096900563241
104.014797241337,1.32210251528512,4.61375656679818,1.1026105334501146,3.199475332350506,0.19260107012715721,2.3452976884154353,2.2907482382282787
104.014797241337,1.32291269057623,4.7571434543220334,1.2071268547830734,3.433419303252279,0.2672152385410378,2.527227794059524,2.4384265289915894
104.014797241337,1.32372286586735,4.9375059294694985,1.451565215757423,3.807587555005181,0.15320649105754214,2.705746108837811,2.6111222600254913
104.014797241337,1.32453304115847,4.877519829268998,1.4398253937974275,3.8448022512744053,0.4347589131617511,2.928646985424411,2.7051106745853986
104.014797241337,1.32534321644958,5.04129098888513,1.6429513177021953,4.042779107695889,1.1792733851273347,3.4689961537897496,3.0750581906400596
104.014797241337,1.3261533917407,5.014071764363852,1.707793203863286,3.7428502121129803,1.2111360116192067,3.13720031009057,2.962610300409979
104.014797241337,1.32696356703181,5.046843357033733,1.632294846227797,3.2812015083731083,0.7299055791787623,2.7062487673992237,2.679298811642525
104.014797241337,1.32777374232293,5.227049487184868,1.8373883613895288,3.438322715455186,0.841591899894901,3.0528254915479067,2.879435591094478
104.014797241337,1.32858391761405,5.334320957857706,1.9929972715347581,3.621643676794438,1.1521093944240057,4.311946531879311,3.282603566498044
104.014797241337,1.32939409290516,5.224044543306299,1.6787568769844583,3.28759866465591,0.7438461632561513,4.729911167404975,3.1328314831215587
104.014797241337,1.33020426819628,5.3028932503113815,1.6152927689703773,2.9923860239513154,0.3552883875644888,3.944360101127671,2.842044106385047
104.014797241337,1.33101444348739,5.4613503156574374,1.862201135011805,2.8230833036630294,0.4986802666528263,3.6070724386535673,2.850477491927733
104.014797241337,1.33182461877851,5.490729869562969,1.9304456175803537,3.1485008969250607,0.9110891534452357,3.3794402923342375,2.9720411659695714
104.014797241337,1.33263479406963,5.395836887392932,1.9271699000773026,3.123531448097104,0.8765949432176505,2.6506969045907667,2.794766016675151
104.014797241337,1.33344496936074,5.264029358359942,1.787145990546687,3.045291938673458,0.555243856929799,2.075046642321997,2.5453515573663763
104.014797241337,1.33425514465186,4.946182044658887,1.44736848982064,2.803131364446994,0.40822453628466704,1.676026299793012,2.2561865470008398
104.014797241337,1.33506531994297,5.319530265809007,1.776549437622144,2.988975912282786,0.8226365456212648,2.0404954825979864,2.5896375287866378
104.014797241337,1.33587549523409,5.4653809848271955,1.8547553182723568,3.224209238220716,1.1333905430176507,2.588857292287006,2.853318675324985
104.014797241337,1.33668567052521,5.318856089494666,1.7266054331027725,3.136635130637668,1.1435783134690851,2.9763940502672313,2.8604138033942847
104.014797241337,1.33749584581632,4.9864832343088175,1.5018288042974213,2.7336488318178844,0.7110185878459667,2.698014133553748,2.5261987183647676
104.014797241337,1.33830602110744,5.761991462729867,2.2877568425231303,3.7307726024619505,1.6296784674266291,3.586711909515227,3.3993822569313608
104.014797241337,1.33911619639855,6.120653294465985,2.720524867069795,3.7081706715726597,1.8581405125082107,3.643601831131207,3.6102182353495715
104.014797241337,1.33992637168967,5.408113840875544,2.2189366874280694,3.1632220894315566,1.3169017226849569,2.9376865423332923,3.008972176550684
104.014797241337,1.34073654698079,5.046260585750929,2.1921095075911943,3.0316107521981515,1.1531779248179994,3.134260571731229,2.9114838684179007
104.014797241337,1.3415467222719,5.563238111173771,2.7317421540880034,3.544623113347061,1.4373503852173286,3.813344531137613,3.4180596589927554
104.014797241337,1.34235689756302,5.645387248760269,2.8884088285024205,3.4934488008227085,1.4211502002519154,4.101438976433428,3.509966810954148
104.014797241337,1.34316707285413,5.620500780900226,3.018735088313573,3.5020469704158117,1.4911521792267166,4.254250090200763,3.577337021811418
104.014797241337,1.34397724814525,5.630101674853599,2.845132684950631,3.506629065001782,1.576638253833682,4.26206839939994,3.5641140156079265
104.014797241337,1.34478742343637,5.510406315558303,2.5220317038001596,3.566241586165251,1.5414482171907267,4.338557907771261,3.4957371460971403
104.014797241337,1.34559759872748,5.346468092468811,2.2698685104990624,3.20402014148231,1.1858007585500445,3.9500729265455448,3.1912460859091545
104.014797241337,1.3464077740186,5.210861316224392,2.229229732599503,3.0269580441398816,0.9519370304377333,3.7100740411604605,3.025812032912394
104.014797241337,1.34721794930971,5.179610541840457,2.0078854177190557,3.752400563300398,0.7606205911800856,3.6436140924716938,3.068826241302338
104.014797241337,1.34802812460083,5.254626644675948,2.0200716075652565,2.9291860208477907,0.757258646735341,3.8098435452537984,2.954197293015627
104.014797241337,1.34883829989195,5.395782860619928,2.1367340742184737,3.067047849553667,0.9590243898424546,4.170312933459439,3.1457804215387926
104.014797241337,1.34964847518306,4.865254680700758,1.5879157244947457,2.5080315888529583,0.4051715274699461,3.6255391422226033,2.5983825327482024
104.014797241337,1.35045865047418,5.391707044038547,1.9477091997085125,2.589196703964749,0.6158112357255909,3.381765352972689,2.785237907282018
104.014797241337,1.35126882576529,5.551168316650951,1.9263499013516991,2.425637877678817,0.6763994888843996,2.7577040976725513,2.6674519364476836
104.014797241337,1.35207900105641,5.751713100578179,1.8267538394733762,2.4484695743825426,0.4831316236027412,2.437167910711885,2.589447209749745
104.014797241337,1.35288917634753,5.735055656688257,1.906478898978449,2.48071260901796,0.47127255421929704,2.451096114827479,2.608923166746288
104.014797241337,1.35369935163864,5.786851506696742,2.1090715074581396,2.879977537340338,0.8717755438239934,2.85622557548297,2.9007803341604363
104.014797241337,1.35450952692976,5.766359010413375,1.946933566988129,2.8318578668605845,0.8631126113217995,2.714184366666384,2.824489484450054
104.014797241337,1.35531970222087,5.618950714227406,1.9013733023197972,2.6613226195568984,0.8202143640969233,2.7914858219906797,2.758669364438341
104.014797241337,1.35612987751199,5.194247004113031,1.5742649773542041,2.6158985043201533,0.5482014958876391,2.555695136351222,2.49766142360525
104.014797241337,1.35694005280311,5.329469308878746,1.7644128913413155,2.961643050066577,0.7436912220388798,3.068276485327779,2.7734985915306596
104.014797241337,1.35775022809422,5.094677101740519,1.758221204889491,3.0040808171568756,0.6571034553792572,3.3166917653299492,2.7661548688992186
104.014797241337,1.35856040338534,4.246101933912186,0.7947768339908805,2.4989281808895285,0.07209555636377019,2.767620219087931,2.0759045448488593
104.014797241337,1.35937057867645,5.106075151878894,1.5216026513505376,3.1792586280794985,0.8739118161486417,3.2825738174173793,2.79268441297499
104.014797241337,1.36018075396757,5.25462131783096,1.628855490237708,3.3458278432500954,1.1531266190506884,3.3692984626514466,2.9503459466041795
104.014797241337,1.36099092925869,5.33729013278387,1.7802785869788913,3.4131366831010332,1.365177724740537,3.4302982378562206,3.0652362730921103
104.014797241337,1.3618011045498,5.273782386675464,1.659004941837285,3.122601137534172,1.3852510046658502,3.4004367935176205,2.968215252846078
104.014797241337,1.36261127984092,5.1853574987066295,1.4048850536661277,2.8134989635171195,1.0703777241732055,3.0444854826585726,2.703720944544331
104.014797241337,1.36342145513203,5.100317613551823,1.1242121673744627,2.4553756685839296,0.5894186518967501,2.781085986800786,2.4100820176415505
104.014797241337,1.36423163042315,5.325892939629846,1.5650803694774176,2.9302284397400697,0.7381734697581628,2.9052182091058683,2.692918685542273
104.014797241337,1.36504180571427,5.557063764599821,1.8666596420906885,3.627843619036156,1.4160853697440636,3.28437244912897,3.15040496891994
104.014797241337,1.36585198100538,5.904334463609281,2.308772765062468,3.7543438265897393,1.6862627324362016,3.51041254923906,3.43282526738735
104.014797241337,1.3666621562965,5.837175352376402,2.5611350000762236,3.7801445797345608,1.6131340162729089,3.193051366296025,3.396928062951224
104.014797241337,1.36747233158761,5.211773249927223,2.2376621924960496,3.6972549657274207,1.3824537587400947,2.488298378068059,3.0034885089917696
104.014797241337,1.36828250687873,5.124093732951177,2.075202354364418,3.770013876900574,1.155139249746565,2.3321957651608756,2.891328995824722
104.014797241337,1.36909268216985,4.314307877806488,1.0703243366113782,2.4519657564652277,0.048273550989897274,1.601826721751305,1.8973396487248593
104.014797241337,1.36990285746096,4.736578315225838,1.5610907589098062,3.0773112263315205,0.7301563711012626,1.9097710292160848,2.4029815401569024
104.015607416628,1.31562111295619,4.980709712283399,1.343799091401749,2.738723711824896,1.3810736246795976,2.7273197198929964,2.6343251720165277
104.015607416628,1.31643128824731,5.652360745623891,1.3996096037677965,3.115411472582238,1.1325644651827034,2.6981738753265496,2.7996240324966357
104.015607416628,1.31724146353842,4.950550418788019,0.6334590951746861,2.542393417098541,1.5097428524331349,2.3815437074701684,2.40353789819291
104.015607416628,1.31805163882954,4.765076294391044,0.5560571353209305,2.600783796810088,0.8884321944966267,2.8005394562008554,2.322177775443909
104.015607416628,1.31886181412065,4.727049547182428,1.0690093080858567,2.510489678564202,0.4390798162922174,2.686767357124509,2.286479141449843
104.015607416628,1.31967198941177,4.580061001522569,1.190656974789082,2.7846633156079577,0.4296536708679284,2.4083166882289397,2.2786703302032953
104.015607416628,1.32048216470289,4.498251946897188,1.2589661418834872,2.8149620419378785,0.5769057646976563,1.9823568164023193,2.2262885423637058
104.015607416628,1.321292339994,4.5933623286785625,1.2835548647002284,3.0444596078608086,0.3835364179174583,1.6724026936196097,2.1954631825553337
104.015607416628,1.32210251528512,4.654187361866434,1.182533236099239,3.324234883090689,0.2927219123627829,1.8409733871527258,2.258930156114374
104.015607416628,1.32291269057623,4.765603939061702,1.280272913094798,3.561575236434713,0.21856282874103528,2.1622433100587166,2.397651645478193
104.015607416628,1.32372286586735,4.950335393959019,1.5276073489312623,3.7577399048580986,0.16496213873592325,2.5404994222305675,2.588228841742974
104.015607416628,1.32453304115847,5.090659383176796,1.7418580768086578,4.055774145735612,0.40022415820120116,2.929809612263405,2.8436650752371344
104.015607416628,1.32534321644958,5.165544853897121,1.827657177482589,4.147281865366345,0.8795681913066709,3.0678956106637365,3.0175895397432924
104.015607416628,1.3261533917407,4.970576328488207,1.8377230874200094,3.7538573441896936,1.08033601471476,2.6834484835496433,2.8651882516724627
104.015607416628,1.32696356703181,4.991698976512641,1.7961258769370865,3.64624473679973,1.0855672968707708,3.0673056419836087,2.9173885058207674
104.015607416628,1.32777374232293,5.138631744907098,1.850451764441111,3.8075936214098896,1.2292663405505202,3.700272374643834,3.1452431691904907
104.015607416628,1.32858391761405,5.160285218972337,1.7725235267304953,3.758781792130133,1.1370372970254614,4.413943912403916,3.2485143494524684
104.015607416628,1.32939409290516,5.180746371133296,1.6749907493640102,3.5913828071046083,0.9865026773769223,4.977853495109045,3.282295220017576
104.015607416628,1.33020426819628,5.098253453296586,1.4709793466284289,3.207924718283511,0.40084579348894067,4.38295019012628,2.912190700364749
104.015607416628,1.33101444348739,5.193404312909582,1.5795350693511239,3.0516284125193174,0.23980889188304744,3.9979958229935306,2.8124745019313204
104.015607416628,1.33182461877851,5.0183166675386595,1.4924394518904478,2.8934371532462997,0.1851744109064235,3.468920313044759,2.611657599325318
104.015607416628,1.33263479406963,4.751118218320322,1.4451949685819336,2.5242977030295073,0.1518398671920309,2.5050121901050346,2.275492589445766
104.015607416628,1.33344496936074,5.02215412196961,2.0390071097710454,2.7456456067737847,0.24552602229744025,2.132803431912297,2.4370272585448354
104.015607416628,1.33425514465186,5.2538362238769025,1.6116962206440597,2.8536258880132586,0.5533894266049693,1.9767947316778844,2.449868498163415
104.015607416628,1.33506531994297,5.415937590951952,1.7807291208726923,2.979141613561257,0.9544675536720675,2.3353692453763486,2.6931290248868636
104.015607416628,1.33587549523409,5.492146056965151,1.7308313650728202,2.907453655691956,1.075386484383536,2.668047131379538,2.7747729386986
104.015607416628,1.33668567052521,5.188697030700659,1.653665203241502,3.2033122634400506,1.1349937103434335,3.0296887212967967,2.8420713858044886
104.015607416628,1.33749584581632,4.999996527213369,1.569701486095859,3.1063185939115208,1.2247907275806007,3.2269979942125993,2.82556106580279
104.015607416628,1.33830602110744,5.945589681036388,2.4580515382657815,3.904071663522565,2.077292577355916,4.165464708292262,3.7100940336945825
104.015607416628,1.33911619639855,5.823143372178912,2.537433327707678,3.6784468456006785,1.919272281007487,3.874762459209432,3.5666116571408373
104.015607416628,1.33992637168967,5.588390066722706,2.5634054648479854,3.3441043104705237,1.3584703405285623,2.938500170964957,3.1585740707069467
104.015607416628,1.34073654698079,5.50822689178456,2.8469603988239243,3.780778450912919,1.7194543024539293,3.4506219562897584,3.4612084000530183
104.015607416628,1.3415467222719,5.641004815058018,2.8972526388127946,3.806752356164303,1.695192396181909,4.031244640357258,3.6142893693148563
104.015607416628,1.34235689756302,5.683742403546464,2.9396111671207485,3.661488349254469,1.44205644284202,4.365446333953109,3.6184689393433622
104.015607416628,1.34316707285413,5.74268931578802,2.90203281882345,3.6282864108877497,1.66388614325313,4.477362305872202,3.6828513989249103
104.015607416628,1.34397724814525,5.565401743554389,2.6818979100768665,3.6579543996894905,1.6448188571720017,4.506167422249394,3.6112480665484283
104.015607416628,1.34478742343637,5.638910902547639,2.7598078902730947,3.7291865190565403,1.7516653850564055,4.903746789570324,3.7566634973008006
104.015607416628,1.34559759872748,5.694813888915853,2.7100330417006937,3.6949489349537608,1.7385137629787764,4.917263050179802,3.751114535745777
104.015607416628,1.3464077740186,5.7983770779704,2.9274283450147216,3.9691619031217478,2.1307983473474366,5.148809011907197,3.9949149370723007
104.015607416628,1.34721794930971,5.623693327394157,2.533348832613598,3.237189866373644,1.384767090753396,4.3867343839860595,3.433146700224171
104.015607416628,1.34802812460083,5.4796738546342105,2.37422381048685,3.2350539094558926,1.1247027061832284,4.105131128832181,3.2637570819184725
104.015607416628,1.34883829989195,5.683119827760692,2.453733548252938,3.3075751250367844,1.0722741867110628,4.14401724557808,3.3321439866679112
104.015607416628,1.34964847518306,4.940946976581806,1.7676013611568493,2.690161332819425,0.5423491167657382,3.6864979952346495,2.7255113565116935
104.015607416628,1.35045865047418,5.4846574758848305,2.220674060817757,2.897423100380159,0.9389002002518403,3.7334445109592913,3.055019869658776
104.015607416628,1.35126882576529,5.404614612672805,2.1136525195676192,2.6865380543037958,0.9779081480046798,3.177488906053547,2.8720404481204893
104.015607416628,1.35207900105641,5.395858130860663,1.8548787306128744,2.5133313693952744,0.6623577673531216,2.724300942734345,2.6301453881912558
104.015607416628,1.35288917634753,5.373279365488148,1.7858230480499806,2.439366735827484,0.6179449480359303,2.6575590867005516,2.574794636820419
104.015607416628,1.35369935163864,4.977272272189481,1.511342524266361,2.3788489126273333,0.4869567320037973,2.523845186644465,2.3756531255462874
104.015607416628,1.35450952692976,5.504409630167132,1.7921283307511295,2.5598416622197817,0.7236334976228918,2.6244570276470256,2.640894029681592
104.015607416628,1.35531970222087,5.1177941263354185,1.4884922783030419,2.4399969428630897,0.590961921155845,2.8560564592521054,2.4986603455819
104.015607416628,1.35612987751199,4.755748861766314,1.166347163523863,2.3845222255856626,0.4012553242917072,2.934963074447648,2.3285673299230387
104.015607416628,1.35694005280311,4.892748817188576,1.4875873888051707,2.769563442616789,0.5320539777948738,3.180436017725807,2.572477928826243
104.015607416628,1.35775022809422,5.165206717295245,1.7614635515180161,2.8900817675760244,0.5802449552024029,3.3847814473546016,2.756355687789258
104.015607416628,1.35856040338534,4.980001011814181,1.5480585761110426,3.1858835322617765,0.762868694798879,3.6900613314401127,2.8333746292851982
104.015607416628,1.35937057867645,5.155583164273562,1.6934438123359215,3.2582610532092637,0.7910214489481859,3.6185271498213893,2.9033673257176646
104.015607416628,1.36018075396757,5.116191865435852,1.6141387256761917,3.2586708169652887,0.6209253941801691,3.249426055669499,2.7718705715854
104.015607416628,1.36099092925869,5.183764945482228,1.6322203439343959,3.193972926599674,0.8259859682673891,3.1376886132518784,2.794726559507113
104.015607416628,1.3618011045498,5.365285091605461,1.8140022362051127,3.311959811627677,1.2181765650515644,3.3030494851243084,3.002494637922825
104.015607416628,1.36261127984092,5.5785242183300205,1.9803127578463418,3.4401831306747397,1.4564771250989992,3.4838413472750176,3.187867715845024
104.015607416628,1.36342145513203,5.5339714237476265,1.6668253084106261,3.2452225271848967,1.1736692517700575,3.1677067505606473,2.957479052334771
104.015607416628,1.36423163042315,5.5218796175987634,1.8803647162096766,3.5240235245542344,1.2140346463968932,3.2260677938331668,3.073274059718547
104.015607416628,1.36504180571427,5.621090667920065,2.0069310076983378,3.5906490625932683,1.4956196800988977,3.279897624994991,3.198837608661112
104.015607416628,1.36585198100538,5.556226433822712,2.091279560003521,3.629442275681285,1.5163378656353714,3.3484711631494513,3.228351459658468
104.015607416628,1.3666621562965,5.642477305257106,2.362201618792607,3.9276557576243576,1.6944422112344206,3.341896993784342,3.3937347773385667
104.015607416628,1.36747233158761,5.330170714034789,2.338180989694372,3.8932181052207504,1.6246835436425577,2.9677406481193813,3.23079880014237
104.015607416628,1.36828250687873,5.085334600719797,1.9584652614727105,3.4228151527110953,1.0765851787412686,2.142507441219852,2.7371415269729447
104.015607416628,1.36909268216985,4.558500639874822,1.3929129042706307,2.9191912449967816,0.5068040042382229,1.7280365426048014,2.2210890671970516
104.01641759192,1.31805163882954,4.881808263602299,0.3484515404251063,2.6289637490493867,1.1760367313049969,2.9074384775966102,2.3885397523956797
104.01641759192,1.31886181412065,4.793156030634567,0.7908972462210606,2.590226183654078,0.7351825486365691,2.8664288078551508,2.355178163400285
104.01641759192,1.31967198941177,4.690013235656803,1.0370913853067307,2.763619471432744,0.5274693172174523,2.843724358979326,2.372383553718611
104.01641759192,1.32048216470289,4.70808916513819,1.1235039448439785,2.9058063362752655,0.40509304337148677,2.8674921306270633,2.401996924051197
104.01641759192,1.321292339994,4.8120615676551814,1.2600240703733014,3.0946961881444714,0.12369304961016425,2.6605418335633146,2.3902033418692867
104.01641759192,1.32210251528512,4.837681396792174,1.3022649776848745,3.158023788309368,0.23386700721957965,2.217148460755176,2.3497971261522346
104.01641759192,1.32291269057623,4.805402638992199,1.3447935293917972,3.20441379827896,0.1989086472717787,2.193013285678205,2.349306379922588
104.01641759192,1.32372286586735,4.769626381704278,1.427458855452258,3.34072814447655,0.19097697344465558,2.1714877075269747,2.3800556125209433
104.01641759192,1.32453304115847,5.028463886657292,1.6984174481169312,3.774775297284908,0.06848811399991561,2.3007941201708775,2.574187773245985
104.01641759192,1.32534321644958,5.07484032520615,1.838700077594801,3.8581243480841145,0.028501808845231125,2.0031367136486224,2.5606606546757837
104.01641759192,1.3261533917407,5.047950685915268,1.905423977114861,3.7824449375875737,0.3234124004088983,2.138631782083099,2.63957275662194
104.01641759192,1.32696356703181,4.990319390253902,1.8436193295431806,3.7200699156029557,0.8475841598986662,2.8195770277448737,2.8442339646087156
104.01641759192,1.32777374232293,5.122533696245508,1.8741564449803256,3.965048247840091,2.5037706363941794,3.8134308939276274,3.4557879838775465
104.01641759192,1.32858391761405,5.109050529661161,1.7514839738221823,3.8077910901958383,1.1604239437951342,4.389518303096207,3.2436535681141043
104.01641759192,1.32939409290516,5.166943967879778,1.6799330317039498,3.700522481262407,0.9914992716481912,4.827453806655814,3.2732705118300283
104.01641759192,1.33020426819628,5.11637631873543,1.6774700110972276,3.45675916851836,0.582231146862533,4.631251512664441,3.092817631575598
104.01641759192,1.33101444348739,4.949684153717211,1.3832722770790866,3.104563880370641,0.13847822734021875,3.7779821515768433,2.6707961380168
104.01641759192,1.33182461877851,4.9081412499622985,1.4441316591353903,2.883972825849149,0.04263566916171513,3.5927281636340815,2.574321913548527
104.01641759192,1.33263479406963,4.994305003484069,1.6525523814974648,2.93727018968033,0.02876814383368398,3.2913787270711197,2.5808548891133336
104.01641759192,1.33344496936074,4.931522706140161,1.4861585330723202,2.53934137217324,0.04977303512629305,2.5765265700738347,2.31666444331717
104.01641759192,1.33425514465186,5.185465411160873,1.5809226339018885,2.802280455018778,0.5124800807072702,2.35399630324914,2.48702897680759
104.01641759192,1.33506531994297,5.4541234024836704,1.9724605758507003,3.2526841667163318,1.1564952102202248,2.5310297802798196,2.873358627110149
104.01641759192,1.33587549523409,5.484700057389809,2.1239102082672865,3.432511462677983,1.4087761433780628,2.848290690856043,3.0596377125138368
104.01641759192,1.33668567052521,5.02052486059905,1.6939004342671318,3.043070790897872,1.0638075884669398,2.6658789498042097,2.6974365248070407
104.01641759192,1.33749584581632,5.298988041532979,1.9716718084938698,3.437284359431768,1.6243673140033899,3.4267430687784,3.1518109184480814
104.01641759192,1.33830602110744,5.974881094300748,2.6306554955368924,4.0617844569994155,2.4336630075239043,4.501976959784841,3.92059220282916
104.01641759192,1.33911619639855,5.814718268810598,2.582141431292605,3.65443890916314,1.96131444391294,4.0713347009126615,3.616789550818389
104.01641759192,1.33992637168967,5.647142488924178,2.8330312320362694,3.491319915364091,1.6918185112347643,3.789745259442732,3.490611481400407
104.01641759192,1.34073654698079,5.648448658126469,3.0716040313230586,4.098551571024299,2.007598714517883,4.1241472142289695,3.790070037844136
104.01641759192,1.3415467222719,5.532612239576316,2.908157692567439,3.9882891848779387,1.889585356104206,4.510763305507343,3.7658815557266485
104.01641759192,1.34235689756302,5.53070733296002,2.7066751843432897,3.8505630253602625,1.727838611157729,4.67748071400397,3.6986529735650544
104.01641759192,1.34316707285413,5.2311586149366,2.3991768478988433,3.5916671719520004,1.5671623253539444,4.354400764986352,3.428713145025548
104.01641759192,1.34397724814525,5.477252013759628,2.548396273541343,3.8309818902246917,1.6946775245895296,4.662854555660957,3.64283245155523
104.01641759192,1.34478742343637,5.53661783508797,2.6881780994409397,3.8906614944794953,1.7607369086478712,5.156117395749785,3.8064623466812124
104.01641759192,1.34559759872748,5.5986826308902025,2.758575316273408,3.9441188610769444,1.792032408626092,5.392129482237838,3.897107739820897
104.01641759192,1.3464077740186,5.8004822253736705,2.8251162347330983,3.930797152454126,2.0625826678192922,5.587381960191799,4.041272048114397
104.01641759192,1.34721794930971,5.3273542992945195,2.2659993515788273,3.356353362043503,1.4812625733620237,5.055831165768925,3.49736015040956
104.01641759192,1.34802812460083,5.427820171557144,2.3818236319782287,3.47614025045565,1.4540306672395786,4.972767901912913,3.542516524628703
104.01641759192,1.34883829989195,5.839408271968345,2.668527555715233,3.693044256020393,1.595281517527301,4.848715693018818,3.728995458850018
104.01641759192,1.34964847518306,5.703383953345565,2.4954705473112284,3.448461670742457,1.5178831329823481,4.522062028841685,3.5374522666446566
104.01641759192,1.35045865047418,5.591626895238981,2.3920824678313686,3.172329764965337,1.2975198594624224,4.040143609587339,3.29874051941709
104.01641759192,1.35126882576529,5.454430225339287,2.199469174143264,3.0951528163330515,0.9911523806555245,3.2864667162288512,3.0053342625399955
104.01641759192,1.35207900105641,5.422605188423859,2.083127036816837,2.9666198074067793,1.0870166830815613,3.171543923847082,2.946182527915224
104.01641759192,1.35288917634753,5.434541114571143,2.1374913870126626,3.737269499998728,1.1588657429659257,3.469135000635905,3.187460549036873
104.01641759192,1.35369935163864,5.215488639398089,1.8960312220472595,2.746695513698736,0.9006945505938511,3.2916049641167113,2.8101029779709292
104.01641759192,1.35450952692976,5.14557766247556,1.691298150591944,2.4218891417638275,0.7116412752723456,2.9735462266561434,2.588790491351964
104.01641759192,1.35531970222087,5.349170344093178,2.05839868203066,3.1068554328119795,1.2219006909822703,3.5523107530061893,3.0577271805848554
104.01641759192,1.35612987751199,5.277407754338309,1.8912777965829441,2.8367439559109684,1.045709934517003,3.3993000010606558,2.8900878884819763
104.01641759192,1.35694005280311,5.145858086300514,1.7573831382841476,2.781682853066524,0.8867580875264345,3.1524804009457554,2.744832513224675
104.01641759192,1.35775022809422,5.017026352643619,1.6401078587268039,3.0312863154398286,0.8508245138533397,3.4900040838703283,2.805849824906784
104.01641759192,1.35856040338534,5.12679238664791,1.7127683782839895,3.2773081655328298,0.9697546989994024,3.9495989669132676,3.00724451927548
104.01641759192,1.35937057867645,5.33516325079054,1.8242194927429303,3.720512054203315,1.0795333679204582,4.189944600976535,3.2298745533267557
104.01641759192,1.36018075396757,5.492872662100805,1.9795898928104556,3.80397232805408,1.0672732507125495,4.117425620700576,3.292226750875693
104.01641759192,1.36099092925869,5.2308691441233,1.735918564534689,3.5738128990213553,0.9184887776274486,3.7623662740653643,3.0442911318744317
104.01641759192,1.3618011045498,5.134785844787249,1.6718766471778501,3.4553723995476098,1.005042219262112,3.6714084509008487,2.987697112335134
104.01641759192,1.36261127984092,5.216324311668632,1.654939854887889,3.422638781963478,1.0759985840106658,3.5102774231840215,2.9760357911429374
104.01641759192,1.36342145513203,5.502310352601288,2.0144348079779633,3.8957366207187363,1.3852768814251881,3.470705235459519,3.253692779636539
104.01641759192,1.36423163042315,6.0892412938300815,2.635032922291181,4.081353376590936,1.4496805745916994,3.5700860426701198,3.5650788419948034
104.01641759192,1.36504180571427,6.2709829395927486,2.5881099137706407,4.067294992202381,1.4757667070467662,3.578718470651463,3.5961746046528
104.01641759192,1.36585198100538,5.979462902816351,2.6553387680860645,4.1725856459777795,1.8244085376703225,4.240718245034419,3.774502819916987
104.01641759192,1.3666621562965,5.118483890510419,2.0904071735967165,3.792507073699028,1.5584764497120531,4.586357175902027,3.4292463526840486
104.01641759192,1.36747233158761,5.267303476275657,2.308997137691456,3.96939552056611,1.7042503538223777,3.002903658624799,3.25057002939608
104.01641759192,1.36828250687873,4.821433635646528,1.7047789494328107,3.0508002581110247,0.849032015839402,2.1600915512811376,2.517227282062181
104.01641759192,1.36909268216985,4.559180619384556,1.4486379704491164,2.8689673082938505,0.6362643457941743,2.160656737570264,2.334741396298392
104.017227767211,1.31967198941177,4.835659148508245,1.3063015605281123,3.2022744059429407,0.2793514448819927,3.0780091502881852,2.540319142029895
104.017227767211,1.32048216470289,5.031986065087452,1.3039470269607278,3.1271052959850536,0.12523719418411616,3.150024013157161,2.547659919074902
104.017227767211,1.321292339994,5.1594267141061,1.4763036012960598,3.336292502184243,0.026328835711893817,3.2263498044161416,2.6449402915428877
104.017227767211,1.32210251528512,5.0132334857597876,1.3855947418655887,3.300888331382616,0.13899766694509097,2.979697818094081,2.563682408809433
104.017227767211,1.32291269057623,4.938812849198708,1.3610620985103807,3.2919152192589998,0.1219612848884708,2.770806184815779,2.4969115273344675
104.017227767211,1.32372286586735,4.862065643358221,1.460544036819293,3.1563361469630387,0.2432885829059046,2.459348083163203,2.436316498641932
104.017227767211,1.32453304115847,4.791333946595703,1.5167894569719493,3.179435183445481,0.43376210336861476,1.9677893683696475,2.377822011750279
104.017227767211,1.32534321644958,4.991039335304382,1.8160495269313799,3.7428677223752302,0.06764687427665805,1.8598432696233154,2.495489345702193
104.017227767211,1.3261533917407,5.012859778240525,1.9104017584057438,3.8465306630567824,0.1951797587137385,1.6137625068703372,2.5157468930574254
104.017227767211,1.32696356703181,5.079966403418023,1.9151472619474283,3.8789207041809384,0.5504158509447983,1.93442221466211,2.6717744870306595
104.017227767211,1.32777374232293,5.056527561652651,1.7694985762499016,3.7727654267640425,0.877197614768896,2.7907719307154437,2.853352222030187
104.017227767211,1.32858391761405,5.031687579607652,1.6379665990308752,3.863019597176571,0.9813030174248389,3.4642666971267175,2.995648698073331
104.017227767211,1.32939409290516,4.894220340276753,1.587558878961591,3.7628626242947405,0.7172996466443493,4.079497737449554,3.0082878455253974
104.017227767211,1.33020426819628,4.95381216135366,1.6613611969011615,3.8769391769840027,0.7090968734861285,4.773239935346826,3.194889868814356
104.017227767211,1.33101444348739,4.785536739143719,1.4436488379597634,3.193401531120095,0.04823253277641015,4.428210158914137,2.779805959982825
104.017227767211,1.33182461877851,4.934744368233936,1.5417318277614065,3.0580873904302805,0.09608410009900936,4.0288036272839065,2.731890262761708
104.017227767211,1.33263479406963,5.06001212231029,1.6976751177576404,3.0815046601320866,0.17043504887005767,3.638876851611389,2.729700760136293
104.017227767211,1.33344496936074,5.10147500958313,1.7605307021646688,3.0187593469123435,0.20018424967356196,2.9712752049176814,2.610444902650277
104.017227767211,1.33425514465186,5.052435052898812,1.653635123306909,2.860013605010657,0.4416965703268758,2.825673401950901,2.566690750698831
104.017227767211,1.33506531994297,5.167084737764387,1.7819755086406097,3.3347965055966178,1.0711785883488787,2.639056048094183,2.798818277688935
104.017227767211,1.33587549523409,4.855297282651268,1.5161591775942007,3.0127246394423537,0.92572937217016,2.3059737878475026,2.523176851941097
104.017227767211,1.33668567052521,4.723706305396398,1.5673472349951396,2.817278926404626,0.8947373897578075,2.343742404929028,2.4693624522965996
104.017227767211,1.33749584581632,5.481132059726754,2.1253768274774494,3.5666789802108596,1.8186937454493126,3.0852922359728936,3.215434769767454
104.017227767211,1.33830602110744,6.069891391249797,2.8010822457595665,4.051674810412951,2.411643065406139,3.797745623456322,3.8264074272569553
104.017227767211,1.33911619639855,5.640851334484637,2.482496144175304,3.4337034938457407,1.80363210138146,3.597898322480539,3.391716279273536
104.017227767211,1.33992637168967,5.5366787017069115,2.668020496915503,3.3741200592381126,1.7162370911065388,3.8071369723164885,3.420438664256711
104.017227767211,1.34073654698079,5.451543971769247,2.7283907993778094,3.788653693181665,1.8908586026730383,4.370861080664817,3.6460616295333153
104.017227767211,1.3415467222719,5.483505746621656,2.778652167998885,3.933500231828443,2.044323744487535,4.895023161887934,3.827001010564891
104.017227767211,1.34235689756302,5.641337596510461,2.8841656681682046,3.972286372901621,2.1024009658094513,4.920116226335871,3.9040613659451218
104.017227767211,1.34316707285413,5.3889109060569105,2.4360776967016875,3.8586784445210363,1.8825783194914116,4.569941121844799,3.627237297723169
104.017227767211,1.34397724814525,5.331729984241292,2.4798626981982466,3.825563060567358,1.7935878330500081,4.967102246727528,3.6795691645568867
104.017227767211,1.34478742343637,5.4511064105128035,2.612149509918563,3.854780637621012,1.7479808473181784,5.481552168465434,3.8295139147671984
104.017227767211,1.34559759872748,5.487062668956888,2.57079592576563,3.87432214964916,1.6818765061324363,5.158603008689518,3.7545320518387264
104.017227767211,1.3464077740186,5.45352487279758,2.541599359563296,3.7710971722471065,1.7183467127066159,5.140796373103871,3.725072898083694
104.017227767211,1.34721794930971,5.296159278962971,2.3129421366353604,3.5188451627354596,1.5193587796637473,4.889063277299702,3.507273727059448
104.017227767211,1.34802812460083,5.723171747031671,2.4502520585806558,3.5013059553486414,1.5597931330431223,4.911398869881069,3.629184352777032
104.017227767211,1.34883829989195,5.743399995653075,2.672286227643408,4.46772771034448,1.5515463697553216,4.693820081255598,3.8257560769303764
104.017227767211,1.34964847518306,5.698619059663827,2.6338655555918287,3.5935593054303254,1.525154830855346,4.981537638837942,3.686547278075854
104.017227767211,1.35045865047418,5.793384841288265,2.632148274633604,3.3373933165605685,1.4327904824542301,4.34856381673357,3.5088561463340477
104.017227767211,1.35126882576529,5.732706229966926,2.6100590773126804,3.3180285813005703,1.3046760441665626,3.579776560908517,3.3090492987310514
104.017227767211,1.35207900105641,5.516829297536432,2.311120512195096,3.092524218757088,1.2269353375795262,3.284700185143503,3.086421910242329
104.017227767211,1.35288917634753,5.39870483203358,2.1775061668218996,3.1448583489954594,1.2427744130293448,3.601777897483842,3.113124331672825
104.017227767211,1.35369935163864,5.1189446012508135,1.7571336473735641,2.690353469867066,0.7638628453341916,3.4929508639571942,2.7646490855565657
104.017227767211,1.35450952692976,5.0292326631662405,1.859726581194792,2.4862044763086644,0.8658219514555974,3.807392315584103,2.8096755975418795
104.017227767211,1.35531970222087,5.328460433221171,2.239820449870688,2.88429440225174,1.3785365724515692,4.496979356233684,3.2656182428057705
104.017227767211,1.35612987751199,5.513902293047742,2.3322981197894315,3.152711325257581,1.5264398543893343,4.637024326795441,3.4324751838559058
104.017227767211,1.35694005280311,5.519106187431067,2.2183650919611395,3.1602003081524614,1.4978907841141584,4.274915378884966,3.3340955501087586
104.017227767211,1.35775022809422,5.3617245095143,1.9320335452605484,3.2300572575151385,1.2504769292138,3.6330629185990553,3.0814710320205685
104.017227767211,1.35856040338534,5.312921638748037,1.7713740668875921,3.193982371958988,1.0160584966339563,3.755801822328433,3.0100276793114014
104.017227767211,1.35937057867645,5.5340626130906045,2.138288349490182,3.8569451860116466,1.1718898076322795,4.1441545272869895,3.3690680967023403
104.017227767211,1.36018075396757,5.688650561174033,2.240914523843532,3.9866287110237657,1.1800265812006074,4.28926357597868,3.4770967906441235
104.017227767211,1.36099092925869,5.310121623232039,2.0167448064545184,4.018392601556982,1.1143754759875009,4.240295256663835,3.3399859527789753
104.017227767211,1.3618011045498,4.864605083062219,1.4013056727154094,3.3124731569176227,0.6553762075481977,3.61735428377089,2.770222880802868
104.017227767211,1.36261127984092,5.2378201446319075,1.746819117982124,3.703192094453687,1.1698504068649065,3.7942076097601287,3.1303778747385507
104.017227767211,1.36342145513203,5.257310452916837,1.8839798677237738,3.762257235696996,1.2347245301494993,3.5703271963619194,3.141719856569805
104.017227767211,1.36423163042315,5.6414612857699495,2.248556368262907,3.739727114984536,1.2320343889173841,3.3249122554369386,3.237338282674343
104.017227767211,1.36504180571427,6.607637277219787,2.6799997026407745,4.179935844037143,1.3186928576664947,2.926043983570441,3.542461933026928
104.017227767211,1.36585198100538,6.310376591888865,2.762106921760971,4.457270053647317,1.8195798790195639,3.7661313539044237,3.823092960044228
104.017227767211,1.3666621562965,4.900478906375671,1.954294521032324,3.619558384338969,1.3554348513599876,4.541119494543278,3.2741772315300457
104.017227767211,1.36747233158761,5.232867914100389,2.2022554718158958,4.07447659626704,1.6242443696235185,3.1356883025910953,3.2539065308795876
104.017227767211,1.36828250687873,4.627232197484396,1.4994458432957316,2.9295226106004932,0.7845447036229416,2.3894544553308883,2.44603996206689
104.017227767211,1.36909268216985,4.536460393403111,1.482441465389961,3.1193900417598535,0.7116362002949685,2.1452157958640683,2.3990287793423923
104.018037942502,1.32210251528512,5.186981312961372,1.5299335900666513,3.801239664139821,0.1766614664171442,3.370694012518072,2.813102009220612
104.018037942502,1.32291269057623,5.205237409321782,1.5435932406095887,3.679078187686109,0.3348516552609482,3.4394699006341085,2.840446078702507
104.018037942502,1.32372286586735,4.825705648771358,1.2645345106507904,3.2521201808542557,0.007416034835998175,3.115095314108398,2.49297433784416
104.018037942502,1.32453304115847,4.64766584753551,1.1707751304051968,3.006764788618135,0.3168090924006215,2.758006295350608,2.3800042308620144
104.018037942502,1.32534321644958,4.992449380574698,1.6753997107114031,3.617940145205335,0.31063400978802846,3.316797562812109,2.7826441618183146
104.018037942502,1.3261533917407,4.926155304225205,1.696375707090315,3.6697794176972423,0.5476277066422419,3.274376053260429,2.8228628377830867
104.018037942502,1.32696356703181,4.958810645915101,1.7284762301493863,3.667977249332779,0.7162259410204257,2.995957533501027,2.8134895199837437
104.018037942502,1.32777374232293,4.951747692718506,1.7583326306053486,3.7457260043705105,0.7695773395265313,2.7786775852709695,2.8008122504983732
104.018037942502,1.32858391761405,4.9707784825466845,1.8278221058298563,4.012619680169831,0.7828044901205082,2.695396330052514,2.857884217743879
104.018037942502,1.32939409290516,5.002016422709168,1.801180009115587,3.991067474915745,0.7410200454066889,3.1056286799516286,2.9281825264197634
104.018037942502,1.33020426819628,4.222191735666307,1.1453580022912888,3.235844931116084,0.12311485038226877,3.4209317353023287,2.4294882509516555
104.018037942502,1.33101444348739,4.286366372826517,1.1692975837876993,2.969723596247988,0.015651571011442655,4.057249558416608,2.499657736458051
104.018037942502,1.33182461877851,4.990662993126332,1.7144957386323405,3.359944972614379,0.44216913600618923,4.610967384940853,3.023648045064019
104.018037942502,1.33263479406963,5.027073677913158,1.8036368487588241,4.162225373621446,0.4114072840042269,4.056383699522122,3.0921453767639555
104.018037942502,1.33344496936074,5.021395142497202,1.7662272046070804,3.1230084618603584,0.33166782751733237,3.4506851465421704,2.738596756604829
104.018037942502,1.33425514465186,5.08413737641386,1.8693544846458643,4.095593360120244,0.5549359224672195,3.3385842955277383,2.988521087834985
104.018037942502,1.33506531994297,5.014667161959242,1.7884960565676593,3.397970640848758,0.8947651385440807,3.02111510709711,2.82340282100337
104.018037942502,1.33587549523409,4.95585762168464,1.6676407446379002,3.1866674366243544,0.9461909308231036,2.5199607969429394,2.6552635061425875
104.018037942502,1.33668567052521,5.085997541158044,1.933852265387273,3.122891219565332,1.0553171504644787,2.6469322437463774,2.768998084064301
104.018037942502,1.33749584581632,5.4876830771773655,2.317422393206069,3.513008587463986,1.8755718921184403,3.395352806898078,3.3178077513727877
104.018037942502,1.33830602110744,5.961431730209856,2.7266077830733586,3.7666448369452894,2.093699979688285,3.60514243830373,3.630705353644104
104.018037942502,1.33911619639855,5.460504858944233,2.3363798244863965,3.487493996162776,1.7542793734238593,3.424589673492811,3.292649545302015
104.018037942502,1.33992637168967,5.367685955691815,2.3891838471947544,3.5169906906353923,1.801530719876542,3.183634287021288,3.2518051000839585
104.018037942502,1.34073654698079,5.3570058995423615,2.5005654770400625,3.7489038351859705,2.024619899794857,3.7723692425211404,3.4806928708168785
104.018037942502,1.3415467222719,5.53108165441563,2.661398107788184,4.046514399082529,2.2183150483062413,4.433561839234905,3.778174209765498
104.018037942502,1.34235689756302,5.598439804342348,2.68506339251822,4.088094302159437,2.2552416882699653,4.794904217224449,3.884348680902884
104.018037942502,1.34316707285413,5.163058815505551,2.3796246058585027,3.704582874695518,1.9249312220865455,5.096481021596574,3.653735707948538
104.018037942502,1.34397724814525,5.064812113610188,2.2246464667031702,3.5716410455786374,1.4309174447767496,4.573943653522459,3.373192144838241
104.018037942502,1.34478742343637,5.54251595160806,2.48085762766744,3.816499314854166,1.5984932936601979,4.940288475377965,3.6757309326335657
104.018037942502,1.34559759872748,5.671572710546563,2.6871256119798304,4.024015335618536,1.717826507427958,5.119918034599266,3.8440916400344305
104.018037942502,1.3464077740186,5.542717846879778,2.5434782706359442,3.790765705403075,1.7840636897552749,5.152725697179601,3.7627502419707346
104.018037942502,1.34721794930971,5.3849279693399055,2.2970170944782247,3.5741158960152717,1.7354633765149288,5.084221901339664,3.615149247537599
104.018037942502,1.34802812460083,5.513604844283915,2.3048627527796164,3.333969991077211,1.4899217374837974,4.854798253052564,3.499431515735421
104.018037942502,1.34883829989195,5.459831204165418,2.3786244696913528,3.392096191459011,1.3643122490759936,4.598404477937041,3.4386537184657633
104.018037942502,1.34964847518306,5.358782412544329,2.37922421591313,3.261035860687599,1.228460457844399,4.280072447327203,3.301515078863332
104.018037942502,1.35045865047418,5.893466761109536,2.613829965118022,4.104923472717029,1.2913976147463266,4.954361231162313,3.7715958089706456
104.018037942502,1.35126882576529,5.661147120959562,2.6281918289025974,3.353555247958159,1.3544774673746858,4.220259516471952,3.4435262363333914
104.018037942502,1.35207900105641,5.614841382241387,2.538606323744851,3.6078159518987576,1.44628206362459,3.79956061793008,3.401421267887933
104.018037942502,1.35288917634753,5.43404647798236,2.35777908638525,3.4174421890743822,1.2965299230017209,3.7980891018144973,3.260777355651642
104.018037942502,1.35369935163864,5.192620372527198,2.2089637894836613,3.2010102270621417,1.1647730751272256,3.9226062127412646,3.137994735388298
104.018037942502,1.35450952692976,4.955863212026252,1.9875043784639281,2.60823812966699,0.8686814805059626,4.018659603698982,2.8877893608724228
104.018037942502,1.35531970222087,5.12366509004649,2.198738736186858,2.547931760852226,1.1241735010447869,4.611017575755788,3.12110533277723
104.018037942502,1.35612987751199,5.1982032086659125,2.2473254782342202,2.862393614116943,1.281054745699798,4.989027526991823,3.315600914741739
104.018037942502,1.35694005280311,4.81002684615035,1.5368362981112824,2.3410986446179614,0.809511978471587,4.41057255066665,2.781609263603566
104.018037942502,1.35775022809422,5.322614767364428,2.076553766430905,3.0038470463573788,1.2087217130594468,4.141418618106673,3.1506311822637665
104.018037942502,1.35856040338534,5.210105587683902,2.080143068616781,3.4910779580872884,1.1834293161062597,3.8947177805387305,3.171894742206592
104.018037942502,1.35937057867645,5.378606775030924,2.1578998587704774,3.69180550307685,1.0760883341336154,3.6862287078800087,3.198125835778375
104.018037942502,1.36018075396757,5.470052207213701,2.1865628096269063,3.774406481105739,0.9905547657552418,3.7265029637466114,3.22961584548964
104.018037942502,1.36099092925869,5.284203536133763,2.1379605856958293,3.776974531065303,1.14811402359296,4.12126554852447,3.293703645002465
104.018037942502,1.3618011045498,5.359577831399985,2.060552976319574,3.840995174564089,1.2649458006149565,4.148861973659699,3.3349867513116607
104.018037942502,1.36261127984092,4.791470544604039,1.445998513662687,3.4504848894453666,0.9029354970976691,3.521999925648629,2.822577874091678
104.018037942502,1.36342145513203,4.92710990915581,1.5230930608925206,3.3464226089796654,0.8688467457202869,3.1923635453869785,2.7715671740270524
104.018037942502,1.36423163042315,5.232149601828933,1.92468535345294,3.572487682885235,1.1092159730003104,2.9973061020273093,2.9671689426389456
104.018037942502,1.36504180571427,5.197535201453583,2.2103336401956675,3.395829675046457,1.3374648054036022,2.8986297006751407,3.00795860455489
104.018037942502,1.36585198100538,5.4716462623365025,2.1205530899500893,3.541918160243707,1.4454707386051346,3.514687318220389,3.2188551138711645
104.018037942502,1.3666621562965,4.725528069280426,1.7127327741231824,3.424654281768529,1.0892954629690053,4.326334456990423,3.0557090090263133
104.018037942502,1.36747233158761,4.586159971509247,1.5171783735481696,2.912161454117566,0.8652376840496743,2.709794403665338,2.518106377377999
104.018037942502,1.36828250687873,4.664689261752088,1.7140440259169836,2.8764730859390077,0.85094643319729,2.4216786542959596,2.5055662922202657
104.018848117793,1.32453304115847,4.563523967584793,1.216743473029279,3.11654107247049,0.2440453940495111,2.985058885809945,2.4251825585888036
104.018848117793,1.32534321644958,4.986986937568709,1.5528949338118885,3.610335844718719,0.4369687984991515,3.76754789988383,2.8709468828964595
104.018848117793,1.3261533917407,4.78132494599372,1.389831544994827,3.380431200179874,0.3840619607642317,3.850803096926658,2.757290549771862
104.018848117793,1.32696356703181,4.898960546723362,1.5975620606583405,3.4894668543575307,0.6570698908732773,3.8976796896267096,2.9081478084478443
104.018848117793,1.32777374232293,4.868707681497067,1.6267775807070954,3.6436068509100075,0.8585348415545653,3.8493640626060497,2.969398203454957
104.018848117793,1.32858391761405,4.906195524237905,1.7554865940204714,3.8142831828511916,0.8237006884986329,3.3729071571736817,2.9345146293563764
104.018848117793,1.32939409290516,5.029146778788537,1.8593813625195352,3.7807403821035024,0.6462820068588933,2.5582938650536597,2.7747688790648253
104.018848117793,1.33020426819628,4.031242503194502,0.9382136065525373,2.882810046656516,0.2452844300596162,1.8095217623238504,1.9814144697574043
104.018848117793,1.33101444348739,4.264601623306088,1.115318783623021,3.0698828328252645,0.31661476242113906,2.582542949033108,2.2697921902417244
104.018848117793,1.33182461877851,4.924747456256824,1.674679943923671,3.681400987467029,0.6220254154738711,3.6939991477096967,2.9193705901662184
104.018848117793,1.33263479406963,4.987286026607148,1.8371675429461867,4.245577816134631,0.7992008933179697,4.210633255569878,3.2159731069151625
104.018848117793,1.33344496936074,5.094340015794341,1.9855631504980842,3.553902386837642,0.8571507941669836,4.18638406411138,3.135468082281686
104.018848117793,1.33425514465186,5.044695532098654,1.876300966421443,3.410050023822322,0.9728044152585262,3.8441255786224,3.029595303244669
104.018848117793,1.33506531994297,4.976638996023482,1.7427563784897515,3.3665765091487465,0.9078731382396263,3.0445578006549816,2.8076805645113176
104.018848117793,1.33587549523409,4.906916559534331,1.7501487345969586,3.1434344937907674,0.7955552643519219,2.4152790695763606,2.602266824370068
104.018848117793,1.33668567052521,5.163624594793571,2.0611343672324267,3.3357059604493386,1.359688582702642,3.215151306791082,3.0270609623938123
104.018848117793,1.33749584581632,5.369602815146141,2.300226251804176,3.6702973095573874,1.944492256708024,3.7436788168604025,3.405659490015226
104.018848117793,1.33830602110744,5.305187335467512,2.370298009849293,3.8331723646041382,2.3289521730645255,4.026909239864899,3.5729038245700737
104.018848117793,1.33911619639855,5.092178194819944,2.021597132002011,3.468324963849007,1.6655116539429429,3.6603498272811024,3.1815923543790015
104.018848117793,1.33992637168967,5.141708904110192,2.083473527543724,3.4124265744845808,1.6979414183421007,3.207903785205122,3.108690841937144
104.018848117793,1.34073654698079,5.39929655124811,2.382500077769322,3.762184475498021,1.9447197719182192,3.219547433836727,3.34164966205408
104.018848117793,1.3415467222719,5.593499137585031,2.5807906539196814,4.067237539983445,2.164893048756767,3.5917461902814587,3.5996333141052768
104.018848117793,1.34235689756302,5.556763870240438,2.5901743133931134,4.128753458865162,2.2640376284317796,4.495973594489069,3.8071405730839123
104.018848117793,1.34316707285413,5.3576937069581305,2.471277973279495,3.9631908992216083,1.9476570857706577,4.562194781714357,3.6604028893888496
104.018848117793,1.34397724814525,5.70418463436204,2.710770928200674,3.995498133519799,1.9376718298030902,4.777843823327103,3.825193869842541
104.018848117793,1.34478742343637,5.73592040298611,2.681661616660783,3.9183572207515525,1.6647739778379993,4.754943167792732,3.751131277205835
104.018848117793,1.34559759872748,5.61409336601859,2.55453194034774,3.8113391842557114,1.7350456740932785,5.101711616334626,3.763344356209989
104.018848117793,1.3464077740186,5.627974818033515,2.6206793953086027,3.8692572173365996,1.9723317112651486,5.264666951670545,3.870982018722882
104.018848117793,1.34721794930971,5.435981162772048,2.3383777268760646,3.4988767804320915,1.606727776351697,4.912311469097439,3.558454983105868
104.018848117793,1.34802812460083,5.6416743163265615,2.4429635187815784,3.4555169637213403,1.41739648757045,4.7599133011052785,3.543492917501042
104.018848117793,1.34883829989195,5.616308741198285,2.4070365086548016,3.3008372654914595,1.2865065374059803,4.475273428560165,3.417192496262138
104.018848117793,1.34964847518306,5.625618526789079,2.5374543623444943,3.1320849749921393,1.068643214523071,4.283348573040836,3.3294299303379242
104.018848117793,1.35045865047418,5.825120722709713,2.693731318068238,3.272265215091572,1.3650427337673854,4.366372549555486,3.504506507838479
104.018848117793,1.35126882576529,5.775725156433943,2.6810263679168287,3.2551923729190726,1.4132693698889263,4.322241822010948,3.4894910178339438
104.018848117793,1.35207900105641,5.698561764654304,2.552985717236343,3.4783933138900593,1.360025763626421,4.791647269547447,3.576322765790915
104.018848117793,1.35288917634753,5.274487119264801,2.24109778581445,3.328017500507869,1.368206249516657,4.088423553153209,3.2600464416513972
104.018848117793,1.35369935163864,5.188352015674596,2.241252733348091,3.263971543489294,1.1939922149150703,3.7727352788989457,3.1320607572651995
104.018848117793,1.35450952692976,5.13107652122677,2.289678272151555,3.286190306429557,1.1372001797068094,4.0980851260774,3.1884460811184185
104.018848117793,1.35531970222087,5.125815166831018,2.2642775865371654,2.8498185294678144,1.177093373149063,4.530459131884385,3.189492757573889
104.018848117793,1.35612987751199,5.062327918701492,2.0676396990304795,2.750074401478809,0.9146633596010538,4.46040171365706,3.0510214184937787
104.018848117793,1.35694005280311,4.8175638837075425,1.766405970683266,2.4859800375993046,0.7307716337474126,3.901289189671676,2.74040214308184
104.018848117793,1.35775022809422,4.642352610394582,1.556449452903525,2.8123036983932685,0.7138906289484908,3.4856641886186708,2.6421321158517075
104.018848117793,1.35856040338534,5.095998715055519,2.0826456735187975,3.608392248798708,1.3515687141205106,4.22035791404582,3.271792653107871
104.018848117793,1.35937057867645,5.0611362851047765,1.965427711374506,3.5193894901468887,1.0557580326919158,3.66665252722623,3.053672809308863
104.018848117793,1.36018075396757,4.984206629898335,1.9266484112117084,3.3985867542592842,0.9453132133012048,3.3719223375858824,2.9253354692512827
104.018848117793,1.36099092925869,5.0345713847565285,1.9374745900690904,3.4627378964331683,1.0565936896258457,3.719896193941672,3.042254750965261
104.018848117793,1.3618011045498,5.203912879463466,1.9733927841396586,3.758763300900249,1.2557442882836902,3.9108858092600087,3.2205398124094144
104.018848117793,1.36261127984092,5.15822485017614,1.8776033831528984,3.769687611784086,1.1770197025706288,3.5488829341485406,3.1062836963664586
104.018848117793,1.36342145513203,4.868810347381704,1.5648168318414015,3.298555628036386,0.7508836953407254,2.799264514616084,2.65646620344326
104.018848117793,1.36423163042315,5.826073830429454,2.293616998389634,4.520597700634127,1.2947556099580844,2.809172186610951,3.34884326520445
104.018848117793,1.36504180571427,6.379081642023145,3.0220189741973513,3.92998739419043,1.4951268307974495,2.784523398050503,3.5221476478517757
104.018848117793,1.36585198100538,4.98354820022805,1.6734897068599253,3.3785186310229065,0.9536950920123495,3.2700512416696057,2.851860574358567
104.018848117793,1.3666621562965,5.022374034899482,1.936161485278376,4.23144504023697,1.3743625912281416,4.51025507776064,3.4149196458807216
104.018848117793,1.36747233158761,4.673846588920849,1.686374066854242,2.9959552674614898,1.020058678583144,2.795839171651032,2.634414754694151
104.018848117793,1.36828250687873,4.698658845420148,1.8134916802363001,2.929876846855038,1.0212814641003405,2.6260240360024234,2.61786657452285
104.019658293084,1.3261533917407,5.137018859406748,1.7020349411751532,3.8075417421317255,0.8995364955510716,4.392521879191765,3.1877307834912925
104.019658293084,1.32696356703181,5.012946766750062,1.6461444413731634,3.629768688625621,0.7418252728618704,4.199648413097723,3.046066716541688
104.019658293084,1.32777374232293,4.939236472163831,1.5362958889009093,3.566660454400303,0.7109457366792675,4.256586584194334,3.001945027267729
104.019658293084,1.32858391761405,4.925751979559344,1.5497641308218242,3.5544220719907997,0.6147205744043838,4.020027732807751,2.9329372979168205
104.019658293084,1.32939409290516,5.038590908002178,1.7771500125185895,3.5000632185680907,0.423731093291277,3.4121607007863375,2.8303391866332945
104.019658293084,1.33020426819628,4.765335553726771,1.470737575537271,3.1410601880255378,0.007334918826860104,2.57391472451296,2.3916765921258802
104.019658293084,1.33101444348739,4.886839798385658,1.5876009956912078,3.3758848253227,0.2737350063879127,2.5110031416949177,2.5270127534964795
104.019658293084,1.33182461877851,4.9086900143806,1.6072389726293501,3.471054260499251,0.531689485179001,2.3694799036032492,2.5776305272582904
104.019658293084,1.33263479406963,4.968862397318105,1.7622059424775678,3.384499967287592,0.8486360068302297,3.270414597508257,2.8469237822843505
104.019658293084,1.33344496936074,5.103385646019923,1.842781767435632,3.404051866468759,1.21291801162943,3.9967451840473984,3.1119764951202287
104.019658293084,1.33425514465186,5.083708549910625,1.9088787880838076,3.472534049099526,1.2776305427459853,3.8417194127031067,3.1168942685086103
104.019658293084,1.33506531994297,4.9591168688352845,1.7016392416421482,3.2664265416882756,0.925715321033703,2.901687476714269,2.750917089982736
104.019658293084,1.33587549523409,5.0316384492040775,1.8461649718406363,3.316281159203683,1.0247521670714441,2.7017568221397497,2.7841187138919183
104.019658293084,1.33668567052521,5.211365906101577,2.107252816435185,3.7108774070605115,1.6472815481898948,3.5271717538475578,3.240789886326945
104.019658293084,1.33749584581632,5.355913558237518,2.2938802669578706,3.9595685697692815,1.9690409708709566,3.8843982546995264,3.4925603241070307
104.019658293084,1.33830602110744,5.377748430183821,2.3041731905504292,3.910622747482744,2.1483040668691835,3.9733689834617607,3.542843483709588
104.019658293084,1.33911619639855,4.688001406978177,1.7303635108947724,3.2380567645643588,1.6127192242184485,3.5285363114691286,2.959535443624977
104.019658293084,1.33992637168967,4.266177477279509,1.3529332642029388,2.7287997449906527,1.0001277483983664,3.141374413567963,2.497882529687886
104.019658293084,1.34073654698079,5.442932514087037,2.435535920314127,3.844450786205474,1.8586458823055487,3.889251624993225,3.4941633455810823
104.019658293084,1.3415467222719,5.74314820782908,2.60905294022691,4.296326856490044,1.9834483583987712,4.248955494298521,3.776186371448665
104.019658293084,1.34235689756302,5.88302387272082,2.667760327566736,4.258275834971812,1.9805271111620861,5.04875601612445,3.967668632509181
104.019658293084,1.34316707285413,5.8258054995489275,2.653835231390012,3.873851976851224,1.6327671257034986,4.295233704694329,3.6562987076375983
104.019658293084,1.34397724814525,5.717897200597491,2.628284528190324,3.8644395232323028,1.722942349379455,4.588059867635462,3.704324693807007
104.019658293084,1.34478742343637,5.7913202093948115,2.6576367879233267,4.605386850288173,1.7576832272855398,4.693785586504493,3.901162532279269
104.019658293084,1.34559759872748,5.711629741387892,2.5961850368581807,3.760686422885531,1.7341071318813626,4.923290597734809,3.745179786149555
104.019658293084,1.3464077740186,5.530798554934805,2.479866945344778,3.6621603852153406,1.6833515569940083,5.0972928523636405,3.6906940589705144
104.019658293084,1.34721794930971,5.606472515072827,2.3423308421813864,4.235755394393429,1.2389890479870402,4.727931687537183,3.6302958974343733
104.019658293084,1.34802812460083,5.4878964567509705,1.948963675671731,3.1194118980044614,0.9121097470887172,4.322488902404,3.158174135983976
104.019658293084,1.34883829989195,5.495472219492772,2.0904804415735256,3.806494777601241,1.0310959212411106,4.237324738043263,3.3321736195903826
104.019658293084,1.34964847518306,5.469758283770741,2.2180496446243083,2.9226635758403887,0.9049926126488828,4.0535352141356675,3.1137998662039976
104.019658293084,1.35045865047418,5.463845007780911,2.3155866218482686,2.978676943862954,1.17352712245345,4.129931394261199,3.2123134180413566
104.019658293084,1.35126882576529,5.589221223663742,2.4415171221491505,3.00816673915336,1.4639895870651038,4.279201214068436,3.3564191772199585
104.019658293084,1.35207900105641,5.574390758840767,2.4725650551616454,3.2711009163818083,1.4294309710365027,4.404377985653909,3.4303731374149264
104.019658293084,1.35288917634753,5.213364504046012,2.235727392591862,3.229340218329803,1.4072272446636838,4.882502624674636,3.393632396861199
104.019658293084,1.35369935163864,5.089088445148867,2.119966637514821,3.119752326172879,1.1254357780178879,3.892509507045556,3.0693505387800024
104.019658293084,1.35450952692976,4.719990702708738,1.9738880114857231,2.8255838244769187,0.6514180106464629,3.598297187950749,2.7538355474537184
104.019658293084,1.35531970222087,5.022717218398206,2.1965350798619667,2.877507967458868,1.226605241207011,4.183811102075467,3.1014353218003037
104.019658293084,1.35612987751199,5.12525730283755,2.1086706674379414,3.6953273862147995,1.0963287512146103,4.176454603992411,3.2404077423394626
104.019658293084,1.35694005280311,4.937076732327842,2.0153164546522504,2.8090264635134083,1.0029751580275565,4.265155929368131,3.0059101475778376
104.019658293084,1.35775022809422,4.45781796283028,1.5361754731700898,2.9943923982115415,0.626044903759567,3.3238205446821674,2.587650256530729
104.019658293084,1.35856040338534,4.6491789854843475,1.5991040538791488,3.2266185670347767,0.6914291304834705,3.3589658592968377,2.7050593192357164
104.019658293084,1.35937057867645,4.538733777083671,1.4355602262584846,3.514332963942419,0.10978959917024866,2.2833060507527314,2.376344523441511
104.019658293084,1.36018075396757,4.547126298994424,1.4614488734996556,2.7383421525703753,0.3016478488850822,2.279055427797765,2.2655241203494603
104.019658293084,1.36099092925869,4.866270301268052,1.9193970734864507,4.023789893814371,0.9520544298573661,3.2629111586851955,3.004884571422287
104.019658293084,1.3618011045498,5.037528919467228,2.0006972281743103,3.6611710923169483,1.04336190781504,3.308927110044216,3.0103372515635485
104.019658293084,1.36261127984092,5.065987645233186,1.6543706667390587,3.363236045108547,0.8847491075650495,2.7855220278360235,2.750773098496373
104.019658293084,1.36342145513203,5.160146249420222,1.8458784969642394,3.646949155002847,0.9251364746030966,2.5716078732739263,2.8299436498528663
104.019658293084,1.36423163042315,5.1093382925351705,1.7055350159825586,4.0536229792419505,0.9055024189702898,2.5166807254076,2.858135886427514
104.019658293084,1.36504180571427,5.255047932120238,2.0391974003661097,3.3805507571939373,1.0596814112756405,2.6951401313586842,2.885923526462922
104.019658293084,1.36585198100538,5.576055216160217,2.1656814359012344,3.9784449000457975,1.5515358101155492,3.6405461290276158,3.382452698250083
104.019658293084,1.3666621562965,5.039618003185492,1.8963382292281494,3.902106778288548,1.4820101450559484,4.385877023306286,3.3411900358128848
104.019658293084,1.36747233158761,4.7011096562008206,1.7352279617234743,3.1669332010531406,1.2242047349349114,2.8211372484711355,2.7297225604766964
104.020468468375,1.32777374232293,5.03665046522514,1.6315545218597585,3.6353667697070655,0.9054935393601369,4.426911841073316,3.1271954274450833
104.020468468375,1.32858391761405,4.9559161174139525,1.5122126519054682,3.4686996859012496,0.6754490872575438,4.262647584153264,2.9749850253262955
104.020468468375,1.32939409290516,4.954333433120571,1.5096666716473628,3.3455704030269224,0.45896860992570865,4.002802165918144,2.8542682567277415
104.020468468375,1.33020426819628,4.968380100491345,1.5437946841583354,3.0288690683269017,0.10334948952600698,3.2646234293700687,2.5818033543745313
104.020468468375,1.33101444348739,4.77973838405094,1.3804705517901468,3.1282388946671595,0.29225585626614503,3.3571698485146086,2.5875747070578
104.020468468375,1.33182461877851,4.866103458052201,1.5225958744458765,3.051843865703116,0.3348283941590573,2.9185472272099986,2.53878376391405
104.020468468375,1.33263479406963,4.8924862062791945,1.6525452225316748,3.02025261018116,0.8321632368808416,3.0564502437597625,2.6907795039265268
104.020468468375,1.33344496936074,4.943738870029371,1.757923830961321,3.2092849865143194,1.2437443556854682,3.5850742260610815,2.9479532538503124
104.020468468375,1.33425514465186,5.029102196176169,1.829063873151604,3.088455366984295,1.2722113010682392,3.494741119153975,2.942714771306856
104.020468468375,1.33506531994297,4.981346152199137,1.7884774758165989,3.303245719562671,0.9680459674571189,2.8187929489547905,2.7719816527980634
104.020468468375,1.33587549523409,5.184978101908293,1.975199673369545,3.608856681704818,1.376327223522118,3.3827379362711696,3.1056199233551887
104.020468468375,1.33668567052521,5.2935192342421615,2.1207663997871755,3.8533876498616237,1.602576228543679,4.08174298353099,3.390398499193126
104.020468468375,1.33749584581632,5.558601173137035,2.4443415255421783,4.093506842575838,1.8922192697900009,4.252295945403212,3.6481929512896527
104.020468468375,1.33830602110744,5.489244425915043,2.41125303289655,4.04228124755225,1.7978171721452476,4.079006964022813,3.5639205685063806
104.020468468375,1.33911619639855,5.086537539885114,2.125894206758577,3.6386787483767513,1.6601363693497113,3.8746589150280784,3.2771811558796466
104.020468468375,1.33992637168967,4.702991914832186,1.8714907618884986,3.300649750216987,1.302270616442506,3.7867700805419986,2.992834624784435
104.020468468375,1.34073654698079,5.644779253266638,2.668913869923955,4.136322799770269,1.9929599073879594,4.513479099983794,3.791290986066523
104.020468468375,1.3415467222719,5.905009275011352,2.7678933773059846,4.4778936590768375,1.9251282333948119,5.154080141563384,4.046000937270474
104.020468468375,1.34235689756302,5.8816863384969835,2.6567747305551883,4.08304446777273,1.6642164630091578,4.393880235172809,3.735920447001374
104.020468468375,1.34316707285413,5.686488456963211,2.5408146596440595,3.753536223137921,1.5097173053385191,4.425457736625788,3.5832028763418995
104.020468468375,1.34397724814525,5.8424730908982205,2.585669680110957,3.95937402613448,1.5874833541015434,4.613426452490351,3.7176853207471106
104.020468468375,1.34478742343637,5.627805017066734,2.5546965295294584,3.6617627200458074,1.4816089492580247,4.586073561475406,3.582389355475086
104.020468468375,1.34559759872748,5.585790247536622,2.5049781155190587,3.748728250416775,1.5863999199202077,4.883052180967436,3.6617897428720196
104.020468468375,1.3464077740186,5.258864927077944,2.240721105069227,3.510340794369494,1.33566227432895,4.813666613253634,3.4318511428198497
104.020468468375,1.34721794930971,5.247911450829349,2.0534127869598287,3.4962372279212772,0.9117147334992275,4.478397022931329,3.2375346444282025
104.020468468375,1.34802812460083,5.237611027361808,1.8556263456059732,3.653755936026176,0.6338994693768569,4.082285798543378,3.0926357153828383
104.020468468375,1.34883829989195,4.963279701961213,1.6545631456052021,3.404238213318248,0.5846550105796098,3.671528217336789,2.8556528577602123
104.020468468375,1.34964847518306,5.1549734813449035,1.896709252720342,2.618365862117628,0.7992978289617803,3.633732681686812,2.8206158213662933
104.020468468375,1.35045865047418,5.2229042725969315,1.9813453049234404,2.6792788300423283,0.8399414662537232,3.545429678290599,2.8537799104214043
104.020468468375,1.35126882576529,5.0187725539320205,1.8037279681438037,2.5972659259262194,0.8234802121170404,3.762153000897225,2.801079932203262
104.020468468375,1.35207900105641,4.737644782296677,1.740769308183797,2.6433836683450664,0.6764230365316806,3.762050005772835,2.7120541602260113
104.020468468375,1.35288917634753,5.051954146260488,1.939250039952615,2.917255689698912,1.0077029264534403,4.010668765197817,2.9853663135126545
104.020468468375,1.35369935163864,5.074953376465341,2.1181253298823677,3.0663403886992597,1.1151808419421307,4.19551944240024,3.114023875877868
104.020468468375,1.35450952692976,4.835692426940348,1.9943128750619614,2.8549392986279827,1.0626880637817493,4.0510806633410255,2.959742665550613
104.020468468375,1.35531970222087,4.878568244673339,2.0341378489005315,2.7818196280925918,1.2714456316363787,4.013360069468355,2.995866284554239
104.020468468375,1.35612987751199,5.068009176895313,1.9677472849780777,2.8027497727084096,1.2670534532368052,3.9911514957275855,3.019342236709238
104.020468468375,1.35694005280311,5.094631142816269,2.15780573385166,2.9608745703039645,1.160820958563722,4.090167029670578,3.0928598870412385
104.020468468375,1.35775022809422,4.699335378575714,1.812611270589091,3.5228884148553696,0.9580950032162399,3.432779977929993,2.8851420090332818
104.020468468375,1.35856040338534,4.538803098579159,1.5911108479419447,3.1798444699476995,0.5185831622504509,3.17158681157737,2.599985678059325
104.020468468375,1.35937057867645,4.494660740959951,1.5357658899014197,2.9693981473113595,0.04523332238170852,2.2091529168429673,2.2508422034794813
104.020468468375,1.36018075396757,4.5810179908263216,1.6493737621457214,2.99152810312847,0.10444009624556472,1.9937694552543377,2.264025881520083
104.020468468375,1.36099092925869,4.893891642659778,1.8389687904624168,3.3569112941041226,0.7332353159926761,2.5981682633878656,2.6842350613213717
104.020468468375,1.3618011045498,5.198033677976053,2.0557403421356426,3.691459060493223,1.1111098697182626,2.9170144564558704,2.99467148135581
104.020468468375,1.36261127984092,5.347832583214007,2.2458739253905726,3.7217359854293726,1.3386711291111268,2.8781503459740883,3.1064527938238333
104.020468468375,1.36342145513203,5.660186004645567,2.4444519081670606,3.9533875005562784,1.4196768016554344,2.6588471179405317,3.2273098665929743
104.020468468375,1.36423163042315,5.287832845985449,2.311349213240426,3.7819303848991837,1.1817108001780632,2.628837251313602,3.0383320991233447
104.020468468375,1.36504180571427,5.606216255964888,2.5197214016626965,4.130903850418111,1.3531264899960043,2.9142268607215627,3.3048389717526527
104.020468468375,1.36585198100538,5.958330938804103,2.5711480689902544,4.136602351607337,1.6368399641030464,3.4571217565020795,3.552008616001364
104.020468468375,1.3666621562965,5.4851887074420205,2.122653806366049,4.190945164040421,1.8517659968495046,4.427657885750598,3.6156423120897188
104.020468468375,1.36747233158761,5.008671355830142,1.8714460515860267,3.9348564871309897,1.747351292070622,3.134927998240432,3.1394506369716426
104.021278643666,1.33020426819628,4.940367100566668,1.707079478114462,3.201327582475397,0.2247254674236423,3.6539608997858863,2.745492105673211
104.021278643666,1.33101444348739,4.754068888268318,1.3348550599278894,3.0811154992819674,0.409927943127407,3.7105982503126143,2.658113128183639
104.021278643666,1.33182461877851,4.764964597280311,1.288150965555893,2.949623147797084,0.5204880426510812,3.5593464748788897,2.616514645632652
104.021278643666,1.33263479406963,4.78816569505074,1.3870524313150483,3.1261382686629027,0.8977831563445307,3.3519943040704625,2.710226771088737
104.021278643666,1.33344496936074,4.851509089483759,1.588715731343509,3.285818188271165,1.0438546590146558,3.4815957076421675,2.850298675151051
104.021278643666,1.33425514465186,4.995008669138919,1.8476802826003862,4.101754871665488,1.0886026581160024,3.342857378879721,3.0751807720801034
104.021278643666,1.33506531994297,4.977392043367811,1.9026611938152769,3.364342320685928,0.8642529097262361,2.997295778180373,2.821188849155125
104.021278643666,1.33587549523409,5.1279315240856675,2.1039007797778737,3.6044334007415024,1.5974036525089552,3.7216398050771566,3.231061832438231
104.021278643666,1.33668567052521,5.079786982353312,2.066754236160712,3.8336577359887123,1.4903649313012366,4.030473579608746,3.3002074930825436
104.021278643666,1.33749584581632,5.509064923901473,2.326097860699498,3.968498156608984,1.3236864437186036,4.127132540749184,3.4508959851355483
104.021278643666,1.33830602110744,5.406955280955849,2.3866600542381313,3.772356173538519,1.2251465294894501,4.1230232412402685,3.3828282558924436
104.021278643666,1.33911619639855,5.407126169490372,2.576542688645823,3.699562264747893,1.3798337139599148,4.226108134318935,3.4578345942325877
104.021278643666,1.33992637168967,5.323101916118166,2.1501488917383824,3.5721760985836326,1.6310964994033803,4.24593246643472,3.3844911744556563
104.021278643666,1.34073654698079,5.86257031736211,2.6788333315980744,4.060606718345046,1.9299042129532644,4.862078020710765,3.8787985201938517
104.021278643666,1.3415467222719,5.439273573711585,2.30549634430346,3.823224697185875,1.7235258909324003,4.747269641860047,3.6077580295986733
104.021278643666,1.34235689756302,5.645771953306539,2.3995547227456733,3.8674083638946897,1.57570671516104,4.700664030863951,3.6378211571943786
104.021278643666,1.34316707285413,5.358094966644742,2.240677661738779,3.615706118833213,1.4028154691708927,4.635239721426142,3.450506787562754
104.021278643666,1.34397724814525,5.986582625536148,2.7148400313764185,3.9476096607874602,1.50812777063258,4.75172102739003,3.781776223144527
104.021278643666,1.34478742343637,5.729468563271833,2.5538822761387543,3.6042136773384073,1.24415201396069,4.688578032511142,3.5640589126441653
104.021278643666,1.34559759872748,5.68115575703305,2.4880126190348726,3.419794484929284,1.310989146196345,4.8213839990442295,3.544267201247556
104.021278643666,1.3464077740186,5.368889517047222,2.2436385186528796,3.367798517687927,1.2490573313162407,4.653257971708037,3.376528371282461
104.021278643666,1.34721794930971,4.700437351263325,1.5964955246211687,3.3224877367977896,0.3606922813546021,4.020017519187135,2.8000260826448042
104.021278643666,1.34802812460083,5.22706058732247,1.8452689096396604,3.011561072653425,0.5673597754477626,4.001242713880291,2.930498611788722
104.021278643666,1.34883829989195,5.118854142675929,1.7593654810308017,3.4054518464011174,0.7788532545220654,3.7362323466335603,2.9597514142526946
104.021278643666,1.34964847518306,4.934827399916319,1.700314427515103,2.4501439829415794,0.7281675027264072,3.6318674683921444,2.6890641562983104
104.021278643666,1.35045865047418,5.032790823566881,1.7550619906510647,2.540956686984611,1.9731362305149425,3.681696990095233,2.996728544362546
104.021278643666,1.35126882576529,4.627291494729487,1.4469358325560364,2.321798279661838,0.2562126927316939,3.529830002114501,2.436413660358711
104.021278643666,1.35207900105641,4.519299071522269,1.3280599783133908,2.0992177283621594,0.024697218625458817,3.389766863961494,2.2722081721569545
104.021278643666,1.35288917634753,4.597114607115859,1.51857422088095,2.329273017837778,0.17998172978446902,3.3700778241600027,2.399004279955812
104.021278643666,1.35369935163864,4.774033326517571,1.8144208020917993,2.757564609506101,0.5427241298889669,3.5323281754770868,2.684214208696305
104.021278643666,1.35450952692976,4.9214130651184576,1.9873531351584468,2.9285610068333447,0.8726546334042631,4.007698341192537,2.94353603634141
104.021278643666,1.35531970222087,4.7068026555099145,1.9060695914343775,2.9237473337664106,1.0287376414785108,3.9164173368936304,2.8963549118165686
104.021278643666,1.35612987751199,5.059243620261494,2.060210801651529,3.9954715275303307,1.3073155600629285,4.023222437143158,3.289092789329888
104.021278643666,1.35694005280311,4.90018142022387,2.0131089459557003,3.250544255196168,1.0920336284043621,3.7761439942843964,3.0064024488128993
104.021278643666,1.35775022809422,4.796891215264388,1.8806588605519785,3.588213628654504,0.9654898142819874,3.527263309959384,2.9517033657424485
104.021278643666,1.35856040338534,4.6964912988779375,1.7087001106481239,3.15616045334777,0.44642499209546926,3.0213175391488925,2.6058188788236385
104.021278643666,1.35937057867645,4.60199354514549,1.538087596344301,3.01760150446389,0.17916424790273666,2.217646824915679,2.3108987437544193
104.021278643666,1.36018075396757,4.7187271405848215,1.7288166409521608,3.1371872744875695,0.13129588999374775,2.158975374050332,2.375000464013726
104.021278643666,1.36099092925869,5.012629835277178,1.915254733154498,3.3909564949805358,0.7125022504010374,2.3830980585373105,2.6828882744701117
104.021278643666,1.3618011045498,5.410833445702362,2.189633616824988,3.7357390869235623,1.2559483084277083,2.7015952358334268,3.0587499387424097
104.021278643666,1.36261127984092,5.675500490081763,2.4968693799007617,4.131055901051774,1.5358876582530598,2.6167657643326443,3.2912158387240007
104.021278643666,1.36342145513203,5.886441341332127,2.4922173553882025,4.7858053730027095,1.6230576623905861,2.222640123279131,3.402032371078551
104.021278643666,1.36423163042315,6.441903192634459,2.6757155018909913,4.171021026566876,1.5133377633515863,2.2683673648855525,3.4140689698658933
104.021278643666,1.36504180571427,6.2043671127402895,2.80220159235083,4.57586539213084,1.7623628098078932,2.9523800088841554,3.6594353831828017
104.021278643666,1.36585198100538,5.97591591304252,2.557405371382682,4.488573559647996,1.985590012657731,3.6534650917385676,3.7321899896938993
104.021278643666,1.3666621562965,5.263024419723269,1.896807243778209,4.240833755329064,1.9352367893571518,4.414555530286471,3.5500915476948327
104.022088818957,1.33182461877851,4.71461423223159,1.0994863187343675,2.96807957476636,0.6825453249610476,3.7871355600342014,2.650372202145513
104.022088818957,1.33263479406963,4.750745449454161,0.9974952012009908,3.0461962943713203,0.6980916782989794,3.664496693832181,2.6314050634315267
104.022088818957,1.33344496936074,4.808988362149552,1.1422017933249187,2.970644641945384,0.5258678696261718,3.3506509434858636,2.559670722106378
104.022088818957,1.33425514465186,4.9052894225129435,1.4397352814942224,3.241949211917511,0.5891808225277977,3.422911730012938,2.7198132936930826
104.022088818957,1.33506531994297,4.812330681800908,1.725796973443515,3.272858801324812,0.6797000987835311,3.456580007555985,2.78945331258175
104.022088818957,1.33587549523409,5.063430563966044,2.095699200444553,3.7079704668292948,1.4104457985770402,4.0473108525315595,3.264971376469698
104.022088818957,1.33668567052521,5.230278855177637,2.209493808889615,4.755315070716218,1.255493857147485,3.9184443509212237,3.4738051885704357
104.022088818957,1.33749584581632,5.395485921690685,2.26225757163936,4.767383160645409,1.0211214817554612,3.8274831397510347,3.45474625509639
104.022088818957,1.33830602110744,5.378882668728139,2.219360811085643,3.794031366020441,0.9522306755196617,3.944341608045825,3.2577694258799417
104.022088818957,1.33911619639855,5.6034202702197184,2.3884810120326456,3.690800986793743,1.1594222960302467,4.356629980068842,3.4397509090290392
104.022088818957,1.33992637168967,5.5634337025326275,2.37391156510866,3.736199829040384,1.5187243886842303,4.59886475608964,3.5582268482911084
104.022088818957,1.34073654698079,5.756848052080336,2.6329962298546477,4.0365022258242504,1.884254229165876,5.026015157997467,3.8673231789845155
104.022088818957,1.3415467222719,5.861300525415597,2.59522139917949,3.9434212314553605,1.6769158244916547,5.643936929198297,3.9441591819480797
104.022088818957,1.34235689756302,5.331473869022709,2.1558688790314022,3.547984743988927,1.3608066202442402,4.602808177269804,3.3997884579114164
104.022088818957,1.34316707285413,5.418608938014572,2.092400152070681,3.465476608343632,1.354912405840615,4.593047863507941,3.3848891935554883
104.022088818957,1.34397724814525,5.6844637895510495,2.4596709479379726,3.9220088734965017,1.3450325906583522,4.583960810791851,3.5990274024871454
104.022088818957,1.34478742343637,5.541088062439368,2.3978415884676494,4.42285596339131,1.1470801628933316,4.7184501844261995,3.6454631923235716
104.022088818957,1.34559759872748,5.576509647868715,2.397907176225086,3.2573914294284414,1.133665328496292,4.668231113139374,3.4067409390315815
104.022088818957,1.3464077740186,5.347261871465285,2.101922171140231,3.1921462574685115,0.9311443900400889,4.425218403031824,3.1995386186291883
104.022088818957,1.34721794930971,5.050928864047602,1.9191504502345715,2.791151683392389,0.6391293056536327,4.1792989507178575,2.9159318508092107
104.022088818957,1.34802812460083,5.302247145307007,1.938371293406881,2.61236821779708,0.7229567442248452,4.086507110876656,2.932490102322494
104.022088818957,1.34883829989195,5.10291800607666,1.8131401855674802,2.642865627910041,0.9395413958720127,3.967330192908303,2.8931590816668993
104.022088818957,1.34964847518306,4.746024875960682,1.5248869106371465,2.300920431652056,0.55455581318272,3.539358716695773,2.5331493496256754
104.022088818957,1.35045865047418,4.934274998405968,1.7117371258065006,2.402945185305377,0.6331563090161261,3.770099020227075,2.6904425277522095
104.022088818957,1.35126882576529,4.759819873934713,1.548842533974856,2.28134968536407,0.16416360691372844,3.661819591420816,2.483199058321637
104.022088818957,1.35207900105641,4.569125432659945,1.388481400046178,1.8900703557169294,0.15776423273086948,3.371820147281227,2.2754523136870297
104.022088818957,1.35288917634753,4.732989803054146,1.596120999929859,2.356990557060339,0.05134652896013847,3.420667566565747,2.4316230911140457
104.022088818957,1.35369935163864,4.78598607130769,1.6807830455466295,2.62399960654993,0.21371033955315255,3.6192081940900565,2.5847374514094916
104.022088818957,1.35450952692976,4.766675603103618,1.7097061237887097,2.6865291412451633,0.30049917631581735,3.3924924254830486,2.5711804939872716
104.022088818957,1.35531970222087,4.8153383514531605,1.764982539472701,3.026578589377106,0.5808074152776292,3.555041616298329,2.748549702375785
104.022088818957,1.35612987751199,4.872312862377324,1.7879940443251776,3.3436637028110283,0.9177522457567093,3.7249408325302085,2.9293327375600895
104.022088818957,1.35694005280311,4.811270757448725,1.8154198132770176,3.381787150182337,0.9652802768302848,3.5215009626833087,2.8990517920843346
104.022088818957,1.35775022809422,4.788473719543891,1.77985718738109,3.4482500505958775,0.8335054706276956,3.3357874281288424,2.837174771255479
104.022088818957,1.35856040338534,4.666453208011742,1.5729844462503841,3.0547398174730347,0.3164063574051532,2.535567587648341,2.429230283357731
104.022088818957,1.35937057867645,4.735441646190139,1.6005300344790818,2.9224994323206097,0.03121802789587136,2.1791810659226414,2.2937740413616687
104.022088818957,1.36018075396757,4.870406211344726,1.7690866971880652,3.156748039204583,0.22884287202322895,2.3354989247167417,2.472116548895469
104.022088818957,1.36099092925869,5.320717755451913,2.101358484999224,3.4670651668598396,0.852057796432284,2.85274916908379,2.91878967456541
104.022088818957,1.3618011045498,4.6494669020271004,1.4000333283284618,2.9464185520353503,0.47619462867387696,2.275965060859793,2.3496156943849167
104.022088818957,1.36261127984092,5.9363314884142255,2.5418988047286994,3.9274431044153033,1.3958569173435684,2.1743600063434414,3.1951780642490477
104.022088818957,1.36342145513203,7.251070365300748,3.236849281531388,4.192618781774399,1.1039731840511635,0.8747147589268991,3.33184527431692
104.022088818957,1.36423163042315,7.673814080784844,3.4925295141474813,4.495348008317503,1.0038069580488589,0.43045111766740973,3.419189935793219
104.022088818957,1.36504180571427,7.33545278839204,3.2719498399866254,4.50527201198372,1.4019061114228997,1.4862878548974514,3.6001737213365472
104.022088818957,1.36585198100538,6.559597863930993,2.920894390995162,4.707693411635528,2.2964097260548897,3.266107567782729,3.9501405920798605
104.022088818957,1.3666621562965,5.585643977761432,2.3748455087029328,4.849173503641342,2.4441316108353064,4.527809005223165,3.956320721232836
104.022898994248,1.33344496936074,4.67120986689768,1.1338002426469345,2.7810130810626887,0.19283305150901953,3.0009380711800375,2.3559588626592722
104.022898994248,1.33425514465186,4.727533064092459,1.4053122700685705,2.87743906124917,0.19936583542929398,3.169253107867572,2.475780667741413
104.022898994248,1.33506531994297,4.81203036405455,1.6519115720931836,3.1978026406466675,0.0471487063874001,3.4005976228990633,2.621898181216173
104.022898994248,1.33587549523409,5.017444529060398,1.8673574181633157,3.674134839679155,0.6177708173064183,3.7993673618845456,2.9952149932187666
104.022898994248,1.33668567052521,5.236522143189205,2.1350340568505857,3.918944575440083,0.9014022247910383,3.913494500284159,3.2210795001110144
104.022898994248,1.33749584581632,5.276956164152651,2.1413965988313777,3.9000355428673856,0.9339177914096268,3.6799547808454953,3.1864521756213073
104.022898994248,1.33830602110744,5.341117467484008,2.1470311067436185,3.8068314788455737,0.9998769091116415,3.837612492328134,3.226493890902595
104.022898994248,1.33911619639855,5.386594954405439,2.1535706648069244,3.4531199851317496,1.107214127661205,4.049689477926144,3.2300378419862925
104.022898994248,1.33992637168967,5.572341112686271,2.2870156909727264,3.8438890931102883,1.404365371045884,4.279481263175256,3.4774185061980853
104.022898994248,1.34073654698079,5.627243719720763,2.3365508478385593,3.7510215659755275,1.5889337943488542,4.470773066610899,3.5549045988989207
104.022898994248,1.3415467222719,5.6501970117188485,2.3698576936174476,3.8972699616702826,1.6275038234857249,4.791023204593014,3.6671703390170634
104.022898994248,1.34235689756302,5.473965465345206,2.229753327602065,3.7493198837162858,1.57429661150994,4.873648291893158,3.580196716013331
104.022898994248,1.34316707285413,5.716940087595525,2.6298593496945912,4.940252564251303,1.936333884309004,4.867934771380838,4.018264131446252
104.022898994248,1.34397724814525,5.475815492822772,2.2997762776620227,3.79098058937441,1.4438690960512943,4.475973801569928,3.4972830514960855
104.022898994248,1.34478742343637,5.49113719273393,2.302905801493278,3.5064342562374478,1.271508469212602,4.496739403107448,3.413745024556941
104.022898994248,1.34559759872748,5.59608359531553,2.2373323870254858,3.055588538638542,1.0236400314159653,4.369287921088969,3.2563864946968986
104.022898994248,1.3464077740186,5.410428928883071,2.0101313124908273,3.710522441086539,0.6662602025323281,4.162307597061062,3.1919300964107657
104.022898994248,1.34721794930971,5.603958651414228,2.125233306395529,2.82341047739763,0.6990796931601899,4.1702408699385884,3.084384599661233
104.022898994248,1.34802812460083,5.361190752097599,2.0077738404960073,2.90997858045845,0.9998786114730969,4.2205728756287115,3.099878932030773
104.022898994248,1.34883829989195,5.162788693507402,1.9710185121289214,2.9136822271103355,1.1593740310969913,4.155611663816657,3.0724950255320613
104.022898994248,1.34964847518306,5.043483737029181,1.8778840001398365,2.6114705566033294,0.8566579053822778,4.111270119622411,2.9001532637554073
104.022898994248,1.35045865047418,5.1362673317510605,1.8623647028694315,2.5339712867201953,0.5080752741246606,3.941742061584005,2.7964841314098705
104.022898994248,1.35126882576529,4.8059791176126865,1.6508895800497498,3.201168442247692,0.15921579448358258,3.671360476053664,2.697722682089475
104.022898994248,1.35207900105641,4.699441495215389,1.3902443000891616,2.242363544087844,0.13531613211775806,3.536788059290192,2.400830706160069
104.022898994248,1.35288917634753,5.03541527785417,1.7219140477973234,2.48472037799527,0.4397850980595699,3.5080272169085482,2.6379724037229764
104.022898994248,1.35369935163864,4.9186107647114525,1.7028302373416189,2.5177024572712057,0.42504026891419855,3.376036402833673,2.5880440262144297
104.022898994248,1.35450952692976,4.745794618822327,1.7227323652891187,2.522926604620668,0.18861472090969045,3.3024465195508164,2.4965029658385243
104.022898994248,1.35531970222087,4.8467468049906905,1.7744235134504507,2.9577635989625968,0.30214803246176203,3.2386302428380276,2.6239424385407055
104.022898994248,1.35612987751199,4.861553728265811,1.7960920684176713,3.3322994338016088,0.610234458975512,3.1401013944806664,2.748056216788254
104.022898994248,1.35694005280311,4.852126389662356,1.7706053193209677,3.1299395665299876,0.7418978976496717,3.0578540155859137,2.7104846377497793
104.022898994248,1.35775022809422,4.6334265859492625,1.6924919850982114,2.887777569808918,0.5636381924613403,2.8320086444183943,2.5218685955472253
104.022898994248,1.35856040338534,4.692536515708575,1.5291874389022766,2.880610147054309,0.2008356524206114,2.2631716244372946,2.3132682757046132
104.022898994248,1.35937057867645,4.942750869834299,1.6251598474420774,3.006476304068876,0.28806993331926023,2.3294981541312296,2.4383910217591485
104.022898994248,1.36018075396757,4.954440539826418,1.5899970546040407,3.100315361519339,0.3890713090873881,2.5098355075453007,2.5087319545164974
104.022898994248,1.36099092925869,4.681479631685711,1.4060768885315298,2.8836815863539265,0.2730490561311676,2.493556602975641,2.347568753135595
104.022898994248,1.3618011045498,5.650079234822364,2.1867310416364774,3.614305273770327,1.1683944353183122,2.77513440767445,3.078928878644386
104.022898994248,1.36261127984092,6.395526150419844,2.582685370119016,3.956279033934745,1.8460201136452774,2.005054067565979,3.3571129471369723
104.022898994248,1.36342145513203,7.444482603458624,3.3365656147823195,4.3004125396360315,1.784948850078088,0.7170896147773398,3.5166998445464808
104.022898994248,1.36423163042315,7.67385059115011,3.4422544934110384,4.442119885334609,1.9619010312063878,0.40939799790975684,3.5859047998023805
104.022898994248,1.36504180571427,7.027407685224073,2.823916435010876,4.25598053869971,3.2829518818291277,1.9417410533363082,3.866399518820019
104.022898994248,1.36585198100538,6.226282471518449,2.845398018165529,4.756816664603779,2.684771209829414,3.563820203442109,4.015417713511856
104.02370916954,1.33587549523409,5.066443791024383,1.9537057247267953,3.773373240656049,0.9092803696744376,4.093606766493409,3.159281978515015
104.02370916954,1.33668567052521,5.1783028770257005,2.0771829799677626,3.8317707733691186,1.0429907840604677,4.25516933896208,3.277083350677026
104.02370916954,1.33749584581632,4.912686735008972,1.7959319121405635,3.553182557005101,0.8067756806736952,4.088188431516365,3.031353063268939
104.02370916954,1.33830602110744,5.168251104794152,1.9370800342711014,3.678344355032717,0.9515606214492784,4.188930677342768,3.184833358578003
104.02370916954,1.33911619639855,5.220652369194948,2.0266808090373587,3.5813792847290706,0.9819123912763246,4.051848448124307,3.1724946604724016
104.02370916954,1.33992637168967,5.393487510354632,2.150133520699459,3.6236443807168897,1.1627274042665405,3.977319737811591,3.2614625107698223
104.02370916954,1.34073654698079,5.5269572862642455,2.247625008581263,3.9102121027264474,1.421559025779981,4.194772538998723,3.460225192470132
104.02370916954,1.3415467222719,5.477678771515031,2.2469606164783222,3.74630900074807,1.5129912175262277,4.325084045710145,3.461804730395559
104.02370916954,1.34235689756302,5.439424249651623,2.3094341847035054,3.9674601040035817,1.5470225237273922,4.535837969147764,3.559835806246773
104.02370916954,1.34316707285413,5.8691660520184925,2.5640161476750336,4.0617708450268175,2.079685561438062,4.899044643786787,3.8947366499890386
104.02370916954,1.34397724814525,5.80782124610268,2.5113673032456276,3.951466966908921,1.9011086674403188,4.798683206337678,3.794089478007045
104.02370916954,1.34478742343637,5.8855089980049975,2.481938215994031,3.641626588354459,1.671139333839072,4.5721709567784465,3.650476818594201
104.02370916954,1.34559759872748,5.852240345581439,2.2558350148839175,3.3704639766950457,1.2509513024135082,4.249007419761561,3.3956996118670943
104.02370916954,1.3464077740186,5.555420815894831,2.007010528924649,3.005365013724589,0.8697455345727896,4.074631821541139,3.1024347429315995
104.02370916954,1.34721794930971,5.593123772209342,2.1394116494691815,2.9696370154729834,0.9013751303688551,4.194922189939643,3.159693951492001
104.02370916954,1.34802812460083,5.541653870574532,2.235132776570943,3.2415254071703856,2.431268539792363,4.382365024977609,3.5663891238171663
104.02370916954,1.34883829989195,5.28753801382657,1.9645849240513549,3.6467212097354498,1.147951266594287,4.2956318209091116,3.2684854470233544
104.02370916954,1.34964847518306,5.2577883657810816,1.9498343924823693,2.5435434306361664,0.7407009775008433,4.15682990232072,2.929739413744236
104.02370916954,1.35045865047418,5.447299237680731,2.0443644985859883,2.5485152530444246,0.559691528734529,4.083930197959148,2.9367601432009645
104.02370916954,1.35126882576529,5.41043835618429,1.9387665957453066,2.466285081861024,0.4206143410880614,3.993454008502365,2.8459116766762094
104.02370916954,1.35207900105641,5.387483872733906,1.413345558589505,2.3842649861134824,0.465969440697652,3.784872531132862,2.6871872778534813
104.02370916954,1.35288917634753,5.3115083045141205,1.350855953562796,2.1711645682219114,0.5493293869712801,3.4974286773097987,2.5760573781159812
104.02370916954,1.35369935163864,5.161971366026702,1.6233547014777088,2.3736825928059027,0.6238128182340787,3.3150878317194774,2.6195818620527738
104.02370916954,1.35450952692976,4.8430296505098696,1.6470415477930445,2.5127020688831863,0.2742335804418836,3.003125508334552,2.4560264711925073
104.02370916954,1.35531970222087,4.883110874014001,1.7931842630915398,2.785794256047371,0.35220777309540807,3.1159531648095893,2.5860500662115817
104.02370916954,1.35612987751199,4.909468199232094,1.904318292103163,2.9245391865514314,0.5826207847464104,2.7233649617861992,2.60886228488386
104.02370916954,1.35694005280311,4.824870299332613,1.9170447028977513,2.849179851218981,0.543036022091659,2.6562083099603377,2.5580678371002685
104.02370916954,1.35775022809422,4.692707578574257,1.7764682691511169,2.74391354274535,0.2690429497797844,2.3511872710584605,2.366663922261794
104.02370916954,1.35856040338534,4.644162048471539,1.5481896912462396,2.7940220695812705,0.1915791971004559,2.2408249405895226,2.2837555893978054
104.02370916954,1.35937057867645,4.896534338522709,1.6040897793298363,3.0407113506259975,0.4284795982820704,2.597221980074643,2.5134074093670513
104.02370916954,1.36018075396757,5.217399493419162,1.6881793654536175,3.2256642020843884,0.5670800583188296,2.827721510510713,2.705208925957342
104.02370916954,1.36099092925869,5.346847572758904,1.8994360319228925,3.4246592739913417,1.0378972375561197,3.2310733494188675,2.987982693129625
104.02370916954,1.3618011045498,6.359853529599942,2.678219750065306,3.937806933368755,1.9547721144927657,3.094424459935812,3.6050153574925163
104.02370916954,1.36261127984092,7.0823375857979975,2.932122990292445,4.05411724637705,1.9252746113074508,1.71974011320399,3.5427185093957867
104.02370916954,1.36342145513203,6.758629870749964,3.0665021597762774,4.3600748380587255,2.331124071170212,1.1083467440719588,3.5249355367654274
104.02370916954,1.36423163042315,7.438776243044167,3.0994595699034164,4.415604759165838,2.221014870020859,1.0686410367289412,3.6486992957726443
104.02370916954,1.36504180571427,5.841321150213908,1.7423922013562247,3.583372297305761,2.0493150917430434,2.7226030550352256,3.1878007591308326
104.02370916954,1.36585198100538,5.996784987658568,2.6478167272000555,4.4858732882618675,3.0114011724746312,3.7934094279132218,3.9870571207016687
104.024519344831,1.33749584581632,5.020915947643218,1.8263041397350364,3.63061790225375,0.9216601186912285,4.2145720872568475,3.122814039116016
104.024519344831,1.33830602110744,5.041493002717488,1.8485514501351545,3.5255749001999845,0.8523579339732805,4.25627526876896,3.1048505111589733
104.024519344831,1.33911619639855,5.122238776265526,1.8845423020422025,3.38599004037815,0.7619772693123856,4.060453938168202,3.043040465233293
104.024519344831,1.33992637168967,5.285171680905762,1.9816448195886025,3.463126696853706,0.6764982682178875,3.9560785612678906,3.0725040053667696
104.024519344831,1.34073654698079,5.3341388328669375,2.126120781157379,3.616219908150409,0.94755695566759,4.193030002660116,3.2434132961004862
104.024519344831,1.3415467222719,5.391219429625604,2.203281849273502,3.673352320015553,1.0411968886553638,4.404998724609772,3.342809842435959
104.024519344831,1.34235689756302,5.250752285708284,2.0139588580879675,3.4341047615039386,0.8776554242427004,4.207839727837008,3.1568622114759797
104.024519344831,1.34316707285413,5.5247841977533305,2.0864844762009227,3.55254766006977,1.2083453836169689,4.620375230396494,3.3985073896074973
104.024519344831,1.34397724814525,5.690563743498306,2.2917210267833426,3.6505222792646492,1.4980616374316043,4.671710633134282,3.560515864022437
104.024519344831,1.34478742343637,5.847477701674361,2.3475213209023913,3.6047166968315274,1.4140753949202143,4.578636371512943,3.558485497168287
104.024519344831,1.34559759872748,5.83078454449587,2.272531478769782,3.4559996588403514,1.247173728264812,4.371120097933073,3.4355219016607776
104.024519344831,1.3464077740186,5.360891959292598,1.8480843638892601,3.0270933308205876,0.7914765913849955,3.9047602979714213,2.9864613086717724
104.024519344831,1.34721794930971,5.2355264382208055,1.7591285324754438,2.917721087632067,0.7373756529974251,3.947484137894122,2.9194471698439726
104.024519344831,1.34802812460083,5.208563852782529,1.8856629847987492,2.8080120128283568,0.7683938830147206,4.032441008343948,2.940614748353661
104.024519344831,1.34883829989195,5.49000211268498,2.1447463325719482,2.7284270630809537,0.9471002912564259,4.254868992369939,3.1130289583928494
104.024519344831,1.34964847518306,5.504982539675318,2.105567486400627,3.641781050179439,0.7145386749285798,4.416842933339542,3.276742536904701
104.024519344831,1.35045865047418,5.523106901574515,2.078197473274084,2.6769725616302615,0.6046942118279794,3.9480355459078638,2.9662013388429407
104.024519344831,1.35126882576529,5.543638329388319,2.0142557856147576,2.672181204341367,0.4422591793120709,3.8610118374419997,2.9066692672197028
104.024519344831,1.35207900105641,5.5693601785275995,1.5539965462838907,2.390269494587571,0.5708025019395215,3.7216793070029297,2.7612216056683025
104.024519344831,1.35288917634753,5.509077620777045,1.2197831746127612,2.0891732619683943,0.5027614311672899,3.3941432318424845,2.542987744073595
104.024519344831,1.35369935163864,5.13167981249331,1.1426804479589698,2.035921698435377,0.47207880350049436,3.036592962105484,2.363790744898727
104.024519344831,1.35450952692976,4.97833981544651,1.3689105078310746,2.264619281368521,0.2812222165910008,2.670712261251719,2.3127608164977653
104.024519344831,1.35531970222087,5.039247990676749,1.8630562232393792,2.6044117154123185,0.3402311975840995,2.83992556972429,2.5373745393273675
104.024519344831,1.35612987751199,4.835737153624649,1.9384380096840523,2.6206874825446604,0.32500148063576617,1.9638672868413813,2.336746282666102
104.024519344831,1.35694005280311,4.684819247157218,1.9453544740862583,2.74825832952709,0.27721045334520866,2.07161854666618,2.345452210156391
104.024519344831,1.35775022809422,4.592689390607802,1.6029359912511758,2.6918413722729433,0.18896769270282832,2.1422376756242905,2.243734424491808
104.024519344831,1.35856040338534,4.565282604281826,1.520171684026252,2.7390409855443387,0.13031692557233043,2.232839056338392,2.237530251152628
104.024519344831,1.35937057867645,4.859233838523917,1.6841940846988805,3.062071406674651,0.40784240010563977,2.6959468674289617,2.54185771948641
104.024519344831,1.36018075396757,4.940480671739319,1.4861292666983488,2.9809123336781873,0.46486299002333453,2.8078001402460977,2.5360370804770573
104.024519344831,1.36099092925869,5.94222493273659,2.363592679216911,3.7231550120261403,1.7259339729865744,3.629811511184485,3.47694362163014
104.024519344831,1.3618011045498,6.965080347915901,3.11096971600141,4.136367323323864,2.1600865317887283,3.090272758582543,3.892555335522489
104.024519344831,1.36261127984092,7.453248138738651,3.3517593485152304,4.28777170807626,2.153026427466191,1.6120006167659824,3.771561247912463
104.024519344831,1.36342145513203,7.0475455745839035,3.354822945859347,4.384553469927564,2.290352430407875,0.9111416054163755,3.597683205239013
104.024519344831,1.36423163042315,7.0820163169180645,3.1155625893616374,4.325135315951361,2.0915958281917604,1.417197452982677,3.6063015006811
104.024519344831,1.36504180571427,6.01835714860303,2.4187608294558878,4.105243376150376,1.889634808268383,3.417720561790638,3.5699433448536633
104.025329520122,1.33992637168967,5.241228536359952,1.907628944115828,3.3905771057374245,0.7148873818043882,4.192683920751119,3.089401177753742
104.025329520122,1.34073654698079,5.272402095000778,2.014330305080989,3.275930259933382,0.5021956219358295,4.373056607308289,3.0875829778518535
104.025329520122,1.3415467222719,5.329040918142351,1.9624303965551775,3.388470353108392,0.6249000293451132,4.888987693472039,3.2387658781246147
104.025329520122,1.34235689756302,5.444484405466621,2.0312515373012516,3.29710828323007,0.5274188066725287,4.536354271569561,3.1673234608480065
104.025329520122,1.34316707285413,5.52674231701258,2.089210747461184,3.3442062318138994,0.6081679855650926,4.992045727185445,3.31207460180764
104.025329520122,1.34397724814525,5.528236521889962,2.1369486644560176,3.416893302120659,0.814520552656468,4.586898942753557,3.2966995967753325
104.025329520122,1.34478742343637,5.3867941081108555,1.996331180874023,3.3498160131097805,0.8526762394337766,4.289942464912503,3.1751120012881877
104.025329520122,1.34559759872748,4.854576003329143,1.4977296148478842,2.9204249323324696,0.5273902309219949,3.7759240824968856,2.7152089727856756
104.025329520122,1.3464077740186,5.100632821147091,1.6730239387783357,2.823099302375759,0.47892509616299606,3.8314510731611158,2.7814264463250593
104.025329520122,1.34721794930971,5.248624799527093,1.797077307468843,3.0397275929787995,0.5512919006870618,3.88614472312344,2.9045732647570475
104.025329520122,1.34802812460083,5.529504057695476,2.090273128237744,3.008799535458543,0.7629552414276688,4.176023082234384,3.113511009010763
104.025329520122,1.34883829989195,5.62220852342918,2.155452400084254,3.0896100000286992,0.8001186271815257,4.1934626409469615,3.172170438334124
104.025329520122,1.34964847518306,5.620583517301817,2.1257082146989816,2.998548003191374,0.7018662357954426,3.955671419381364,3.080475478073796
104.025329520122,1.35045865047418,5.476561799926188,2.097685445927169,2.9041260010493275,0.6260815016929797,3.837754455553231,2.988441840829779
104.025329520122,1.35126882576529,5.502306303445497,2.013856606506014,2.7767673225352354,0.7246023583411869,3.7080401728798122,2.945114552741549
104.025329520122,1.35207900105641,5.39501044210926,1.6797497335839076,2.306029021526566,0.6767904638141005,3.3343339829502057,2.678382728796808
104.025329520122,1.35288917634753,5.303819186744619,1.3130513279745806,1.576137516912194,0.49673271696869037,2.9730385530855266,2.332555860337122
104.025329520122,1.35369935163864,5.111790192040736,1.0726210993457883,1.7235691432384606,0.4187483112881871,2.7140121164223316,2.2081481724671006
104.025329520122,1.35450952692976,5.003505457126888,1.3016617370297183,3.0649226984188047,0.3994332136947456,2.4736859999774765,2.4486418212495265
104.025329520122,1.35531970222087,5.014875959977964,1.7380926000988488,2.559712208813579,0.3971497942681381,2.431259544915978,2.4282180216149016
104.025329520122,1.35612987751199,4.865440645258463,2.005923065878889,2.6598490947792826,0.42951967725351636,1.6575888369099694,2.323664264016024
104.025329520122,1.35694005280311,4.617054231721188,1.800192293232442,2.583488132200319,0.2695157366208001,1.5984043678521438,2.1737309523253785
104.025329520122,1.35775022809422,4.566215703217299,1.5830390486629966,2.6773480777412964,0.19162760964004022,1.9992835316124875,2.203502794174824
104.025329520122,1.35856040338534,4.559817447560697,1.5179382094852265,2.8367513612424453,0.15130228888234143,2.12640751621068,2.238443364676278
104.025329520122,1.35937057867645,4.568908142082702,1.442716556571952,2.7122103766483896,0.13425280031756515,2.311926984034823,2.234002971931086
104.025329520122,1.36018075396757,5.186441081479259,1.798682895836766,3.225349858595848,0.863389459916803,3.130775977500086,2.8409278546657526
104.025329520122,1.36099092925869,6.007101984095048,2.4614359199469753,3.807367927596161,1.8779142606412478,3.9461642547412588,3.619996869404138
104.025329520122,1.3618011045498,6.9953333149581205,3.2886663038338,4.19620954315409,2.2056584290538623,3.5395668120092907,4.045086880601833
104.025329520122,1.36261127984092,7.457136073576752,3.544630636518459,4.458206769068024,2.4063613208376538,2.332227881070942,4.039712536214366
104.025329520122,1.36342145513203,7.553278255853982,3.4986663679735557,4.469009427155598,2.2402520101665004,1.4119741668152308,3.8346360455929736
104.025329520122,1.36423163042315,7.403212133862997,3.2089683229372064,4.3525845737740845,1.9135271811673995,2.1488883231506506,3.8054361069784677
104.025329520122,1.36504180571427,5.698355216893351,2.473692137737011,4.136353964390359,1.5345493361881957,3.7557694305053673,3.5197440171428567
104.026139695413,1.3415467222719,5.004032869837626,1.607951580591262,3.028260888891701,0.4207345236029134,4.180082419775619,2.8482124565398244
104.026139695413,1.34235689756302,5.393797448974251,1.8913187980164352,3.2026380212842263,0.5081316617620217,4.464764672075216,3.09213012042243
104.026139695413,1.34316707285413,5.557228353890096,1.9983743720808675,3.3241315813093273,0.5179805403441762,4.8559206957004015,3.250727108664974
104.026139695413,1.34397724814525,5.551603120446163,2.0156017812445413,3.350219180669317,0.6342946764799215,4.691469480965512,3.248637647961091
104.026139695413,1.34478742343637,5.273497938046916,1.8482083511026275,3.197944480523155,0.49821425825388843,4.264835712898929,3.0165401481651033
104.026139695413,1.34559759872748,5.0546780236777415,1.6704640258858916,3.0249378326532224,0.21566580443879246,3.8805562394546023,2.76926038522205
104.026139695413,1.3464077740186,4.951709351846301,1.563278084982418,3.7582899534462264,0.3711469327844128,3.7968668975039286,2.888258244112657
104.026139695413,1.34721794930971,5.252975789474867,1.8587202838769663,3.1102761052762027,0.44053461104843095,3.934297411340399,2.9193608402033733
104.026139695413,1.34802812460083,5.460536183402702,1.9978743140243047,3.0986931268817166,0.6337487500947105,4.083338840443076,3.054838242969302
104.026139695413,1.34883829989195,5.444318927052603,1.9902400013618617,2.974460633441744,0.6204280641216045,3.9312281569542904,2.9921351565864205
104.026139695413,1.34964847518306,5.378867954925827,1.8803989376181676,2.898834590375426,0.43375594693632635,3.4999160956576496,2.818354705102679
104.026139695413,1.35045865047418,5.340620253217331,1.9241972001903882,3.4640432767633804,0.6270549644929169,3.472515741985628,2.965686287329929
104.026139695413,1.35126882576529,5.428596221647272,1.877930406973757,2.433712355168872,0.7029706141167757,3.2895199721140536,2.746545914004146
104.026139695413,1.35207900105641,5.34651822303632,1.49324024238285,2.1548033877981396,0.5706051732612742,3.1019897135868,2.533431348013077
104.026139695413,1.35288917634753,5.072683600066821,1.2094798387964687,1.7980399343366855,0.6508263241901595,2.8569148972558303,2.317588918929193
104.026139695413,1.35369935163864,4.965119284069665,1.0706119292427054,1.9679445602387489,0.4979082945003377,2.7469140073177414,2.2496996150738395
104.026139695413,1.35450952692976,5.050599359408729,1.460044687832017,2.4694095289048335,0.5440724997247806,2.5973057866993727,2.4242863725139463
104.026139695413,1.35531970222087,5.047456197719157,1.8267115079975795,2.587568989842179,0.4803709969897234,2.4809936224639912,2.484620263002526
104.026139695413,1.35612987751199,4.9200501082144505,2.0013838562997286,2.6571222653136886,0.5124403368981092,1.719327133732218,2.362064740091639
104.026139695413,1.35694005280311,4.628448910943227,1.6497511413269201,2.5184353771402996,0.13880287711111094,1.4562082478447493,2.0783293108732614
104.026139695413,1.35775022809422,4.541317059022742,1.5856820268088363,2.681048684621178,0.06752582283414554,1.7227865942087703,2.1196720374991345
104.026139695413,1.35856040338534,4.703363401639187,1.6865208519578552,2.984105412082311,0.36703843289543414,2.040955479437752,2.356396715602508
104.026139695413,1.35937057867645,4.768620929556146,1.6922557092940558,2.9858320972363224,0.5258196626728058,2.364219400134729,2.4673495597788118
104.026139695413,1.36018075396757,5.2262512996991575,1.980122763258283,3.331209714011422,1.199928772238085,3.1628719224394466,2.9800768943292786
104.026139695413,1.36099092925869,5.80780751318385,2.5397638513706653,3.7697669760633055,1.7630218652592156,3.9309855010577444,3.562269141386956
104.026139695413,1.3618011045498,6.093856040568571,2.81647959748479,4.009530614165477,1.803596711865179,3.974391663378288,3.739570925492461
104.026139695413,1.36261127984092,6.781827378862701,3.224270029566661,4.185081414090778,1.989092002850235,3.5289169575051353,3.941837556575102
104.026139695413,1.36342145513203,7.042451245586271,3.244961280726912,4.188832006449726,1.8524611685661974,2.8631124615170194,3.838363632569225
104.026139695413,1.36423163042315,6.091045754761602,2.5370411148888294,4.12572484053748,1.6830859990635894,3.454027738753137,3.5781850896009275
104.026139695413,1.36504180571427,5.647352918868407,2.5901947686216076,4.227545539856784,1.2625818935758666,4.106512580120711,3.566837540208675
104.026949870704,1.34316707285413,5.49934123749523,1.9943870881964578,3.265630327875691,0.5652691198985025,4.842461805550695,3.233417915803315
104.026949870704,1.34397724814525,5.2530154369773285,1.8103213150742903,3.1127952340783267,0.447789076529002,4.23519532716303,2.9718232779643956
104.026949870704,1.34478742343637,5.140785740364748,1.8546562739687786,3.0639720359488187,0.5284659129019005,4.26231373320379,2.9700387392776073
104.026949870704,1.34559759872748,4.9878898792270405,1.495581549687472,2.6929780681082782,0.2307929667630617,4.0635726361368825,2.694163019984547
104.026949870704,1.3464077740186,5.00009545518553,1.5666777885103613,2.733942219969091,0.21669149367896168,3.9513478670052358,2.693750964869836
104.026949870704,1.34721794930971,5.187109622582664,1.756886618102758,2.9909679806152987,0.4095879208279207,3.907475058822346,2.8504054401901975
104.026949870704,1.34802812460083,5.212371282323286,1.7913598736289558,3.0635448854413703,0.5749502569288794,3.9106241887098783,2.910570097406474
104.026949870704,1.34883829989195,5.200247733434466,1.8180231781038927,3.0049051951592496,0.6124411886947065,3.761748529335751,2.879473164945613
104.026949870704,1.34964847518306,5.311809577748612,1.915852656211193,2.94012983643308,0.6482122273406468,3.5446748298387476,2.872135825514456
104.026949870704,1.35045865047418,5.486508362743724,1.9691400098291965,2.8345462584626198,0.6026243610654802,3.3547050479481477,2.8495048080098337
104.026949870704,1.35126882576529,5.214489922495385,1.7155947368778257,2.48308635731356,0.49286876019658976,3.0945917861665464,2.6001263126099814
104.026949870704,1.35207900105641,5.1129987018774585,1.4246734975553714,2.3176076296793795,0.7228587663592272,2.948281109240508,2.505283940942389
104.026949870704,1.35288917634753,4.929579165920398,1.024356139377776,2.3200895808099773,0.9808390879368432,2.778768398198025,2.406726474448604
104.026949870704,1.35369935163864,4.881549877611516,1.2855581961281999,2.266376478484208,0.5801923662673723,2.7572110994692274,2.3541776035921047
104.026949870704,1.35450952692976,4.955290724134464,1.5877522804624888,2.4763186827896,0.5161235700901017,3.31303812188159,2.569704675871649
104.026949870704,1.35531970222087,4.848034427771466,1.724303654587203,2.471427386203967,0.3682900370556119,1.886300833322064,2.2596712677880624
104.026949870704,1.35612987751199,4.828235009510472,1.935436214439168,2.455032728420978,0.4063500066833008,1.5164399211114308,2.22829877603307
104.026949870704,1.35694005280311,4.707415317109589,1.7697830279639675,2.6094710149208886,0.3047669905680941,1.6756600211156893,2.213419274335646
104.026949870704,1.35775022809422,4.714126323720386,1.7389772443752385,2.7163303191043653,0.2480981353130467,1.8467314624352476,2.252852696989657
104.026949870704,1.35856040338534,4.855028178741662,1.8062477325782922,2.950824324747309,0.4048034953489008,2.11151674736562,2.425684095756357
104.026949870704,1.35937057867645,4.86117143563845,1.788097115631036,2.8810081702218753,0.6687491741740992,2.3728055995570863,2.5143662990445095
104.026949870704,1.36018075396757,5.255811852978322,1.9202754136859994,3.188642342284478,1.2074033658786902,2.948543329882085,2.904135260941915
104.026949870704,1.36099092925869,5.6820281557929775,2.6061275573698097,3.880204584552267,1.5263112711334514,3.726589109098537,3.4842521355894087
104.026949870704,1.3618011045498,6.137968220909681,3.144680087777587,4.44815689748814,1.5528085354523178,4.475234199233299,3.951769588172205
104.026949870704,1.36261127984092,6.2786943342259,2.918199217091569,4.174670497891238,1.5693748962162388,4.413186915222692,3.8708251721295275
104.026949870704,1.36342145513203,5.9602267639800495,2.651530826324823,4.039100441486887,1.0537866810088623,4.081187062722723,3.557166355104669
104.026949870704,1.36423163042315,5.249142627460767,2.134513868996624,3.85717439935296,0.7422061924811985,3.8654188740240123,3.1696911924631124
104.027760045995,1.34559759872748,4.985718741830354,1.49470431780723,3.1821615455901053,0.7567206137003311,3.919206831703434,2.8677024101262907
104.027760045995,1.3464077740186,5.083980608747638,1.5521988268464284,3.1074257855536516,0.5941622016953936,3.9649852013844082,2.860550524845504
104.027760045995,1.34721794930971,4.8259096782323,1.3745347552045502,2.756868104811268,0.28489727737364134,3.7834105222786825,2.605124067580088
104.027760045995,1.34802812460083,5.1242675523015535,1.7239902241240976,3.099244369494368,0.5852592138099446,3.9565693108914246,2.8978661341242775
104.027760045995,1.34883829989195,5.083098065901684,1.7401873977005842,3.083601324189221,0.6919263317939581,3.583874198396664,2.8365374635964224
104.027760045995,1.34964847518306,4.875379573554891,1.6214179957681445,2.9026316118474504,0.5627904033529774,3.2102285843925813,2.634489633783209
104.027760045995,1.35045865047418,5.418478223676523,2.134630494644629,2.98079646234185,0.8289716896976032,3.3403083848572415,2.940637051043569
104.027760045995,1.35126882576529,5.041337832174349,1.8345069369560107,2.6655781621919203,0.7305459391134193,2.860994072736297,2.6265925886343995
104.027760045995,1.35207900105641,5.036400346384831,1.690064362905101,2.4775479775564158,0.5668781676440737,2.7650661731600863,2.5071914055301017
104.027760045995,1.35288917634753,4.960055434857658,1.4518252386959603,2.360688404278502,0.5993756866434694,2.852361408347992,2.4448612345647165
104.027760045995,1.35369935163864,4.82200627192017,1.4847801780289984,2.299617755578261,0.540849203860617,3.372355311417323,2.5039217441610737
104.027760045995,1.35450952692976,4.784135030073582,1.5775711799555978,2.3056224831326375,0.4308701288432246,2.193306431194973,2.2583010506400027
104.027760045995,1.35531970222087,4.73593746449653,1.6435515994899603,2.37051231183397,0.33052070331703476,1.6298413339803624,2.1420726826235716
104.027760045995,1.35612987751199,4.642049521388124,1.6979731780314218,2.395469488738687,0.3514977928125198,1.586604892888225,2.1347189747717956
104.027760045995,1.35694005280311,4.62532410703718,1.6916960909801197,2.4513359836333315,0.2854843049548563,1.5705165943670636,2.12487141619451
104.027760045995,1.35775022809422,4.8080147107124525,1.8138179095053566,2.681686017116771,0.5053041261235727,1.9860063801960592,2.3589658287308426
104.027760045995,1.35856040338534,4.923811546706343,1.8908370594054702,2.9291727563084358,0.6629983635478496,2.492693517411812,2.579902648675982
104.027760045995,1.35937057867645,4.963929139103758,1.7867278627974912,2.8605506025722427,0.8474533433591809,2.8315786924601056,2.6580479280585556
104.027760045995,1.36018075396757,5.366254423613686,2.176295326190189,3.043779939941146,1.2413655209582295,3.229561657121465,3.011451373564943
104.027760045995,1.36099092925869,6.30050354528354,3.3821372632874898,4.368746252157489,1.691703745332788,4.13230055956274,3.9750782731248093
104.027760045995,1.3618011045498,6.348728961892839,3.2862081733273314,4.505118805282322,1.7325894809294837,4.676977035086292,4.109924491303653
104.027760045995,1.36261127984092,6.202318938574432,2.929539679510018,4.271779574643251,1.6629714122276091,4.40264952220069,3.8938518254312
104.027760045995,1.36342145513203,5.588035307411779,2.5331597481208092,4.0149956804578295,0.9419219750655294,4.585110741368176,3.5326446904848248
104.027760045995,1.36423163042315,4.854696408358144,2.1183175800964307,3.6673988974100595,0.0015001750450380769,2.7875334163248517,2.6858892954469047
104.028570221286,1.34721794930971,4.985639690291723,1.6500931939853096,3.4873942086152674,0.7125995520858588,3.8059475200262476,2.928334833000881
104.028570221286,1.34802812460083,4.956698393176602,1.6320639494868487,3.120410099654677,0.6472611819281084,3.8968378193013997,2.850654288709527
104.028570221286,1.34883829989195,4.996920220776669,1.6979301127154045,3.106348070475331,0.7773596775129263,3.5616699543833406,2.8280456071727342
104.028570221286,1.34964847518306,5.268661980412919,2.0042505240741164,3.197777064000004,1.0476063404542195,3.679734573661328,3.0396060965205174
104.028570221286,1.35045865047418,5.0793045116431195,1.7977416537829676,2.906562274970508,0.8577742864632114,3.1528469304179083,2.758845931455543
104.028570221286,1.35126882576529,4.533332910088664,1.4569915488938214,2.4451031422743306,0.19004927746169642,2.4263227606999287,2.210359927883688
104.028570221286,1.35207900105641,4.8440152559290475,1.7645673989195707,2.60744434852759,0.4880507419668234,2.5974445089659888,2.460304450861804
104.028570221286,1.35288917634753,4.776810749696189,1.6815244440966772,2.459826415926514,0.4908308130044112,2.5469409202931104,2.3911866686033805
104.028570221286,1.35369935163864,4.893270494405499,1.6282683326500944,2.3266859145797305,0.6024602929065246,3.3308789835069987,2.5563128036097695
104.028570221286,1.35450952692976,4.823516493256751,1.625349563914586,2.2886521610143262,0.5155422083725405,2.162775152644329,2.2831671158405067
104.028570221286,1.35531970222087,4.5918936573804245,1.5067056937408587,2.196135700840834,0.17646368052733052,1.686794911888562,2.031598728875602
104.028570221286,1.35612987751199,4.611133205661922,1.5933748484981116,2.338232599388043,0.2397213850753417,1.678288679095882,2.09215014354386
104.028570221286,1.35694005280311,4.666738282534901,1.6564651022706371,2.4365851979611897,0.3332602716841535,1.5573038737783094,2.130070545645838
104.028570221286,1.35775022809422,4.771921496273251,1.7831842139365435,2.6024928569138055,0.58339824386114,2.096723365850078,2.3675440353669637
104.028570221286,1.35856040338534,4.878746587612174,1.8100953510504638,2.7380544851139597,0.8496134115312479,2.720222836399916,2.599346534341552
104.028570221286,1.35937057867645,4.939348268288921,1.8115231612904203,2.784289970022101,0.9045445429650805,3.1171085350246805,2.7113628955182407
104.028570221286,1.36018075396757,5.688873686034302,2.571975894220323,3.6229926690081875,1.6676716185882299,4.00358493185907,3.5110197599420223
104.028570221286,1.36099092925869,6.114756457843082,3.16329214891924,4.190260746326587,1.7705744158273085,4.514233202262464,3.9506233942357363
104.028570221286,1.3618011045498,6.311754341578329,3.283439925994731,4.487180582984969,2.056795232164056,4.701411772896119,4.168116371123641
104.028570221286,1.36261127984092,6.110046727384685,2.990994349269574,4.33701410709293,1.8758409663373783,4.32809370327146,3.928397970671205
104.028570221286,1.36342145513203,5.12066717016722,2.268169508079751,3.8202338359545998,0.6361117228437294,3.5336820927027155,3.0757728659496033
104.029380396577,1.34883829989195,4.84164995913067,1.600444210809819,3.286567949673472,1.1097704837475284,3.351455179265571,2.837977556525412
104.029380396577,1.34964847518306,5.070922198792108,1.7358412227146687,3.258425358094179,1.0985811033848059,3.5574614050823783,2.944246257613628
104.029380396577,1.35045865047418,4.478301583882757,1.2495121672102023,2.653178506001435,0.4973917671270236,2.812776112561483,2.33823202735658
104.029380396577,1.35126882576529,4.66335660038596,1.547896793692658,2.7516291560517594,0.7142283062898009,2.9546494015944127,2.526352051602918
104.029380396577,1.35207900105641,4.567272908897106,1.4605985685348841,2.4854803335918625,0.534490939692585,2.650212600696797,2.339611070282647
104.029380396577,1.35288917634753,4.512591761403609,1.4431641973316616,2.332251956172911,0.40624868834543904,2.5099096288625127,2.2408332464232266
104.029380396577,1.35369935163864,4.729152551710467,1.3532420547934798,2.133318719699286,0.5329968037600175,2.570911865399463,2.2639243990725424
104.029380396577,1.35450952692976,4.799329962642666,1.587372233800881,2.210871530258494,0.5144022023927377,1.848860199157361,2.192167225650428
104.029380396577,1.35531970222087,4.578343822596423,1.5773656354658918,2.1610217888565195,0.25428748250368827,1.7811731971688651,2.0704383853182775
104.029380396577,1.35612987751199,4.750600192933142,1.7347383234779343,2.4378059577279103,0.39569246856706997,1.974004805532168,2.258568349647645
104.029380396577,1.35694005280311,4.788220806243089,1.7991698915221512,2.5208743144346712,0.53511735618331,2.273359148032405,2.3833483032831255
104.029380396577,1.35775022809422,4.793291952224905,1.7870604757050224,2.5630298613059885,0.7175150572849986,2.8530193405555018,2.5427833374152833
104.029380396577,1.35856040338534,4.979351674240938,1.8659180329410745,2.7744416394809477,1.111168905944421,3.1367458910918202,2.77352522873984
104.029380396577,1.35937057867645,5.16235105413794,1.961470658148599,2.8872685070134168,1.26878194145349,3.399315505338116,2.9358375332183124
104.029380396577,1.36018075396757,5.989689520731687,2.7137491807882803,3.729916564262254,2.106715281164572,3.6252114697451248,3.633056403338384
104.029380396577,1.36099092925869,5.988100326001241,2.8313701443909096,3.961050618422629,1.9720657985422996,3.443949387480302,3.639307254967476
104.029380396577,1.3618011045498,6.12772566532561,2.9897883278059822,4.162440479384944,2.0872016126371378,3.987919854582792,3.871015187947293
104.029380396577,1.36261127984092,5.681787721960809,2.662723628223244,4.170469454798802,1.6467491486616908,4.3214177264958415,3.6966295360280776
104.029380396577,1.36342145513203,4.759432242637079,2.0713587215829286,3.5462006597193607,0.1416017376660399,3.087923357643458,2.7213033438497733
104.030190571868,1.35126882576529,4.654822954598629,1.5904977694159008,2.7692196383962724,0.8752403493409204,3.2617467731569434,2.630305496981733
104.030190571868,1.35207900105641,4.4814985956463005,1.435220675812083,2.3253095020166086,0.6971746593981152,3.029001389118939,2.393640964398409
104.030190571868,1.35288917634753,4.517805597677448,1.3753967658868618,2.1994996078027853,0.6752449183674898,3.7626405799646108,2.506117493939839
104.030190571868,1.35369935163864,4.652998009554363,1.4304985835654982,2.0768495360269625,0.7689383472325062,2.5912732811813513,2.304111551512136
104.030190571868,1.35450952692976,4.79675721596448,1.6324378951469924,2.1229731154065163,0.6061515722302637,1.7886932462263019,2.189402608994911
104.030190571868,1.35531970222087,4.707286931638627,1.6330458479011511,2.2833454426227426,0.4632823636349812,1.9531874651307923,2.208029610185659
104.030190571868,1.35612987751199,4.613561451121289,1.595960289673389,2.3421584756032594,0.46886140642509133,2.2109456046071116,2.246297445486028
104.030190571868,1.35694005280311,4.935835697031351,1.9262227971607508,2.6784439912916795,0.8357246516464194,2.6605620137563015,2.6073578301773006
104.030190571868,1.35775022809422,5.0263734925625805,1.9717371478571266,2.7720964231476835,1.1621088434129625,3.312433042650511,2.8489497899261726
104.030190571868,1.35856040338534,5.066933097847983,1.9405637285425428,2.8084805523729344,1.3953997157386802,3.3277069561955237,2.9078168101395327
104.030190571868,1.35937057867645,5.581880143379777,2.264888194713194,3.179105245681086,1.908376558108852,3.2889910429505775,3.2446482369666976
104.030190571868,1.36018075396757,6.345898778707284,3.161257137750578,3.7518072560309506,2.549238100244768,2.8726319340205393,3.736166641350824
104.030190571868,1.36099092925869,6.288758137147969,2.6593248370376656,3.6423594531973187,2.3630412103549254,2.739163860293491,3.538529499606274
104.030190571868,1.3618011045498,5.6882461126219965,2.656933667254453,3.848638914423187,1.875838844159599,3.783064162869195,3.5705443402656862
104.030190571868,1.36261127984092,5.034294633297744,2.160614901915668,3.690993566296793,0.9710471116347001,4.074081533612237,3.1862063493514285
104.03100074716,1.35288917634753,4.659738828135307,1.7763224533507973,2.4259787384519953,0.829259754388918,3.8129087972457256,2.7008417143145484
104.03100074716,1.35369935163864,4.857709186405067,1.7585211886695333,2.547706965540261,1.0857132412915291,3.4051597157322995,2.730962059527738
104.03100074716,1.35450952692976,4.824396442661953,1.779926697928584,2.5594237606565287,0.9937422183223887,2.9669030687650704,2.624878437666905
104.03100074716,1.35531970222087,4.690152008880222,1.6757616062966392,2.4267510130549717,0.7859696320132414,2.727719464043787,2.461270744857772
104.03100074716,1.35612987751199,4.703039301812492,1.740756220969697,2.498933068675889,0.8370385620182681,2.8994289052374214,2.5358392117427533
104.03100074716,1.35694005280311,5.1601991811993315,2.1979764808306648,3.043852596220546,1.3715824848648097,3.5777183145080294,3.0702658115246764
104.03100074716,1.35775022809422,5.611237498795131,2.6778362963651396,3.6085869493525813,1.940386636072585,4.194948817497249,3.606599239616537
104.03100074716,1.35856040338534,5.706600493152106,2.6173563213464988,3.4993475759383017,2.0423814689882285,3.6079141970866075,3.4947200113023484
104.03100074716,1.35937057867645,5.911036680019638,2.352803977753922,3.363585274715966,2.2584182374944284,2.834655796235989,3.3440999932439888
104.03100074716,1.36018075396757,6.375536117072315,2.52404806949545,3.644556634441063,2.634315246988521,2.7518455738851735,3.5860603283765045
104.03100074716,1.36099092925869,6.163250440320031,3.039880024967008,3.695896331600803,2.276708698603077,3.348599660087846,3.7048670311157528
104.03100074716,1.3618011045498,5.163677036328103,2.185561023390864,3.542763963222999,1.3289024325837389,3.7884115049789777,3.2018631921009364
104.031810922451,1.35531970222087,4.8606615997143905,2.000856628944579,2.8793346520598,0.835226736726451,3.965798889635309,2.908375701416106
104.031810922451,1.35612987751199,4.964899745102485,2.185952809194518,3.129948219413926,1.014228676164425,3.1784782118051425,2.894701532336099
104.031810922451,1.35694005280311,4.997471132276338,2.2970677503016113,3.310859490365992,1.1025572149425038,3.1842666564674005,2.978444448870769
104.031810922451,1.35775022809422,5.280518556020443,2.5566223581698786,3.7157156815296624,1.639070290881346,4.332084955926923,3.5048023685056506
104.031810922451,1.35856040338534,5.466386945517549,2.4873145803410033,3.5909290951808686,2.0873990482362714,3.8026756001825213,3.4869410538916426
104.031810922451,1.35937057867645,6.007575950366686,2.550993488071157,3.3098386094800496,2.30562553021554,2.7477825934976785,3.384363234326222
104.031810922451,1.36018075396757,5.926365036711182,2.3873069721138265,3.166419673369983,2.236816860326229,2.711941065166446,3.2857699215375336
104.031810922451,1.36099092925869,5.48377529008145,2.317519171550046,3.316348298684865,1.6945737934073897,3.529968001204285,3.2684369109856073
104.031810922451,1.3618011045498,4.819517620335599,1.9048267008051702,3.299887501866145,0.7796683061868102,3.649809959952229,2.890742017829191
104.032621097742,1.35856040338534,5.02166774834771,2.160954609056059,3.304574522821774,1.4949863010881081,3.5564917982458333,3.1077349959118967
104.032621097742,1.35937057867645,5.996895230157559,2.7229251135080084,3.5665190076002595,2.3276129102711813,3.1623395003961114,3.555258352386624
104.032621097742,1.36018075396757,5.898889666867287,2.505268401618796,3.3302413751285442,2.0257309174851486,3.116657165873825,3.37535750539472
104.032621097742,1.36099092925869,5.20918045717443,2.101609107290244,3.358538375576668,1.3935034112613316,3.796323018893677,3.17183087403927
104.033431273033,1.35856040338534,5.194856915353402,2.325214599080315,3.4686592589505842,1.6485030942537477,3.9353683911041806,3.3145204517484457
104.033431273033,1.35937057867645,5.902641183813685,2.6796758415248796,3.608076540551611,2.321655279725938,3.4145843885018294,3.5853266468235887
104.033431273033,1.36018075396757,5.690882002382654,2.4737493814046694,3.4676395469009016,1.8785465306802003,3.6370027877154882,3.4295640498167828
104.033431273033,1.36099092925869,4.998539965745049,2.0802459803896767,3.256507592956268,0.9932300136192893,3.844388236256396,3.0345823577933357
