x,y,f_1,f_3,f_4,f_5,f_6,Avg_RMSE
103.964566373288,1.35045865047418,6.3609619998469,2.3066017886559997,4.9560406900695995,0.6884866426085985,4.0238661606035,3.6671914563569197
103.964566373288,1.35126882576529,6.475062424344099,2.2085629685460013,4.7118326096153,0.5878600970458976,4.531518313961499,3.7029672827025593
103.964566373288,1.35207900105641,6.350293968976899,2.120204139091399,4.678374545967802,0.5273169360263985,4.671864592652401,3.6696108365429803
103.964566373288,1.35288917634753,6.405723492568399,2.1256188180496984,4.708586902296901,0.684416969116203,4.697180444047003,3.724305325215641
103.965376548579,1.34883829989195,6.644618728199699,2.634379156232299,4.942181327921599,0.9871981699218999,3.840548935227897,3.809785263500679
103.965376548579,1.34964847518306,6.5589427195771,2.3857217797915986,5.015214151436897,0.8700945779419023,3.9972340143451994,3.7654414486185397
103.965376548579,1.35045865047418,6.7865881815029,2.3727642785114007,5.0256800378448006,0.5793545648531975,4.449292313959898,3.8427358753344394
103.965376548579,1.35126882576529,6.909140988160598,2.1969346523395004,4.8978342098717995,0.3140638387586989,4.711572244947103,3.8059091868155397
103.965376548579,1.35207900105641,6.5544590032963015,2.000343220656301,4.6846777788572,0.5702048306953031,4.8187237677393,3.7256817202488812
103.965376548579,1.35288917634753,6.406403080042001,1.896178701795499,4.322678199026601,0.5358421440811014,4.8588055035530004,3.6039815256996404
103.96618672387,1.34802812460083,6.067690738151601,1.8832396831788003,4.398587861796102,0.5965204901592003,4.040591205131999,3.3973259956835404
103.96618672387,1.34883829989195,6.789385357337,2.5046511783009002,4.9424929699933,0.8296657104500014,4.1561281136933985,3.84446466595492
103.96618672387,1.34964847518306,6.8899876725309,2.1385581587330975,4.841851243064401,0.9830975701659028,4.266352329775298,3.8239693948539197
103.96618672387,1.35045865047418,6.235043565438701,1.164991319127303,4.5401158140461,0.9326531389103003,4.533436937049501,3.481248154914381
103.96618672387,1.35126882576529,6.771790906663998,1.895556599276702,4.804451384010701,0.8173180750853,4.710468909043303,3.799917174816001
103.96618672387,1.35207900105641,6.660428555379401,2.111860043930598,4.519371038042401,1.1174106537814978,4.749898315367197,3.831793721300219
103.96618672387,1.35288917634753,6.245090359071501,1.8083922678763997,4.338563565246503,0.9685938055351997,4.818009109252301,3.6357298213963807
103.96618672387,1.35369935163864,6.3236261533741,1.8067423769049995,4.348334024836699,0.8984553375548998,4.915064899141701,3.65844455836248
103.966996899161,1.3464077740186,6.6989478389883,2.350384393558599,4.172136826354997,0.4807022030354986,4.132591316228698,3.5669525156332185
103.966996899161,1.34721794930971,6.9070108474425,2.4182897353061996,4.298997051717102,0.49872517563959917,4.1144521579361,3.6474949936083
103.966996899161,1.34802812460083,6.450633879638001,1.7623425720768005,4.387509800519002,0.8922347813611999,4.4992457014332,3.598393347005641
103.966996899161,1.34883829989195,6.6951458376207995,1.6687430234085028,4.304592262767599,1.196268895044998,4.827406778184098,3.7384313594051997
103.966996899161,1.34964847518306,6.3127766123723,1.6265615512737988,4.6812950584083985,1.086199794869298,4.6068407695529,3.662734757295339
103.966996899161,1.35045865047418,6.6648200832805,1.9115404685522002,4.585616831453898,1.008993001393101,4.611726918060597,3.7565394605480593
103.966996899161,1.35126882576529,6.887742117656501,1.9010813780537,4.580331702883601,1.2163031723683986,4.779001760003499,3.87289202619314
103.966996899161,1.35207900105641,6.815852570308898,2.151637815815203,4.391644354030198,1.9648399865857975,4.8284589835615,4.03048674206032
103.966996899161,1.35288917634753,6.549128283194399,2.0254867703113995,4.368150541056,2.4698171864895,5.158590954459598,4.114234747102179
103.966996899161,1.35369935163864,6.298371085160401,1.8151429103901968,4.2294142443602,0.9190086200636998,4.877841004733199,3.627955572941539
103.967807074453,1.34478742343637,6.5244034781933,2.784265514943801,4.390800633951798,0.36364040093990013,3.9145303603775012,3.59552807768126
103.967807074453,1.34559759872748,6.507120121255401,2.570817851347602,4.299832052178299,0.3847654015378019,3.987730307591299,3.550053146782081
103.967807074453,1.3464077740186,6.2072590848862,1.8047432322899013,3.910506057716699,0.45894545925740005,4.251429997351501,3.3265767663003403
103.967807074453,1.34721794930971,6.839076292789802,1.9865549424147986,4.0160728289795,0.7134002538196995,4.505673892626099,3.6121556421259795
103.967807074453,1.34802812460083,6.1372756581172005,1.0000984629005991,3.6718447890398984,0.9952334150698015,4.928816092727299,3.3466536835709597
103.967807074453,1.34883829989195,4.946449082792601,0.29674357650510075,3.1395049426089017,1.5625640469048996,5.2684186602606005,3.042736061814421
103.967807074453,1.34964847518306,7.264053456852597,1.8964776639602015,4.1690467074698,1.5181697136420986,4.8125458506609,3.9320586785171194
103.967807074453,1.35045865047418,6.8940446578119,1.9996444072334008,4.2559576462978015,1.2609473024715996,4.808461481290401,3.8438110990210204
103.967807074453,1.35126882576529,6.961783550068603,2.100329814118801,4.5118170014044985,1.4137919219491017,4.8635316237674004,3.970250782261681
103.967807074453,1.35207900105641,6.704220984367399,1.777143808859698,4.186929929687903,2.0542147856423014,4.868127353906601,3.9181273724927808
103.967807074453,1.35288917634753,6.568216797336902,1.7468920846507991,4.1407025407762,1.2971958421907992,5.329144551490199,3.8164303632889798
103.967807074453,1.35369935163864,6.283730811123199,1.8900067639919023,4.4444550052453025,0.9201569917338972,5.089412328760101,3.7255523801708805
103.968617249744,1.34397724814525,5.838779719086002,2.2095528489839005,4.179473052910701,0.029121411519398066,3.8459273013588025,3.220570866771761
103.968617249744,1.34478742343637,6.1318058553986,2.3186081573139994,4.346095486394198,0.17745893082430086,3.9657036589563006,3.3879344177774797
103.968617249744,1.34559759872748,7.147860518465002,2.7091871359591977,4.4472265324526,1.8193216740043994,4.342118896711199,4.093142951518479
103.968617249744,1.3464077740186,6.6253856442793015,1.4082251292226005,3.9993026619195007,0.6454758875348006,4.742039637544099,3.4840857921000605
103.968617249744,1.34721794930971,6.4829381584236,1.425251467726099,3.7411307749250007,0.544064967712,4.891160178660101,3.41690910948936
103.968617249744,1.34802812460083,5.460633975293902,0.6657321771521971,3.5217930878906003,0.8932771458109023,5.0245326061731,3.1131937984641405
103.968617249744,1.34883829989195,5.057193997319903,0.20675539164439982,3.295893889982999,1.5836518268929005,5.248897388553399,3.07847849887872
103.968617249744,1.34964847518306,7.430595114190503,2.1961532884210015,5.5010659945792,1.916561685239401,4.819353569450399,4.372745930376101
103.968617249744,1.35045865047418,7.016963202097699,2.259250294593997,4.4872496805488,1.4610070752061013,4.8391932504077,4.01273270057086
103.968617249744,1.35126882576529,6.6951741230158,2.1322728623703995,4.184131507062503,1.3457694778707001,4.773006378355699,3.8260708697350205
103.968617249744,1.35207900105641,6.575977724032601,1.6757684306993,4.076666218063199,1.387695535498601,4.994512215873499,3.7421240248334398
103.968617249744,1.35288917634753,6.665839836754898,1.5963266430514018,3.8904944110865003,0.9743012902819999,5.457153507330503,3.7168231377010605
103.968617249744,1.35369935163864,6.7552182768104,2.1017113751687013,4.4622300661281,0.9305892097922985,5.282835016281599,3.9065167888362198
103.968617249744,1.35450952692976,5.9839968434712,1.328801301049701,3.667374409725401,0.5048216427362995,4.876675786048001,3.2723339966061205
103.968617249744,1.35531970222087,6.044854319426602,1.7823032219453019,4.1034929505246005,0.5143468592967011,4.7305701525285,3.435113500744341
103.968617249744,1.35612987751199,5.783416470732099,1.6422864012241014,4.141813994592098,0.5183094378049979,4.556138406793199,3.328392942229299
103.969427425035,1.34235689756302,5.607904206018702,2.0961323199968014,3.799178076578798,0.2175452355957006,3.824133592408998,3.1089786861198
103.969427425035,1.34316707285413,5.817506800708102,2.2646235042223033,3.9187634587945013,0.14182853382359895,3.8490802434686984,3.1983605082034408
103.969427425035,1.34397724814525,6.059649164392802,2.320766756126897,4.195645509566699,0.19295549854189886,3.8976692960958985,3.333337244944839
103.969427425035,1.34478742343637,6.534353255558301,2.3442103170891997,4.410677282172298,0.07191235350209979,4.3375404020803,3.5397387220804397
103.969427425035,1.34559759872748,7.9068070234332986,2.927581406105901,4.823042826741499,0.3163430626763031,4.761956134422299,4.14714609067586
103.969427425035,1.3464077740186,7.033715407165801,1.9929739161699018,4.4967387325800985,0.20403151639130002,4.9193183104788005,3.72935557655718
103.969427425035,1.34721794930971,4.245287334966498,0.6138068135719017,3.0710719923457006,0.4479120655927993,5.065048976458598,2.6886254365871
103.969427425035,1.34802812460083,5.712963723227798,0.8425947453978004,3.4085538257694985,0.6779163411212998,4.842553169331598,3.096916360969599
103.969427425035,1.34883829989195,6.3777134756251,1.8114665518557977,4.304200964925101,1.4042738443081006,4.789119242010198,3.7373548157448595
103.969427425035,1.34964847518306,6.774667482215303,2.3636832901052998,4.264216038335398,1.264889722587597,4.528383901341602,3.83916808691704
103.969427425035,1.35045865047418,6.604100618542901,2.2277290691764975,4.320270423053302,1.4352285730711998,4.734632359936999,3.86439220875618
103.969427425035,1.35126882576529,6.247504744773899,1.6470235791860013,3.8800151215366014,1.334935229097301,4.749975136051599,3.5718907621290805
103.969427425035,1.35207900105641,6.833008704874899,2.0332791453331005,4.029708882408702,1.7259176466879005,4.865981152855699,3.8975791064320604
103.969427425035,1.35288917634753,6.5058643258632,1.7566812928426998,3.8668483488777987,1.550498179834502,4.956896902236899,3.72735780993102
103.969427425035,1.35369935163864,6.076461417151101,1.4805097100216997,3.558625689066602,0.9726834843214007,5.054259727768599,3.4285080056658805
103.969427425035,1.35450952692976,5.837804770015801,0.975480217638502,3.3060978624206,0.38513613566669846,5.138042421028402,3.1285122813540007
103.969427425035,1.35531970222087,5.918948157225401,1.3782746658726026,3.972531815914202,0.41610973511710014,4.915636491584401,3.3203001731427415
103.969427425035,1.35612987751199,5.860426332854502,1.4881086046559986,4.090305872951099,0.3155889238332996,4.6663737284338005,3.28416069254574
103.969427425035,1.35694005280311,5.5494840323232,1.1931407221293,4.2206615215852,0.3821760990771992,4.772065842440298,3.2235056435110394
103.969427425035,1.35775022809422,5.936129972695998,1.6050236959636983,4.289640950316297,0.4221268631849,4.825796989726399,3.4157436943774586
103.969427425035,1.35856040338534,5.579182853272499,1.3276325863581988,4.2072508232662,0.3892863173904999,4.8715385183893005,3.2749782197353396
103.969427425035,1.35937057867645,5.475362356503101,1.0095204563454026,4.038782943704,0.4522591481769993,4.987030474413402,3.192591075828581
103.970237600326,1.3415467222719,6.056159526925899,2.6630444879164017,4.107583982733601,0.024902953999799138,3.692074399227103,3.3087530701605607
103.970237600326,1.34235689756302,5.2751058928039996,2.2410699435049004,4.107716685850999,0.04565123040089958,3.8396630345455023,3.10184135742126
103.970237600326,1.34316707285413,6.3297542073534,2.7829138957071002,4.088728974532501,0.3011386665648992,3.885552039997897,3.4776175568311594
103.970237600326,1.34397724814525,6.5861114424617995,2.4803703828501007,4.075822184457298,0.5630313057048006,4.320393043977102,3.60514567189022
103.970237600326,1.34478742343637,6.755535561317501,2.365723921800999,4.3624778688106005,0.3586193383450009,4.538489323441603,3.6761692027431407
103.970237600326,1.34559759872748,7.039430517542499,2.5756143357524017,4.8084747653402005,0.2699725731878999,4.5125624909330995,3.84121093655122
103.970237600326,1.3464077740186,6.956037254276598,2.382042068049202,4.705742849112102,0.42657558267550044,4.573055598663501,3.808690670555381
103.970237600326,1.34721794930971,4.553864703217002,0.3520738165581001,3.4780208987042016,0.33986419002960133,4.799648726437898,2.7046944669893604
103.970237600326,1.34802812460083,6.507809783620598,1.9637037475808015,3.7977250119222,0.8026385387776998,4.5599732207993995,3.5263700605401396
103.970237600326,1.34883829989195,6.732643401275798,2.4611646244241,4.1598173042726,1.9677348968442985,4.6141761955896,3.9871072844812794
103.970237600326,1.34964847518306,6.513949447458302,2.311733583681299,4.4688829185816985,1.2259392069043997,4.509634988054799,3.8060280289360997
103.970237600326,1.35045865047418,6.287184797883,1.909625657026698,4.256428168169798,1.4035703552712988,4.800426571830098,3.7314471100361786
103.970237600326,1.35126882576529,6.788104311671301,2.111984351919901,4.166268802852798,1.6363067630216008,4.8502696987773,3.9105867856485803
103.970237600326,1.35207900105641,6.640969830355598,1.9478784533613975,4.094263165818202,1.5459532775234024,4.7107804666501,3.78796903874174
103.970237600326,1.35288917634753,6.246003176946001,1.6972274087979002,4.0407786293712,1.4455209504771993,4.652576405803799,3.61642131427922
103.970237600326,1.35369935163864,5.717405155089498,1.5560508575588017,3.7299695254158003,3.0946781973942024,4.8195699636053995,3.7835347398127404
103.970237600326,1.35450952692976,5.381987548354001,0.9688197803242034,3.2375790936007007,0.7162879292353992,4.991600962304002,3.059255062763661
103.970237600326,1.35531970222087,5.904378119674099,1.3477817632306,3.794123043462797,0.4042720129303987,4.803092479040103,3.2507294836675995
103.970237600326,1.35612987751199,4.082682610997697,0.03132772428120134,3.738203048499301,0.4104319477414009,4.8876225682091,2.63005357994574
103.970237600326,1.35694005280311,5.471154743175699,1.0916641651764003,4.065365520681599,0.3309122575975003,4.8678119521092995,3.1653817277480996
103.970237600326,1.35775022809422,5.920676216135998,1.5745955966427019,4.327565693068898,0.42683110439790184,4.918068493584503,3.4335474207660006
103.970237600326,1.35856040338534,4.9935327093844,0.5276286327310018,3.7601028127174985,0.12391382672380047,4.977129409118099,2.87646147813496
103.970237600326,1.35937057867645,4.664437882872399,0.2198004799037001,3.8715124844021,0.38577299811509747,5.1315120919629,2.854607187451239
103.970237600326,1.36018075396757,5.573294378266599,0.874294276520299,3.975352361116901,0.5837460888125996,4.9675072688194,3.19483887470716
103.970237600326,1.36099092925869,5.605934820650102,1.0690762667598008,3.8504106432117986,0.5535601156514005,4.639942006652003,3.143784770585021
103.971047775617,1.34073654698079,6.4470803340737,3.1057749235866012,4.523713546115502,0.23357215507000006,3.711745531242002,3.6043772980175612
103.971047775617,1.3415467222719,6.049704196936499,2.759279501026903,4.3259343625936,0.1859836626993996,3.5905899964594994,3.38229834394318
103.971047775617,1.34235689756302,6.0103181781014,2.788996865531498,4.358481016720102,0.053065093546500464,3.6306332885767993,3.36829888849526
103.971047775617,1.34316707285413,6.202347263196199,2.7450806125049,4.3003126489393,0.317266500888401,3.8074587165958,3.47449314842492
103.971047775617,1.34397724814525,6.5888784298537,2.569496189561601,4.1780913030147,0.5731948884413001,4.303089774623,3.6425501170988603
103.971047775617,1.34478742343637,6.145148646825099,1.8200513973869015,3.9013832235785983,0.3691026887138982,4.906272635540699,3.4283917184090393
103.971047775617,1.34559759872748,7.160818873029498,2.2569261459717005,4.786383757089098,0.34169277870689996,4.954944842018701,3.9001532793631797
103.971047775617,1.3464077740186,7.303011056541401,2.3295225015334005,4.546682846598301,0.25350903193499974,4.6642571302569,3.8193965133730003
103.971047775617,1.34721794930971,5.835140133519701,1.4088848925491,3.7020206474022004,0.2882017986789016,4.706745450064201,3.1881985844428207
103.971047775617,1.34802812460083,6.415591027083401,2.310840802503801,4.1654746743571,0.9249273519558017,4.6308804142555005,3.689542854031121
103.971047775617,1.34883829989195,6.394237646142802,2.3224523359084976,4.176996180158202,1.7035553673346975,4.5685162756396025,3.83315156103676
103.971047775617,1.34964847518306,6.203892884196502,2.0403072336343016,4.178342494535098,1.153906447949801,4.4697837690107,3.6092465658652806
103.971047775617,1.35045865047418,6.429532618110397,2.0638815065311995,4.1636488401004,1.244116159487099,4.644163045262399,3.709068433898299
103.971047775617,1.35126882576529,6.157846706896802,1.8377674903792993,3.8960097911831006,1.4008230674833015,4.799006224698299,3.6182906561281607
103.971047775617,1.35207900105641,6.2672929905176,1.4948477958164013,3.7142655500874007,1.8076537943260007,4.840497234474,3.6249114730442806
103.971047775617,1.35288917634753,6.152537288738902,1.408529960386101,3.8069811465759003,1.897039801968301,4.8613812998145,3.6252938994967407
103.971047775617,1.35369935163864,5.746467400070099,1.2233994621206996,3.684754870354901,1.5551885762086997,4.977004974838298,3.4373630567185396
103.971047775617,1.35450952692976,5.533357100825999,1.0889795973989003,3.4226368952738007,0.8958419962409998,5.0549743022373015,3.1991579783954003
103.971047775617,1.35531970222087,6.040636144352501,1.574632189436599,3.9788996241808974,0.44769821808170107,4.9167067656787005,3.3917145883460798
103.971047775617,1.35612987751199,5.348438260463901,1.1811560804593988,4.210433286683301,0.3632195526818016,4.755874586286602,3.171824353315001
103.971047775617,1.35694005280311,5.481016155139297,1.2853954470079998,4.149453991891999,0.371214273533802,4.865725217140401,3.2305610169427
103.971047775617,1.35775022809422,4.934356510531501,0.7689791828366026,3.8743676630321,0.3393826815901022,5.0747896870757,2.9983751450132012
103.971047775617,1.35856040338534,5.467763985338099,0.8341385737727016,3.9540060696857005,0.24309151467659973,5.054342536750699,3.11066853604476
103.971047775617,1.35937057867645,5.497521215586701,0.5775974659421976,3.809211673561098,0.07251521103130187,5.090286532156799,3.0094264196556195
103.971047775617,1.36018075396757,5.3176448158796,0.4024981657871969,3.720187889715099,0.13045231145989789,5.125550108923303,2.939266658353019
103.971047775617,1.36099092925869,5.569976381137501,0.8313043127343,3.6608486382768994,0.13347049842329994,4.8731068738829,3.01374134089098
103.971047775617,1.3618011045498,5.319343488873599,0.6684180752637019,3.6095452888466006,0.1422385439869025,4.7592251594012005,2.899754111274401
103.971857950908,1.33992637168967,6.746911861798598,3.1341251622658,4.505000144204903,0.2900030029297014,3.9806630312171976,3.73134064048324
103.971857950908,1.34073654698079,6.417337944341302,2.8681415483630985,4.571130803413098,0.017256013787196878,3.8553319667393993,3.5458396553288187
103.971857950908,1.3415467222719,6.194284303127098,2.7012498644119027,4.596257703035398,0.12851289535860033,3.909294802290102,3.5059199136446204
103.971857950908,1.34235689756302,6.110429937632002,2.6272936918126,4.5563083775458,0.06826515608049988,3.870948885394302,3.446649209693041
103.971857950908,1.34316707285413,5.970065840168299,2.4502174628352016,4.4566080069695,0.05715985210499852,3.7623673334540015,3.3392836991064003
103.971857950908,1.34397724814525,5.7690999950015005,2.3697665840747,4.2296121179335024,0.12975911256920014,3.8280298944773996,3.2652535408112606
103.971857950908,1.34478742343637,6.013270377391798,2.111773236771601,4.3010230759729,0.10053691713460111,4.395006867156898,3.3843220948855595
103.971857950908,1.34559759872748,7.2344589525581995,2.4965913141323988,4.999151172010599,0.1937436929659988,4.820489880303601,3.9488870023941596
103.971857950908,1.3464077740186,7.052229674565503,2.2032675179986008,4.663394401538998,0.17057370222299895,4.7700963881164,3.7719123368885
103.971857950908,1.34721794930971,6.169264485136502,1.567360869545297,4.385715630167599,0.13526647477210219,4.763888887554902,3.4042992694352803
103.971857950908,1.34802812460083,6.818323312392902,2.3730624363433996,4.3860023014355,0.6653170131361001,4.7759951496658,3.8037400425947405
103.971857950908,1.34883829989195,6.794563069532298,2.4110998337399003,4.355254404828802,1.1228333769004983,4.698887264033697,3.876527589807039
103.971857950908,1.34964847518306,5.901438653452402,1.2260010389500984,3.8732125915067996,1.6375731277208985,4.554449295471699,3.4385349414203796
103.971857950908,1.35045865047418,6.941942943336603,2.2355125572190993,4.176286358243701,1.1883030559753998,4.8398279346411,3.8763745698831804
103.971857950908,1.35126882576529,6.3941107992216,1.9831122955657996,3.988520686690599,1.476972413028399,5.000252540642002,3.76859374702968
103.971857950908,1.35207900105641,6.5593410605698,1.5581535815985,3.8244142325542008,1.6393344721494998,5.132643568476897,3.7427773830697797
103.971857950908,1.35288917634753,6.547931544878502,1.6185224162612002,3.8394677815805984,1.9617632455136018,5.0482140767861985,3.80317981300402
103.971857950908,1.35369935163864,6.4625250463619,1.7758633875134997,4.005127774261901,3.3231964194415013,5.1557542444163005,4.144493374399021
103.971857950908,1.35450952692976,5.767236334747299,1.4978936627173987,3.7676035362452005,0.9123476268371995,5.017991975506,3.3926146272106195
103.971857950908,1.35531970222087,6.152759154235699,1.4039654700250992,3.757003410688302,0.29242219765649935,4.946799403220599,3.31058992716524
103.971857950908,1.35612987751199,5.003857222678398,0.8346877011319016,3.9436197055166993,0.4355961445478016,4.908325465611199,3.0252172478972
103.971857950908,1.35694005280311,5.3138452310306015,1.1559881791378999,3.8771104526434996,0.4249680562745013,5.011976827617801,3.1567777493408604
103.971857950908,1.35775022809422,5.414842843142697,1.0610245766040975,3.913901589663798,0.3034030482020995,5.065719294450698,3.151778270412678
103.971857950908,1.35856040338534,5.515500695951999,0.9078412180057001,3.976462012339198,0.26077710856669967,5.031576922857198,3.138431591544159
103.971857950908,1.35937057867645,5.434877400140202,0.41764145407320186,3.9265573841380004,0.2018137370337989,5.2291231761142,3.042002630299881
103.971857950908,1.36018075396757,5.455383541313999,0.45172551228179714,3.6757212019319994,0.0710562378222015,5.345767900664097,2.999930878802819
103.971857950908,1.36099092925869,5.452966681762501,0.6151738947203,3.6625364406967975,0.05737599462059961,5.0761752311852995,2.9728456485970995
103.971857950908,1.3618011045498,5.355207362834598,0.6515789437506996,3.5866467544678997,0.08096748478239846,4.746819087319999,2.884243926631119
103.972668126199,1.33992637168967,6.6069783933177995,3.0124187524783004,4.5209843057349985,0.5827827160034005,4.0913877943801005,3.7629103923829197
103.972668126199,1.34073654698079,6.3455698390088,2.7838929017388985,4.465543079073299,0.4314574505614992,3.8902182940123993,3.5833363128789792
103.972668126199,1.3415467222719,6.1101727189823976,2.6054801097506015,4.468482211682499,0.14347451708979975,3.992839726845201,3.4640898568700997
103.972668126199,1.34235689756302,5.976885040214501,2.5225245626998003,4.3004395056185025,0.052109263081899115,4.0285847419403,3.3761086227110004
103.972668126199,1.34316707285413,5.7753198025937,2.252690866453502,4.1120960471413,0.5033528228420998,3.9719142187163,3.32307475154938
103.972668126199,1.34397724814525,5.799667997981402,2.1019658156901997,4.023887828242298,0.9294053323907008,3.789742034188599,3.32893380169864
103.972668126199,1.34478742343637,5.556015609181703,2.1439708641524007,4.115102330563698,0.9574326843533001,3.6746836824409996,3.28944103413842
103.972668126199,1.34559759872748,5.539599608820101,1.9508750671519977,4.351121978764098,0.7496893254598014,3.995001323073499,3.3172574606538996
103.972668126199,1.3464077740186,5.9481329581272995,1.9648884487270024,4.328377356828501,0.570768098246301,4.355576984940001,3.4335487693738207
103.972668126199,1.34721794930971,6.5655806056294,1.9806017248671992,4.3741017436836,0.4724342441880971,4.7613787005901,3.630819403791679
103.972668126199,1.34802812460083,6.853604485745699,1.9345124807034004,4.486731621254698,0.5465802732544027,5.1632314508837,3.7969320623683798
103.972668126199,1.34883829989195,7.187423517300601,2.254140518599197,4.709732913672401,0.8361523168266984,4.930697618392401,3.98362937695826
103.972668126199,1.34964847518306,6.6563536019591005,1.8310050330435992,4.125162743483198,1.021687749892898,4.707854651484499,3.668412755972659
103.972668126199,1.35045865047418,6.981655622599302,2.004790248097798,4.271299781514102,1.367297548925002,5.0922704418626985,3.9434627285997808
103.972668126199,1.35126882576529,6.719601441641501,1.9558928160764992,3.831401744177299,1.7352217666427983,5.226936777180402,3.8938109091437
103.972668126199,1.35207900105641,6.331779899360299,1.5692771278955995,3.7331330132336973,2.472949904075101,5.0681131902275,3.8350506269584392
103.972668126199,1.35288917634753,6.883910812211202,1.429938399211899,3.596566067104,2.2836402828264006,5.419159849016101,3.9226430820739204
103.972668126199,1.35369935163864,6.4284999712110995,1.5565647272303025,4.0009905756683,1.3813197066735974,5.241678310679301,3.72181065829252
103.972668126199,1.35450952692976,5.216490140421502,0.9918986348894983,3.7323309459177025,0.5699072389446016,5.191041728075,3.140333737649661
103.972668126199,1.35531970222087,6.324446055587799,1.547319326866699,3.7423699144277016,0.32204478138050163,4.892320392461301,3.3657000941448003
103.972668126199,1.35612987751199,5.5689404229982,1.3934604506206973,3.9490983636055006,0.38340999399569853,4.9396583658785005,3.2469135194197194
103.972668126199,1.35694005280311,5.146276918631202,1.231768756590398,3.9552002385156015,0.5095570569479975,4.972051743015399,3.1629709427401194
103.972668126199,1.35775022809422,6.213832187666,1.760902424484403,3.9868929176612014,0.2237129693608999,4.715887125795501,3.380245524993601
103.972668126199,1.35856040338534,5.6219688444328995,1.1386850822275,4.1052414914016,0.2672427381296991,5.0025391875058,3.2271354687394997
103.972668126199,1.35937057867645,5.3285594728837005,0.5296323935797993,3.809117582996798,0.18948379112470093,5.233740437593799,3.0181067356357594
103.972668126199,1.36018075396757,4.994053627656701,0.23763368277089825,3.663581427857501,0.04638668015769909,5.281040800237999,2.84453924373616
103.972668126199,1.36099092925869,5.2608208358062996,0.5865449760103019,3.585147548448802,0.14480327426720052,5.108326190473701,2.937128565001261
103.972668126199,1.3618011045498,5.268439599256798,0.7837756021106976,3.523070228003501,0.3033252688106991,4.8153354802622985,2.938789235688799
103.972668126199,1.36261127984092,5.2464573980218,0.8431272562797005,3.4675408529343024,0.6552835543612012,4.628709504232198,2.96822371316584
103.972668126199,1.38772671386551,5.214162520504299,1.2764553027479018,3.1786982519135023,1.0465982957281987,3.4870534134520987,2.8405935568692002
103.972668126199,1.38853688915663,5.246498286773999,1.9858739089151989,2.9840665110556976,0.683423105441797,3.9945579602051,2.9788839544783583
103.97347830149,1.33992637168967,6.481012069370301,2.9911754106687027,4.519162837198401,0.48351201469590066,4.175453033867598,3.7300630731601805
103.97347830149,1.34073654698079,6.290787890745502,2.880142811413201,4.4640488177366,0.33466276704919906,4.013431059553401,3.596614669299581
103.97347830149,1.3415467222719,6.0105453117439005,2.597944522355501,4.223176810153802,0.25449932703990186,3.756410073970901,3.368515209052801
103.97347830149,1.34235689756302,5.794458347715199,2.239946922045199,4.323799396873799,0.40629916551380063,3.975309770299301,3.34796272048946
103.97347830149,1.34316707285413,5.635331007079799,2.0720821319626985,4.144470274168501,0.7575645300360989,3.943301308010401,3.3105498502515
103.97347830149,1.34397724814525,5.5702282903335,1.9048290040093008,3.9833196667346975,0.9825910726046985,3.8605067177863006,3.2602949502936993
103.97347830149,1.34478742343637,5.437438188950697,1.9497022600110974,4.196187002682301,1.0978845162150002,3.820494348869399,3.300341263345699
103.97347830149,1.34559759872748,4.902524684177301,1.4005060719025018,4.0078652605885985,1.0377734720797989,3.972159521232502,3.0641658019961406
103.97347830149,1.3464077740186,5.822727745711397,2.2113844224526993,4.1812939105669,0.9213964515517006,3.9534837850479008,3.4180572630661197
103.97347830149,1.34721794930971,5.566685330267301,1.9744861222461019,4.472716599206599,0.8366573588189006,4.126623799169199,3.39543384194162
103.97347830149,1.34802812460083,5.468861380024801,1.4470017719189023,4.7261442648675,0.9192259862467012,4.772116378306798,3.4666699562729404
103.97347830149,1.34883829989195,6.432165820964901,1.8337949364469992,4.683568464370598,0.772096910759803,4.833508727613101,3.7110269720310805
103.97347830149,1.34964847518306,6.204721561101298,1.8763501344757003,4.304466866188502,0.9657248161798009,4.6373681075669,3.59772629710244
103.97347830149,1.35045865047418,6.199617488619499,1.9505979956237987,4.1659116382836,0.5756262614501999,4.832168067630601,3.5447842903215396
103.97347830149,1.35126882576529,6.1215504699415995,2.1533932030387,4.050385446149402,0.5855803957544019,5.159343755464697,3.61405065406976
103.97347830149,1.35207900105641,5.484818347744099,1.4113142457280006,3.7799314987979997,1.1626380133134013,5.204599568492803,3.4086603348152607
103.97347830149,1.35288917634753,6.5270139389607,1.397892174868499,3.7767612540524986,1.179430517980002,5.290080957686101,3.63423576870956
103.97347830149,1.35369935163864,6.149506032814898,1.2994577190044012,3.8470189634202008,0.5985013977562019,5.124518297219698,3.40380048204308
103.97347830149,1.35450952692976,4.883914388932197,0.5151491810560991,3.6591052496494996,0.29465241996340197,4.958184025300302,2.8622010529803
103.97347830149,1.35531970222087,5.1921487355966995,1.1904825242648975,3.972193602592501,0.47215083955450154,5.107545121936699,3.18690416478906
103.97347830149,1.35612987751199,4.930011768222101,1.0081194237878996,4.0558757915969,0.5335670433621971,5.024648092534601,3.11044442390074
103.97347830149,1.35694005280311,5.217050148118201,1.348032108946601,3.975820636731701,0.563737044146901,4.8081530219307,3.1825585919748205
103.97347830149,1.35775022809422,5.729001501642902,1.568169414171802,4.1381218651822,0.5370760611908985,4.8556215034973995,3.3655980691370404
103.97347830149,1.35856040338534,5.041418419833597,0.8972065973401975,3.9590432064265,0.3116104292500985,4.956340330237101,3.033123796617499
103.97347830149,1.35937057867645,5.785146458614399,0.8511167864459992,3.841935504160702,0.05236663432959787,5.0958336197608,3.1252798006622995
103.97347830149,1.36018075396757,5.432754139677403,0.571938203365999,3.7007407073188006,0.02050428456150044,5.155169192667902,2.976221305518321
103.97347830149,1.36099092925869,5.292431952127501,1.0013329720004975,3.7104782868833013,0.22201223985900143,4.863466460746999,3.01794438232346
103.97347830149,1.3618011045498,5.3113803549707015,1.151292025330502,3.6958211697816985,0.47866910566940035,4.6819747676563,3.0638274846817204
103.97347830149,1.36261127984092,4.7363847805088,0.6312159385736997,3.5993953881428986,0.8531659185732998,4.731291763641803,2.9102907578881
103.97347830149,1.3869165385744,5.6424657033672005,1.349686199127202,3.937137712051001,1.4508077858816968,2.7142961868693014,3.0188787174592804
103.97347830149,1.38772671386551,5.248725322235302,1.4372331206709994,3.0631012692491026,0.9980686478336018,3.518228534817201,2.8530713789612414
103.97347830149,1.38853688915663,5.369023233040398,2.109002492076698,3.261592971588101,1.0229020250880012,3.707598743136902,3.09402389298602
103.97347830149,1.38934706444775,5.4604659493701,2.2163393257828012,3.4105381935038004,1.171444846954902,3.972675986221301,3.246292860366581
103.97347830149,1.39015723973886,5.257010963859301,1.9788140560363026,3.3925884524509975,1.1504640233206977,4.313372925862602,3.2184500843059802
103.974288476781,1.33911619639855,6.508175301470001,3.0316844827086022,4.3146165476799005,0.2870821330413982,3.996756126962101,3.6276629183724003
103.974288476781,1.33992637168967,6.3649197631918994,2.9451141858660996,4.5378132181757,0.3173466755168022,4.0341672760986,3.63987222376982
103.974288476781,1.34073654698079,6.225448966725899,2.8416144719918996,4.5164459960816,0.18303058447270004,3.892754948653401,3.5318589935851
103.974288476781,1.3415467222719,5.783818942465601,2.508940357022702,4.169301624040898,0.10148171139870144,3.8774471588595,3.2881979587574803
103.974288476781,1.34235689756302,5.7344087150578,2.1950296558195994,4.114493972824697,0.37674134739849663,3.8924121724945984,3.2626171727190383
103.974288476781,1.34316707285413,5.376828302469299,1.9013804641686,4.1543470736143,0.8773128914524015,3.9139417084019996,3.24476208802132
103.974288476781,1.34397724814525,5.411337714944697,1.901490491690101,4.3295865040682,1.2351241391668992,3.8998146833878984,3.355470706651559
103.974288476781,1.34478742343637,5.5688459538454005,2.064880532090399,4.307834446885799,1.2013034840291006,3.8841520889525007,3.40540330116064
103.974288476781,1.34559759872748,5.407949010361701,1.9548928859590013,4.1026527281907015,1.0203610355156982,3.850718686729298,3.26731486935128
103.974288476781,1.3464077740186,5.580576864090698,2.2097336793470994,4.3050709409777,1.1542656451754993,3.8312456719561006,3.4161785603094197
103.974288476781,1.34721794930971,5.556975481474602,2.2107291359977985,4.395804398840397,1.2971010778062997,3.8436919134462997,3.4608604015130795
103.974288476781,1.34802812460083,5.620463814095203,2.1782364824934,4.485051349798702,1.334509010491299,4.0783891568549,3.539329962746701
103.974288476781,1.34883829989195,5.495031796826101,1.839344869479099,4.3638207212080005,1.2236846455416988,4.486411286437001,3.48165866389838
103.974288476781,1.34964847518306,5.843829345846302,1.878908050254303,4.210119643916201,1.0495452614438001,4.569606188318499,3.510401697955821
103.974288476781,1.35045865047418,5.6153003565252,1.7961786923985983,4.083983608487099,0.8977197328548989,4.9544513513786015,3.4695267483288794
103.974288476781,1.35126882576529,5.765000701197,1.708510074117001,4.1128244984037,0.7195892120070013,5.109510611788,3.4830870195025403
103.974288476781,1.35207900105641,5.2505462268483,1.321115053758298,4.0848685790845,0.7085358167215006,5.155925964781499,3.3041983282388196
103.974288476781,1.35288917634753,5.9572177527543,1.556952408158299,4.0364393877501,0.6715626984287972,5.0178654114866,3.448007531715619
103.974288476781,1.35369935163864,6.1193800681085015,1.4366589133394996,3.7475880882468005,0.4364490348400025,4.564599507988202,3.260935122504601
103.974288476781,1.35450952692976,5.4633449297027,1.2314261408989005,3.8648724985501026,0.44492250563899916,4.761744001155403,3.1532620151892212
103.974288476781,1.35531970222087,5.1409120597266025,1.017829199613601,3.8948480253354028,0.4494410691502999,5.182905190134498,3.137187108792081
103.974288476781,1.35612987751199,4.8026791437695024,0.7767241523145998,3.9456935442591003,0.5815753572125999,5.186524711397098,3.05863938179058
103.974288476781,1.35694005280311,4.5548968291171015,0.8492035645839984,3.8579683076468996,0.5958512841076988,5.086087778773102,2.98880155284576
103.974288476781,1.35775022809422,5.571467723450603,1.3689656999479993,4.126203380790301,0.4209163156300981,4.9343094445457005,3.2843725128729404
103.974288476781,1.35856040338534,5.6480783940601995,1.3665242050723982,4.034691468621499,0.3294051339630002,4.896952424245502,3.25513032519252
103.974288476781,1.35937057867645,5.471416367695301,0.9546349920492005,3.8503201079081,0.1554696591853002,4.946382565336101,3.075644738434801
103.974288476781,1.36018075396757,5.345785131171201,0.9751397862116988,3.8448195380798005,0.11899730990830193,4.8075906390666,3.0184664808875206
103.974288476781,1.36099092925869,5.2204261328516,1.2930344521804003,3.664286246847702,0.40431538792000055,4.5219835755464,3.0208091590692208
103.974288476781,1.3618011045498,5.2322077851112,1.3128015180703017,3.6212432170229008,0.672931582676302,4.336840455641699,3.0352049117044806
103.974288476781,1.36261127984092,5.357944467868499,1.3552992416727996,3.8660447336878008,1.0302511468644013,4.3710434540682,3.19611660883234
103.974288476781,1.36342145513203,5.2641935332502,1.085019415243302,3.6317504747313976,1.0467934424779024,4.374175316648699,3.0803864364703
103.974288476781,1.38610636328328,5.972279271002499,1.3652444994371002,3.662383049422502,1.1954940939649994,1.909826266357399,2.8210454360368997
103.974288476781,1.3869165385744,5.4201108150442,1.554153649836799,3.804426971142803,1.224999388486502,2.849909027140299,2.9707199703301206
103.974288476781,1.38772671386551,5.6751100428495995,1.6509402951998986,3.763425396919999,1.6701901389333003,2.704558079372802,3.09284479065512
103.974288476781,1.38853688915663,5.644888535505903,2.1385952947297007,3.8601936175363,1.9343065652054001,2.918499447414799,3.2992966920784204
103.974288476781,1.38934706444775,5.4877008519890005,2.0993750375591986,4.009817471441902,1.5749973622496007,3.4838377086724,3.3311456863824205
103.974288476781,1.39015723973886,5.5115195256225,1.857348591953997,3.6005322948005016,1.4532164242146983,4.0273428665365,3.2899919406256393
103.974288476781,1.39096741502998,5.422173061368401,1.9374025757742004,3.5473787413307996,1.4940789383263002,4.328144659973098,3.34583559535456
103.975098652073,1.33911619639855,6.047506669515098,3.0755090261394002,4.225957526939101,0.21851464448549862,3.852167742248202,3.48393112186546
103.975098652073,1.33992637168967,6.0428833433368006,2.6187116986464005,4.1090991658345,0.8370697675645999,3.931154392202103,3.507783673516881
103.975098652073,1.34073654698079,6.0806709287865,2.5703817650794,4.152310136270803,0.7285598218993989,3.944076313532701,3.4951997931137604
103.975098652073,1.3415467222719,4.9886024661389,1.881595146632499,3.732750826622297,0.29212503010390023,3.8664111903249996,2.9522969319645194
103.975098652073,1.34235689756302,5.571426990303799,2.1734506642790983,3.8255696312848997,0.1485151250745993,3.7139824350288,3.0865889691942394
103.975098652073,1.34316707285413,5.480131529866799,2.112599998181601,4.055720280928803,0.7105709926553985,3.7305138174173997,3.2179073238100004
103.975098652073,1.34397724814525,5.400228106006299,2.042954863337698,4.347439724957599,1.0725305699124021,3.8601026029991985,3.3446511734426396
103.975098652073,1.34478742343637,4.998297731277102,1.782678949896301,4.3061436524975,1.1899816225654014,3.9385217137173,3.243124733990721
103.975098652073,1.34559759872748,5.568645408247299,2.2258031811129975,4.4091323902271,1.1725027037557005,3.8518613934133015,3.44558901535128
103.975098652073,1.3464077740186,5.606357127978701,2.121941523645699,4.376256499510198,1.1987096685587986,3.8366757681787007,3.4279881175744196
103.975098652073,1.34721794930971,5.2382618683401,1.9382578548093008,4.252702093420599,1.2911366444769996,3.866230631761802,3.3173178185617602
103.975098652073,1.34802812460083,5.294611592147202,2.020824447591,4.360870534789999,1.2926255212267002,4.0179319682771,3.3973728128064002
103.975098652073,1.34883829989195,5.187335245123698,1.8585001471967004,4.2228906836236,1.0558325379027984,4.347723332008101,3.3344563891709798
103.975098652073,1.34964847518306,5.514574753686201,1.7225644456654017,4.131304950842001,0.9091500350702972,4.437449191017901,3.3430086752563604
103.975098652073,1.35045865047418,4.671528022557201,1.2075575312466,3.6872175074358005,0.9912828063697994,4.662916639029401,3.0441005013277604
103.975098652073,1.35126882576529,4.9063529322212,1.6091584249055018,3.8509460608932997,0.9364762111015992,4.590401440665001,3.1786670139573205
103.975098652073,1.35207900105641,5.313294336247299,1.7452840195040977,3.996976318826402,0.7282379271618993,4.7311802582553995,3.3029945719990197
103.975098652073,1.35288917634753,5.8144160585112985,2.0385512990173,4.0316080043272,0.7658085018619012,4.539434536171797,3.437963679977899
103.975098652073,1.35369935163864,5.208386890364398,1.7126564353456004,3.7712554726761987,0.6959816052438974,4.143741713563799,3.1064044234387787
103.975098652073,1.35450952692976,5.277873587810198,1.602053085445597,3.8404202457147,0.3973819512908001,4.155854671064102,3.0547167082650795
103.975098652073,1.35531970222087,4.671018868764797,0.9483753204459013,3.657709823424998,0.17476573411629914,4.771853771182098,2.8447447035868185
103.975098652073,1.35612987751199,5.3293064104931,1.3482187704317994,3.7978689614748973,0.229602677695798,4.936268751788898,3.1282531143768986
103.975098652073,1.35694005280311,4.891006847330502,1.1559560152143007,3.9429477906480983,0.6787631503910987,4.850147081408501,3.1037641769985003
103.975098652073,1.35775022809422,5.064116768813101,1.2630999540149013,4.0780464918757,0.6068032738421003,4.817292513369001,3.1658718003829605
103.975098652073,1.35856040338534,5.137369718354801,1.1091528896686,4.750633126896101,0.49705389677810174,4.878093381182602,3.274460602576041
103.975098652073,1.35937057867645,5.592051192618197,1.1598986616454994,3.934374438502598,0.3017441372772005,4.825482530434201,3.162710192095539
103.975098652073,1.36018075396757,5.182042641730803,1.270107157208301,3.8746528226715,0.2514629622260003,4.578354688434899,3.0313240544543008
103.975098652073,1.36099092925869,5.048243470499703,1.357194698811501,3.7752016017930003,0.4966471487763009,4.2885213241189994,2.9931616487999007
103.975098652073,1.3618011045498,5.006124040763499,1.3428703038731022,3.8757455092728,0.6710535758079992,4.1938131728167996,3.01792132050684
103.975098652073,1.36261127984092,5.052745675004502,1.5075567923533022,3.797075005219,1.1594704991676004,4.101622247050301,3.123694043758941
103.975098652073,1.36342145513203,5.194263661314999,1.4873183421909992,3.961814169420002,1.1621781086799992,4.103730246818699,3.18186090568494
103.975098652073,1.36423163042315,5.1243682597669,1.2222402911229011,3.7241453316378994,1.077296122624599,4.291635865413902,3.0879371741132404
103.975098652073,1.36504180571427,5.049207710188501,1.0628854489259005,3.4979307682223997,0.9866571703269997,4.2569306313664015,2.9707223458060406
103.975098652073,1.36585198100538,4.9073842412872,0.8561099409048012,3.2324723224418968,0.8828028397116015,4.159332093523503,2.8076202875738003
103.975098652073,1.37314355862543,5.278218422814703,1.9635567232283009,3.671820492838499,1.5390794698661026,3.3498343236083983,3.160501886471201
103.975098652073,1.37395373391654,5.194122058171303,1.4574731436808008,2.955047169892797,1.0653213388400005,2.841863787754601,2.7027654996679003
103.975098652073,1.37476390920766,5.447331820083601,1.456577496867201,2.7972853227539005,0.8291292601386999,2.4812071387938985,2.60230620772746
103.975098652073,1.38448601270105,5.665059106434899,1.1429605540212968,2.9179305568848015,1.1615572246898012,1.2085852597655986,2.4192185403592794
103.975098652073,1.38529618799217,5.687405423215701,1.266761550958897,3.1721164340957024,1.3479070318600002,1.1491877584685994,2.52467563971978
103.975098652073,1.38610636328328,5.607706030938999,1.9104911015805968,3.6855804605859994,1.131271776963601,2.289605009792801,2.9249308759723993
103.975098652073,1.3869165385744,5.6771296053199976,1.750188373876501,3.9091652058241024,1.2369056246308006,2.321639594197599,2.9790056807698
103.975098652073,1.38772671386551,5.847577804931699,1.2010853262736028,3.6085427590558012,2.456148983274602,1.9897949288600998,3.020629960479161
103.975098652073,1.38853688915663,5.681605265442101,1.6660662254050997,3.8350753731102003,2.3189990723664025,2.5377951007757993,3.2079082074199206
103.975098652073,1.38934706444775,5.164406594938303,1.4399729871939009,3.807896563703597,1.912251031617,3.194206062459301,3.1037466479824203
103.975098652073,1.39015723973886,5.4972673702921995,1.6302638707876014,4.009281797714799,1.9717504563396986,3.5883606995307,3.3393848389329994
103.975098652073,1.39096741502998,5.5840991344927,2.741118563385399,3.6795776047868998,1.7740279382654016,3.9723521601968983,3.55023508022546
103.975098652073,1.39177759032109,5.319391394857501,2.0508339081665987,3.529749655172502,1.5456611510338014,4.374112328287801,3.3639496875036405
103.975908827364,1.33830602110744,6.163010961766897,2.7803728311521,3.831857703120601,0.01717477117919941,3.3420899536980997,3.2269012441833795
103.975908827364,1.33911619639855,5.986618801652799,2.635247818810601,3.5632278545195,0.6990072142470005,4.123008828077001,3.4014221034613805
103.975908827364,1.33992637168967,5.9952896739251,2.0915595417466015,3.2338211012326994,1.7805680188801993,4.2884042091257015,3.4779285089820604
103.975908827364,1.34073654698079,5.990117633654801,2.0227611834202968,3.2842822563792993,2.0112815244887017,4.305461211308,3.52278076185022
103.975908827364,1.3415467222719,4.9643427318933995,1.6492292042323982,3.502742235236898,1.1389069757487,4.150637370408198,3.0811717035039186
103.975908827364,1.34235689756302,5.4673030148176025,1.9671692019648006,3.9524846077137994,0.09848428626170147,3.5935740279010027,3.0158030277317813
103.975908827364,1.34316707285413,5.409867522753402,2.1687510643909,3.875073571204002,0.7889616046550003,3.419843294250601,3.132499411450781
103.975908827364,1.34397724814525,5.159416289064502,2.308566206141901,4.191346356253899,1.2170715531955025,3.590050082968201,3.293290097524801
103.975908827364,1.34478742343637,5.697911338890201,2.352862515894099,4.347716383915699,1.1780019865789981,3.6927844477019995,3.4538553345961995
103.975908827364,1.34559759872748,5.7429486877176,2.2819496447846,4.269867126831102,1.1240279301079994,3.7779697424038012,3.4393526263690206
103.975908827364,1.3464077740186,4.877437339772001,1.6488492463532012,4.157281554551901,1.229059360365099,3.9913815239281014,3.1808018049940605
103.975908827364,1.34721794930971,5.031971286211601,1.773748896952,4.2773853017307,1.276099974738198,4.049387151225599,3.2817185221716194
103.975908827364,1.34802812460083,5.2794795031147,1.943536609353398,4.381502989687302,1.100056590515102,4.1167001135033985,3.36425516123478
103.975908827364,1.34883829989195,5.441956949248599,1.8681235330423966,4.276443483721302,0.9601223096158016,4.214970757012701,3.3523234065281597
103.975908827364,1.34964847518306,4.9356825636164,1.2003060896908018,4.095492033283698,0.819240392142099,4.6671341734178995,3.1435710504301797
103.975908827364,1.35045865047418,5.083673262782799,1.7672026293868015,4.0756815689079,1.1039414456705998,4.5337397959049,3.3128477405306
103.975908827364,1.35126882576529,5.050664937987399,1.9083864854564005,4.0094337116257,1.3187448970159998,4.4746229418909,3.3523705947952798
103.975908827364,1.35207900105641,5.134064452065299,1.911294964875303,3.7691833394646004,1.1011628256480002,4.4590151473279,3.2749441458762205
103.975908827364,1.35288917634753,4.942566636207399,1.9412542976968012,3.854894161581999,1.0771477123312998,4.024549462687801,3.16808245410106
103.975908827364,1.35369935163864,4.9396862866056,2.057292864228799,3.5503882122137007,0.9275488073048983,3.821660257165302,3.05931528550366
103.975908827364,1.35450952692976,5.0711411610481,1.9777807116803992,3.459892256052001,0.8714493443876989,3.8858297186997994,3.0532186383735995
103.975908827364,1.35531970222087,5.451196975545802,2.3512779046553014,3.7772187037367004,0.8925258605874014,4.0860981550689,3.311663519918821
103.975908827364,1.35612987751199,5.2192214010935984,1.9230143645236986,3.6951573518493994,0.9130831702960016,4.5329746373631,3.2566901850251595
103.975908827364,1.35694005280311,5.104930060691402,1.5339680506121987,3.7301318703473,0.8158541826904013,4.503979572190101,3.1377727473062804
103.975908827364,1.35775022809422,4.407623526767701,0.8106541816990998,3.7304634758489,0.7845044856195997,4.707921202996001,2.8882333745862603
103.975908827364,1.35856040338534,4.7664813191716995,1.0122470252612992,4.001442792007399,0.7517326216325984,4.626212109795901,3.0316231735737795
103.975908827364,1.35937057867645,5.109489903912799,1.2763816023262997,4.1298219088020005,0.6336261278874993,4.720466771722201,3.17395726293016
103.975908827364,1.36018075396757,4.9333466928374,1.1054321138762013,3.5952145178872996,0.44681190250529923,4.465448737575297,2.9092507929362994
103.975908827364,1.36099092925869,4.7315390444349,1.3784683005424014,4.054528500857103,0.7622278336529007,4.250680299561502,3.035488795809761
103.975908827364,1.3618011045498,5.0522572659600975,1.4646721505106015,3.9940632210173987,1.103459320569101,4.174385595979299,3.1577675108072993
103.975908827364,1.36261127984092,4.5858856170361015,1.2972590957035983,3.8612248594933014,1.3833420997010997,4.168672831414,3.0592769006696203
103.975908827364,1.36342145513203,4.996909314874703,1.7777165366015986,4.000348354914401,1.521839232709599,4.056120670369399,3.2705868218939402
103.975908827364,1.36423163042315,5.027547541199603,1.8044695878454,3.8893662383276997,1.3728622497417007,3.8807598641035987,3.1950010962436
103.975908827364,1.36504180571427,4.8542974509012,1.1830372775928986,3.7022327379693003,1.2644048696054995,4.1840167638585015,3.03759781998548
103.975908827364,1.36585198100538,5.0195301823743,1.0904090916755003,3.6704091636826988,1.0654468934367998,4.093791566977998,2.9879173796294594
103.975908827364,1.3666621562965,4.870099869407699,1.0904100528382017,3.4483718628184015,1.145034043766401,3.9283819099173023,2.8964595477496013
103.975908827364,1.36747233158761,4.7451296544032004,1.0355204992256013,3.3526388309733015,1.2942191460636003,4.9756789038086,3.0806374068948608
103.975908827364,1.37314355862543,5.3050193638663,2.453657117766401,4.028142607286199,1.9512145130217995,3.2106196454061013,3.38973064946936
103.975908827364,1.37395373391654,5.186638847549801,2.1826887725760997,3.7964001101119003,1.6650337967158997,2.7178794823812,3.10972820186698
103.975908827364,1.37476390920766,5.349095421060198,1.6683865942063,3.111728815811201,1.1372848223876986,2.7121483889008005,2.79572880847324
103.975908827364,1.37557408449877,5.3863140335137025,1.4215824016289993,2.602002933817502,0.4797112742615006,2.5101436872558978,2.4799508660955203
103.975908827364,1.38286566211882,5.5563819532827985,1.1775219564562995,2.833756277119999,1.1073692770947972,1.8416881799316016,2.503343528777099
103.975908827364,1.38367583740993,5.832926908418099,1.1983766844195998,2.9990941437988,1.0920134907352015,1.6800028229631998,2.56048281006698
103.975908827364,1.38448601270105,5.731824449596498,1.279028062790001,3.2180401083079992,1.3496122606086978,1.6605322260878026,2.6478074214781997
103.975908827364,1.38529618799217,5.107357346530403,0.7537505038017969,3.098248551125799,1.4259744190423973,1.8683374003499011,2.4507336441700596
103.975908827364,1.38610636328328,5.729751362251399,1.7428779769380007,3.6325783516310004,1.0832205607380025,2.314956499891501,2.9006769502899807
103.975908827364,1.3869165385744,5.719298244244399,1.7861465068925,3.865797055053701,1.3076534231456982,2.1685101712375,2.9694810801147598
103.975908827364,1.38772671386551,5.796561716922302,1.2025222420586026,3.552525317816798,2.4267417976064998,2.234813409274601,3.0426328967357605
103.975908827364,1.38853688915663,5.587801475445598,1.6916345912678992,3.908879254227301,2.2416697694612004,2.612477057142499,3.2084924295088997
103.975908827364,1.38934706444775,5.4439351808449,1.6209054721069016,3.759565033422998,2.7431952962555,3.1090578066270993,3.33533175785148
103.975908827364,1.39015723973886,5.554830456366702,1.5834048564452985,3.8964834204258985,2.199054416463799,3.4111931137016995,3.3289932526806796
103.975908827364,1.39096741502998,5.667957884939799,2.062750320129698,4.0470596538214,1.9050494889258012,3.696171367689299,3.4757977431011993
103.975908827364,1.39177759032109,5.313710007641898,2.1135512600827973,3.627461873679099,1.4996296759335017,4.380986293389199,3.387067822145299
103.975908827364,1.39258776561221,4.7160633230384015,1.9412555289307,3.0078982917024994,1.2158789990600987,4.049566365834401,2.9861325017132203
103.976719002655,1.33830602110744,5.910242719186499,2.3655168089152028,3.3670015555856985,0.24933372030199763,3.5287605097920007,3.0841710627562797
103.976719002655,1.33911619639855,5.738477565658201,1.7963023641164,2.6692923034535987,1.7104181570094994,4.302156445557898,3.2433293671591192
103.976719002655,1.33992637168967,5.411397614961199,1.1200114110478019,2.179190996850398,2.806443039998399,4.560603634802199,3.2155293395319995
103.976719002655,1.34073654698079,5.781667933256202,1.5538016907879992,2.6233150295110015,2.6222165321926987,4.697469241771202,3.4556940855038207
103.976719002655,1.3415467222719,5.368212583285398,1.3463390423912998,2.604097199773399,2.5326581153971013,4.520176042165801,3.2742965966026
103.976719002655,1.34235689756302,5.1705436235242,1.225583997335999,2.9500576903046003,1.5119515233153997,4.297765662240401,3.03118049934412
103.976719002655,1.34316707285413,5.545681107202402,2.009922140208399,3.7524263806331994,0.04904142834470093,3.6975034006869976,3.0109148914151396
103.976719002655,1.34397724814525,5.574692081177901,2.462649492692801,3.995328151269799,0.8814944983859974,3.2828000972395017,3.2393928641532
103.976719002655,1.34478742343637,5.6699085846437,2.5429860096054,4.0643002716152985,1.0367820929768996,3.4444945491593018,3.35169430160012
103.976719002655,1.34559759872748,5.696895647648301,2.265368438007801,4.086878143545601,1.0491342147691007,3.776239602399798,3.3749032092741205
103.976719002655,1.3464077740186,5.4606052894095995,1.829724397634898,4.095502812680799,1.0807444186061979,4.055845369220101,3.304484457510319
103.976719002655,1.34721794930971,5.199127516401997,1.9357541822430981,4.2972677130489,1.0729013453939977,4.124342388229298,3.325878629063458
103.976719002655,1.34802812460083,5.458457320197599,1.927275918354301,4.421045712619399,0.9323151542995021,4.3505015207243005,3.4179191252390204
103.976719002655,1.34883829989195,5.5898096750464,1.730686779705998,4.0554543257884,0.7910007546589988,4.346324624565902,3.30265523195314
103.976719002655,1.34964847518306,6.064143535182101,1.872394722062701,4.1354901657797996,0.686277591308599,4.603678592462799,3.4723969213592
103.976719002655,1.35045865047418,4.234437831848599,1.0910477547067998,3.8747676735242997,1.0694285134633006,4.663018679580599,2.9865400906247195
103.976719002655,1.35126882576529,4.939776470048898,1.5884985736701012,3.888815746701198,1.039668094050601,4.5418155062058005,3.1997148781353197
103.976719002655,1.35207900105641,4.6540183250304,1.682743047636599,3.9124887649184004,1.0927097413226008,4.257065587468002,3.1198050932752004
103.976719002655,1.35288917634753,5.254957238532999,2.120920316174601,3.808386879254101,1.048039477198902,4.1372923999843,3.2739192622289806
103.976719002655,1.35369935163864,5.283747014846,2.135302566385601,3.8863535258408,1.0320652657155023,4.083725210761202,3.284238716709821
103.976719002655,1.35450952692976,4.8630564167362,1.7547566029842017,3.5325832306733993,1.048966161906101,3.969589093382698,3.03379030113652
103.976719002655,1.35531970222087,5.5234071613358005,2.6140801656283017,3.780586157459201,1.1882829967191988,4.105216945812099,3.44231468539092
103.976719002655,1.35612987751199,5.3600919161027,2.114210231104,3.9346593700957975,0.8766412387554006,4.363876109037502,3.32989577301908
103.976719002655,1.35694005280311,4.906568294993303,1.5232462748977014,4.0103285188973,0.7458056034156009,4.655299998333803,3.1682497381075416
103.976719002655,1.35775022809422,3.9679978550149,0.7721461820700988,3.7988100215013,0.9826319247648989,4.745230887486397,2.853363374167519
103.976719002655,1.35856040338534,4.9442030933523995,1.294271810528798,3.9876623381139,0.952055813727597,4.260645485208602,3.0877677081862593
103.976719002655,1.35937057867645,5.012547445286099,1.3721841289289003,4.067353874891701,0.9570154203728016,4.3199255843505,3.1458052907660004
103.976719002655,1.36018075396757,5.1695962831363005,1.6953710297838995,4.099600629028799,0.8801928672349995,4.2773257528613975,3.2244173124090794
103.976719002655,1.36099092925869,5.2379189164787014,1.610679120793801,4.1061994724001,0.8142885158799018,4.263353959698097,3.2064879970501203
103.976719002655,1.3618011045498,4.449289593871299,0.9196959235449995,3.7044716913746,1.176341144005299,4.3682803320164005,2.9236157369625198
103.976719002655,1.36261127984092,5.176204506318598,1.7627486169369,3.9519015268509,1.279418753961,4.139624599329,3.26197960067928
103.976719002655,1.36342145513203,5.199475792663797,1.8914580534724017,4.1063016210589005,1.3886387063868,3.9417742513804015,3.30552968499246
103.976719002655,1.36423163042315,5.110972547046,1.8508504113393975,4.0269549250844,1.4376196545955011,3.908476555341,3.26697481868126
103.976719002655,1.36504180571427,4.955229828489099,1.4583832875854021,3.8189541530597992,1.2327078471970978,4.9450979984945,3.2820746229651796
103.976719002655,1.36585198100538,4.2185796725967,0.8588572765249012,3.8740721461226997,1.3774104535367009,4.673515561035199,3.0004870219632402
103.976719002655,1.3666621562965,4.9544391052222,1.5266227893459998,4.057246202460398,1.3774752481591008,4.3577819807129,3.2547130651801197
103.976719002655,1.36747233158761,5.033593157867298,1.0898287989809994,3.732471888602099,1.1824781879038007,3.580034710723897,2.923681348815619
103.976719002655,1.36828250687873,5.2353698844414005,0.9547092800221968,3.3720625599803995,1.2121283923666013,2.923286083862301,2.73951124013458
103.976719002655,1.37314355862543,5.1855096687916,2.488031611577,4.025270501693701,1.8278027672009003,3.393934930847198,3.3841098960220797
103.976719002655,1.37395373391654,5.405123146835702,2.555726411372902,4.259620184760202,1.9963343449843016,3.1712213737115,3.4776050923329214
103.976719002655,1.37476390920766,5.357760551239,2.001138874169598,3.765555639499201,1.4308301360067013,3.2221132484672985,3.1554796898763597
103.976719002655,1.37557408449877,5.497266831234601,1.941510694719998,3.0467100997976004,0.7441531731185975,2.904845211639401,2.8268972021020398
103.976719002655,1.37638425978989,5.4048970735853,1.812755064042502,2.706731677978503,0.28950786737059886,2.2766568781737995,2.4981097122301406
103.976719002655,1.38124531153659,5.786625221894099,1.3529283438201993,2.142952320597299,0.8911368317206012,1.2788906113281016,2.29050666587206
103.976719002655,1.3820554868277,5.283473568445398,0.9970166081416991,2.1969418399861986,0.9344574576313001,1.4542587694294973,2.1732296487268186
103.976719002655,1.38286566211882,5.578589453543099,1.3604027575260993,2.6963833526791987,0.9853737352793992,1.844589385145401,2.4930677368346394
103.976719002655,1.38367583740993,5.525038727809402,1.385050733935099,3.2496861418502014,1.072911537858701,1.928723106106201,2.632282049511921
103.976719002655,1.38448601270105,5.680939253901901,1.4161389907166004,3.2506351369674,1.2537675699718989,1.8002244152967997,2.68034107337092
103.976719002655,1.38529618799217,5.740000893560598,1.2968020394493003,3.230472445198803,1.2726677978254983,1.823005206013999,2.6725896764096397
103.976719002655,1.38610636328328,5.781009496149402,1.495037006060599,3.3527679352619018,1.4054949370782985,2.103034019504097,2.8274686788108596
103.976719002655,1.3869165385744,5.841946888813801,1.6536790499561,3.577239505380099,1.5485856860885008,2.045588319430898,2.93340788993388
103.976719002655,1.38772671386551,5.364857868297602,1.0420384331054997,3.349372284441902,1.8126494319029014,2.5001543973795997,2.8138144830255007
103.976719002655,1.38853688915663,5.630458194390798,1.707060359981,3.7667793569580006,2.123098490794902,2.717955576646599,3.1890703957542597
103.976719002655,1.38934706444775,5.612875584930698,1.8142478916354996,3.8784829841110984,2.7722878408156006,2.9770225198160993,3.4109833642617993
103.976719002655,1.39015723973886,5.704561712237499,2.0888998512437986,3.9900630926646983,2.368834782910799,3.2305430437012,3.476580496551599
103.976719002655,1.39096741502998,5.7650442008384,2.1312222888522996,4.0166514229374,1.9656377605700968,3.604383307251002,3.4965877960898397
103.976719002655,1.39177759032109,5.576865626322299,2.222452548552301,3.8259171430064,1.5063523456327026,4.1699114657660985,3.46029982585596
103.976719002655,1.39258776561221,4.975877515159301,1.9291314905667,3.3230413679546977,1.1973955062489985,3.860977790033399,3.0572847339926192
103.977529177946,1.33749584581632,5.914352486403899,2.614019216533599,3.3123772811776995,0.3717498294677988,3.0273965671417997,3.0479790761449594
103.977529177946,1.33830602110744,5.9033480074353015,2.2568835774576996,2.9606270354595026,0.6913360189480002,3.6871726043910975,3.0998734487383204
103.977529177946,1.33911619639855,5.664283826192001,1.5193978637764012,2.354038848112399,2.5059014979044996,4.116220256315298,3.23196845846012
103.977529177946,1.33992637168967,5.240867022730402,0.8889267739176994,1.9425585173183002,2.939457466471403,4.736533941003099,3.1496687442881806
103.977529177946,1.34073654698079,5.285973675109503,1.2082128527998997,2.2251117301719,2.555893632846402,4.6601852235639,3.187075422898321
103.977529177946,1.3415467222719,4.997255858683602,0.9009837553962008,2.3675421771257987,2.3999980576307998,4.722502795423001,3.0776565288518802
103.977529177946,1.34235689756302,5.059287645275699,0.7763329498238996,2.357899737429399,2.1451290880804983,4.866597866572501,3.0410494574363995
103.977529177946,1.34316707285413,5.459751102213101,1.6398874570865019,2.8523529154451985,1.1165949975722,4.398961938536299,3.09350968217066
103.977529177946,1.34397724814525,5.614029291203,2.0325395014364,3.7101570857294988,0.1546695394964992,3.9314895262373,3.0885769888205394
103.977529177946,1.34478742343637,5.733190267027602,2.3566517108745018,4.0845762060321,0.7419773063693995,3.6248554177504992,3.3082501816108207
103.977529177946,1.34559759872748,5.3904270760315995,1.917639670372001,3.7900146123815013,0.7452850533312017,3.7747694961222003,3.123627181647701
103.977529177946,1.3464077740186,5.005942754377301,1.137018860085501,3.4911886958912,0.5273603692424018,4.084470118436499,2.8491961596065805
103.977529177946,1.34721794930971,5.908886326041099,2.082893344093801,4.0619805902823,0.5758186057842991,4.207510259084799,3.3674178250572595
103.977529177946,1.34802812460083,5.813795800523298,1.9506693860725015,4.079712847285499,0.5227168536716,4.506667550844,3.3747124876793797
103.977529177946,1.34883829989195,6.8187231702485,2.2674030354449,4.0385215731608,0.4041002240367,4.4726986011351,3.6002893208052003
103.977529177946,1.34964847518306,6.652686407634299,2.1228794618149003,4.072420778965597,0.44519154580759945,4.567810567455602,3.5721977523355997
103.977529177946,1.35045865047418,5.273171461813501,1.4200327403181987,3.8840729995624983,0.8028847775433015,4.668374724886,3.2097073408247
103.977529177946,1.35126882576529,5.3419042550021985,1.5996932012946985,4.036071023703499,0.9076233736069987,4.534791336899801,3.284016638101439
103.977529177946,1.35207900105641,5.371561678519299,1.8728463916624989,3.9386398612476015,0.9333481511554993,4.288462241435699,3.2809716648041194
103.977529177946,1.35288917634753,5.212108588476102,1.9565748471830986,3.915673166229599,0.8409211333721984,4.167338589719201,3.2185232649960396
103.977529177946,1.35369935163864,5.662595801176099,2.201925748430302,3.8219013370813,0.7775206764459988,4.246749609440698,3.3421386345148796
103.977529177946,1.35450952692976,6.1891120882864,2.2785566268990998,3.573001708890203,0.7500233071067015,4.166509432980799,3.3914406328326407
103.977529177946,1.35531970222087,5.521664171871198,2.189308947101299,3.815716775138,0.9232598460324013,4.062181457549698,3.3024262395385193
103.977529177946,1.35612987751199,5.5725137194080006,2.1042838201862004,4.092600472318402,0.9787020010627998,4.4612730143274,3.4418746054605607
103.977529177946,1.35694005280311,5.669561338942799,2.1382874979695004,4.433151414851299,0.9643604617941008,4.969755838614901,3.63502331043452
103.977529177946,1.35775022809422,5.5313615745746,1.9912677153084992,4.296635210126798,0.9617042009464001,4.526181692453598,3.461430078681979
103.977529177946,1.35856040338534,5.476733902497401,1.943225685049601,3.9384194863780984,1.0594405331587993,4.192672051043399,3.3220983316254595
103.977529177946,1.35937057867645,4.726744727861398,1.4086966511637975,3.7851690029341007,0.9229706489242986,4.241829011584301,3.017082008493579
103.977529177946,1.36018075396757,5.088799382741399,1.5772668961954004,4.063149756571001,0.8735937565105978,4.248657677319301,3.17029349386754
103.977529177946,1.36099092925869,5.258720125519602,1.3690586466243992,3.857316416051802,0.7189349477158018,4.512491657446002,3.1433043586715215
103.977529177946,1.3618011045498,4.9988561419968,1.378189780080202,3.6200949006256984,1.1293881319052979,4.4769878179853,3.1207033545186595
103.977529177946,1.36261127984092,5.304226548530401,1.4926991447623976,3.6535048282561,1.2111221294239982,4.433812914730698,3.219073113140719
103.977529177946,1.36342145513203,5.6692673974669,1.6070993565774003,3.820085620519599,1.2757805870304004,4.136675529328802,3.3017816981846204
103.977529177946,1.36423163042315,5.184210685074799,1.873252400184203,4.056660086056102,1.5123392916364011,3.954295187503501,3.316151530091001
103.977529177946,1.36504180571427,5.2182483621039,1.6343648219445015,4.153794497705601,1.3542807861602029,3.7823270830756,3.228603110197961
103.977529177946,1.36585198100538,5.0427023469807,1.4482903105187006,4.010733516556403,1.297935736406,3.4456384742025,3.049060076932861
103.977529177946,1.3666621562965,4.757393541522099,1.318082909019001,3.9878977364275983,1.1208377663357005,3.4249057132704017,2.92182353331496
103.977529177946,1.36747233158761,5.266547848896803,1.275238834092498,3.975717958469499,1.0505553734437996,2.9114134139811014,2.89589468577674
103.977529177946,1.36828250687873,5.688491193407799,1.3144481835910007,3.5941246598136978,0.8911217453152993,2.092013627644903,2.71603988195454
103.977529177946,1.37233338333431,5.4794479667727,2.7718356190412976,3.9408996972249,1.7851130978394032,3.5525532015380996,3.50596991648328
103.977529177946,1.37314355862543,5.210147773750599,2.5047814216512023,4.041486804529299,1.8190696401773998,3.486097276095901,3.41231658324088
103.977529177946,1.37395373391654,5.386225407042399,2.449504141314801,4.026361683656997,1.651820939602299,3.460644220011403,3.39491127832558
103.977529177946,1.37476390920766,5.3004036562818015,2.0804073403398,3.944097692893699,1.4254199433051014,3.4172634837646,3.2335184233170002
103.977529177946,1.37557408449877,5.506713472075397,2.2703704181306,3.658026647442899,1.2371485629685992,3.266092846082902,3.1876703893400795
103.977529177946,1.37638425978989,5.212369964791403,1.737482903401201,3.0894178529194,0.7549712746242001,2.8567751421051,2.7302034275682607
103.977529177946,1.37719443508101,5.6528263990396965,2.243532313974299,3.208958776602401,0.7183001862866014,2.9514694433594,2.9550174238524796
103.977529177946,1.38043513624547,5.856598622734101,1.678462286951902,2.8309199898274997,1.0308526225765,2.276262497314498,2.7346192038809
103.977529177946,1.38124531153659,5.855671299710799,1.6671152408792977,2.466921100215199,0.7920825228239998,1.9758504169514985,2.5515281161161587
103.977529177946,1.3820554868277,5.331234017736001,1.4511376706999002,2.4796899738497977,1.080577677134702,2.0644048172336014,2.4814088313308007
103.977529177946,1.38286566211882,5.166076717027998,0.9974660241880002,2.4825553771113995,1.0869828974452993,2.129659088243301,2.3725480208031997
103.977529177946,1.38367583740993,5.529010362280701,1.6255092696600997,3.125789256419999,1.0294842547956016,2.2684733425563977,2.71565329714256
103.977529177946,1.38448601270105,5.5609909261401,1.8507262603352999,3.4269110020525986,1.1365239601507007,2.2900944726427,2.85304932426428
103.977529177946,1.38529618799217,5.525943374384198,1.1099466376477984,3.2258640558442018,1.0881872941520996,1.887577765204501,2.56750382544656
103.977529177946,1.38610636328328,5.1608456530312985,0.016869428629600947,2.8735081182965025,1.2875803709933997,1.7117618857422023,2.210113091338601
103.977529177946,1.3869165385744,5.742369677481101,0.8409227858050023,2.9861412069182016,1.658826434998801,1.8821286778971,2.6220777566200413
103.977529177946,1.38772671386551,5.803255323702,1.3723782650101022,3.3131025932617,1.6993947527926991,2.5506385730523,2.94775390156376
103.977529177946,1.38853688915663,5.794582421391102,1.8235594497839003,3.764861422263799,1.9326022049804017,3.0239880639513004,3.2679187124741005
103.977529177946,1.38934706444775,5.615597748978299,2.190558376632101,3.9801372282264005,2.533916343288503,3.4790719761148985,3.5598563346480403
103.977529177946,1.39015723973886,5.7048580303011995,2.312931328554498,4.1108005668053025,1.955468969773598,3.612646962280298,3.5393411715429792
103.977529177946,1.39096741502998,5.7958329327531,2.116477441193801,4.137540142377102,1.7906043865102994,3.573313665730801,3.482753713713021
103.977529177946,1.39177759032109,5.7577720666951,2.0267984627730975,4.069834665290799,1.6940755264472003,3.8188797054035994,3.4734720853219594
103.977529177946,1.39258776561221,5.402640985924599,1.9834743415154001,3.531359695941802,1.6770491720009986,4.411689303548201,3.4012426997862
103.978339353237,1.33749584581632,5.735900413588002,2.4320813201178986,3.2499515642978984,0.23941203307089864,2.9480753860304,2.9210841434210195
103.978339353237,1.33830602110744,5.850272697023602,2.049749796272099,3.037316133765401,1.0638461716308996,3.692113442699398,3.13865964827828
103.978339353237,1.33911619639855,6.138769445266103,1.7636203247681017,2.5928454921052015,2.5810572530652998,4.296039148185301,3.474466332678001
103.978339353237,1.33992637168967,5.476479750278401,1.286231599492698,2.4457161837644996,2.6354815403239016,4.706362382523199,3.31005429127654
103.978339353237,1.34073654698079,5.329265702815498,1.3050810509058017,2.770027062816702,2.2293573219129996,4.656783385937697,3.2581029048777395
103.978339353237,1.3415467222719,4.6889803917603,0.6422675721566016,2.3804722280478003,2.3650900053033013,4.8592860779891005,2.9872192550514205
103.978339353237,1.34235689756302,3.891149903336199,0.28438401817799885,2.0378726846,2.2013799923163972,5.204822141087199,2.723921747903559
103.978339353237,1.34316707285413,4.789178320176298,0.43358489817969925,2.3143518007158015,1.583028588256802,4.8242644215693,2.78888160577958
103.978339353237,1.34397724814525,4.849422720223998,0.892831439152399,2.6872216495480004,0.6898314420437011,4.685450174336797,2.7609514850609793
103.978339353237,1.34478742343637,5.365229175437598,1.4972497736325998,3.113117988642898,0.23144835734730052,4.4481792669459,2.9310449124012594
103.978339353237,1.34559759872748,5.416456750269802,1.5115355999674982,3.0950120458849,0.2493945524563017,4.310245114036903,2.916528812523081
103.978339353237,1.3464077740186,5.717571499889502,1.5701001617293002,3.0228228091317995,0.5579994410806997,4.406792434613298,3.0550572692889197
103.978339353237,1.34721794930971,6.2266034681101985,1.9036719408413987,3.4356834103054013,0.3031454200702015,4.5893966515887,3.29170017818318
103.978339353237,1.34802812460083,6.3496566849917,2.0946302414029994,3.705455968808799,0.06123605101560159,4.714325672959401,3.3850609238357
103.978339353237,1.34883829989195,6.601021164078702,2.253254911444703,3.6535215317202017,0.0486773069679991,4.634029778148598,3.438100938472041
103.978339353237,1.34964847518306,6.494670899244699,2.0514520144434023,3.8781453677918982,0.03921582903110021,4.771480389593702,3.4469929000209603
103.978339353237,1.35045865047418,5.955209861114099,1.7725185792433003,4.175609193792599,0.1482327261668992,4.687093290238398,3.3477327301110593
103.978339353237,1.35126882576529,6.0922879930412,1.9328340388097018,3.991843076887001,0.4279674449478996,4.653065400799498,3.41959959089706
103.978339353237,1.35207900105641,6.247823206640302,2.2158544194629997,4.0403750608459,0.6867680777803002,4.403305529616702,3.518825258869241
103.978339353237,1.35288917634753,5.845701376874601,2.1626231222972017,3.8134956738959005,0.5906713278671027,4.377997867984401,3.3580978737838416
103.978339353237,1.35369935163864,5.351536336732,1.8024774645652002,3.6580672984350997,0.5002244920421006,4.246056816048501,3.11167248156458
103.978339353237,1.35450952692976,5.845563871547,2.044141470321499,3.7132370228714997,0.7999115386815987,4.2215896048760975,3.324888701659539
103.978339353237,1.35531970222087,6.0243427130541,2.4752662238020022,4.1225157156499,1.0471691975649016,4.220829742398401,3.578024718493861
103.978339353237,1.35612987751199,5.868902533301,2.410700093003399,4.068972854752598,1.0520729551705976,4.6854419766224,3.617218082569999
103.978339353237,1.35694005280311,5.9663189385913,2.4540209127927994,4.583987009277301,1.0173095957666014,4.7970281501835,3.7637329213223003
103.978339353237,1.35775022809422,5.1257424636702,1.900422089157498,4.295940766972301,1.1591429174106977,4.556646766860798,3.407579000814299
103.978339353237,1.35856040338534,5.558773566419102,1.9482323760499014,4.321151119591999,1.1157399579313996,4.191087683747302,3.426996940747941
103.978339353237,1.35937057867645,4.4045686233687,1.3601981263080987,4.090490595504903,1.0794868897114007,4.233449145091701,3.0336386759969605
103.978339353237,1.36018075396757,5.121022926383102,1.7427304823774001,4.078684254837597,0.7701190202081989,4.218425220326903,3.1861963808266403
103.978339353237,1.36099092925869,5.3116396808995,1.5153282319327985,3.5305757436929994,0.7028470914661007,4.495929095130801,3.11126396862444
103.978339353237,1.3618011045498,5.216401006124098,1.7224468588187989,3.707178013486498,1.197965247079999,4.355393180681602,3.239876861238199
103.978339353237,1.36261127984092,5.505540937583,1.9159340365039021,3.9539783475658012,1.3102317768550016,4.282523751129599,3.3936417699274606
103.978339353237,1.36342145513203,5.5424394323929,1.677296994233,3.8690321237069973,1.2886518748826,4.706615397108298,3.416807164464759
103.978339353237,1.36423163042315,5.205315377557302,1.8334623013924976,3.8962422026808987,1.3448687152564993,3.993628616020999,3.254703442581639
103.978339353237,1.36504180571427,5.336230601493902,1.8766523195350011,4.065660304042201,1.2958985847965003,3.6545075800238997,3.245789877978301
103.978339353237,1.36585198100538,5.1424448888671,1.6782728696238998,4.0164090184551995,1.2751475215622996,3.5210219861789014,3.1266592569374803
103.978339353237,1.3666621562965,5.113562998632702,1.5825870644184974,4.019763681726499,1.0922398786694991,3.4290136854926025,3.0474334617879597
103.978339353237,1.36747233158761,5.547662685011002,1.5515728613037005,4.020495031066698,1.021911940206902,2.5785148605007997,2.9440314756178205
103.978339353237,1.36828250687873,4.793541720895298,1.0967099268249,3.8083997386544013,1.1490728345814993,2.1160200079074016,2.5927488457727
103.978339353237,1.36909268216985,5.1975149229995985,1.1561437333126996,3.4494549974501005,1.0208481562821987,2.581092270935102,2.68101081619594
103.978339353237,1.37233338333431,5.524839704154502,2.8424433660047015,3.871046678114201,1.858615194133499,3.7530741337077025,3.570003815222921
103.978339353237,1.37314355862543,5.540804301279401,2.9183043127675,3.9584948987584987,1.8879426193110014,3.8282989019911007,3.6267690068215
103.978339353237,1.37395373391654,5.582537267261497,2.802123373018201,4.018331413461201,1.7457154816560987,3.8074253747830014,3.5912265820359996
103.978339353237,1.37476390920766,5.535010367617602,2.4136681242605,3.8153792951343988,1.3563463370565003,3.298753249023399,3.28383147461848
103.978339353237,1.37557408449877,5.524234556120202,2.401313906135801,3.3689371756048985,1.2962045494826029,3.314211505398198,3.1809803385483404
103.978339353237,1.37638425978989,5.6686239729937,2.6149914986658978,3.713330592607498,1.282193526294602,3.4926476387260976,3.354357445857559
103.978339353237,1.37719443508101,5.7500689377657,2.4083217537226,3.6607538660414995,1.1441242915807024,3.2932093643934017,3.251295642700781
103.978339353237,1.37800461037212,5.609017937274398,2.1789320435382002,3.737614802571599,1.1769779255962014,2.9835704290770977,3.137222627611499
103.978339353237,1.37881478566324,5.6987116095636985,2.3446059167512026,3.7526440951538014,1.2197852369783,2.8812240528563997,3.1793941822606806
103.978339353237,1.37962496095435,5.5446327245696985,2.0729957932564993,3.3860373131917,1.1684657697176029,2.7932061191710993,2.99306754398132
103.978339353237,1.38043513624547,5.556234162590599,2.1091329299721018,3.3618118832013018,1.080610108018302,2.7241300965034014,2.9663838360571413
103.978339353237,1.38124531153659,5.525177891553099,2.0258546804905997,3.2923017104176004,0.9717481471853979,2.6785817922770008,2.8987328443847398
103.978339353237,1.3820554868277,5.554053944033402,1.8789595205638001,3.006136484913,1.0422419610559999,2.4874466170925977,2.79376770553176
103.978339353237,1.38286566211882,5.506758394891598,1.9927786736430981,3.2269463776131992,1.1441532799486005,2.4927441047091996,2.8726761661611393
103.978339353237,1.38367583740993,5.426759340229701,2.1973734165942993,3.5907549446976006,1.2576430340509006,2.8401830256482974,3.06254275224416
103.978339353237,1.38448601270105,5.5583028782257,2.255039179264802,3.8143447820819,1.3278229651951996,3.0724436777885984,3.2055906965112397
103.978339353237,1.38529618799217,5.527160092222399,1.4238259197501009,3.5397400811030018,1.0400731756159978,2.5896795589600003,2.8240957655303
103.978339353237,1.38610636328328,5.108461036293001,0.04647187663439922,3.0017991725753994,1.0618366036026998,1.9816956756592,2.2400528729529396
103.978339353237,1.3869165385744,6.2210587233611,1.3201175908361016,3.338274950701699,1.3550850455938992,1.9291810444742978,2.8327434709934196
103.978339353237,1.38772671386551,5.781987115832003,1.3756985751726987,3.2301296263970016,1.3952554010787992,2.481382518839503,2.852890647464001
103.978339353237,1.38853688915663,5.780314118603002,1.7710060244841017,3.793815300876201,1.850501828244699,2.9846810358479985,3.2360636616112
103.978339353237,1.38934706444775,5.685362574249599,2.232533878734401,3.914073843400299,2.2658103487265002,3.435509690144901,3.50665806705114
103.978339353237,1.39015723973886,5.309675260145802,1.8550059222095996,4.0356082082013,1.7747878404911006,3.6703604862467003,3.3290875434589005
103.978339353237,1.39096741502998,5.919361887251398,1.7477127674357007,4.246026356686702,1.768770738157901,3.153977298882399,3.36716980968282
103.978339353237,1.39177759032109,5.9879001002980985,1.7680908181763009,4.410019137992499,1.5916162112395007,3.2919508915202016,3.40991543184532
103.978339353237,1.39258776561221,5.9710724791132,2.1942591144951997,3.9200113591984014,1.5698021322833995,4.022273228088402,3.5354836626357207
103.979149528528,1.33668567052521,5.764297204737002,2.6617136822107987,3.104518266264101,0.6824270440673992,2.5975592369538028,2.9621030868466205
103.979149528528,1.33749584581632,5.8199736656068985,2.6063814414820996,3.1585443524646983,0.4196550179715004,2.8489250898388008,2.9706959134727997
103.979149528528,1.33830602110744,5.633144656838997,2.3338272607934982,3.0882688040647004,0.6834791141493,3.4733917272426,3.042422312617819
103.979149528528,1.33911619639855,6.1028882827834,1.9809402640491989,2.8624523866548977,1.9562974417996024,4.139445317666201,3.40840473859066
103.979149528528,1.33992637168967,5.838369647977803,1.7696203180040015,2.890415832457901,2.246102599806001,4.485289792528899,3.445959638154921
103.979149528528,1.34073654698079,5.813708856646997,1.6668821209840026,2.891071002509502,2.3656421272921975,4.5479853075701975,3.457057883000579
103.979149528528,1.3415467222719,5.3270380120989,1.0275733727745013,3.2190115365051,2.5477900083822007,4.912880011454199,3.4068585882429803
103.979149528528,1.34235689756302,4.545320215997503,0.4305585840878017,2.345255841192703,2.081921233066101,5.041287684010602,2.888868711670942
103.979149528528,1.34316707285413,5.071116567488502,0.9454911362688989,2.4662958833267012,1.3602069309421019,4.528555831315501,2.874333269868341
103.979149528528,1.34397724814525,4.4218421621490975,0.6368445821372006,2.2753950667713028,0.7704984679226001,4.7174227204369,2.5644005998834203
103.979149528528,1.34478742343637,3.8271720907324003,0.2362574236048971,1.9625510016964007,0.7407112789171002,4.8771769847393,2.3287737559380197
103.979149528528,1.34559759872748,4.822570437668798,0.7280931165907027,2.083806077134902,1.0799478497857002,4.738081669699103,2.690499830175841
103.979149528528,1.3464077740186,5.8185152792854,1.346488127985399,2.1772051940104014,1.6053407602402991,4.5905165446386995,3.10761318123204
103.979149528528,1.34721794930971,6.690952681700903,2.1562844915739987,3.171854654694698,0.7586991550105999,4.881575799489802,3.5318733564940006
103.979149528528,1.34802812460083,6.633506698349699,2.053286617267002,3.3397882445067992,0.6729531317098996,4.7175949385098015,3.48342592606864
103.979149528528,1.34883829989195,6.754667367088299,2.3025623878647004,3.5597843491617986,0.24815338314809665,4.745504466360398,3.5221343907246583
103.979149528528,1.34964847518306,6.723432706838899,2.308630885090299,3.6783400000842974,0.11535482890799997,4.93771049367,3.552693782918299
103.979149528528,1.35045865047418,5.919956713726101,1.8756540483106008,3.7367958488263007,0.24315063699599904,4.1838287052298,3.1918771906177605
103.979149528528,1.35126882576529,5.1013703566713,1.333247560931099,4.0588042918023,0.4906399713643985,4.1674959523965995,3.0303116266331394
103.979149528528,1.35207900105641,6.249505572420901,2.1805030448983977,4.2640915853180985,0.49131350782139904,4.287665448271003,3.4946158317459597
103.979149528528,1.35288917634753,6.805380259998799,2.380645063509597,4.056923533695901,0.4004037292286995,4.758895075359298,3.680449532358459
103.979149528528,1.35369935163864,5.596086274599301,1.1809358983607012,3.2219682513699013,0.17627414051269952,4.695613147932001,2.974175542554921
103.979149528528,1.35450952692976,5.9287884209641994,1.9969687697878022,3.9040172733968,0.37747994323819967,4.516809303334597,3.3448127421443195
103.979149528528,1.35531970222087,6.119231446325198,2.4447859135008017,4.0816154244385,0.6217770418158004,4.386969257574098,3.5308758167308794
103.979149528528,1.35612987751199,5.881732033040599,2.385796479108002,3.918637558553101,0.7571660987914015,4.746055541592298,3.5378775422170805
103.979149528528,1.35694005280311,5.922965791103998,2.2983594577751028,4.1543016725666995,1.0080863213334013,4.825255005075899,3.64179364957102
103.979149528528,1.35775022809422,4.8313762507643006,1.4566016597174993,3.8523869687229,1.0661326113863012,4.729741914980401,3.1872478811142804
103.979149528528,1.35856040338534,5.652445855557598,1.9679487782859972,4.035194549623199,0.9493175520135999,4.507964671917598,3.4225742814795987
103.979149528528,1.35937057867645,5.1464199561178,1.8349712863175007,4.0001037457683,0.933754404633099,4.4166514890127,3.26638017636988
103.979149528528,1.36018075396757,5.1676828051897985,1.758475056694099,3.712264155409102,0.7849102524867995,4.3490959847702975,3.1544856509100194
103.979149528528,1.36099092925869,5.240568554324298,1.7676815144751004,3.6415719798448016,0.9553972449238977,4.4182130330163005,3.20468646531688
103.979149528528,1.3618011045498,5.714837252763299,2.4013169319011,4.052586261485899,1.5814496621785992,4.091739358352598,3.5683858933362993
103.979149528528,1.36261127984092,5.4685538490409975,2.278909280964097,4.3380719310141025,1.6617901741502017,4.034572432395102,3.5563795335129003
103.979149528528,1.36342145513203,5.3729891957958,1.826520035206599,4.109340934143098,1.3258751176965013,4.5092268859591975,3.428790433760239
103.979149528528,1.36423163042315,5.264593058232702,1.9094640222938004,4.031054139963899,1.3799214921267016,3.9319782347683017,3.303402189477081
103.979149528528,1.36504180571427,5.4531371265598985,1.977853042696598,4.121390755391101,1.3156747909325013,3.8024527180583014,3.33410168672768
103.979149528528,1.36585198100538,5.275779032568799,1.7506602866113994,4.045088231788899,1.3008713431285983,3.5446393477783005,3.183407648375199
103.979149528528,1.3666621562965,5.275994370318497,1.6942674172856975,3.778014705941697,1.3233870576341005,3.3775304772271006,3.0898388056814183
103.979149528528,1.36747233158761,5.690939720637203,1.9780268933216973,4.117671866981901,1.2969728564224,2.898385993896497,3.1963994662519397
103.979149528528,1.36828250687873,4.615625678885902,1.1705978841945992,3.877381585378501,1.3841857151332988,2.8162050736897974,2.7727991874564197
103.979149528528,1.36909268216985,5.312260885144902,1.3963384949897986,3.5486847501854015,1.256478204965699,2.810146466173002,2.8647817602917605
103.979149528528,1.36990285746096,5.2429890557320995,1.6621677914726014,3.9284985435383994,1.4405875034691995,3.1883544760742026,3.0925194740573003
103.979149528528,1.37233338333431,5.5517093113782,2.7887571370541018,3.8924614452921986,2.012143337694301,4.095233095011402,3.6680608652860407
103.979149528528,1.37314355862543,5.628383091635001,3.211543347016903,3.9183361469907005,2.3440309647419006,4.395547420749203,3.8995681942267417
103.979149528528,1.37395373391654,5.544233586180699,2.898666541543001,3.449897227087,1.8333986636366006,4.019503721761097,3.5491399480416796
103.979149528528,1.37476390920766,5.7079395331730005,2.3671968287459997,3.078063460187,1.3534967761926993,3.0313440728894996,3.1076081342376396
103.979149528528,1.37557408449877,5.545808892082601,2.260752487382799,2.9865231428223,1.281708255428697,2.9792548789741,3.0108095313380994
103.979149528528,1.37638425978989,5.1906298410542,2.0182432790382023,3.3007050465798997,1.148716812091699,3.3581237580566032,3.003283747364121
103.979149528528,1.37719443508101,5.1953667675967985,1.7483848090211005,3.5736965906521014,1.2794442834380995,3.5098586843940005,3.0613502270204203
103.979149528528,1.37800461037212,5.6387022532844995,2.1829039613975,3.842225323739502,1.3637489929301978,3.0915491728380005,3.2238259408379397
103.979149528528,1.37881478566324,5.417301053456601,2.1142760875781974,3.6834838863209,1.4099641136664012,3.3088619010958986,3.1867774084235996
103.979149528528,1.37962496095435,5.488002073115702,2.413354216207402,3.8229589927797996,1.3719162239750986,3.5617134878472,3.3315889987850404
103.979149528528,1.38043513624547,5.646130340325499,2.6934050148304998,3.765699009417702,1.279643711354101,3.563885941840301,3.3897528035536206
103.979149528528,1.38124531153659,5.397690978414101,2.3592587089444983,3.7301318822654004,1.1847419039827969,3.5536109784749,3.2450868904163395
103.979149528528,1.3820554868277,5.5311231781964985,2.2139275321962977,3.478331600079599,1.2103498300831,3.3023824086507005,3.147222909841239
103.979149528528,1.38286566211882,5.470951171278099,2.4408676419476016,3.6919862515280997,1.2922893264447985,3.4151445892333996,3.2622477960864
103.979149528528,1.38367583740993,5.431530205291299,2.715828685049601,3.7255957696593,1.3292464049941977,3.7669399025201002,3.3938281935028995
103.979149528528,1.38448601270105,5.543980521698302,2.441711053898601,3.7281271773165976,1.335857887603403,3.7784325880940983,3.3656218457222002
103.979149528528,1.38529618799217,5.421812336566198,1.5955709556772,3.9303345179511986,0.9750364927679023,3.3423185083549996,3.0530145622635
103.979149528528,1.38610636328328,5.5005978245152995,0.8399371809873024,4.141004143233701,0.7081334464980991,2.3887290287950016,2.7156803248058807
103.979149528528,1.3869165385744,5.657240105863501,1.2021340460883003,3.1868290118814997,0.9196126386095997,2.3992085759549013,2.6730048756795606
103.979149528528,1.38772671386551,5.459005236845599,1.4748966325548025,3.298050272804499,1.203864386780701,2.7465669704725,2.8364766998916204
103.979149528528,1.38853688915663,5.5711712026831,1.537845287263103,3.5868076243942006,1.3990819604766003,2.944960079345698,3.0079732308325404
103.979149528528,1.38934706444775,5.4523049132072,1.5791824923366988,3.8290256998757,1.7820283027261006,3.3410334877522985,3.1967149791795997
103.979149528528,1.39015723973886,5.6111042006982,1.6177312510465995,4.147498017051202,1.861096048704301,3.4983854628091997,3.3471629960619005
103.979149528528,1.39096741502998,6.103598819592801,1.633685792057701,4.3627212186957,1.9520759529751999,2.9354010037571,3.3974965574157006
103.979149528528,1.39177759032109,6.739024447714197,2.0655986006266005,4.573010072830801,1.8806219746950994,2.811595449652799,3.6139701091038994
103.979149528528,1.39258776561221,6.168252688702797,2.272844956553101,4.288657207668198,1.6719020420314976,3.7230984444172996,3.6249510678745787
103.979959703819,1.321292339994,6.9753513271075,4.2566963933367035,4.2080652706255,0.4223889415894,5.347675818692299,4.2420355502702805
103.979959703819,1.32210251528512,6.781436463221102,3.7963957038617977,3.757590130658901,1.1316549875555992,5.274501932433498,4.14831584354618
103.979959703819,1.32291269057623,6.1490585017726005,3.175535534996701,4.093300364342802,1.4401043845825008,5.5118840714619,4.0739765714313005
103.979959703819,1.32372286586735,6.582490514044597,3.485092142188101,4.055135564177899,1.302442621337903,5.439570445591702,4.17294625746804
103.979959703819,1.33587549523409,5.834732803503503,2.6924176236346007,3.2934201145668993,0.9707520512084997,2.7379807551598994,3.1058606696146804
103.979959703819,1.33668567052521,5.745691173799699,2.6906609573257008,3.1546461694628007,0.8506229061956994,2.4756077301975985,2.9834457873963
103.979959703819,1.33749584581632,5.860924119147999,2.6904878006618027,3.3353486164241026,0.5857408907267008,2.745054709536298,3.0435112272993807
103.979959703819,1.33830602110744,5.5459897547228,2.2473534986515027,3.1852168040695013,0.006422528137200345,2.981316085787398,2.7932597342736805
103.979959703819,1.33911619639855,5.691304197154,2.3703796278972007,3.2672368852778,0.8654787357381011,3.571730178662598,3.1532259249459402
103.979959703819,1.33992637168967,5.751834564183799,2.085314262722598,3.8902226035519973,1.2645995133328007,4.532922609621501,3.504978710682539
103.979959703819,1.34073654698079,5.702740974241998,1.6847986186574992,3.0428498824069017,1.7478969491440992,4.814262156194399,3.3985097161289795
103.979959703819,1.3415467222719,5.784537545922298,1.431983395769901,2.5207137255553995,2.1442074872301013,4.929328665183398,3.3621541639322197
103.979959703819,1.34235689756302,5.254554397337298,0.9374612469837977,2.173806399101899,1.9448835386826993,4.8282042193613,3.0277819602933986
103.979959703819,1.34316707285413,5.438155645327399,1.411107420208399,2.6607358915359,1.0402309633381996,4.5065657693311,3.0113591379481996
103.979959703819,1.34397724814525,5.5202364044906,1.4381078920784987,2.526998182197403,0.8020862115884988,4.503361576553999,2.9581580533818
103.979959703819,1.34478742343637,4.4922677859992,0.506328928917501,1.995806755638501,1.208848084988098,4.782178851580902,2.59708608142484
103.979959703819,1.34559759872748,5.184645896160898,0.8118653543529994,1.7615979369575,1.6175394442817002,4.8948462480644,2.8540989759635
103.979959703819,1.3464077740186,6.173198834677201,1.6695227080481985,2.5273412315311994,1.4327948493856013,4.836570719066199,3.32788566854168
103.979959703819,1.34721794930971,6.071618692545801,1.6537591316882008,2.8527360290210986,0.9771423869369009,5.009275534811501,3.3129063550007003
103.979959703819,1.34802812460083,7.4237935495521015,2.649030031261802,3.2838918936812966,1.0095265568877991,4.800983169361597,3.833445040148919
103.979959703819,1.34883829989195,7.225357471285498,2.392866906267198,3.370392140674703,0.6600061309489007,4.981965647930799,3.72611765942142
103.979959703819,1.34964847518306,7.025256505620597,2.354761522907399,3.3295045132280023,0.47497997198199826,4.7931589862511,3.5955322999978194
103.979959703819,1.35045865047418,6.481514678600398,2.251343207372802,3.2875558319469,0.04426214768519898,4.350517095748202,3.2830385922707004
103.979959703819,1.35126882576529,5.610748989666199,1.838854664015301,3.351238518925399,0.20782284616790037,4.316643015415799,3.06506160683812
103.979959703819,1.35207900105641,6.061752406185601,2.1005176880054,3.392402325195299,0.2495854705924998,4.128851116480597,3.186621801291879
103.979959703819,1.35288917634753,6.1446908572491985,2.2213132679721,3.369820189385301,0.27001693717989994,4.3606257917296,3.27329340870322
103.979959703819,1.35369935163864,5.895711226729098,1.5022391246602993,2.8307953045925984,0.03338722850280007,4.6155929765076,2.975545172198479
103.979959703819,1.35450952692976,6.4777353456236995,1.9987984013176003,3.257364040125001,0.20188745022720056,4.728218304113401,3.3328007082813804
103.979959703819,1.35531970222087,6.467328983755802,2.1528023590424006,3.121112587388801,0.2578378620683992,4.7500492563933,3.3498262097297404
103.979959703819,1.35612987751199,5.586776840946001,1.6763152463309972,3.1526270986598988,0.43680702906049973,4.646997680506402,3.09990477910076
103.979959703819,1.35694005280311,6.0248185378437,2.0924452796745996,3.8008506616121025,0.5973513259278995,4.875200554596901,3.4781332719310405
103.979959703819,1.35775022809422,5.871425606673199,1.9755256651487016,3.9328949062771024,0.6476052787789008,4.727092520569801,3.430908795489541
103.979959703819,1.35856040338534,5.9626114822329015,2.1103686353939004,3.8034250406855996,0.31810859705979766,4.3466561552647995,3.3082339821274
103.979959703819,1.35937057867645,5.466347493572101,1.7934036327045,3.5235482349540987,0.3686590298704999,4.347234309084101,3.09983854003706
103.979959703819,1.36018075396757,4.925519856854297,1.6736144319398,3.5729282770000985,0.9387874399962008,4.621104297854,3.1463908607288795
103.979959703819,1.36099092925869,5.614494669992702,2.4369673114877983,4.078532867295998,1.1496428561185006,4.2905824547572,3.51404403193044
103.979959703819,1.3618011045498,5.972526909705401,2.673090915622698,4.262070326697803,1.5989606651515018,4.1322032474548,3.7277704129264406
103.979959703819,1.36261127984092,5.904513431669201,2.6657794562778,4.330697985819299,1.5370260839832994,3.985822397725599,3.6847678710950396
103.979959703819,1.36342145513203,5.710599974445099,2.2048153562507977,4.0845873261697,1.3100678989267003,4.4105923188070015,3.5441325749198596
103.979959703819,1.36423163042315,5.262557167790099,2.1587810864506025,4.2628641830227,1.3614237486151026,3.9837859357910013,3.405882424333901
103.979959703819,1.36504180571427,5.6297045458528,2.178654963525098,4.216031366398298,1.3213284958923026,3.7440853038329998,3.4179609351002993
103.979959703819,1.36585198100538,5.663715565561301,2.025670778708399,4.258488671395799,1.3979075059592994,3.3212589085965014,3.3334082860442598
103.979959703819,1.3666621562965,5.6753156302592025,1.8089128521878983,3.727575101282202,1.548113620445502,3.119821099215997,3.1759476606781605
103.979959703819,1.36747233158761,5.4988131183297995,1.2651341812642016,3.6247519379791022,1.2732799152615009,2.6538508139784014,2.863165993362601
103.979959703819,1.36828250687873,5.421708416188,1.3349358967073996,4.582631155865702,1.4159707335732996,2.895147578247098,3.1300787561163
103.979959703819,1.36909268216985,5.145689954643601,1.466965015366,3.8808364655671,1.4368252732109,3.002645857910199,2.98659251333956
103.979959703819,1.36990285746096,5.230144247280901,1.6876703347077004,3.978659600906898,1.5469695995336004,3.4075120351834016,3.1701911635225004
103.979959703819,1.37071303275208,5.651265929198001,1.747170553453298,3.6789710340983,1.3375117861255,3.4978408692453016,3.18255203442408
103.979959703819,1.37152320804319,5.2685707942512,1.8814218918097971,3.5910149185558993,1.5910774724965968,3.7250306777518,3.211423150973059
103.979959703819,1.37233338333431,5.412895828879801,2.4560385738342987,3.9130548047959977,1.9928557631729014,4.143974337185302,3.5837638615736602
103.979959703819,1.37314355862543,5.827298240679397,3.0873473362515007,3.9267697634548995,2.387605417216701,4.6597043416748,3.9777450198554596
103.979959703819,1.37395373391654,5.402136480140403,2.5471603958300015,3.211711614425102,1.8311181641286005,4.118639769558403,3.4221532848165017
103.979959703819,1.37476390920766,5.974150254365501,2.5085476517192014,2.877906145232,1.3688022248964984,3.2493739514838005,3.1957560455394
103.979959703819,1.37557408449877,5.570129532081001,2.2524522874762987,2.916527669266298,1.4526992787145012,3.211365833902999,3.0806349202882197
103.979959703819,1.37638425978989,5.519969539821503,2.3282769789888,3.4684621209691002,1.3159853693727008,3.238800299357102,3.1742988617018413
103.979959703819,1.37719443508101,5.5979577497266,2.1581634661354023,3.6863832484537973,1.324713256576299,2.9739041325819002,3.1482243706947997
103.979959703819,1.37800461037212,5.791822859893998,2.2786712055809026,3.5342651569417,1.2967994685483006,2.7895054813639,3.1382128344657603
103.979959703819,1.37881478566324,5.6778427686287,2.4498502294997984,3.800296029803203,1.3143087102908027,3.1052667463379002,3.269512896912081
103.979959703819,1.37962496095435,5.536727544194399,2.6581825206245995,3.748569804416899,1.4833485248481004,3.6289287832031007,3.4111514354574197
103.979959703819,1.38043513624547,5.6237903917845,2.8119325586474986,3.9132206344629985,1.3900298899557981,3.838395616563602,3.5154738182828793
103.979959703819,1.38124531153659,5.398057619401602,2.478429927383999,3.8193407910153994,1.2067547242888992,3.9185319763590023,3.3642230076897803
103.979959703819,1.3820554868277,5.3244096041913025,2.307659047150601,3.7716883605098026,1.0730552147658976,3.7741327603216988,3.2501889973878604
103.979959703819,1.38286566211882,5.555296760533601,2.489967056049501,3.5795903113018994,1.103827855315398,3.6297781066759,3.2716920179752598
103.979959703819,1.38367583740993,5.375773510912801,2.4945678286792017,3.681586105457299,1.1673032276071993,3.8763080834283024,3.3191077512169604
103.979959703819,1.38448601270105,5.0869962602752,1.6838651517107976,4.344758285237301,1.2259512380496993,3.7442710581462,3.2171683986838397
103.979959703819,1.38529618799217,5.372721374289998,1.180734259351901,3.867989246019299,1.1923462045152,3.572065101698101,3.0371712371749
103.979959703819,1.38610636328328,5.3976171616637,0.9636310806139008,3.713814142582603,0.8648303256110026,2.989683466349298,2.785915235364101
103.979959703819,1.3869165385744,6.166696860437703,1.406107769318801,3.575891250085899,1.0094624587664995,2.6601725066867026,2.9636661690591213
103.979959703819,1.38772671386551,5.630732628033499,1.5964360560212008,3.648679462280299,1.275395568895501,2.8936548813070004,3.0089797193075
103.979959703819,1.38853688915663,5.7725495346921,1.5667034855166015,3.6066504663989996,1.3363082095735024,2.9423119434407994,3.0449047279244006
103.979959703819,1.38934706444775,6.1788435598822,1.8396365018198004,3.7474893130606013,1.4827353083808,3.082221438707098,3.2661852243701
103.979959703819,1.39015723973886,5.747636591223198,1.7206957726260015,3.9750348396904016,1.5047233017303974,3.4477729537354023,3.2791726918010804
103.979959703819,1.39096741502998,5.8553274254676,1.5167714376943984,4.1515240424952005,1.7356594026024013,3.358418132392,3.32354008813032
103.979959703819,1.39177759032109,5.906087771110901,1.432977872456899,4.1157089287116015,1.5725347013231001,3.3986159119465995,3.2851850371098203
103.979959703819,1.39258776561221,5.8321512522323005,1.6534267909040992,3.9453786945034004,1.4372240259320002,4.1474882275797995,3.40313379823032
103.98076987911,1.32048216470289,7.512676272305299,4.689104570148597,4.6718909625992,0.06909148678590071,5.367872738806,4.462127206128999
103.98076987911,1.321292339994,7.2872854338985995,4.468017917857701,4.388865589436502,0.6065921405165007,5.348093059848001,4.419770828311461
103.98076987911,1.32210251528512,6.7223974595836005,3.6229235525420016,4.5228921693807,1.126814018046101,5.4170208374053,4.282409607391541
103.98076987911,1.32291269057623,6.666435421276102,3.8163145799729,4.2868440725067,0.710506711696997,5.2987652587294,4.15577320883642
103.98076987911,1.32372286586735,6.137380393540301,3.534350570162598,4.248489536114299,0.5155401729328979,5.2671168816724006,3.940575510884499
103.98076987911,1.32453304115847,7.058134453650602,4.021994336199597,4.5366896716242024,0.7374688038465997,5.317534029533402,4.334364258970881
103.98076987911,1.32534321644958,7.024916681649501,3.7384766742694,4.442041204288699,0.9143679403687024,5.3436655238079,4.29269360487684
103.98076987911,1.33587549523409,5.6958896628019,2.594299125946499,3.295133354827602,0.9669721692098001,2.9257244620395007,3.0956037549650604
103.98076987911,1.33668567052521,5.8983932947277005,2.775154559626401,3.2174505118687975,0.8513321672906002,2.6028942480104007,3.06904495630478
103.98076987911,1.33749584581632,6.1036096508229996,2.8640441780321026,3.474575265203402,0.5535450659112016,2.623711197191099,3.123897071432161
103.98076987911,1.33830602110744,5.782820858108597,2.4442613006284972,3.217107130805701,0.0592384041340992,2.5098939740450987,2.8026643335443984
103.98076987911,1.33911619639855,5.7990090459861,2.375784037970501,3.2512545569524,0.09281774907769957,3.3373620105422006,2.97124548010578
103.98076987911,1.33992637168967,5.6966603459799,2.1953478437512004,3.1610233331387008,0.21328785877819811,4.0256597363156,3.0583958235927198
103.98076987911,1.34073654698079,4.979280891405999,1.5828325556598983,2.9591111209951,0.5893317403496994,4.5662967561500984,2.935370612912159
103.98076987911,1.3415467222719,5.700044816949102,1.7543256744313993,2.8367774313901997,1.1426641025525974,4.697438602937197,3.2262501256520992
103.98076987911,1.34235689756302,5.7838462581256,1.8699371079208973,2.6376811258877986,1.0149939418809986,4.608177792326199,3.1829272452282984
103.98076987911,1.34316707285413,6.4149293506037,2.6055422586829984,3.0831244960468,0.5988008158704972,4.666060497324899,3.473691483705779
103.98076987911,1.34397724814525,5.454828229348699,1.417579811305,2.294976334806101,0.9607020854356989,4.700082148739799,2.96563372192706
103.98076987911,1.34478742343637,5.2736000275513,1.0177446769088014,1.9433732576662983,1.4436844015638997,4.7624892237255025,2.8881783174831606
103.98076987911,1.34559759872748,6.091261875293,1.7291185977781005,2.1667498934856013,1.2329754268731001,5.597072353976802,3.363435629481321
103.98076987911,1.3464077740186,6.6772038978926,2.3085732034434976,2.9031273763156022,0.8836594976594014,4.899354998101099,3.53438379468244
103.98076987911,1.34721794930971,7.464182213872398,2.7594401048075987,3.3334787427617023,0.8874079041329033,4.800548397103,3.8490114725355205
103.98076987911,1.34802812460083,7.432115932471099,2.5468891865237993,3.1631168151041997,0.9993445377110994,4.946591700901401,3.8176116345423194
103.98076987911,1.34883829989195,7.451014150630499,2.456099294296699,3.175403062273901,0.9293886440406993,5.0132331540389,3.8050276610561395
103.98076987911,1.34964847518306,7.263982949370199,2.3433790173654003,3.1347249806219004,1.0762019860729026,4.5278596593995,3.6692297185659806
103.98076987911,1.35045865047418,6.812637389469,2.204346481999302,3.151230919967098,0.45115960908830033,4.5608245052385,3.43603978115244
103.98076987911,1.35126882576529,6.887128506370001,2.374843667341601,3.251658126614,0.12452883155690131,4.505937443329,3.4288193150423005
103.98076987911,1.35207900105641,6.836073304233501,2.5164549381056,3.076568349618398,0.03903624974820019,4.4847095033893005,3.390568469019
103.98076987911,1.35288917634753,6.820774749078101,2.5876438954540006,3.1955468455313003,0.06881090818799862,4.598570944752002,3.4542694686006805
103.98076987911,1.35369935163864,6.279387760971499,2.172933252750898,2.972507315551802,0.1041422209975984,4.649104197362501,3.23561494952686
103.98076987911,1.35450952692976,6.2943902052676,2.1039455171735995,3.011765282827902,0.05678619654860029,4.691919477032698,3.23176133577008
103.98076987911,1.35531970222087,6.7954638829322,2.1063272174069994,2.792604105346701,0.06662077694599944,4.866964149604897,3.3255960264473594
103.98076987911,1.35612987751199,7.0149095200609,2.3421636913357986,3.067767839441398,0.1927052517833019,4.866434880512301,3.49679623662674
103.98076987911,1.35694005280311,7.024253756766502,2.437523133962898,3.334265736273899,0.2540000211058988,5.214795609082799,3.6529676514383995
103.98076987911,1.35775022809422,6.5795941357053,2.3520242003056033,3.3902208537100016,0.22755758753299915,5.0543849526738995,3.5207563459855606
103.98076987911,1.35856040338534,6.277175090611401,2.2175684855873996,3.5103816235070013,0.27876493581210227,4.731148984544799,3.4030078240125405
103.98076987911,1.35937057867645,6.0455709353248,2.0695967679884006,3.6180708211308,0.2894426112288002,4.486039009572998,3.3017440290491598
103.98076987911,1.36018075396757,5.195710853911301,2.0010812749322007,3.522972678665699,0.7903297395917015,4.766828162220701,3.255384541864321
103.98076987911,1.36099092925869,6.293987892590199,2.7647660702115004,4.1499610195584005,1.1995188151525014,4.578396612318098,3.7973260819661396
103.98076987911,1.3618011045498,6.035899954277301,2.509552225012701,4.244308488218003,1.3915266675875024,4.426382330562799,3.7215339331316613
103.98076987911,1.36261127984092,5.8948147966215,2.3194942922674002,4.170466805636902,1.2873687888222989,4.1501616354214015,3.5644612637539006
103.98076987911,1.36342145513203,5.640672034434299,2.1815714082475033,4.159480929050002,1.27348233763,4.065417152206301,3.464124772313621
103.98076987911,1.36423163042315,5.7344041473673,2.4402459680628006,4.269128589541399,1.4158610532427005,4.018153869371201,3.57555872551708
103.98076987911,1.36504180571427,5.725496493573701,2.350359889455202,4.2401707704147995,1.453389133638698,3.822305902452303,3.518344437906941
103.98076987911,1.36585198100538,4.9806853298743015,1.5515051556855006,3.9688313706597,1.5438516840402023,3.4440182845730014,3.0977783649665414
103.98076987911,1.3666621562965,4.9818248386400015,0.9982042519105008,4.381913130497701,1.8676566724158015,3.0329140417887004,3.052502587050541
103.98076987911,1.36747233158761,5.788552161198901,1.1600480544555012,3.7263614457524987,1.8322616427204004,2.6186933946940023,3.0251833397642605
103.98076987911,1.36828250687873,5.6314034371049,1.3120291908542967,3.4398933278040005,1.6883275993002016,2.8124700846354003,2.9768247279397597
103.98076987911,1.36909268216985,4.948802848089002,1.413000160611599,3.935003485329002,1.6051602634209026,3.1272641671549977,3.0058461849211007
103.98076987911,1.36990285746096,5.662687665017497,2.1125737430648996,3.8273493827944023,1.5777972215195,3.428589724934902,3.3217995474662403
103.98076987911,1.37071303275208,5.074065295742098,1.5079444545452994,3.290092146579301,1.2921860244626977,3.217928881673199,2.8764433606005193
103.98076987911,1.37152320804319,5.644422331426302,2.0302711312452004,2.9684062220684986,1.2433369682771982,3.3857955523003014,3.0544464410635
103.98076987911,1.37233338333431,5.3705355888077015,2.2819540775176,3.511496537751402,1.751757417220002,4.037295718193903,3.3906078678981215
103.98076987911,1.37314355862543,5.4987861459485,2.9082073376196007,4.080901466204601,2.179225871659497,4.6188114374051,3.85718645176746
103.98076987911,1.37395373391654,5.321235369356497,2.4137453330893024,3.5200824721407997,1.6313582463940968,4.155560407538498,3.408396365703839
103.98076987911,1.37476390920766,5.023688930882297,1.789408148974701,3.0704924105360014,1.314277406840798,3.6654672567680997,2.9726668308003794
103.98076987911,1.37557408449877,4.545350813494402,1.2567680362434999,2.7487520597346986,1.4696561027122996,3.5190313325330997,2.7079116689436
103.98076987911,1.37638425978989,5.3094153057963,1.8457825549374007,3.215382271411098,1.3743723777365027,3.0112965165336973,2.9512498052829996
103.98076987911,1.37719443508101,5.586294985923299,1.851839494015202,3.245238005769,1.1805606295125983,2.4583838735487014,2.8644633977537604
103.98076987911,1.37800461037212,5.6718846961307,2.201545309174602,3.452012446442801,1.165208601518497,2.4110640408663997,2.9803430188266
103.98076987911,1.37881478566324,5.625141509911501,2.3760137142854987,3.5586137818783996,1.364655187099597,3.2067440386556,3.2262336463661194
103.98076987911,1.37962496095435,5.659607693808798,2.7856873248517005,3.667277578560199,1.434598213086499,3.852831799451998,3.480000521951839
103.98076987911,1.38043513624547,5.525290666202299,2.871342376882801,3.592773827395199,1.3600897159353984,4.1828948409966,3.5064782854824594
103.98076987911,1.38124531153659,5.4641079552691,2.5201984611500023,3.6312541837131,1.1081073336913008,4.0027500474311,3.3452835962509204
103.98076987911,1.3820554868277,5.478489158077803,2.1476436183473986,3.558412626781301,1.067219377807099,3.6626385322673016,3.1828806626561805
103.98076987911,1.38286566211882,5.357581902423998,2.2035757271058998,3.3098914293394017,1.1620599449599993,3.370090502821199,3.0806399013300996
103.98076987911,1.38367583740993,5.141753812605899,2.1800352984042988,3.602683134853798,1.2941664718855002,3.7545314166938013,3.1946340268886595
103.98076987911,1.38448601270105,5.038520479918898,2.061612429798302,3.6680982365003985,1.2939359183007006,3.5833034826660004,3.12909410943686
103.98076987911,1.38529618799217,5.368199438256198,1.566386863254099,3.6414199526478015,1.1508776932916014,3.2390436162922995,2.9931855127483997
103.98076987911,1.38610636328328,5.859695144867899,0.9832903642758986,3.6355970264168995,0.8774012415752992,2.690439535536001,2.8092846625343997
103.98076987911,1.3869165385744,6.432335966064699,0.9856513293027973,3.4028041010063994,1.123398954387401,2.5157791201172017,2.8919938941756995
103.98076987911,1.38772671386551,6.209030167459801,1.3326012513880023,3.6791219049252994,1.368949620921203,2.781395602688299,3.074219709476521
103.98076987911,1.38853688915663,6.1613609082185015,1.833604125463399,4.082007705589,1.4687723897942,3.1109226524250992,3.33133355629804
103.98076987911,1.38934706444775,5.879239238725898,1.5905043963939995,3.861540082754601,1.3291088319546986,3.157628857069202,3.16360428137968
103.98076987911,1.39015723973886,5.810295101065101,1.5934282306406011,3.9187632012774998,1.256094556220301,3.325110565606,3.1807383309619004
103.98076987911,1.39096741502998,5.719981331724199,1.3763827108651974,3.9880515106803998,1.305703437805601,3.3812497316622974,3.154273744547539
103.98076987911,1.39177759032109,5.800097665993302,1.6432787218695992,4.102910776794101,1.3068355128705988,3.777168800523498,3.3260582956102196
103.98076987911,1.39258776561221,5.322854743577999,1.5429544482027993,3.5279777500746974,1.3236352456270986,4.667545889702701,3.276993615437059
103.98076987911,1.39339794090333,4.744365115021498,1.4982011152146981,3.0556391628268003,1.4404471404636006,3.9292028793975966,2.9335710825848387
103.981580054402,1.32048216470289,7.5888193143506975,4.783561621559301,4.534666195256797,0.3020615826186983,5.2575196626827,4.493325675293638
103.981580054402,1.321292339994,7.004186954321302,4.147185316402798,4.091177144677999,0.8946638860270006,5.411758328031702,4.3097943258921605
103.981580054402,1.32210251528512,6.986230811770099,3.9528453971336965,4.022291453888901,0.8798155064562003,5.340578734925703,4.23635238083492
103.981580054402,1.32291269057623,7.062837636989002,4.333128399140001,4.512858019086401,0.21922166301129664,5.196027275516798,4.2648145987487
103.981580054402,1.32372286586735,6.445631507818501,3.8559789606583017,4.416813799020698,0.15961707863360175,5.213873162805498,4.01838290178732
103.981580054402,1.32453304115847,6.954780505063098,4.176278631493801,4.4910182603881985,0.40309264570450054,5.1434063916581,4.23371528686154
103.981580054402,1.32534321644958,7.0418857125679,3.9715547538815983,4.597065250499799,0.4969473541938001,5.1996106853703985,4.261412751302699
103.981580054402,1.3261533917407,7.0140332172925,3.7244812724289,5.0655252536591995,0.7821396575165025,5.211381317909002,4.35951214376122
103.981580054402,1.32696356703181,6.941351109381902,3.3065192882869994,4.6215765903053025,1.1448267642721,4.8626985671794,4.175394463885141
103.981580054402,1.32777374232293,6.2540894822354005,2.366392413918497,4.2118874006113,1.417785685648603,5.4088762127279,3.93180623902834
103.981580054402,1.33587549523409,6.190788642568002,2.7953036390231993,3.2185268767552024,0.5975052465732986,3.015965318001399,3.16361794458422
103.981580054402,1.33668567052521,5.761719453498902,2.4289474280180023,3.1124107854470004,0.412874257690401,2.815960367839697,2.9063824584988005
103.981580054402,1.33749584581632,6.209816137805099,2.7647123086434,3.2652189474729987,0.04100208189560206,2.940007213415001,3.04415133784642
103.981580054402,1.33830602110744,6.075519834719998,2.4568934194680985,3.2671716577050987,0.5080149647555992,3.0869863200485987,3.0789172393394786
103.981580054402,1.33911619639855,6.513749686849099,2.9227715376987007,3.798878248694603,0.3348179079386,3.5838629318709003,3.4308160626103805
103.981580054402,1.33992637168967,6.2849028400112985,2.7632051558843997,3.8160562546209995,0.09622557348630068,3.997630818692798,3.3916041285391594
103.981580054402,1.34073654698079,5.234352443019301,2.0258671651936986,3.1813443011782,0.07569598233369845,4.2710751536749,2.9576670090799597
103.981580054402,1.3415467222719,5.644897647379299,2.170924273102198,3.2597868552597973,0.14511158536780044,4.378596548530901,3.119863381927999
103.981580054402,1.34235689756302,6.201825606887898,3.051145540522601,3.3260590217227026,0.01847695508489977,4.401925145398998,3.3998864539234197
103.981580054402,1.34316707285413,6.4547044770976,3.1823672677299975,3.3607226848906,0.047232544718401215,4.537848395130101,3.51657507391334
103.981580054402,1.34397724814525,6.012205414613998,2.2173417091933985,2.6756492030262997,0.5522743389485996,5.378465216186498,3.3671871763937586
103.981580054402,1.34478742343637,6.253690576182098,1.9985083180691987,2.2540594799613984,1.0343284388292027,4.1998235941298,3.1480820814343398
103.981580054402,1.34559759872748,5.736877117508097,1.6650430669465024,2.1000879416864997,0.9018830633077002,3.9805395788573996,2.87688615366124
103.981580054402,1.3464077740186,6.671486191754298,2.711062146441101,2.8747684176342005,0.7084584674121004,4.759909821709503,3.5451370089902405
103.981580054402,1.34721794930971,7.077833947633799,2.7812817593730976,2.9357828460919,0.8356510528181005,4.7652586619551975,3.679161653574419
103.981580054402,1.34802812460083,7.213853527020099,2.5773955882778985,2.8474344963197993,1.0116462227667,4.840064361594401,3.6980788391957793
103.981580054402,1.34883829989195,7.168939061979,2.3746793429330992,3.6649205871943984,1.1278513206123009,4.7926874915713995,3.8258155608580395
103.981580054402,1.34964847518306,7.0963656711161,2.387792062664502,2.936936680594499,1.2012210454848997,4.362070207430801,3.59687713345816
103.981580054402,1.35045865047418,7.363182455132101,2.467894562869599,3.029315622608298,0.7362532041877969,4.510722523244198,3.6214736736083983
103.981580054402,1.35126882576529,7.672461491470802,2.712598494969601,3.0876997207393018,0.38009716908289803,4.906443422715199,3.7518600597955603
103.981580054402,1.35207900105641,7.4609518279509,2.678380389706401,3.0067115479102995,0.12998115499980045,5.1405305701626,3.6833110981460004
103.981580054402,1.35288917634753,7.661283475279401,2.774415022392702,3.099461655974199,0.15809968266129815,5.197839787100598,3.7782199246816397
103.981580054402,1.35369935163864,7.387251398369802,2.441401722250802,2.788285951926902,0.24802856918730143,5.079163132872001,3.5888261549213616
103.981580054402,1.35450952692976,4.971030506419101,0.44906989177019696,2.174595952912501,0.26414745509439896,5.159077768846402,2.60358431500852
103.981580054402,1.35531970222087,6.641394641746999,2.084665134042602,3.150415949318198,0.010972839215000363,4.972018755926502,3.3718934640498603
103.981580054402,1.35612987751199,6.484598567469501,2.0863896196275,3.327515555985098,0.08905297824849967,4.757554909147402,3.3490223260956
103.981580054402,1.35694005280311,5.934345954163799,1.5134934164699025,3.075070973447403,0.15180476021789957,4.882782702943601,3.111499561448521
103.981580054402,1.35775022809422,6.441131365792302,2.0451106879943026,3.2913877653559,0.24144280559960052,5.057155213434303,3.4152455676352815
103.981580054402,1.35856040338534,6.606873245278198,2.0630188385765003,3.370825513651699,0.3165814364975006,5.095269957044998,3.490513798209779
103.981580054402,1.35937057867645,6.115372900273702,1.9989580962861986,3.1525459784070975,0.17727756056130062,4.840935198401599,3.2570179467859797
103.981580054402,1.36018075396757,6.433570489815999,2.6922899339169994,3.559580783392999,0.5136164597272028,4.7122337259114,3.58225827855292
103.981580054402,1.36099092925869,6.2606670127293,2.4686506164559,3.7966321887071004,0.9105192862609002,4.447147683350497,3.5767233575007396
103.981580054402,1.3618011045498,6.1135272987745,2.4316881388492995,4.1076426022316,1.1949618650327984,4.385676191271902,3.64669921923202
103.981580054402,1.36261127984092,6.2283870036709,2.0720144819831,3.932418809353301,1.2200482498216978,4.4106683425697,3.5727073774797398
103.981580054402,1.36342145513203,5.959385609176902,2.1361976537523972,4.076926157796201,1.4090871235310978,4.0885321776891,3.5340257443891394
103.981580054402,1.36423163042315,5.977484429410001,2.2803791178356008,4.249231584997098,1.5534604318884,4.0512044858534,3.6223520099969
103.981580054402,1.36504180571427,5.985256624472001,2.3573359947823,4.354212285906797,1.5428879722882982,3.7892367946369987,3.605785934417279
103.981580054402,1.36585198100538,6.0083452222113,2.1572357942554987,4.059570976237001,1.571702849948501,3.3446196139864988,3.42829489132776
103.981580054402,1.3666621562965,5.444926148582301,1.4280364726065997,3.914589870035602,1.8005357342082,3.050021301188199,3.1276219053241805
103.981580054402,1.36747233158761,5.806305266552801,1.4587850600800003,3.767592983858002,1.7854234593689995,2.7737334535183003,3.118368044675621
103.981580054402,1.36828250687873,5.542604422889401,1.499920772532601,3.4276513044750025,1.6075709951100023,2.7557448056775975,2.9666984601369206
103.981580054402,1.36909268216985,4.931590501450998,1.402876671996001,3.5888629770959994,1.363781677536,3.1287548522949002,2.8831733360747798
103.981580054402,1.36990285746096,5.6151704809186,1.9725309095640995,3.622823061641,1.3243487313239015,3.4914482004122966,3.2052642767719797
103.981580054402,1.37071303275208,5.7515824942585,2.2109223113581997,3.470429978524699,1.0334659409774005,3.367999129326698,3.1668799708890996
103.981580054402,1.37152320804319,5.794851886751502,2.4725777398851,3.328084603701001,1.2454324132463022,3.606650359904002,3.289519400697581
103.981580054402,1.37233338333431,5.2984432692022025,2.0606145364981003,3.3767113595015985,1.5494299324869019,4.013629829454203,3.259765785428601
103.981580054402,1.37314355862543,5.454964563037798,2.303734100526597,3.736796906530298,1.8069185499276017,4.377619248670797,3.536006673738618
103.981580054402,1.37395373391654,5.1544920344184,1.9315642514015003,3.496830712420401,1.5452182364797977,3.9686950295680994,3.2193600528576396
103.981580054402,1.37476390920766,5.273745315208,1.746009210277002,3.0985459900173993,1.5351920210592027,3.4879471124945987,3.0282879298112406
103.981580054402,1.37557408449877,4.429136409601501,0.6789137519233002,2.4660324093892,1.6490987065440983,2.9833249027371025,2.4413012360390405
103.981580054402,1.37638425978989,5.0755506862724005,1.2934729236361022,2.8339288589498004,1.5002549412966992,2.5655386943224023,2.653749220895481
103.981580054402,1.37719443508101,5.386078856964701,1.875449611342198,3.0370340764115014,1.259103844670097,2.4256804485406,2.7966693675858196
103.981580054402,1.37800461037212,5.347849943376101,1.7825441650430989,2.950646452121301,1.1063996492718005,2.8010843599581996,2.7977049139541004
103.981580054402,1.37881478566324,5.383638234874798,2.1709462021958004,3.267755117124203,1.5078580333908995,3.556715029758003,3.177382523468741
103.981580054402,1.37962496095435,5.5430832399928,2.8179710977387984,3.6377806743048993,1.354486289359702,4.131905078002902,3.4970452758798203
103.981580054402,1.38043513624547,5.6807816347428,3.0680703618495997,3.592918557666497,1.2554074927886028,3.8170274332842986,3.48284109606636
103.981580054402,1.38124531153659,5.732607210629702,2.7408942238273966,3.6601035047665,1.027622886318202,4.078900270114499,3.44802561913126
103.981580054402,1.3820554868277,4.586415824849098,1.634139450663998,3.3719461104555,1.1475317100005995,3.7997711244575,2.907960844085339
103.981580054402,1.38286566211882,5.450901354636201,2.1688144162975966,3.5424496567699,1.1313067164020012,3.3964788375650983,3.1379901963341594
103.981580054402,1.38367583740993,5.497136657155302,2.3081761474911,3.6820711584353987,1.2502226212631022,3.6286276923692,3.2732468553428204
103.981580054402,1.38448601270105,5.7977405357429,2.6086803433725017,3.889032111256899,1.2998881487063016,3.5582628718940015,3.4307208021945206
103.981580054402,1.38529618799217,6.4834467128073,2.122131472217699,4.163436674298101,1.2226540535857993,2.9523764431423984,3.3888090712102596
103.981580054402,1.38610636328328,6.690457809264597,1.0378439306573028,3.5599821530716973,0.9490003306089001,2.1896702816298017,2.88539090104646
103.981580054402,1.3869165385744,6.832815330077501,0.8553066708938992,3.585130243598101,1.1479806477681969,2.0864583249918986,2.9015382434659194
103.981580054402,1.38772671386551,6.3822886552461,1.1744987345128983,3.9841836812788998,1.3119146522252976,2.5654588229166997,3.0836689092359792
103.981580054402,1.38853688915663,5.936142035486299,1.5691469810202996,4.180884769562898,1.271724560918102,2.994911019883901,3.1905618733742998
103.981580054402,1.38934706444775,5.9274495917848,1.469221909444201,3.755170624480101,1.1549920421319015,3.166596021185999,3.0946860378054004
103.981580054402,1.39015723973886,5.8890153180391,1.2694172138513977,3.9010020305357003,1.0675020300824976,3.2387937906357998,3.073146076628899
103.981580054402,1.39096741502998,5.761809086044,1.1957983640452987,3.618523235426199,0.9654482910361999,3.299206475151898,2.968157090340719
103.981580054402,1.39177759032109,5.729583652170199,1.5236786085883018,3.9009449581295,1.1584797184375013,3.696611924940303,3.201859772453161
103.981580054402,1.39258776561221,5.2875236651726,1.5674104297512983,3.534569799623103,1.2456162086669025,4.600149859510601,3.247053992544901
103.981580054402,1.39339794090333,5.127276674660699,1.834895541883398,3.3423173173686003,1.3695696423796981,3.959018813109598,3.1266155978803987
103.982390229693,1.31967198941177,6.9474732280772,3.9833654125460995,4.410590679739798,0.4068014136963001,5.539084635696099,4.257463073951099
103.982390229693,1.32048216470289,7.371026486919302,4.475714841222501,4.461657919378098,0.6235127930162001,5.386448725246897,4.463672153156599
103.982390229693,1.321292339994,7.118950986028903,4.1568750844975995,3.974661819335701,1.0614258196750015,5.453153515945601,4.353013445096561
103.982390229693,1.32210251528512,7.157447496744002,4.345323060686802,4.302388899766999,0.5162892683716009,5.3120740487511,4.326704554864101
103.982390229693,1.32291269057623,7.1969881232742985,4.431477669675001,4.592015769350798,0.13710430227319748,5.1286957109462,4.297256315103899
103.982390229693,1.32372286586735,7.060608828445101,4.486885717427402,4.5910940881899975,0.193592377434598,5.119813629575599,4.29039892821454
103.982390229693,1.32453304115847,7.016921696580699,4.302886863874701,4.620739271831297,0.23546996106639995,5.147861680921999,4.264775894855019
103.982390229693,1.32534321644958,6.8564448153242985,3.8697078153777014,4.662191344778602,0.228771309563502,5.170480269390399,4.1575191108869
103.982390229693,1.3261533917407,7.017528275731699,3.912007000718699,4.968663230557297,0.18181224717200095,5.227690123005299,4.261540175436999
103.982390229693,1.32696356703181,6.954053172362901,3.685332474500999,4.797251361203099,0.3630719071044979,5.296833641140399,4.219308511262379
103.982390229693,1.32777374232293,6.595558603372698,2.9949951095894995,4.451459381716699,0.9448479801364016,5.404598337768601,4.07829188251678
103.982390229693,1.32858391761405,6.755709670599202,2.9482218795420003,4.169637518393703,1.2911122626495022,5.371212985838298,4.107178863404541
103.982390229693,1.32939409290516,6.6350124796502,2.7654392326946997,4.1616505223388,1.447625282669101,5.141473371082199,4.030240177687
103.982390229693,1.33020426819628,6.7213261399875,2.8559721736705015,3.4782293033717018,1.3696201107788006,5.281249749982301,3.941279495558161
103.982390229693,1.33506531994297,5.885812614293503,2.540427963787298,3.335353561884002,0.333322753417999,3.0003858089222994,3.0190605404610205
103.982390229693,1.33587549523409,5.858679638529601,2.4187185531367987,3.1296527461379,0.10572731172010208,3.0309759503226026,2.908750839969401
103.982390229693,1.33668567052521,6.078109537494601,2.5830765665035997,3.1039577749361023,0.3754566708035014,3.1668374518833993,3.0614876003242406
103.982390229693,1.33749584581632,6.484641458507699,2.702987372417301,3.282054196429897,1.1693004951172021,3.3891097236796988,3.4056186492303597
103.982390229693,1.33830602110744,6.779909553319701,2.9623944125285995,3.7590592623832,1.521880510070801,3.491420930851902,3.7029329338308408
103.982390229693,1.33911619639855,7.027676978101599,3.2282496284603006,3.7954137876694,1.1599629411281995,3.525793379799399,3.7474193430317797
103.982390229693,1.33992637168967,6.785773893400499,3.1397205175276994,3.6781493891864976,0.4248703079359011,3.7241797830767993,3.550538778225479
103.982390229693,1.34073654698079,5.730640464048303,2.230931811506899,2.9254825568230984,0.42520366493059925,4.1801676853208996,3.09848523652596
103.982390229693,1.3415467222719,5.4301578590063,2.3481434661642986,3.120508753404401,0.055211333909799265,4.270457997258198,3.0448958819485994
103.982390229693,1.34235689756302,6.111893251124698,2.8287247482208002,3.2990717121229984,0.40519859744599884,4.0695400749105985,3.342885676765019
103.982390229693,1.34316707285413,6.008111816786698,2.738303163307201,3.2619648131466974,0.41220606317819986,4.014305875912399,3.286978346466239
103.982390229693,1.34397724814525,6.129868735400699,2.7710043141374996,3.0020936458960996,0.11181603095490189,4.904164983398399,3.38378954195752
103.982390229693,1.34478742343637,6.6753751886947015,2.5071076857665986,2.516742364961498,0.5550715380024016,3.9951676827935003,3.24989289204374
103.982390229693,1.34559759872748,5.599276359754501,1.7186627453138996,2.1862530041287016,0.6771040525906997,3.7329650275471984,2.782852237867
103.982390229693,1.3464077740186,6.753709431737001,2.9123906746187984,2.8932739066795,0.5482867892619012,4.604648832261802,3.5424619269118005
103.982390229693,1.34721794930971,6.728164586174,2.744893691430999,2.7865575389268997,0.7875155230970989,4.568823395159001,3.5231909469575995
103.982390229693,1.34802812460083,7.070259000767798,2.700073786313098,2.7357940716417026,0.9916853824725003,4.858715486406197,3.6713055455202595
103.982390229693,1.34883829989195,7.061014846566298,2.4271817747534,2.821944566888998,1.212395944435201,4.3981532766974,3.5841380818682596
103.982390229693,1.34964847518306,6.719200284388201,2.1737557094019984,2.8509341807145994,1.089369071905601,4.346146386028398,3.4358811264877596
103.982390229693,1.35045865047418,7.205860460357101,2.3134359158006,2.7989856251808014,1.028638334376602,4.219474660587899,3.5132789992606006
103.982390229693,1.35126882576529,7.7073755003961,2.4958671276129003,2.7448540292110017,0.5935141471924013,4.9058282920941,3.6894878193013008
103.982390229693,1.35207900105641,7.381942503526901,2.3042933310827998,2.6958829439832996,0.3706730197895993,5.2738409236992005,3.60532654441636
103.982390229693,1.35288917634753,7.605320533825701,2.454658875606899,2.8063579907814002,0.4451806314695972,5.256180109550499,3.7135396282468194
103.982390229693,1.35369935163864,7.668472610902299,2.4698196537997,2.876077917521201,0.43339161548679783,5.406751037764103,3.77090256709482
103.982390229693,1.35450952692976,6.269574698800099,1.4896272564072,2.4377038254982004,0.4206546489890002,5.2866879387201,3.18084967368292
103.982390229693,1.35531970222087,6.951521693264802,2.430641552252098,3.0645284495636,0.2690522350002986,4.845129579856199,3.5121747019873992
103.982390229693,1.35612987751199,6.8907954074011,2.598530349001301,3.5233570572134028,0.08421110183330072,4.7889450304835,3.577167789186521
103.982390229693,1.35694005280311,6.604692555835001,2.4245062138026015,3.5287304052874013,0.09492429502510191,4.824487589721599,3.495468211934341
103.982390229693,1.35775022809422,6.285151737626002,2.3211255358206024,3.3659945187424007,0.1622090757428012,4.9699312130612014,3.4208824161986016
103.982390229693,1.35856040338534,5.895842418330101,1.9823850922148019,3.108220447153901,0.14218976906899883,4.9894818196465,3.2236239092828605
103.982390229693,1.35937057867645,6.250603911796901,2.3652874612948978,3.1807977284342,0.1122149610244989,5.026545636119398,3.387089939733979
103.982390229693,1.36018075396757,6.776194362492799,2.7570197311457,3.2710370996002993,0.18156509199009818,4.9210963316409,3.5813825233739593
103.982390229693,1.36099092925869,6.526488729362502,2.377590434669301,3.677460591317601,0.7675387214276022,4.825863605138299,3.634988416383061
103.982390229693,1.3618011045498,6.479371772455501,2.2213693335712996,3.6616526111066,0.9604922256502988,4.522902447424901,3.5691576780417202
103.982390229693,1.36261127984092,6.6667580437392004,2.0533648582595987,3.486777510995399,0.9628485436921999,4.259139421792099,3.4857776756956995
103.982390229693,1.36342145513203,5.684591883655202,1.6925290981225025,3.9103800289081008,1.2559375090320017,4.025547811258498,3.313797266195261
103.982390229693,1.36423163042315,5.8066134250241,1.6959911282613014,3.9628133615043986,1.405560490167101,3.614534201510999,3.29710252129358
103.982390229693,1.36504180571427,5.555604605822701,1.5112093798014996,3.7986752994249002,1.5191147923602983,3.4595291371662995,3.16882664291514
103.982390229693,1.36585198100538,5.795614192115302,1.8370675154714995,3.8888877077184993,1.6393242690948,3.294940177449501,3.2911667723699205
103.982390229693,1.3666621562965,5.533202811985099,1.4305629098960004,3.7920241142472015,1.5582144103263005,3.0546613245035985,3.07373311419164
103.982390229693,1.36747233158761,5.324252000677799,1.5384066523575974,3.8078300338747013,1.7134307569315972,3.1913452054443,3.1150529298571987
103.982390229693,1.36828250687873,5.549200256353998,1.708609350699799,3.9187711864692005,1.6489648639656984,3.4341168320855004,3.251932497914839
103.982390229693,1.36909268216985,5.4993881048951,1.6767463917764012,3.776775706249097,1.480312126106,3.6754702968613984,3.2217385251775994
103.982390229693,1.36990285746096,5.523650171219202,2.0042047774204015,3.5834279313150965,1.5044351617924008,4.211428834838898,3.3654293753171998
103.982390229693,1.37071303275208,5.507442253639901,2.4120342868239995,3.528947634535001,1.2974298045911965,4.280813261311803,3.40533344818038
103.982390229693,1.37152320804319,5.470407397094203,2.1802273782335,3.7662572701325985,1.2941998072132002,3.6184272260741004,3.26590381574952
103.982390229693,1.37233338333431,5.236759960690101,1.8092674584364978,3.6328486161974,1.4410358993839019,4.019118776886,3.22780614231878
103.982390229693,1.37314355862543,5.470176675093398,1.4299844290076003,3.0481114918394034,1.3410456360221978,4.408307273210003,3.1395251010345206
103.982390229693,1.37395373391654,5.2723426858136015,1.3269856407302996,3.0113082635001014,1.3994350664194997,4.311975481250197,3.06440942754274
103.982390229693,1.37476390920766,5.174651579436901,1.4931689521342015,2.3705258137840026,1.353933790691098,5.370996334201401,3.152655294049521
103.982390229693,1.37557408449877,4.7033303911834,0.5581907291371024,2.2020623800566987,1.5759003124640003,2.4134202851697992,2.2905808196022
103.982390229693,1.37638425978989,5.232777593664601,1.0561190257882984,2.2273509651031986,1.3263972552085015,2.0087545892198015,2.3702798857968803
103.982390229693,1.37719443508101,5.497186068194701,1.860258593031201,2.724339784943801,1.291623758059501,2.137337298407701,2.702149100527381
103.982390229693,1.37800461037212,5.380848061286201,2.0879867008765984,3.0759694581253996,1.3914322923918974,2.9026329048665005,2.9677738835093193
103.982390229693,1.37881478566324,5.571142129875099,2.569767860238901,3.451106671445501,1.490596381441602,3.7431190216064003,3.3651464129215007
103.982390229693,1.37962496095435,5.692100079317001,3.148921762592501,4.170071149671799,1.2350600449414983,4.411897240397103,3.7316100553839804
103.982390229693,1.38043513624547,5.777866898246,3.405005966047799,3.9670247111810006,1.3810903599646025,3.9637962819886994,3.6989568434856204
103.982390229693,1.38124531153659,5.948598694062998,3.1104057889874,3.8603185399873006,1.1787787374478,4.199465653618699,3.6595134828208393
103.982390229693,1.3820554868277,5.910553632209901,2.6707178725276,3.7505409843343003,1.215490624147403,3.686438246853303,3.4467482720145015
103.982390229693,1.38286566211882,5.793184881613598,2.6996799096745008,3.8614334432057014,1.2464715038268999,3.612531128404399,3.4426601733450197
103.982390229693,1.38367583740993,5.654567567865001,2.663651089733701,3.8249221007359004,1.310346964413501,3.8456732201470025,3.4598321885790213
103.982390229693,1.38448601270105,5.692020734916298,2.835500765717697,3.7684189030027007,1.1420817380630979,3.629087270643403,3.413421882468639
103.982390229693,1.38529618799217,6.007154315419701,1.8119199939824,3.708468064629699,0.8638379233565026,2.8846680240343012,3.055209664284521
103.982390229693,1.38610636328328,6.646126109305801,1.1435191674487974,3.4076816202934985,0.9333034449200994,2.2140921010335006,2.8689444886003392
103.982390229693,1.3869165385744,6.6663147698369976,1.0197414969481997,3.801739261994502,1.0720518483604025,2.197430976521801,2.9514556707323805
103.982390229693,1.38772671386551,6.491714796150301,1.4857013597275994,4.2890381111654,1.2722460380577019,2.5294541318766015,3.213630887395521
103.982390229693,1.38853688915663,6.046706531206002,1.6020190702469002,4.0606073584162985,1.2066582226016003,2.972601086696997,3.1777184538335597
103.982390229693,1.38934706444775,6.052083164054199,1.3269671495859008,3.706170426093202,1.0395933840365998,2.9190087047118993,3.00876456569636
103.982390229693,1.39015723973886,5.929608735400798,0.9541180291002007,3.6765239222592996,0.8396921469918013,2.608242821831599,2.8016371311167396
103.982390229693,1.39096741502998,5.900053145554498,0.9779535301128988,3.7297467019857002,0.9792351123079008,2.9477063844807994,2.9069389748883596
103.982390229693,1.39177759032109,5.705711163970001,1.1604708977571008,3.8384476181579004,1.1265070535967006,3.5354681886528994,3.0733209844269203
103.982390229693,1.39258776561221,5.419155439735999,1.6312667186730998,3.582789923756401,1.3129418972900027,4.504182958780902,3.290067387647281
103.982390229693,1.39339794090333,4.971407512484301,2.0568511242924004,3.2994961913230014,1.4229605684634983,3.9237163658455003,3.1348863524817405
103.983200404984,1.31967198941177,5.584780949975599,2.8302993092883,3.7761575555776012,0.6454966706978986,5.6152944931933995,3.6904057957465595
103.983200404984,1.32048216470289,7.1603917254014,4.179596861675101,4.1276681358205,1.0733169994236,5.441400585942198,4.3964748616525595
103.983200404984,1.321292339994,6.9813247413772,3.9931207472847987,3.9527470415561012,1.1475222655097,5.363381310969903,4.287619221339541
103.983200404984,1.32210251528512,7.1556270606683015,4.4191904540092,4.289427926224402,0.2508771659952984,5.3016155995915994,4.283347641297761
103.983200404984,1.32291269057623,6.7726758566595,4.147144141694099,4.384631296918201,0.19355518162710084,5.022499607844601,4.104101216948701
103.983200404984,1.32372286586735,6.9358783291854,4.214781338666498,4.6240240836579005,0.18636950613059966,5.0132555469480025,4.19486176091768
103.983200404984,1.32453304115847,7.092858998994501,4.280530667416198,4.766814318953898,0.15312272808840177,5.0261988911606,4.26390512092272
103.983200404984,1.32534321644958,7.024356957511202,4.039637812532501,4.800705143692703,0.179879421196798,5.171377129508599,4.24319129288836
103.983200404984,1.3261533917407,6.9002842998777005,3.7589662834577986,4.7331758211125,0.13851530103900345,5.200656160183499,4.1463195731341
103.983200404984,1.32696356703181,6.940723125066601,3.4679614276804998,4.6025998276289,0.24472609750710106,5.6653002338596,4.18426214234854
103.983200404984,1.32777374232293,6.795649535994201,3.3196210940799986,4.8177851305371995,0.7415493447808004,5.424674868571,4.21985599479264
103.983200404984,1.32858391761405,6.862903639634098,3.0460236658036983,4.432273861597899,1.3367762537366978,5.618110813056099,4.259217646765698
103.983200404984,1.32939409290516,7.0255525471296,3.1686317585579005,4.051772372069799,1.315648739183203,5.335144174441002,4.1793499182763005
103.983200404984,1.33020426819628,7.095850373906398,3.0259560248771997,3.481229295256,1.5397539764879014,5.276420119253398,4.08384195795618
103.983200404984,1.33101444348739,6.8370912397857,2.6777134400647995,3.092184146070199,1.708608071858702,5.137261051220502,3.8905715897999804
103.983200404984,1.33182461877851,6.5785342690966,2.6024962313324984,2.9168900947443,1.4294289824524,4.577638506287098,3.6209976167825793
103.983200404984,1.33506531994297,5.505986671379599,1.8052164811776024,3.1114250414972986,0.40532609362789884,3.3694255309073,2.83947596371794
103.983200404984,1.33587549523409,5.8511255485292,2.049355893333601,2.906680368046601,0.843250951856799,3.2842586903121997,2.98693429041568
103.983200404984,1.33668567052521,6.135198436139003,2.3102812093982017,3.1298331983546,1.4025391350436998,3.3877754777255973,3.2731254913322205
103.983200404984,1.33749584581632,6.416853493295097,2.278219499025802,3.077605162470199,2.018882740620903,3.7607988947215034,3.510471958026701
103.983200404984,1.33830602110744,6.965144884500699,3.009408357095598,3.6921595426266016,1.6666969663362003,3.887290331262701,3.84414001636436
103.983200404984,1.33911619639855,7.2109247797754,3.3501404318169,3.6780889327067996,1.2184389611160995,3.739058903385299,3.8393304017600998
103.983200404984,1.33992637168967,7.0353553547358025,3.238674145219399,3.405617514855802,0.5649108933400022,3.8175476792889995,3.612421117488001
103.983200404984,1.34073654698079,6.714291790650599,3.1108937042682,3.2898800512273,0.23945037750090137,4.5769342680906,3.58629003834752
103.983200404984,1.3415467222719,6.334683274451898,3.103748418854302,3.263333783141398,0.03261473811269866,4.551952960667702,3.4572666350456
103.983200404984,1.34235689756302,6.208136998685099,3.0050035764609007,3.5011413973152976,0.11255768174909875,4.367522525717401,3.4388724359855596
103.983200404984,1.34316707285413,6.3827101613672,2.9431260264430996,3.2254247425168003,0.14077890936429682,4.0729097155698,3.3529899110522394
103.983200404984,1.34397724814525,5.730393965719202,2.6469903614889,3.0960546728869005,0.11825631381629975,4.1972809216076,3.1577952471037802
103.983200404984,1.34478742343637,6.330657619723102,2.575393947529598,3.0120711604608985,0.22204823135059826,4.880784204508501,3.4041910327145395
103.983200404984,1.34559759872748,6.0370243354444,2.198046171581499,2.722000623412999,0.42678564444589995,3.4505070840115017,2.96687277177926
103.983200404984,1.3464077740186,6.234429328043301,2.525750859528898,2.8889976355568017,0.4112184609854985,3.7974020166286984,3.1715596601486395
103.983200404984,1.34721794930971,6.797717814381798,2.8297896795968,2.956039710819997,0.47764222413619706,5.091504887573201,3.6305388633015987
103.983200404984,1.34802812460083,6.8019150111143,2.6324798813145023,2.587701256085399,0.9341430550874996,6.134333432400201,3.8181145272003802
103.983200404984,1.34883829989195,6.9705931321276005,2.472329382258099,2.6638526566767027,1.052456080504701,5.5571776879205,3.7432817878975206
103.983200404984,1.34964847518306,6.300083385176698,1.8360143853968012,2.424222137719301,1.0268626904310985,4.444531815646698,3.2063428828741194
103.983200404984,1.35045865047418,6.9194009675408985,2.436178760188401,2.982283384100999,0.804582642260101,4.297090383395702,3.48790722749722
103.983200404984,1.35126882576529,7.361851060507199,2.556997612795101,3.019854836154501,0.6876116346656005,5.7395821620009,3.87317946122466
103.983200404984,1.35207900105641,7.351351822476499,2.378632834899399,2.8043417208207018,0.7703721278688995,5.133480662339,3.6876358336808996
103.983200404984,1.35288917634753,7.718525380481399,2.4217586131677002,2.8559409673258003,0.7101338973068003,5.4043514321076,3.82214205807786
103.983200404984,1.35369935163864,7.985423819914601,2.4072655230232023,2.6991623819398995,0.6552460583032023,5.5881021097691,3.867039978590001
103.983200404984,1.35450952692976,7.231117172289501,2.2665631913714,2.7491399128418017,0.5630048369548994,5.921665853949701,3.7462981934814605
103.983200404984,1.35531970222087,7.285124400901502,2.4646283114756997,3.037171775544298,0.45656074142339875,5.266769041047503,3.7020508540784802
103.983200404984,1.35612987751199,7.231086384332901,2.4977227904721993,3.181472143455199,0.42323549332850163,4.993737156837199,3.6654507936852
103.983200404984,1.35694005280311,7.149569897848799,2.351901934786298,3.386522196061698,0.2522296642534023,4.931177186504698,3.614280175890979
103.983200404984,1.35775022809422,6.979443592877999,2.4984761035777012,3.388974712933198,0.10842257757769858,5.078994399143898,3.610862277222099
103.983200404984,1.35856040338534,6.4319889749586,2.3411014112881006,3.258209227444599,0.2395772813728989,5.0556639437693995,3.4653081677667195
103.983200404984,1.35937057867645,6.796878380753199,2.8725009382660005,3.495725585729499,0.17814584487940266,4.724749949113402,3.613600139748301
103.983200404984,1.36018075396757,6.6847649550092,2.7417070617294,3.600673967936199,0.1717975884218994,4.621489224648897,3.564086559549119
103.983200404984,1.36099092925869,6.711999628634501,2.861975701209097,3.9806021737692987,0.9211214195897988,4.5814275612105995,3.811425296882659
103.983200404984,1.3618011045498,6.776353099366602,2.581794579231399,3.7355692317979994,1.0744569278208012,4.368524651226,3.7073396978885604
103.983200404984,1.36261127984092,7.037677816810799,2.0205573025496015,3.6050267039704984,1.0765592646942999,4.185296503459099,3.5850235182968597
103.983200404984,1.36342145513203,6.346585973863899,1.678749349066699,3.9228008174867988,1.3447825049879008,4.001758815573599,3.458935492195779
103.983200404984,1.36423163042315,6.398196506686098,1.8683808032164002,4.080065929303203,1.4502443336425017,3.729777691613897,3.50533305289242
103.983200404984,1.36504180571427,6.4098031053675015,1.9805864795273003,4.0228578006591995,1.6166764748901024,3.455412008124501,3.497067173713721
103.983200404984,1.36585198100538,5.754265237216099,1.8807873429139015,4.088485280295998,1.9264226041457988,3.3799550426839,3.4059831014511395
103.983200404984,1.3666621562965,5.931076184104203,1.798150957891,3.9899081238186973,1.9018841930381,3.4184570527344,3.40789530231728
103.983200404984,1.36747233158761,6.2318510945301995,2.082794919697502,4.066803492613197,1.7440065001705989,3.1757890251465,3.4602490064315994
103.983200404984,1.36828250687873,5.6414250499943,1.715373333930799,3.8122007083469,1.5522113489200002,3.3790295727268003,3.22004800278376
103.983200404984,1.36909268216985,5.6777411439923,1.8119954709648987,3.6597830281348998,1.580854410992,3.9145033046875,3.32897547175432
103.983200404984,1.36990285746096,5.761988570531599,1.9875264282598977,3.3787606677834,1.5083913335573023,4.9662128681098,3.5205759736483997
103.983200404984,1.37071303275208,5.504505717722399,2.110321531179899,3.1775809961751023,1.444323465938897,5.6519950666640035,3.5777453555360603
103.983200404984,1.37152320804319,5.853512260910499,2.0126888546563997,3.7308317921821015,1.4170531647706,4.1193609165705,3.42668939781802
103.983200404984,1.37233338333431,5.228298249184601,1.519296153031501,3.582266629263401,1.2840490538320992,4.100870608101701,3.1429561386826608
103.983200404984,1.37314355862543,5.289988179091697,1.0795434699093995,3.014080400747801,1.3038382195741,4.531509367650003,3.0437919273946
103.983200404984,1.37395373391654,5.213942050096598,1.025170666181502,2.4448616318946996,1.0783169600730993,4.125180997616702,2.7774944611725205
103.983200404984,1.37476390920766,5.3099263976844,0.9431675805726023,2.064394588482898,1.0927439887736021,4.059484446340701,2.6939434003708405
103.983200404984,1.37557408449877,5.042766301890101,0.49219163351749984,1.8816178805574992,1.0698920958292,3.4388154043849006,2.38505666323584
103.983200404984,1.37638425978989,4.271737371169998,0.22900128247070128,2.0076000770916984,1.1841450118824,3.2464286635290023,2.18778248122876
103.983200404984,1.37719443508101,5.5375077036256,1.8326036222829991,2.5230757648247994,1.3603999564799985,3.1389859645110008,2.8785146023448798
103.983200404984,1.37800461037212,5.404327829360099,2.2421332786907975,3.4236874518500002,1.4917890230488986,3.1360587360839993,3.139599263806759
103.983200404984,1.37881478566324,5.552768638972299,2.9056345392686005,4.1535256753970025,1.5079889712521002,4.1055864395208985,3.64510085288218
103.983200404984,1.37962496095435,4.644130303780802,2.542140117947401,3.798813627485899,1.6178531567960022,4.0805674413288,3.3367009294677805
103.983200404984,1.38043513624547,6.171381193310097,3.7631359299893994,4.109282130630099,1.3817587511567986,4.017270058006201,3.888565612618519
103.983200404984,1.38124531153659,5.9533707949895,3.042276698981702,3.919960815619401,1.2162779680102993,4.035094994615299,3.63339625444324
103.983200404984,1.3820554868277,6.051969640051301,2.8092676790074975,3.9194939702239004,1.4345122842389024,3.5673910444742987,3.55652692359918
103.983200404984,1.38286566211882,6.2143072384759,3.027243149546301,3.8973767737269007,1.4626888552928001,3.575668313734301,3.6354568661552404
103.983200404984,1.38367583740993,5.610254024672798,2.8642831162540006,3.8128736241298,1.3427385017934022,3.802546351955801,3.4865391237611605
103.983200404984,1.38448601270105,5.7319323145345,2.7316401468211993,3.6483594626938007,1.231565450624899,3.9255814404838993,3.4538157630316597
103.983200404984,1.38529618799217,5.9684232736507,2.0136378598609994,3.6356817751963,1.0499213662360027,3.464879668687601,3.2265087887263206
103.983200404984,1.38610636328328,6.246552895838999,1.7865707168284999,3.9109279913918016,1.1178276864672014,2.962898991292299,3.2049556563637602
103.983200404984,1.3869165385744,5.454330990747401,1.1370703123756982,3.9751750980270018,1.2442983761592998,2.8944939623210004,2.9410737479260805
103.983200404984,1.38772671386551,5.403900179079699,1.326731100463899,3.960324287716002,1.4177502475007984,2.9276808895399,3.0072773408600595
103.983200404984,1.38853688915663,5.866714893943701,1.775535202797201,3.868359532433299,1.1595815313052995,3.094481551567899,3.15293454240948
103.983200404984,1.38934706444775,5.852390386893099,1.4255907451805,3.9403064211471026,1.0767552452819977,3.0377256802165,3.0665536957438397
103.983200404984,1.39015723973886,5.997923737367202,0.9214601409391996,3.803577119845901,1.0010942178115982,2.7319634720323016,2.8912037375992403
103.983200404984,1.39096741502998,6.0519138644161,0.7693283081303015,3.8985746336895986,0.9660990133267013,2.833173836181601,2.9038179311488603
103.983200404984,1.39177759032109,6.034637539785603,1.1797633939637997,4.050441786603699,1.141203664846202,3.494582491265202,3.1801257752929013
103.983200404984,1.39258776561221,5.571429401626901,1.5539778437726,3.6076829154400976,1.3364475710236974,4.4919542221408015,3.3122983908008194
103.983200404984,1.39339794090333,5.2390659682661,1.985439730356898,3.3143958111757996,1.3565378119008002,3.700543172198202,3.11919649877956
103.984010580275,1.31238041179173,5.913576316958398,3.7805699992022,3.7697949544597975,1.1226923993529994,3.632811605600999,3.6438890551148786
103.984010580275,1.31643128824731,5.556912022186701,3.342717408964198,3.497763361372801,0.9186666402587989,3.749216477771501,3.4130551821108
103.984010580275,1.31724146353842,5.446143889031401,3.062488277941501,3.407356510856701,0.6431589295959022,3.9649874772944997,3.304827016944001
103.984010580275,1.31805163882954,5.8969727714511,3.398835791003499,3.5839826496601006,0.20334361648560062,4.301781516903201,3.4769832691007005
103.984010580275,1.31886181412065,5.772039720578899,3.0895561236128977,3.3924272648566003,0.38167875701899945,5.159177312335498,3.5589758356805787
103.984010580275,1.31967198941177,5.848505790479901,2.982837612946703,3.4032667127147,0.8778259308403982,5.468273719608902,3.716141953318121
103.984010580275,1.32048216470289,6.7704170383271,3.6163275179882,3.5463073590488,1.6010944659423991,5.509211378266201,4.20867155191454
103.984010580275,1.321292339994,6.900632524587298,3.8609923268670023,3.8146927267998016,1.3711251839871004,5.438776532156702,4.277243858879581
103.984010580275,1.32210251528512,6.765329313217201,3.9457874848559022,4.0774621859614015,0.3564193578558985,5.266892665131401,4.082378201404361
103.984010580275,1.32291269057623,6.531118471870201,3.9470040156609976,4.525499199380199,0.032652035746298935,5.1849527837716,4.0442453012858595
103.984010580275,1.32372286586735,6.973760986204002,4.128080416164,4.607852831688501,0.04545083610700118,4.809863577877,4.113001729608101
103.984010580275,1.32453304115847,6.9543463855378,4.084419140947599,4.714012230258401,0.03788789345970045,4.826547339308,4.1234425979023
103.984010580275,1.32534321644958,6.878732109203298,3.8746994489724997,4.783698678198299,0.0002082723660024044,4.866358770629699,4.080739455873959
103.984010580275,1.3261533917407,6.209643256404998,2.8668086973170013,4.257721645854698,0.13748237857390322,4.928632779354899,3.6800577515011
103.984010580275,1.32696356703181,6.597986930511603,3.238272112397901,4.303060636632701,0.25493495831980084,5.199327829874701,3.918716493547341
103.984010580275,1.32777374232293,6.717474239192001,3.249555978597897,4.3763232587647,0.8749337619765001,4.824116595540399,4.0084807668143
103.984010580275,1.32858391761405,5.607989294554301,2.0225127779689984,3.6295346175602994,1.4160282320488982,4.883186736938502,3.5118503318141996
103.984010580275,1.32939409290516,7.415960213285,3.5548733768998986,4.191257767351598,1.0039393978813997,6.1577801080322025,4.46476217269002
103.984010580275,1.33020426819628,7.468386116791301,3.596213933784199,3.9207352353400005,0.9216531865166999,5.425740002344401,4.266545694955321
103.984010580275,1.33101444348739,7.4146741313454,3.540018080581202,3.7902130267911005,1.0243011916572016,5.2040826376005995,4.194657813595101
103.984010580275,1.33182461877851,6.985857388232198,3.3115804095163988,3.4960594632315,0.9328642321234994,4.560641507291901,3.8574006000790995
103.984010580275,1.33263479406963,6.7704480239011,2.9809011266019994,3.1418072093520983,1.0636466340418984,4.0604785029027965,3.6034562993599786
103.984010580275,1.33344496936074,6.456098180123099,2.4144764090214004,2.8333198325432,1.4676966600952,4.128948017181401,3.46010781979286
103.984010580275,1.33425514465186,5.9212620041531,1.7358576746905996,2.780732692201102,1.6425437980956978,3.0369395717772996,3.0234671481835598
103.984010580275,1.33506531994297,5.283808648901601,1.1735750777370981,2.9171643917953,1.251498359463202,3.6025912039606,2.84572753637156
103.984010580275,1.33587549523409,5.584485273112801,1.665897238209201,3.0667687912382,1.457426244391499,3.5792033961523018,3.0707561886208006
103.984010580275,1.33668567052521,6.1936880415539015,2.231406798564201,3.226078399097201,1.7873294104274997,3.6995164889447025,3.427603827717501
103.984010580275,1.33749584581632,5.567083125213202,1.6351466876258023,2.7904301326928973,2.097893965922001,4.074458748889601,3.2330025320687006
103.984010580275,1.33830602110744,7.4113027015085,3.3406600080715023,3.5470387009225988,1.8943867241991015,4.065821706287501,4.051841968197841
103.984010580275,1.33911619639855,7.233374954501802,3.1672536701495027,2.9983613252392978,1.6103617493916005,4.156253292718699,3.8331209984001804
103.984010580275,1.33992637168967,7.3951680751182,3.525011677046198,3.3282304682905988,0.937729805936101,4.0803802060348,3.8533040464851793
103.984010580275,1.34073654698079,6.9458602613600995,3.328722123517501,3.2048178555388986,0.20546610113119712,4.804831913130599,3.697939650935659
103.984010580275,1.3415467222719,6.999315718507102,3.4955810901813997,3.3276584714661013,0.03456755547979995,4.888088774198,3.7490423219664804
103.984010580275,1.34235689756302,6.629191659281702,3.2133494470246973,3.3912829160820976,0.16629235614229998,4.6321835075079,3.6064599772077393
103.984010580275,1.34316707285413,6.6129783039591,2.930544972400998,3.055639376446301,0.012739569158799924,4.4162653032447,3.4056335050419797
103.984010580275,1.34397724814525,6.530901880384501,2.8743741735229023,3.0825693947980994,0.08080665503299755,4.338941674365902,3.3815187556208803
103.984010580275,1.34478742343637,6.899811623852099,2.8260995676217995,4.083697903462902,0.22988155331919913,5.572025756727399,3.9223032809966796
103.984010580275,1.34559759872748,6.638718776784302,2.9017171083047018,3.451325138612699,0.3109829514279987,3.3274813749322014,3.3260450700123805
103.984010580275,1.3464077740186,6.598308588130799,2.9427029207170996,3.1546401838515017,0.25053805710919974,3.2946799203152004,3.24817393402476
103.984010580275,1.34721794930971,6.627935312387301,2.881330214315998,3.3362691938340987,0.15438419566689987,3.6472913594021,3.3294420551212793
103.984010580275,1.34802812460083,6.510498208107901,2.7828880797718014,3.119096164501002,0.3497601724234016,4.011987280612502,3.3548459810833213
103.984010580275,1.34883829989195,6.470758535758598,2.476588111847402,2.9416904597207,0.6754429043268999,3.3685525185276006,3.1866065060362403
103.984010580275,1.34964847518306,5.896823554730499,2.0099630335226983,2.683183020740099,0.8126602555056976,2.4024935034587003,2.761024673591539
103.984010580275,1.35045865047418,6.548941519299902,2.4333219269155,2.8776439345612985,0.7162538188750993,2.829078324693498,3.0810479048690596
103.984010580275,1.35126882576529,6.944792673296401,2.4752916186216005,2.9883196892632,0.7094567296785002,3.9148110434028,3.4065343508525006
103.984010580275,1.35207900105641,7.033138243210999,2.4499074538480983,2.977483979844802,0.7242503680406998,5.1653250977241,3.67002102853374
103.984010580275,1.35288917634753,6.8932674294647,2.0309978390833017,2.695393929637799,0.7389703991847014,6.1029329692925,3.6923125133326002
103.984010580275,1.35369935163864,7.053582395545799,1.999844681846902,2.5897640681514,0.8710385040327004,5.3885341540837,3.5805527607321004
103.984010580275,1.35450952692976,7.192251254744299,2.404544894973398,2.9624505608407006,0.7704746049324989,5.167257116580398,3.6993956864142588
103.984010580275,1.35531970222087,7.123644054242899,2.3901696772623,3.0398679225395995,0.697018022241199,5.237337091315201,3.6976073535202394
103.984010580275,1.35612987751199,7.2644237563978,2.3954790077751014,3.1163682005796005,0.6649037441123014,5.186408358933999,3.7255166135597606
103.984010580275,1.35694005280311,7.283227217151001,2.265455146904099,3.4045567066063,0.527660869715497,5.249441057086102,3.7460681994926
103.984010580275,1.35775022809422,6.969529161675599,2.325019805246498,3.3012492745773017,0.3562851790831978,5.320425480548998,3.654501780226319
103.984010580275,1.35856040338534,6.396964157569101,2.1278149687631007,3.0920709292814017,0.3199740408574989,4.933886004512999,3.37414202019682
103.984010580275,1.35937057867645,6.4923395861868975,2.3864009024782007,3.227286483809902,0.3178270445908993,4.574710084738701,3.39971282036092
103.984010580275,1.36018075396757,6.5306676130425,2.5482968881092027,3.515561455620702,0.1887902970706996,4.063780548546902,3.369419360478001
103.984010580275,1.36099092925869,6.443910158592399,2.417602889176699,3.7687213173285983,0.7801693196065003,3.8746490995185,3.4570105568445393
103.984010580275,1.3618011045498,6.7872348711514014,2.697281082621199,3.9558369509277966,1.2123771086410002,3.7183729601429008,3.67422059469686
103.984010580275,1.36261127984092,6.611058104121302,2.3293386346724994,4.168154385186099,1.2099654965849993,3.7699077145577,3.61768486702452
103.984010580275,1.36342145513203,6.595555900110899,2.0033074605147974,3.805498356458898,1.1268392853623013,3.7667512878579004,3.4595904580609593
103.984010580275,1.36423163042315,6.6458379848238,1.7949335206286001,3.7389221395535017,1.1652024401280983,3.8708735457893013,3.44315392618466
103.984010580275,1.36504180571427,6.613222773706301,1.8796609521813998,3.623172724464702,1.3773993903317,3.6009510768626,3.4188813835093406
103.984010580275,1.36585198100538,6.7116613941880985,2.1808257498201975,3.761135290649399,1.6589203025719002,3.3312334031576007,3.528755228077439
103.984010580275,1.3666621562965,6.288328725845403,1.9616608795690986,3.8393927111068002,1.653509009948202,3.3137211964111017,3.411322504576121
103.984010580275,1.36747233158761,5.5440654598781975,1.4552310924546,3.7431513713606,1.6755961645359996,3.4218856088596006,3.1679859394177994
103.984010580275,1.36828250687873,5.7536371779332995,1.6886975083688007,3.7185179710828997,1.5191469202545989,3.634022421657999,3.2628043998595198
103.984010580275,1.36909268216985,5.812889448550699,1.7957873096084995,3.4911041129557,1.4657112793499998,3.952855936347099,3.3036696173623996
103.984010580275,1.36990285746096,5.650285937528203,1.7329668146702986,3.275088745004197,1.4269691996620004,5.518500384317999,3.5207622162365397
103.984010580275,1.37071303275208,5.850726526507,2.077392155676602,3.3080451546539997,1.5393526217338014,4.8692509975892975,3.52895349123214
103.984010580275,1.37152320804319,5.4484854324016005,1.7868971001526006,3.5647934028139012,1.5252604622672976,4.444529040218299,3.35399308757074
103.984010580275,1.37233338333431,5.209430319237402,1.5588699734205989,3.7987383095206013,1.4121054889440003,4.103846418323499,3.2165981018892205
103.984010580275,1.37314355862543,5.407967393814701,1.2155626750467974,3.231335834649002,1.2792718336433992,4.262540229230801,3.07933559327694
103.984010580275,1.37395373391654,5.1755684775117,1.308005368895202,2.6619515929588005,1.1674381629611013,4.1513117668636,2.8928550738380805
103.984010580275,1.37476390920766,5.213516048456199,1.1571555183547986,2.0654186708305993,1.0274165929065013,3.718542309703402,2.6364098280503
103.984010580275,1.37557408449877,5.110453250993299,0.49801785862820225,1.9166229570449005,0.9260458003084011,3.4786816592374983,2.38596430524246
103.984010580275,1.37638425978989,4.8567198724581,0.4472446273498001,2.181460921469199,1.1225430314778002,3.3577431057805,2.39314231170708
103.984010580275,1.37719443508101,5.177086290271898,1.6980744140288984,2.515154442156799,1.3335149782212987,3.0006096060348,2.7448879461427387
103.984010580275,1.37800461037212,4.5934763948636,2.0962264497605005,3.7125234924361976,1.7322661097648009,3.406438863177101,3.10818626200044
103.984010580275,1.37881478566324,5.6346284955611985,3.1415233787891985,3.8203507340504004,1.5614663981844998,3.5972636058686014,3.55104652249078
103.984010580275,1.37962496095435,5.651589217259399,3.391526538553702,3.9466578124093026,1.5233489810023002,3.928108520306399,3.6882462139062206
103.984010580275,1.38043513624547,5.8813443953938,3.5224575922479,4.0827505857544,1.3889286636228988,4.3155147465278,3.83819919670936
103.984010580275,1.38124531153659,5.869618975725398,2.933295946191702,3.965535233479198,1.2906436262450995,4.0127981152344,3.6143783793751596
103.984010580275,1.3820554868277,6.0411939239417976,2.8213474949521,3.9072125456859013,1.296448686871699,3.5245851757540976,3.5181575654411192
103.984010580275,1.38286566211882,6.148682148393899,2.819829735376601,3.8448640505144986,1.5121061289816993,3.614836539116798,3.588063720476699
103.984010580275,1.38367583740993,5.641289437655299,2.528732615304399,3.7555136120314003,1.4289853493628009,3.7732584546305006,3.42555589379688
103.984010580275,1.38448601270105,5.705453413193098,2.716101312834599,3.859069650227198,1.3541986307623013,3.9830757390136995,3.523579749206179
103.984010580275,1.38529618799217,5.8715744963595,2.4585372569761006,3.760892387171399,1.159521257639497,3.906971324585001,3.4314993445462996
103.984010580275,1.38610636328328,5.6850238881878,1.9993942036246004,3.7803214889766004,1.1550815588635999,3.514164436550601,3.2267971152406405
103.984010580275,1.3869165385744,6.112514560061701,2.2518972230314986,4.080369140444201,1.2658650686112018,3.0538019456651,3.3528895875627405
103.984010580275,1.38772671386551,6.061048253184399,2.0516861721236985,3.7388425933033,1.3604559900969022,2.998468261447499,3.24210025403116
103.984010580275,1.38853688915663,5.880309484817598,1.8161630207903983,3.828405643418101,1.362291658527699,3.390872487250398,3.2556084589608387
103.984010580275,1.38934706444775,5.976836559440098,1.623392799829599,3.9057564145483,1.2882822770542006,3.3403363240017008,3.2269208749747795
103.984010580275,1.39015723973886,6.0940675832218005,1.1994568692988992,3.8403463426377975,1.226979589261802,2.9600515931802995,3.0641803955201197
103.984010580275,1.39096741502998,6.4252554804842,0.941617310083501,4.0357613720839005,1.1212664013956015,2.851424606987802,3.075065034207001
103.984010580275,1.39177759032109,6.5094550110942,1.216815741319401,4.275104056777799,1.247420351994002,3.412548074110198,3.33226864705912
103.984010580275,1.39258776561221,5.178891787985098,1.2990201736562987,3.537643548433202,1.3425610618506987,4.592483455457902,3.19012000547664
103.984010580275,1.39339794090333,5.260439294220401,2.0861449633686995,3.277103200300001,1.312173173445398,3.4820983166241,3.0835917895917198
103.984820755566,1.31238041179173,6.1698011149115,4.103075292986997,4.0082904020523,1.1542556174752008,3.770983598232398,3.841281205131679
103.984820755566,1.31319058708284,5.274857076941302,3.6790152934260973,4.1008433075176,1.3580634692382993,3.8224803177499993,3.64705189297466
103.984820755566,1.31400076237396,5.237640828204999,3.420406813398902,4.004621679808398,1.3271520943400006,3.7901949349102004,3.5560032701325
103.984820755566,1.31481093766507,6.1346744076825,3.941067767924398,4.064284263981701,1.2243168325805982,3.6238952975438004,3.7976477139425997
103.984820755566,1.31562111295619,6.164238856597599,4.006884083566099,3.9494501118729985,1.2725956342163016,3.6887332315567,3.8163803835619396
103.984820755566,1.31643128824731,5.860585218558999,3.627970286338801,3.7923204735873988,1.0949284791124008,3.7316694972736,3.62149479097424
103.984820755566,1.31724146353842,5.738206539707999,3.425846819206999,3.6823569802766016,0.7418337457886004,4.023592527128098,3.5223673224216596
103.984820755566,1.31805163882954,5.7525508688766,3.1857227302790996,3.493156403908099,0.16319628711620027,4.676158861402701,3.45415703031654
103.984820755566,1.31886181412065,5.792921257755399,3.103774966314102,3.360922659695799,0.29928828895569737,4.844114543607802,3.48020434326576
103.984820755566,1.31967198941177,4.781325761070498,2.0113760435228016,2.9024406525950006,0.9539792358737991,5.2792406512607,3.18567246886456
103.984820755566,1.32048216470289,5.920254436772101,2.688466228454601,2.8073129087064004,1.9130496827120993,5.377269444665302,3.741270540262101
103.984820755566,1.321292339994,6.396921346234201,3.0565544086719,2.9858130417392985,1.9758330795559012,5.351224444931898,3.95326926422664
103.984820755566,1.32210251528512,5.9283575544653,2.885270443854399,3.476846646702402,1.2713786836955023,5.343789808124299,3.7811286273683806
103.984820755566,1.32291269057623,6.6225691303319,3.562657093804898,4.177622978344999,0.5970108369615019,5.1265056183829,4.01727313156524
103.984820755566,1.32372286586735,6.5317681467955,3.7459977516375993,4.4314398868108995,0.17314673212349874,4.874394837714899,3.951349471016479
103.984820755566,1.32453304115847,7.024795832101198,3.9775028122553984,4.663716859162001,0.08051064440240197,4.629459540454299,4.07519713767506
103.984820755566,1.32534321644958,7.177732243185002,3.7762196761478997,4.614454212907699,0.1543350802273018,4.639669398185099,4.0724821221306
103.984820755566,1.3261533917407,6.3153671147479,2.8985570908105984,4.188247638527898,0.20122910669619998,5.1247680859646,3.7456338073494395
103.984820755566,1.32696356703181,6.625797554523601,3.0955938192910004,4.298422987970099,0.30069205960419865,4.464082942843998,3.7569178728465795
103.984820755566,1.32777374232293,6.8715996749096995,3.149413724384999,4.100522332627001,1.0151515930039992,4.162803435411199,3.8598981520673794
103.984820755566,1.32858391761405,7.553280593132001,3.4134139988068988,4.2030716585968015,1.4080879704115006,4.3901160523681995,4.19359405466308
103.984820755566,1.32939409290516,7.4991914314115995,3.470168061720102,4.120833977723699,1.2441248750678007,6.0657417049018,4.480012010165
103.984820755566,1.33020426819628,7.525080317136197,3.5851788502503013,4.1067697235396,0.914657811787901,5.258604736212998,4.2780582877854
103.984820755566,1.33101444348739,6.960349383036501,3.4510922449720987,3.8402417753048006,0.5645508854302008,5.186798658110199,4.00060658937076
103.984820755566,1.33182461877851,6.933127767368802,3.414922225419499,3.736958882327098,0.04425649966090006,4.4860481246894,3.72306269989314
103.984820755566,1.33263479406963,7.212336614105201,3.5163238109558996,3.7778840065872004,0.26020598385279925,4.1601190558493,3.78537389427008
103.984820755566,1.33344496936074,7.010294073133302,2.9425545195557987,3.284884681813299,1.0382499450683973,4.867566423923101,3.8287099286987796
103.984820755566,1.33425514465186,6.6646533004674,2.577062237954298,3.105521294102701,1.4459819672851992,3.229336551689997,3.404511070299919
103.984820755566,1.33506531994297,5.534117458474601,1.589006495003499,3.1554098830385975,1.4503775830552996,3.1704967489420994,2.9798816337028193
103.984820755566,1.33587549523409,5.819659716116799,1.806851600132699,2.9588556262505,1.6537528562758013,3.1235070610758022,3.0725253719703205
103.984820755566,1.33668567052521,6.300016249213801,2.4073662049676017,3.3503401346893966,1.7095693029378012,3.326281770155198,3.41871473239276
103.984820755566,1.33749584581632,6.846216240728101,2.990579270208599,3.3165648988884016,1.582526563340899,4.9808437397597025,3.9433461425851406
103.984820755566,1.33830602110744,7.530890881075699,3.5629714007172986,3.297923067981401,1.4466077834730982,4.2663338745221004,4.020945401553919
103.984820755566,1.33911619639855,7.410949368462802,3.2871992302842017,2.9844826906884983,1.5417775824085993,4.216756665757099,3.8882331075202403
103.984820755566,1.33992637168967,7.4283939092489994,3.3005921396424966,3.1320738757403994,1.1462475881413994,4.1920961932958,3.839880741213819
103.984820755566,1.34073654698079,6.912971718334301,3.2231239870906983,4.012684737579001,0.44732205365430033,4.4810479255468,3.81543008444102
103.984820755566,1.3415467222719,7.265802019563001,3.443666742330798,3.2938663445345,0.07236007983329884,4.909784523005602,3.79709594185344
103.984820755566,1.34235689756302,6.6361450461314995,2.9795423923415,3.046809051511797,0.20541361010599957,4.584355877679503,3.4904531955540596
103.984820755566,1.34316707285413,6.903151040982301,2.9621997241608007,2.8809273916477025,0.23541339728189925,4.6670325382792015,3.5297448184703812
103.984820755566,1.34397724814525,6.549852257152001,2.544942538976997,2.5002934802834,0.15818348570470064,4.674139554170701,3.2854822632575598
103.984820755566,1.34478742343637,6.8828819580322005,3.0477504732049,3.1566488565175987,0.20351466215810277,4.454353723205401,3.5490299346236407
103.984820755566,1.34559759872748,6.846112417482299,3.0932535374375014,4.3167544013853,0.3157137960285006,3.9552166339924995,3.70541015726522
103.984820755566,1.3464077740186,6.599516919714002,2.993100546793599,3.216725243191199,0.04908739026419795,3.8313449370523998,3.3379550074030795
103.984820755566,1.34721794930971,6.4294377588427984,2.8730507800554967,3.625432514227999,0.27862286816909787,4.041820325792099,3.449672849417498
103.984820755566,1.34802812460083,6.382538237968401,3.034355336433798,3.5686360992703,0.17862832866920186,3.6946953849148017,3.3717706774513005
103.984820755566,1.34883829989195,6.166633667616598,2.695710125770198,3.4335835738433005,0.27863273913139963,3.3678145081651003,3.188474922905319
103.984820755566,1.34964847518306,6.104709363332301,2.760150515298502,3.4072917207351985,0.5347405215334007,3.508164834866001,3.2630113911530807
103.984820755566,1.35045865047418,5.5306456421741,2.0924241968751005,3.128720602109599,0.49721337117719955,4.100693305596199,3.0699394235864395
103.984820755566,1.35126882576529,6.3361998178184,2.4639217827058992,2.9720576060881,0.5791331577935992,4.728121433607299,3.4158867596026594
103.984820755566,1.35207900105641,6.795323193938799,2.2457310241423016,2.7852682974085,0.6799272914222989,5.770123078287799,3.6552745770399397
103.984820755566,1.35288917634753,6.274951055493698,1.5687635315813004,2.4954106965829013,0.6916158205012977,5.2778550755847,3.2617192359487794
103.984820755566,1.35369935163864,6.8043246575293,2.1632662816261004,2.728145291160299,0.6168574404030984,5.355277166244701,3.5335741673926995
103.984820755566,1.35450952692976,6.922363211101498,2.1972581621327976,2.7261715156250013,0.8426937209952996,5.242269258545601,3.5861511736800393
103.984820755566,1.35531970222087,6.859705865938601,2.304976491018799,3.2343066589717004,0.6571061403423002,5.3091227365519025,3.6730435785646605
103.984820755566,1.35612987751199,6.723902689527499,2.245049684300401,3.2209512957990007,0.8401834188983983,5.151894837966299,3.63639638529832
103.984820755566,1.35694005280311,6.747239642410101,2.0208605130779986,3.2712107460259006,0.761925738059599,5.212533972385703,3.60275412239186
103.984820755566,1.35775022809422,6.682510549642302,1.9623762303566004,3.2492769800409,0.6594020911026988,5.272212448387599,3.56515565990602
103.984820755566,1.35856040338534,6.892699068609499,2.276560667986999,3.3282109867292995,0.6587765481918026,5.1396224470314,3.6591739437098
103.984820755566,1.35937057867645,6.534119653713201,2.203689841048501,3.2054223458432993,0.3613006904372007,4.5539827680951,3.3717030598274604
103.984820755566,1.36018075396757,5.953174518856098,1.9825051480646998,3.332009709187801,0.02727398680709925,4.231337321427901,3.10526013686872
103.984820755566,1.36099092925869,6.079808599154198,1.677422973860299,3.1209978597275985,0.6089058047442997,4.192219922530398,3.135871032003359
103.984820755566,1.3618011045498,6.730572513882901,2.3536209350089017,3.852638662900599,1.116270591248,3.8606764963383995,3.58275583987576
103.984820755566,1.36261127984092,6.359824533285803,2.2972243089800024,4.1572757673928,1.5916477211487994,3.7029626769253987,3.6217870015465605
103.984820755566,1.36342145513203,6.517674552493201,2.258894553960701,4.039872340829401,1.6255741426719013,3.5348393450905,3.595370987009141
103.984820755566,1.36423163042315,6.757272076325599,2.2749305046719,4.035686994045697,1.584915956628599,3.442185153199098,3.6189981369741786
103.984820755566,1.36504180571427,6.415918219089999,1.6768041858383995,3.5712258024767003,1.4913257640398996,3.512548950513999,3.3335645843917994
103.984820755566,1.36585198100538,6.420534723480099,1.4536092962963991,3.344697698974599,1.4449829313462992,3.7072058694255006,3.2742061039045796
103.984820755566,1.3666621562965,6.5217660022229005,1.5598663633314018,3.5862006842518994,1.4295127818093967,3.411510780843102,3.30177132249174
103.984820755566,1.36747233158761,4.878270205050303,0.449480787558997,3.3222219527559,1.4948369110454998,3.7177563238661016,2.77251323605536
103.984820755566,1.36828250687873,6.0461513118502985,1.6374016478797984,3.754190544420002,1.4606285495072022,3.9278934399685,3.36525309872516
103.984820755566,1.36909268216985,5.9436852504922015,1.842911094988498,3.6699431999511987,1.5482722851135016,4.607100600992801,3.5223824863076403
103.984820755566,1.36990285746096,6.442775035010001,1.9561642789793012,3.3301940354636983,1.3138916936635994,4.4106427793084,3.490733564485
103.984820755566,1.37071303275208,5.598647916878903,1.608857768077602,3.3246925145037984,1.5832082070929978,4.628795150913298,3.34884031149332
103.984820755566,1.37152320804319,4.590678539505298,0.8074702045703006,3.378637282864002,1.7147971755833993,4.671464738496397,3.0326095882038793
103.984820755566,1.37233338333431,5.069868084285801,1.0085319803070014,3.3587524492141974,1.5254158268699989,4.500659655544702,3.09264559924434
103.984820755566,1.37314355862543,5.456906396134801,1.5744599737788967,3.3916571121961994,1.4295643094195007,4.1596298207388,3.2024435224536396
103.984820755566,1.37395373391654,5.033430077521899,1.4870094937123,2.941828463066898,1.2807795443488992,3.8687672674358,2.922362969217159
103.984820755566,1.37476390920766,5.053387542762998,1.1980227415094014,2.352993635425701,1.1180712706611011,3.5387091504951016,2.652236868170861
103.984820755566,1.37557408449877,4.833526028243501,0.3407522183444023,2.001735389411099,0.8422285224153008,3.508242673306402,2.305296966344141
103.984820755566,1.37638425978989,5.3016835587771,1.1446533961469,2.5431406002882007,1.2030945778462012,3.5652632473100994,2.7515670760737003
103.984820755566,1.37719443508101,5.443043874688701,2.1486320348987,3.2287731779694973,1.4001633743312993,3.1512494380015,3.0743723799779397
103.984820755566,1.37800461037212,5.228603327737499,3.0668148959130974,3.7593269535791016,1.6433107903848985,3.495988457849098,3.438808885092739
103.984820755566,1.37881478566324,5.756315756200799,3.4292893197428995,4.054956299153403,1.6182995561980995,4.050766673357799,3.7819255209306
103.984820755566,1.37962496095435,6.1888273501173,3.740702124645999,3.9989451472557995,1.5042591114874995,4.474569537353503,3.9814606541720203
103.984820755566,1.38043513624547,5.874708516989799,3.4343805539628995,4.136303183253201,1.3964896470211983,4.3232188832737,3.8330201569001594
103.984820755566,1.38124531153659,5.820904756490201,3.1457834141543017,4.161826674982297,1.387982248788802,4.190484225043399,3.7413962638918
103.984820755566,1.3820554868277,5.857985550371801,2.863836622488698,4.047818680795402,1.3352522677456982,4.001816939426,3.6213420121655195
103.984820755566,1.38286566211882,5.991561271305201,2.7147422009495976,4.0472904256983,1.3306603444627,3.8135268012831,3.57955620873978
103.984820755566,1.38367583740993,5.880400112077801,2.8266200555301033,3.8056733469227986,1.4299627864794004,3.7317381492376995,3.5348788900495607
103.984820755566,1.38448601270105,5.5860620347482985,2.5886581917611977,3.7798493419737973,1.3756509388524982,3.868062943712001,3.4396566902095587
103.984820755566,1.38529618799217,5.644348738031702,2.597871549081301,3.7207653953771995,1.2358651400694,3.9742363544514987,3.4346174354022203
103.984820755566,1.38610636328328,5.460075640386499,2.0425265426070993,3.7144291968355,1.1718951158837,3.7993060402425023,3.23764650719106
103.984820755566,1.3869165385744,6.2476598759213005,2.3478008768107017,3.936984520638301,1.4020501352365997,3.297065517442501,3.446312185209881
103.984820755566,1.38772671386551,5.427780300220601,1.6158722380484,3.6624321063409013,1.4179520109936021,3.201200904093401,3.065047511939381
103.984820755566,1.38853688915663,5.9391385034005,1.8267030276715026,3.9403441286141003,1.4331077797902978,3.4830234730902987,3.32446338251334
103.984820755566,1.38934706444775,5.920146828051703,1.782616054201501,3.917978322573802,1.3172884701283003,3.4303563240695993,3.273677199804981
103.984820755566,1.39015723973886,6.257186390126201,1.7106316453879984,3.978967329519598,1.3550284451952983,3.337532091688402,3.3278691803834994
103.984820755566,1.39096741502998,6.2940621012328,1.0853443947979997,3.9356746658347994,1.189089065751201,2.9644967538927,3.0937333963019
103.984820755566,1.39177759032109,6.3009716911765,0.9994071997409009,4.1850160645435,1.2147771103768008,3.3048308875731998,3.20100059068218
103.984820755566,1.39258776561221,5.725892729904398,1.5950717387492013,3.585346777994502,1.2156013486445971,4.5236990890028,3.3291223368590996
103.984820755566,1.39339794090333,5.235791648289499,2.1386994669630006,3.2708095341867,1.2077809780513,3.349509156291301,3.0405181567563604
103.985630930857,1.31238041179173,6.430343364624001,4.285442605566001,3.9741933090308983,1.2860935679320988,3.711316180994398,3.9374778056294795
103.985630930857,1.31319058708284,6.402265797133502,4.289494023989299,4.350762708966201,1.3652484029948013,3.7149247803147,4.024539142679701
103.985630930857,1.31400076237396,5.791160008190499,3.9768291334558974,5.0919804683517995,1.4703742770181982,3.844360896897797,4.0349409567828385
103.985630930857,1.31481093766507,6.774484036867097,4.6954409209707,4.7534347742424,1.5846185499063985,3.932531566684002,4.348101969734119
103.985630930857,1.31562111295619,6.631811924532201,4.411795766666799,4.443065275895901,1.5102303262193004,3.8318607181832007,4.1657528022994805
103.985630930857,1.31643128824731,6.217365714998099,3.8605929419438,4.065173971044199,1.1393506541816016,3.796431709336101,3.8157829983007603
103.985630930857,1.31724146353842,5.937925454677799,3.408583553572001,3.771432986406001,0.6292327251180012,4.285477990268699,3.6065305420085005
103.985630930857,1.31805163882954,6.180465192751299,3.4422338984490004,3.5904564121271,0.02434044636370203,4.963415397481597,3.64018226943454
103.985630930857,1.31886181412065,5.657690981342899,2.898284867735601,3.3465145001964025,0.42780432701959725,5.0713369680455,3.480326328868
103.985630930857,1.31967198941177,5.4543888757103005,2.5496617612197987,3.0295630236576976,1.095642323248999,5.1783557478517,3.4615223463376994
103.985630930857,1.32048216470289,5.5342119344444,2.2092727329042994,2.4552288075457014,2.329450321390798,5.2405958308217,3.5537519254213796
103.985630930857,1.321292339994,5.684222219682699,2.3473770908756,2.3423027622791004,2.3899057035996982,4.941371711784299,3.5410358976442793
103.985630930857,1.32210251528512,4.668104797335101,1.7704505110752002,2.7211348072004,1.559685746914301,5.4947531506755,3.2428258026401005
103.985630930857,1.32291269057623,5.850488737323801,2.444813528702401,3.267164413392699,1.2650271804605993,5.0589684849175,3.5772924689594
103.985630930857,1.32372286586735,6.415236113837999,2.978316942058399,3.7188604609346,1.0246830091756003,4.8447571569824,3.7963707365977997
103.985630930857,1.32453304115847,6.812206005603997,3.3530474098478003,4.322801201210201,0.6624835622694007,5.075990695950001,4.0453057749762795
103.985630930857,1.32534321644958,7.012049335178798,3.4922888451744996,4.542666787464398,0.45039665510390137,4.9625937213677,4.091999068857859
103.985630930857,1.3261533917407,6.750102847342497,3.217293929643599,4.407235700567803,0.463191042663599,4.265700901068801,3.8207048842572595
103.985630930857,1.32696356703181,6.749574965991702,3.0259889618455986,4.169727088929399,0.837094174262198,3.6241237229953,3.6813017828048396
103.985630930857,1.32777374232293,6.930867808214,2.9684995111952013,3.903150246684401,1.3375472943250983,3.3506275563965,3.69813848336304
103.985630930857,1.32858391761405,6.884092496321198,2.8404675196796987,3.8222873060657,1.5670231385091,4.0425268453640015,3.8312794611879397
103.985630930857,1.32939409290516,7.282548158044001,3.090890606182402,4.0691279317205975,1.439235176452602,4.800660965505099,4.13649256758094
103.985630930857,1.33020426819628,7.714295926732799,3.5349701367678,4.092671859576598,0.900055816094298,5.052956699160301,4.258990087666359
103.985630930857,1.33101444348739,6.9630759415661,3.2680764797128,3.9827806261791032,0.20998983630370205,5.270490939345898,3.9388827646215203
103.985630930857,1.33182461877851,6.999131347767399,3.415515047890402,3.8297777493135,0.02876617848710339,4.796419885453798,3.8139220417824404
103.985630930857,1.33263479406963,7.0343522968328,3.467694886601098,3.8816099057439004,0.08957522133379925,4.189429763102101,3.7325324147227397
103.985630930857,1.33344496936074,7.0740599467732,3.3758477510392986,3.7118377156247,0.11014773461240068,4.183273877788601,3.69103340516764
103.985630930857,1.33425514465186,7.2703144623719,3.451750159537802,4.113908805597198,0.5172188847249011,3.9684606916529006,3.8643306007769405
103.985630930857,1.33506531994297,7.124281015464401,3.293433989795002,3.646560211446001,0.7522885893419016,4.689789068386503,3.9012705748867615
103.985630930857,1.33587549523409,6.667698785242898,2.821479248976601,3.4011616236989006,1.3274580261366005,3.305924736626501,3.5047444841363005
103.985630930857,1.33668567052521,6.527096958590601,2.819634530546999,3.5174955271079007,1.506319558614102,2.947297738104897,3.4635688625928998
103.985630930857,1.33749584581632,7.154603730453601,3.4095231202206975,3.5774695887749033,1.3406254575941006,3.768975873955597,3.85023955419978
103.985630930857,1.33830602110744,7.1477893042528,3.350171003121499,3.4442617901920016,1.1517818500307015,5.5679597194282024,4.132392733405041
103.985630930857,1.33911619639855,7.5198538923445,3.6254088857880014,3.438647150771299,1.1385711503572011,4.2219980420513,3.9888958242624604
103.985630930857,1.33992637168967,7.816668716532202,3.8251584681454,3.408598903494898,0.8572792999575007,4.351908429769299,4.05192276357986
103.985630930857,1.34073654698079,7.165955008633297,3.373953898507203,2.9063292832473984,0.5058068081273,4.364131194671398,3.663235238637319
103.985630930857,1.3415467222719,7.382365011100099,3.3997980562524006,2.8080125807292013,0.2906139183594014,4.710740222558002,3.7183059577998208
103.985630930857,1.34235689756302,7.511107977690099,3.5683284177826984,3.1471966238742013,0.24497379638659922,4.8020567258185025,3.85473270831042
103.985630930857,1.34316707285413,7.749204174173503,3.5531599671889005,2.924415507798898,0.4365746713265999,4.973765138589002,3.9274238918153808
103.985630930857,1.34397724814525,6.3704528790546995,2.5424840630488,2.618263060424802,0.5327467423682002,4.6875918105825995,3.3503077110958204
103.985630930857,1.34478742343637,7.195481384272902,3.3209685770499995,3.3919690833605003,0.4348711652760002,4.548216079044199,3.7783012578007202
103.985630930857,1.34559759872748,7.107305995827602,3.3567353095887995,3.568793400996501,0.44691511293889974,4.391199953518303,3.774189954574021
103.985630930857,1.3464077740186,5.8269820342509,2.3626965722580984,3.2100486169072013,0.33567327644160017,4.465687412611199,3.2402175824937998
103.985630930857,1.34721794930971,6.644862834821797,3.118765606152401,3.446720963455803,0.05100552965069838,4.465255748887799,3.5453221365936995
103.985630930857,1.34802812460083,6.8576047473805986,3.4871443113978984,3.627329658406598,0.11125887809159707,3.581234763861797,3.5329144718276977
103.985630930857,1.34883829989195,7.042600135559098,3.4538440184970014,3.5370858021064002,0.3359564711485987,3.419189538913301,3.5577351932448797
103.985630930857,1.34964847518306,6.382121375193801,3.0021126921786987,3.683251699065803,0.37174332575400015,4.216239297295498,3.53109367789756
103.985630930857,1.35045865047418,5.992084851636001,2.590815720417897,3.4969459502948013,0.48643401551539966,5.023410024631101,3.51793811249904
103.985630930857,1.35126882576529,6.493947955610402,2.676491485365002,3.4232165553113987,0.5082854581090004,4.206786873144598,3.4617456655080803
103.985630930857,1.35207900105641,6.7245820772165,2.7470647845926024,3.1865648184408,0.39346148902300015,4.720427110712201,3.5544200559970207
103.985630930857,1.35288917634753,6.175770597606903,1.913687411022,2.8525901636329998,0.5549060756453983,4.998852250901201,3.2991612997617006
103.985630930857,1.35369935163864,6.899216877828799,2.2711063218208984,2.868861775973901,0.5725242812910984,5.166685495057401,3.5556789503944195
103.985630930857,1.35450952692976,6.969222244282001,2.077794437269098,2.285877637085001,0.6929463262451989,5.3866689217699,3.48250191333024
103.985630930857,1.35531970222087,6.284215970240602,1.897520328438702,2.6973645303593017,0.6446932773027996,5.3720042622659,3.3791596737214613
103.985630930857,1.35612987751199,6.572441252921902,2.2763497732894002,3.4621452992757007,0.45291256170709815,5.271281057660502,3.6070259889709204
103.985630930857,1.35694005280311,6.0787621856717,1.6904561865657968,3.212744669487801,0.6592333764784968,5.179735868638801,3.364186457368519
103.985630930857,1.35775022809422,5.9700377250022,1.4380345580030003,2.880131772001402,0.9081920929068978,5.159150100239401,3.2711092496305803
103.985630930857,1.35856040338534,6.460816652466001,1.821702433146399,3.1054682114212007,0.8645007607566981,4.9404640450195,3.4385904205619595
103.985630930857,1.35937057867645,6.6388545317190015,2.060651628470403,3.1314307936108,0.6320839228116029,4.629883030883001,3.4185807814989615
103.985630930857,1.36018075396757,5.1708926616101,1.0777939108604997,2.8160703440664996,0.20687292206959995,4.608789197067498,2.7760838071348397
103.985630930857,1.36099092925869,6.0179860267626,1.2833361639546972,2.7436746290463994,0.3639583876287027,4.232347942662301,2.92826063001094
103.985630930857,1.3618011045498,6.686605247870197,1.910206795255199,3.301859327858299,1.0514207099129997,4.049290927263797,3.3998766016320987
103.985630930857,1.36261127984092,6.384712534793998,2.0044618773870013,3.703756205186597,1.4145028355811,3.738490069903598,3.4491847045704587
103.985630930857,1.36342145513203,6.237057646463899,1.6768234676936018,3.314393253535499,1.4528176243857018,3.695316761878999,3.27528175079154
103.985630930857,1.36423163042315,6.7250048624614,2.2104579849196995,3.772816856354897,1.5691906316937008,3.679108726766298,3.5913158124391993
103.985630930857,1.36504180571427,6.881654971844302,2.5647217088096994,4.066051617576299,1.634232849399801,3.5863665629109995,3.7466055421082203
103.985630930857,1.36585198100538,6.850084285081103,2.4064260671415028,3.9194284375406987,1.600982688569001,3.5674702372306015,3.6688783431125813
103.985630930857,1.3666621562965,6.6339116746624,1.7080889792360985,3.493864441483801,1.3500290578558989,3.7272144411794983,3.3826217188835392
103.985630930857,1.36747233158761,6.4266616488325035,1.0935271146127015,3.832438186405902,1.2859571277685014,4.009343953530198,3.329585606229961
103.985630930857,1.36828250687873,5.9817074607645,1.1899369388929983,3.0976196255243984,1.4342027908200023,4.2273538481742,3.18616413283522
103.985630930857,1.36909268216985,6.440618252365198,2.0705737401289,3.3805848268907006,1.5995207105817002,4.293155732715501,3.5568906525364
103.985630930857,1.36990285746096,6.456863227913502,1.762788286808803,3.1813926412940994,1.4785545300184033,4.427843935146001,3.4614885242361617
103.985630930857,1.37071303275208,6.012175848355,1.5878233771357984,3.441765123042398,1.4912824477683984,4.480638627996701,3.402737084859659
103.985630930857,1.37152320804319,4.4426600329835,0.3941570062916995,3.2225866719653986,1.5022883249106975,4.623260457894702,2.8369904988091994
103.985630930857,1.37233338333431,5.6139003522777,1.2571153677043014,3.295903832872199,1.5114568441514997,4.688103827340701,3.27329604486928
103.985630930857,1.37314355862543,5.791781194616803,1.7202882016352028,3.4457231433557993,1.5221836139905989,4.276932486535198,3.3513817280267206
103.985630930857,1.37395373391654,5.799623890996003,2.026497791523802,3.4270912519396006,1.3805694543605007,3.7009642593109007,3.2669493296261614
103.985630930857,1.37476390920766,5.5209687857365,1.6381440602055974,2.8934686807589998,1.1596787362136993,3.2458398823231995,2.891620029047599
103.985630930857,1.37557408449877,4.955076247004701,0.7841009923205995,2.3706783940410006,1.1451042974755978,3.5421475950931978,2.5594215051870193
103.985630930857,1.37638425978989,5.072203617724298,1.5272009945862983,2.650364965671102,1.453606806356099,3.6973286692655023,2.88014101072066
103.985630930857,1.37719443508101,5.796434113952198,2.674058593324702,3.6602327317527035,1.6163665013205986,3.821893969681799,3.5137971820064005
103.985630930857,1.37800461037212,6.059597682874898,3.5770137447387995,4.1643989537857,1.6507695763358008,3.9666839974152985,3.883692791030099
103.985630930857,1.37881478566324,5.870226835510099,3.554013277598699,4.040501375676502,1.5934782610661031,4.304155582104599,3.8724750663912006
103.985630930857,1.37962496095435,6.087495469765901,3.587462309534498,4.125778703370798,1.543277500696398,4.5571901200734,3.9802408206881994
103.985630930857,1.38043513624547,5.7467936980004986,3.3190139093380004,3.9817240235054996,1.486121412576498,4.594916633843301,3.8257139354527596
103.985630930857,1.38124531153659,5.493089690260199,3.112807003646303,3.8890122989987006,1.4068089598670994,4.430888017049199,3.6665211939643
103.985630930857,1.3820554868277,5.219796540727199,2.594829313557902,3.712759367708202,1.2756500500977026,4.3465152063938,3.429910095696961
103.985630930857,1.38286566211882,5.4858281612537,2.399120238149301,3.9467737836298014,1.0942452205064974,4.048126354234501,3.39481875155476
103.985630930857,1.38367583740993,5.3760622027077005,1.9523201814982016,3.7137272501914005,1.2695837989584007,3.8004099702691008,3.222420680724961
103.985630930857,1.38448601270105,5.580820002472297,2.2773183820123,3.7629848808226,1.4334801732756013,3.8197516790907002,3.3748710235346997
103.985630930857,1.38529618799217,4.587846554895503,1.7554785281597987,3.7373086220061005,1.5723257456141013,4.0719258983968025,3.1449770698144612
103.985630930857,1.38610636328328,5.576209500692997,1.9690493658899015,3.678865393782303,1.3367523333511997,3.7257915265841994,3.25733362406012
103.985630930857,1.3869165385744,6.331228131121499,2.2322642259002023,4.043793061564099,1.4983610307652988,3.3072189326986,3.4825730764099396
103.985630930857,1.38772671386551,6.0368604029617,1.9093391960201025,3.690531370763299,1.4053352162266997,3.3462489613851005,3.2776630294713804
103.985630930857,1.38853688915663,5.021088960827399,1.1325417517157987,3.5621636196915993,1.4510484440728,3.778131012654601,2.9889947577924394
103.985630930857,1.38934706444775,6.022168163911601,1.9632915704120002,3.978685108253501,1.3702129592921004,3.600898560533299,3.3870512724805004
103.985630930857,1.39015723973886,6.143036114886403,1.720730302071999,3.996518535739302,1.3188990500608,3.3535462268201996,3.3065460459157405
103.985630930857,1.39096741502998,6.125609689243902,1.0514271650977989,3.934397541078898,1.2299842439461983,3.177094440741598,3.103702616021679
103.985630930857,1.39177759032109,6.3101635638598985,1.2663152096873986,4.0253887381331985,1.0663075256409016,3.3413187202691006,3.2018987515180997
103.985630930857,1.39258776561221,5.487853243962398,1.6758001438914967,3.4386524482378995,1.2254467092928003,3.5867497529816994,3.082900459673259
103.985630930857,1.39339794090333,5.170913088013503,2.1122886442464015,3.2578939796840025,1.2355286643969023,3.4438053432836995,3.0440859439249017
103.986441106148,1.31238041179173,6.2937740812554,4.152089070564298,3.8104658769630007,1.2820184404297024,3.6602950179489007,3.8397284974322603
103.986441106148,1.31319058708284,6.390853957462298,4.126588171692401,4.130281501957899,1.3125774813910986,3.761082207900003,3.94427666408074
103.986441106148,1.31400076237396,6.246981599966098,4.0966904711673,4.3635005448331015,1.4157819926351003,3.8907738073215974,4.0027456831846395
103.986441106148,1.31481093766507,7.129879047833498,4.739484293554902,4.8669750623298,1.579120362779399,3.949799097483602,4.45305157279624
103.986441106148,1.31562111295619,7.1306213424742,4.636406571430399,4.717898553076598,1.4930797828165971,3.856245543701,4.366850358699759
103.986441106148,1.31643128824731,6.4822175277944005,4.000203922476498,4.2069765671917025,1.020334713412801,4.021988475260898,3.94634424122726
103.986441106148,1.31724146353842,6.409479650362101,3.6643650855713013,3.985998044534199,0.406627408772799,4.623210189614198,3.8179360757709198
103.986441106148,1.31805163882954,6.5520017595816995,3.5364198514009004,3.6347133893053005,0.35122577612980166,5.026029876647801,3.8200781306131004
103.986441106148,1.31886181412065,6.1094969078814,2.908511958384601,3.189094023537198,0.9326740672674987,5.266201261159999,3.6811956436461393
103.986441106148,1.31967198941177,5.586566150912301,2.413549359486499,2.932116428213998,1.2726757692124977,5.396281823700598,3.5202379063051787
103.986441106148,1.32048216470289,5.509979547760803,2.3335235646418013,2.701410069100799,1.5322873709581017,5.743451793050102,3.5641304691023215
103.986441106148,1.321292339994,5.440345161175099,2.3552356969159014,2.7465720993397014,1.1530492030165007,5.404530679524701,3.419946567994381
103.986441106148,1.32210251528512,5.2338750578051005,2.364604426564302,2.9687609072942003,0.6069142708333004,4.892136933173301,3.2132583191340407
103.986441106148,1.32291269057623,5.237936308459101,2.1242585179663998,3.0490858478183966,0.6029882082113005,4.560950324422198,3.115043841375479
103.986441106148,1.32372286586735,5.414854988376401,2.1836436047964014,3.2923072877490007,0.8101777460530997,4.639635881388301,3.2681239016726407
103.986441106148,1.32453304115847,5.952773177516498,2.2848699557607013,3.6688666957726,1.0442315295410012,4.373803825208899,3.46490903675994
103.986441106148,1.32534321644958,6.409257960867198,2.5063956117106976,4.082772104932403,1.0038389668918022,4.085937077596,3.61764034439962
103.986441106148,1.3261533917407,6.631426429868501,2.606417899114998,4.045378831395901,1.0736987035115995,3.6316797339003024,3.5977203195582605
103.986441106148,1.32696356703181,5.555954137124001,1.6784653537618013,3.3782531153012982,1.3720692478434025,3.2252750909288004,3.0420033889918607
103.986441106148,1.32777374232293,6.722565607565102,2.833570203514398,3.966862756246602,1.438665994269499,2.939034872409401,3.5801398868010006
103.986441106148,1.32858391761405,6.7789769685428,2.8396873867062986,3.911831174446501,1.6812685315076976,3.5303424365369978,3.748421299548059
103.986441106148,1.32939409290516,6.801950353257599,2.563933725211598,4.072402141966499,1.851390278625498,4.221451186786101,3.902225537169459
103.986441106148,1.33020426819628,6.9827539009893975,3.0310273153172993,4.182665241827202,1.0475092323404986,4.725697287868702,3.99393059566862
103.986441106148,1.33101444348739,6.4111847573372,2.9456443452080023,3.8052795838537,0.5271746519978997,5.0182429934013975,3.7415052663596398
103.986441106148,1.33182461877851,6.8096290744698,3.2469729675107004,3.620687288185401,0.6976513265855999,4.501995073757701,3.7753871461018407
103.986441106148,1.33263479406963,7.675696011390002,3.7762386783737014,3.5559012498922016,0.9784525247531022,4.302003668711798,4.057658426624161
103.986441106148,1.33344496936074,7.5683827342160015,3.699896034372099,3.731819280161101,0.5268333373074015,4.514536119663301,4.008293501143981
103.986441106148,1.33425514465186,7.480142416485002,3.4762445375176014,4.129335053986701,0.5696399358656024,4.514838670186002,4.0340401228081815
103.986441106148,1.33506531994297,7.559022239482701,3.406595302403698,3.485931074630102,0.8690494354316023,5.9748087265354,4.259081355696701
103.986441106148,1.33587549523409,4.146710392606501,0.6710856318116996,2.4011325182654986,1.085463018826001,4.0193253322347005,2.46474337874888
103.986441106148,1.33668567052521,6.573752073768702,2.9910958148737983,3.561309272723399,0.9387608942667995,3.0837382331,3.42973125774654
103.986441106148,1.33749584581632,7.288931489849801,3.588385835445301,3.7148408803072996,0.8153350261569976,3.180663042141397,3.7176312547801595
103.986441106148,1.33830602110744,7.008816857209499,3.4228070602977994,3.993883891144897,1.0561277526756,3.8337960504692994,3.863086322359419
103.986441106148,1.33911619639855,7.045389402267201,3.4281564823079016,3.552699714344701,0.9786277816203999,4.072805193186401,3.815535714745321
103.986441106148,1.33992637168967,6.975573362161697,3.3701531498156996,3.3670374526497007,0.8186089459845007,4.542213050482097,3.814717192218739
103.986441106148,1.34073654698079,7.6484819854997,3.7377886934795015,2.9836701665310024,0.695686305882699,4.489038733688101,3.910933177016201
103.986441106148,1.3415467222719,7.6467775332003995,3.787922715968403,3.0286061544324987,0.46187316710519966,4.5813411713706,3.90130414841542
103.986441106148,1.34235689756302,7.774769279441802,4.0205517180868,3.1595706735930023,0.3198598676776001,4.863319313290699,4.027614170417981
103.986441106148,1.34316707285413,8.1423015127044,3.9813598144384983,3.1059094051151988,0.42960977113919796,4.6701164150655,4.065859383692559
103.986441106148,1.34397724814525,7.828684536902699,3.8654784074863002,3.567580945357701,0.32912784663170314,4.856198237545101,4.089413994784701
103.986441106148,1.34478742343637,7.6573846725789,3.759349574567498,3.2388687618228005,0.3634791159067028,4.699828391589499,3.94378210329308
103.986441106148,1.34559759872748,7.4038462581156,3.476621470197699,3.1401314363940998,0.5045556515695999,4.484001233167902,3.80183120988898
103.986441106148,1.3464077740186,7.2155316509009,3.533067142157499,3.2504178820394998,0.5448457411849006,4.3844556017524,3.78566360360704
103.986441106148,1.34721794930971,7.445395228342598,3.720826877990799,3.3357339648617987,0.4906864909817976,4.3016346288384,3.8588554382030784
103.986441106148,1.34802812460083,7.6407963885943,3.9449006584364987,3.233714697830802,0.346596050210799,3.108447855794303,3.6548911301733407
103.986441106148,1.34883829989195,7.505894550798601,3.545554221541302,3.282361333030302,0.2945557843520028,3.3602566430935,3.5977245065631416
103.986441106148,1.34964847518306,6.747485154599698,3.1811483395573,4.1127878349293,0.48097215061709875,4.631235403673003,3.83072577667528
103.986441106148,1.35045865047418,6.3560166586009,2.763464344986403,3.238488541693801,0.3027527313017977,4.358137155899801,3.4037718864965405
103.986441106148,1.35126882576529,6.283987537370102,2.6133600450020005,3.2696280315891,0.23738880681439767,4.253327654556401,3.3315384150664
103.986441106148,1.35207900105641,6.6127552765081,2.8876195591133005,3.443749672955498,0.24770595227330006,4.5829067762246005,3.5549474474149596
103.986441106148,1.35288917634753,6.294348365208503,2.4622396990592996,3.405342865627702,0.33151856518540157,4.609110960795903,3.420512091175362
103.986441106148,1.35369935163864,5.9596442856561005,2.0776857461844997,3.007841654550102,0.3827855985072013,4.8582173888339995,3.2572349347463807
103.986441106148,1.35450952692976,6.587171498539803,2.1445595987020987,2.745420928760698,0.44141100962159996,5.0586719262047986,3.3954469923657995
103.986441106148,1.35531970222087,6.744199423912303,2.2975640840022997,3.0276108711797,0.4593682647610997,4.995278630377101,3.5048042548465004
103.986441106148,1.35612987751199,6.740858416624899,2.2446651162550992,3.304523989321101,0.4261436751367995,5.400975953748201,3.62343343021722
103.986441106148,1.35694005280311,6.622022735618803,1.892493895545801,3.056131657421002,0.615477484729599,5.436483065104898,3.5245217676840204
103.986441106148,1.35775022809422,6.3652785064968995,1.3470521359183003,2.9127493324096996,0.8177861425368995,5.473523005324299,3.3832778245372195
103.986441106148,1.35856040338534,6.2133256770455,1.3678471766333011,2.7772189966950975,0.9330854509747013,5.042587451770501,3.2668129506238204
103.986441106148,1.35937057867645,6.536844965766299,2.077278880382501,3.1215726710974003,0.7377846033810975,4.639282720699899,3.4225527682654393
103.986441106148,1.36018075396757,6.6634648040346,2.2062072357899005,2.9965177349536987,0.16856743153429932,4.4054778951337,3.28804702028924
103.986441106148,1.36099092925869,7.086709273255899,1.9901294767870006,2.807958280060898,0.42109102914330165,4.164426658258801,3.29406294350118
103.986441106148,1.3618011045498,6.811902039352102,2.046624218635298,3.0643258617214997,1.0358696338057989,3.910195674644097,3.3737834856317592
103.986441106148,1.36261127984092,6.810572288071999,2.0551028848563,3.2354821045374003,1.4082277309021975,3.9339795482958024,3.4886729113327397
103.986441106148,1.36342145513203,6.982696665934903,2.1553809028182975,3.280462083175099,1.4390736701564002,3.9692191956862004,3.5653665035541797
103.986441106148,1.36423163042315,7.281979232976003,2.311197877671397,3.4196536022723016,1.4883404807782021,3.9558336472057007,3.6914009681807207
103.986441106148,1.36504180571427,6.929451434698102,2.259228621835099,3.6778021912298975,1.5654430274222015,3.8450506489068985,3.6553951848184396
103.986441106148,1.36585198100538,6.557312101466501,2.0277675613141,3.7704277812725984,1.6487991099319004,3.681386500083999,3.5371386108138196
103.986441106148,1.3666621562965,6.7781334836881975,2.0144374460074985,3.5605970148588,1.3782711061421011,3.751171226385697,3.4965220554164587
103.986441106148,1.36747233158761,6.4954213300967005,1.3828028323348,3.3185743895082993,1.348894766035702,3.9755014776048974,3.3042389591160797
103.986441106148,1.36828250687873,5.665573013990901,0.8904915657553012,3.256398290405297,1.4308003308793005,4.1554414578608,3.07974093177832
103.986441106148,1.36909268216985,5.534298708171399,1.0847686344035985,3.2481158938847017,1.716737868755402,4.3330638113924,3.1833969833215
103.986441106148,1.36990285746096,4.9243736037138,0.3570970967905005,2.7312278412724,1.7513834364585001,4.7981471782795,2.91244583130294
103.986441106148,1.37071303275208,7.0841821611846,1.8853643394431998,3.0299033989258,1.4394471676743024,4.7768749655638985,3.6431544065583603
103.986441106148,1.37152320804319,6.2093043764642,1.3187883293809008,3.0609741496582004,1.3650808627289024,4.707752192611803,3.3323799821688014
103.986441106148,1.37233338333431,5.1011390383416995,0.8677158700097998,3.2311371642523987,1.4819611215159014,4.7265554068140005,3.08170172018676
103.986441106148,1.37314355862543,5.8335139528666,1.783695022116298,3.5707550182969996,1.4461133547707021,4.223958663937502,3.3716072023976205
103.986441106148,1.37395373391654,6.2707971110672,2.2198179856208995,3.6246226847330973,1.4787479951238005,3.731739928986002,3.4651451411061998
103.986441106148,1.37476390920766,4.9752537822399,0.712720802475701,2.7877264855022013,1.2481136148636978,3.3290353267567028,2.6105700023676404
103.986441106148,1.37557408449877,4.5485745237998,0.6645305819012997,2.786011510216099,1.243329016714,3.6424863645368006,2.5769863994335998
103.986441106148,1.37638425978989,6.054659108987799,2.5676411784840987,3.6697467450584007,1.477003128210299,3.6662117513943997,3.4870523824269997
103.986441106148,1.37719443508101,5.9406473835158025,2.8531749915153988,4.0776284587267,1.5154046401986996,3.9660221454956,3.6705755238904403
103.986441106148,1.37800461037212,6.1919380696344,2.963442909234903,4.067598579662199,1.5888800926789983,4.698961634557801,3.90216425715366
103.986441106148,1.37881478566324,6.045906539979299,3.1883115573129004,3.870990245193397,1.5430691539442982,4.800489640471799,3.889753427380339
103.986441106148,1.37962496095435,5.563244583670002,3.1184126515229025,4.0147137653538,1.5481501864951994,4.6255090364625,3.7740060447008807
103.986441106148,1.38043513624547,5.633817184134301,3.0670751515307977,4.0495518180606,1.5453944903708994,4.506907793131802,3.76054928744568
103.986441106148,1.38124531153659,5.351053323158002,2.8860350228769,3.842959742358101,1.4862974532397004,4.384754504756099,3.5902200092777603
103.986441106148,1.3820554868277,4.976745819976998,2.4702921132148994,3.6466387924809993,1.3720484255490994,4.4996815342204,3.3930813370884794
103.986441106148,1.38286566211882,5.3353642088965,2.4819761325025986,3.8514288963122,1.2020328350866976,4.204298933905701,3.4150202013407394
103.986441106148,1.38367583740993,5.632427654626298,2.522096419928701,3.8025600687628014,1.2554524565340976,4.010318156792497,3.444570951328879
103.986441106148,1.38448601270105,5.904443901545598,2.4868639121025993,3.8692370368774007,1.4293889572997003,3.8884309113363003,3.5156729438323198
103.986441106148,1.38529618799217,5.256974251425898,1.8760125445646985,3.8815759409320982,1.6427869636235997,4.060144342664898,3.343498808642239
103.986441106148,1.38610636328328,5.769109563534499,1.702366170001003,3.8259346442463986,1.4718946312096008,3.492150249348999,3.2522910516681
103.986441106148,1.3869165385744,6.523835271204,1.5233521715224008,3.813785345811599,1.4735196132412973,2.931813806233702,3.2532612416026
103.986441106148,1.38772671386551,6.241852409597701,1.4508132050645983,3.738241541567202,1.4331462754263988,2.952103851386198,3.1632314566084196
103.986441106148,1.38853688915663,6.0482386502803,1.2647176616029974,3.8114336637822,1.220524285786201,2.9724312951931005,3.06346911132896
103.986441106148,1.38934706444775,6.282708339139798,1.4248961756794998,3.859422290391702,1.2652141599228024,3.0107608499485004,3.1686003630164605
103.986441106148,1.39015723973886,5.897342535085201,1.0654216974328996,3.8066681923285977,1.154375675982699,2.8640686863742033,2.95757535744072
103.986441106148,1.39096741502998,6.387563047710401,1.2303409193816002,4.057980365568902,1.3366888650459998,3.194452907118098,3.2414052209650004
103.986441106148,1.39177759032109,5.8243694727368975,1.3367957288660008,3.9737782389894996,1.2356755095398988,3.867011321411102,3.24752605430868
103.986441106148,1.39258776561221,5.627317224534401,1.8336498274173998,3.5673256031045,1.350228550108799,3.7170662440301996,3.2191174898390598
103.986441106148,1.39339794090333,5.487717565377402,1.9626983997158014,3.4853284740412995,1.3671326852572996,3.870317984443698,3.2346390217671
103.987251281439,1.31319058708284,6.8694486875637,4.401771541748801,4.126793448456798,0.8752732975124999,4.0422738868374,4.06311217242384
103.987251281439,1.31400076237396,7.279236620897599,4.6314967059200995,4.356051224707699,0.8778581861233015,4.315315943368301,4.2919917362034
103.987251281439,1.31481093766507,7.453008458287499,4.779060348865098,4.569053383970999,0.8933662885741995,4.374833432216402,4.413864382382839
103.987251281439,1.31562111295619,7.2487831284487,4.693794340505399,4.6808741164627,1.2576545576239972,4.2905374981767,4.434328728243499
103.987251281439,1.31643128824731,6.980248675266697,4.420263247491203,4.408158117499898,0.9909863402167005,4.3407029152179994,4.2280718591385
103.987251281439,1.31724146353842,6.859806145342201,3.9928979753786997,4.122874180610001,0.16698486328800044,4.783778005030101,3.9852682339298005
103.987251281439,1.31805163882954,6.648840588175002,3.6819369151486008,3.5888368139519002,0.5450430183444972,5.444106054619699,3.9817526780479398
103.987251281439,1.31886181412065,6.602899056360002,3.5133174927781,3.5724042179249977,0.7851481106905993,5.8731465076226,4.06938307707526
103.987251281439,1.31967198941177,6.4852786057968,3.301443177364302,3.349748419168499,0.9388671235148003,5.5620835508898026,3.927484175346841
103.987251281439,1.32048216470289,5.517493295913898,2.328237229095599,3.0343117244647004,0.5717871880153993,5.5702186099311,3.4044096094841394
103.987251281439,1.321292339994,5.631186189907702,2.8044952780361,3.296878386108702,0.20320658368600064,5.597862713677298,3.5067258302831603
103.987251281439,1.32210251528512,5.375085354997001,2.5342275534121974,3.4283853473598,0.5512220890299986,5.510194710937501,3.4798230111472996
103.987251281439,1.32291269057623,4.601154862695701,1.8198661858232015,3.2607928719937007,0.44155210808650125,5.218986025227899,3.068470410765401
103.987251281439,1.32372286586735,5.247518789102298,2.1983576008517005,3.1790470620150977,0.057081821451799186,4.951507850002702,3.1267026246847194
103.987251281439,1.32453304115847,5.3881792152094015,1.9903621658215975,3.3426576024956027,0.5672280834961008,4.6262218743896,3.1829297882824603
103.987251281439,1.32534321644958,5.215449227232899,1.7427549451576994,3.3638635982904965,1.0667932869601984,4.0098466403537,3.0797415395989987
103.987251281439,1.3261533917407,5.9054919169632,2.1842290332036,3.707239339523401,1.3299100673557014,3.584784540486698,3.34233097950652
103.987251281439,1.32696356703181,6.030519043702199,2.1046814027135987,3.6140362085691002,1.571993532511403,3.059605015869103,3.276167040673081
103.987251281439,1.32777374232293,6.501556045083902,2.5866303140686995,3.7671112235625976,1.7596648694186996,2.562437631144199,3.4354800166556196
103.987251281439,1.32858391761405,6.734541977966,2.5388011032624007,3.8400338711822997,2.041583197360602,2.7976747484537974,3.59052697964502
103.987251281439,1.32939409290516,6.8546199809646,2.475008238161397,3.8033023385819966,1.913240909762898,5.3136247358262985,4.071959240659438
103.987251281439,1.33020426819628,6.916729199241999,2.8518090590706002,3.867487017848699,0.9692253666042987,4.612583817689799,3.8435668920910793
103.987251281439,1.33101444348739,6.443512784776399,2.8607546109954,4.2832464202255025,0.45013286840820044,4.4507164443812,3.6976726257573405
103.987251281439,1.33182461877851,5.950292896645401,2.5199185302292015,3.2737200673544997,0.7639674225871005,3.9705554172187973,3.295690866807
103.987251281439,1.33263479406963,7.2517417013248995,3.1940174148653995,3.2248425222476023,1.1374198190442968,3.914968591348803,3.7445980097662
103.987251281439,1.33344496936074,7.780574373008498,3.843943816325101,3.5647321993433003,0.6499099139607978,4.1953119518469,4.00689445089692
103.987251281439,1.33425514465186,8.117840093951497,4.173801501702801,4.272195909848801,0.5260229776137031,4.544210100513698,4.3268141167261
103.987251281439,1.33506531994297,8.140017054848002,3.8717191219870983,3.9147138291668995,0.8250339803737994,5.177359667290599,4.38576873073328
103.987251281439,1.33587549523409,4.757420455246397,1.3629601404187994,2.8429138286969007,0.777564376688602,4.097296725301099,2.7676311052703597
103.987251281439,1.33668567052521,6.616739504015499,3.1311978146888,3.547564887984901,0.3955425158624024,3.7030042014838003,3.4788097848070807
103.987251281439,1.33749584581632,7.1231884198721005,3.6176428643424003,3.758006618361602,0.21487646719020148,3.771845957926402,3.6971120655385414
103.987251281439,1.33830602110744,7.4531234319834,3.8676008110463016,3.868986830973302,0.5440710093072987,4.052843103257903,3.957325037313641
103.987251281439,1.33911619639855,7.721906780660099,4.006901864429601,3.6879579015712025,0.6655120814856978,4.047234821759002,4.0259026899811206
103.987251281439,1.33992637168967,7.104464718156098,3.5723183766563977,3.340685215668298,0.7317905542335019,4.411389262676,3.8321296254780592
103.987251281439,1.34073654698079,7.388867509593901,3.8355011628580016,3.484154799375201,0.5946498676721994,4.468184820551702,3.954271632010201
103.987251281439,1.3415467222719,7.6047934340320005,3.8524921584417022,3.3128159097222003,0.7011346176944997,4.2877686631961005,3.9518009566173005
103.987251281439,1.34235689756302,7.6065017856899,3.7367464354812014,3.2265288603791014,0.4694558683601997,4.8865575268463,3.9851580953513404
103.987251281439,1.34316707285413,7.7123038753424,3.7816604024623004,3.221760809063202,0.3949889008151999,4.773142138258901,3.9767712251884006
103.987251281439,1.34397724814525,7.628529031886099,3.737981994129001,3.2560223407562994,0.23851877826060175,4.6498960278909,3.9021896345845803
103.987251281439,1.34478742343637,6.525147604070099,2.6525952227909997,2.7341186993066025,0.43188302871400097,4.588412991388498,3.3864315092540402
103.987251281439,1.34559759872748,7.455321962364998,3.678396288427198,3.378512759025199,0.3156607255255004,4.364891309561003,3.8385566089807797
103.987251281439,1.3464077740186,7.643710500916701,3.828077746808898,3.3614527047792997,0.5091286826518022,4.282722850530302,3.9250184971374003
103.987251281439,1.34721794930971,7.8095026395006,3.708683283655599,3.0785067965602977,0.7709560639057997,4.157370673371901,3.9050038913988394
103.987251281439,1.34802812460083,7.669381825344601,3.779974718913099,2.6619065276195,0.7393623036694024,4.077983300968402,3.785721735303001
103.987251281439,1.34883829989195,7.6375545346304,3.7137297458350993,2.826464268890202,0.7587306245088001,4.253456614763699,3.83798715772564
103.987251281439,1.34964847518306,6.9833782734149,3.1117020698964026,2.655807777823,0.5544098488135027,4.5343599091575015,3.5679315758210612
103.987251281439,1.35045865047418,6.940988577622999,3.042808594132598,2.726329765539102,0.42517963401670045,4.661606637973598,3.559382641857
103.987251281439,1.35126882576529,6.6345840116673,2.875739738042302,2.6448556326181,0.6138958499441003,4.589153434814598,3.4716457334172803
103.987251281439,1.35207900105641,6.763349165132002,3.1054134544051983,3.5077264515335997,0.2405617524802004,4.6853094346984,3.6604720516498803
103.987251281439,1.35288917634753,6.8055596468426,2.7406475926047023,3.395535916060801,0.36367994973739926,4.9038312530108,3.6418508716512603
103.987251281439,1.35369935163864,4.781153075511199,1.113449761202098,3.046596382785399,0.3157844927537994,5.132987410025699,2.8779942244556387
103.987251281439,1.35450952692976,6.1017020660342,2.1451437911245996,3.3001221789732007,0.2859042451691991,4.971953809828701,3.36096521822598
103.987251281439,1.35531970222087,6.1409782104149,2.131337628668099,3.2907076475514003,0.5026076467380989,4.9598467519913,3.4050955770727596
103.987251281439,1.35612987751199,6.015400052226298,1.616924787914801,3.0333235534668006,0.7041448691234997,5.256903520052003,3.3253393565566802
103.987251281439,1.35694005280311,6.472878053522297,1.7166194042464973,2.941336592948897,0.8054099155770977,5.338378544766201,3.454924502212198
103.987251281439,1.35775022809422,6.2636845532009,1.1497395637567003,2.6052518060648,1.0215111139239994,5.483717262881601,3.3047808599656
103.987251281439,1.35856040338534,6.093584716032002,1.4311541159831016,2.6463681339879983,0.8167034409480003,4.887278998135802,3.175017881017381
103.987251281439,1.35937057867645,6.3003674719514,2.0907856828413998,3.147422891664899,0.7199136224982006,4.490863089250102,3.3498705516412004
103.987251281439,1.36018075396757,6.345445445821802,2.0478135752378996,3.246040012767601,0.11273611963959951,4.1043484034462985,3.17127671138264
103.987251281439,1.36099092925869,6.801611878729698,2.2156380147877996,3.2807701114683,0.1655497187304995,3.7553903992270996,3.2437920245886795
103.987251281439,1.3618011045498,7.2662755430646015,2.3136595118869003,3.2777827608687993,1.0199207479205015,3.966040163375098,3.5687357454231803
103.987251281439,1.36261127984092,7.1341166551308,2.259345752980998,3.3119113049225994,1.3798600669494014,4.049269540549201,3.6269006641066
103.987251281439,1.36342145513203,7.1565107908615,2.0605022212441995,3.2300584196642,1.3605403664050968,4.0972424182225,3.5809708432794993
103.987251281439,1.36423163042315,7.394849812234099,2.1782086591289023,3.3917884698260004,1.3934502666520991,4.019481502740302,3.6755557421162806
103.987251281439,1.36504180571427,7.291726814031602,2.271812779037699,3.583837902248799,1.522588853027301,3.987896779125201,3.7315726254941204
103.987251281439,1.36585198100538,6.304040102314499,1.3797435783508973,3.1817518095207973,1.4613156553949977,3.9376895756279,3.252908144241818
103.987251281439,1.3666621562965,6.6638872168528,1.8361916303182007,3.3763828065990005,1.4274528754843026,3.9550912538337,3.451801156617601
103.987251281439,1.36747233158761,6.630793009216902,1.6624439653310006,3.2838533008898025,1.4224594457935993,3.976521793842398,3.3952143030147406
103.987251281439,1.36828250687873,6.522748785578802,1.7952988366610008,3.4601504456244996,1.6267163867750014,4.191715991921303,3.519326089312121
103.987251281439,1.36909268216985,6.0245195180743,1.6010329631718996,3.476990129471403,1.8456940450102977,4.020525741023203,3.3937524793502205
103.987251281439,1.36990285746096,6.3596361207731995,1.7121345897415026,3.501101855626999,1.7423756360654998,4.2055654490457,3.50416273025058
103.987251281439,1.37071303275208,7.018410776555697,1.7966880312558011,3.3052125992251007,1.4857845526416007,4.725157697642,3.6662507314640402
103.987251281439,1.37152320804319,6.491507290981001,1.2100829094102998,2.8112933487050995,1.3170603296458019,4.7616543477071005,3.3183196452898605
103.987251281439,1.37233338333431,6.816941440748003,1.6745097112482021,2.926673389074299,1.5094931435601993,4.727727660526501,3.531069069031441
103.987251281439,1.37314355862543,6.526526279998201,1.7923440658771987,3.2280042163674025,1.548745318489999,4.401209116265701,3.4993657993997003
103.987251281439,1.37395373391654,6.482361369359701,1.9138868337416994,3.390771494479697,1.6236487955173011,4.054663947849502,3.49306648818958
103.987251281439,1.37476390920766,5.5675789008209975,0.8716174978412994,2.8429605366527966,1.3533376546702023,3.7519235400460005,2.877483626006259
103.987251281439,1.37557408449877,5.5682607050265,1.304694859873198,3.0031017964904976,1.3108139782122024,4.083559374191999,3.0540861427588792
103.987251281439,1.37638425978989,6.0290681436264,2.4201619919501987,3.6874573779026,1.6220190704620983,3.9352820957266985,3.538797735933599
103.987251281439,1.37719443508101,5.384643904354,2.0919715105492998,3.832481940664799,1.5757471745800018,4.929101536297701,3.56278921328916
103.987251281439,1.37800461037212,6.6271137274320004,2.5705030551142016,3.7104733550257016,1.4515782259454006,5.454816401771801,3.962896953057821
103.987251281439,1.37881478566324,6.577476096895399,2.979455381976699,3.7789568879395006,1.5253892447389994,5.3665372369754,4.0455629697052
103.987251281439,1.37962496095435,5.465744929389899,2.5503412801684,3.7903898852600975,1.4270892983681982,4.847722836441999,3.6162576459257187
103.987251281439,1.38043513624547,5.8681202872644995,2.8318355270617026,3.920948389491798,1.5373841322768023,4.7334789297255,3.7783534531640606
103.987251281439,1.38124531153659,5.662511134451599,2.8505318035934017,3.867242706882301,1.5068418265149006,4.511206018570899,3.6796666980026203
103.987251281439,1.3820554868277,5.352148144804197,2.576329898313798,3.683039849341302,1.404616159118799,4.330989429728199,3.469424696261259
103.987251281439,1.38286566211882,5.265474564856898,2.4411498873373993,3.7245962527154006,1.3937874204347018,4.313187009928402,3.4276390270545605
103.987251281439,1.38367583740993,5.5636291272587,2.3467571512299976,3.687392823600998,1.3850050482788987,4.1506056053331015,3.426677951140339
103.987251281439,1.38448601270105,6.2247190076058985,2.8672912498598,3.876213288794702,1.4679928566054983,3.7733558991834997,3.64191446040988
103.987251281439,1.38529618799217,5.994663815829998,2.2984655463008004,4.056646755131499,1.6240389042701011,3.6120376904567983,3.5171705423978397
103.987251281439,1.38610636328328,6.059597613184799,1.6138435767731991,3.717365996333399,1.5069139679679004,3.1172535245767996,3.2029949357672196
103.987251281439,1.3869165385744,6.7399829467044015,1.2622458556088993,3.590051514133002,1.3107916876709993,2.5118163752984017,3.0829776758831406
103.987251281439,1.38772671386551,6.664970894320799,1.0894162423683014,3.308830423624702,1.2954221305577,2.2986800493027992,2.9314639480348603
103.987251281439,1.38853688915663,6.6160941152894,0.9009639580597977,3.3702124283086015,1.1130380784655998,2.3095288291286984,2.8619674818504195
103.987251281439,1.38934706444775,6.520709901968601,0.8333126131953001,3.185266163045199,1.0505360320956,2.369874234212201,2.79193978890338
103.987251281439,1.39015723973886,6.2882492302073025,1.012421014381701,3.4173721313883014,0.9098448557253995,2.633569379882797,2.8522913223171003
103.987251281439,1.39096741502998,6.535728806578703,1.5199100599522986,4.058705064945901,1.3677577830654002,3.3987089715982997,3.3761621372281203
103.987251281439,1.39177759032109,5.733685111450999,1.594150220135699,3.7080112450111997,1.3860628226704002,4.112735200195299,3.3069289198927194
103.987251281439,1.39258776561221,5.9067634374320015,1.834331391386801,3.788601780376002,1.4825491452138984,4.578134727579801,3.5180760963977007
103.987251281439,1.39339794090333,5.922006923110299,1.731168013020799,3.8522853253912004,1.5209250116304993,4.702857013997402,3.54584845743004
103.98806145673,1.31319058708284,7.173786893533201,4.5657568243738,4.329992357409598,0.22156959658810038,5.017327844645202,4.26168670330998
103.98806145673,1.31400076237396,8.1853848685031,5.2391630423866005,4.666122424305499,0.11941689258490129,5.095746525519598,4.661166750659939
103.98806145673,1.31481093766507,8.2715125819137,5.3292118205853,5.0212176699703015,0.204338608683301,5.2820474321934014,4.821665622669201
103.98806145673,1.31562111295619,7.4155103024023035,4.7670086431566006,4.708935078181202,0.8002532866482,4.7208955900017,4.482520580078001
103.98806145673,1.31643128824731,7.155436177783397,4.5430218258692,4.4957267395068,0.6633896063774998,5.3899525080023984,4.449505371507859
103.98806145673,1.31724146353842,6.7993039603864,3.9617695473036996,3.9960328380574985,0.03547913374159961,4.771706258856902,3.91285834766922
103.98806145673,1.31805163882954,6.165686699671397,3.220290103363901,3.3212313577407,0.6469156175808024,4.4637564053684,3.56357603674504
103.98806145673,1.31886181412065,7.031131448256801,4.079620567763701,3.812548819289102,0.8868372213541988,4.4565932912869,4.053346269590141
103.98806145673,1.31967198941177,7.4097732621388985,4.3465729616094,4.069421113765003,0.8408505121867016,4.480210303276898,4.22936563059538
103.98806145673,1.32048216470289,6.752973200927201,3.8105150026346983,4.0644512586336,0.22855830839030133,4.855758192816797,3.9424511926805197
103.98806145673,1.321292339994,5.8770163280955,3.0542578453820006,3.572163990862702,0.5693371768256021,5.506381827121299,3.7158314336574207
103.98806145673,1.32210251528512,5.6596257112509,2.8163448155624984,3.7613325208646025,1.0402050564032983,5.691975034912097,3.7938966277986794
103.98806145673,1.32291269057623,5.3980244224214005,2.461522858590701,3.710933119949999,0.8688468078544993,5.349645158542199,3.55779447347176
103.98806145673,1.32372286586735,5.2712285383632995,2.2444650314882004,3.9008316262286016,0.8584793242865985,5.312502412977402,3.5175013866688203
103.98806145673,1.32453304115847,5.223604140888899,1.8708230296728985,3.541588549961201,0.3910630128038015,5.160197349921301,3.23745521664962
103.98806145673,1.32534321644958,5.242862317217103,1.828659284468202,3.8040365713012,0.12509370739750025,4.897904087388799,3.179711193554561
103.98806145673,1.3261533917407,5.203784160348299,1.8779916020710985,3.6980495705217997,0.11137313913980051,4.640838440049901,3.1064073824261795
103.98806145673,1.32696356703181,5.628051769463301,2.0708920903581998,3.7770746749027992,0.5474581097072999,4.249166719875799,3.25452867286148
103.98806145673,1.32777374232293,5.942764096817697,2.2050281017653006,3.7188250399525984,1.0765800073174,3.4600555788303,3.2806505649366593
103.98806145673,1.32858391761405,6.100047496785802,2.7522422459839007,3.649087006905301,1.372626125630699,3.5175933110215993,3.4783192372654606
103.98806145673,1.32939409290516,6.575736009203901,2.6070611448323007,5.0544728109045,1.5230755775146,4.996469883110901,4.151363085113241
103.98806145673,1.33020426819628,6.907307785057,2.922821051465103,3.8479500523302015,1.4428767186347002,4.701338777685503,3.9644588770345015
103.98806145673,1.33101444348739,6.7375429826496,2.851562354526397,3.4731514577078997,1.6754652078925005,5.3504958341743,4.01764356739014
103.98806145673,1.33182461877851,6.616795767920401,2.614005443742599,2.6804842451507014,1.9992461119046006,3.422656229790597,3.4666375597017796
103.98806145673,1.33263479406963,6.795024314774199,2.595261350301598,2.2882674557518,2.1532915582479006,3.5912747454155998,3.4846238848982196
103.98806145673,1.33344496936074,6.977519805435399,3.2977017128503014,3.079523719550199,0.9770260399102,4.546949158650701,3.77574408727936
103.98806145673,1.33425514465186,7.3390974308303,3.7336216503331983,3.691953014951398,0.5971317005750976,3.864157631564698,3.8451922856509384
103.98806145673,1.33506531994297,7.8077443910034,3.7512014547445,4.0785638569924,0.9574566627332999,3.3865141051703986,3.9962960941287995
103.98806145673,1.33587549523409,6.919984895580498,3.1986782186877,3.113553316161102,1.1190331192151994,3.2339406160209982,3.5170380331330997
103.98806145673,1.33668567052521,5.256460164288299,1.9296178640148014,2.564309573745099,1.004972703735401,3.5548648202988993,2.8620450252165
103.98806145673,1.33749584581632,7.4407934275456,3.7630785995098996,3.8667557418528986,0.5582640817870974,3.8980300914714014,3.9053843884333794
103.98806145673,1.33830602110744,7.1793149271451,3.6263512419719,3.2758711598352015,0.6193097475442002,4.136548327609599,3.7674790808212
103.98806145673,1.33911619639855,7.6818989170457,4.0074245375374,3.4095170850570007,0.6813790550608978,4.062210878710001,3.9684860946822
103.98806145673,1.33992637168967,7.809911664298799,4.070699203092698,3.5460645510520017,0.8391233869509982,4.3595174071906975,4.125063242517038
103.98806145673,1.34073654698079,7.180007450136301,3.629824352640597,3.7844925644395992,0.6534429965682023,4.3652917953079005,3.92261183181852
103.98806145673,1.3415467222719,7.552678571248599,3.9597592342868992,3.944540830548302,0.7149081669730002,4.1668984834353004,4.0677570572984205
103.98806145673,1.34235689756302,7.5536553412812,3.8957665261295986,3.6000718386663024,0.4800659548900015,4.581460840237199,4.02220410024086
103.98806145673,1.34316707285413,8.122469092578498,4.1444992770802,3.4474967247625976,0.4473456297690994,4.816172824812501,4.195596709800579
103.98806145673,1.34397724814525,8.214296178197198,4.047283582202699,3.168775483187403,0.2198941585401002,4.739587709502402,4.07796742232596
103.98806145673,1.34478742343637,4.549642974202502,1.1225589973457986,2.033930276766,0.25732271303749954,4.589995540782603,2.5106901004268805
103.98806145673,1.34559759872748,7.132755882245199,3.524864498188098,3.143493072426999,0.21692004629810313,4.1702405878546,3.6376548174025998
103.98806145673,1.3464077740186,7.479756332391801,3.7525186560128994,3.0555897777705,0.3936533661905983,4.120723242076501,3.76044827488846
103.98806145673,1.34721794930971,7.5435737861478,3.8589621883755,2.9514465901005984,0.5941515959225008,4.330329900790197,3.855692812267319
103.98806145673,1.34802812460083,7.865384739562799,3.9183501523129003,2.830685748706202,0.7751867866279021,4.371268572763199,3.9521751999946004
103.98806145673,1.34883829989195,7.794215726244701,3.8537061382121003,2.747740796099002,0.7283007139427013,4.709904982559799,3.966773671411661
103.98806145673,1.34964847518306,7.179576320027898,3.3070211548015003,2.1542858344410014,0.9357908715092016,4.787760151838597,3.6728868665236396
103.98806145673,1.35045865047418,7.514558136934902,3.4079529862504003,2.336065315257901,0.4318929759383998,5.114285826119698,3.76095104810026
103.98806145673,1.35126882576529,7.342519835952302,3.0745751361841975,2.2673010107784,0.37457914423839966,5.255982509244898,3.6629915272796394
103.98806145673,1.35207900105641,7.0771921179911,2.892129966350602,2.5468367055709002,0.4201033515729975,5.102601895847602,3.6077728074666404
103.98806145673,1.35288917634753,6.9364067222429995,2.6375835619781007,2.7968613381664014,0.5265157596784,5.3522101292088,3.6499155022549403
103.98806145673,1.35369935163864,5.655503418963502,1.036843564862398,2.1530797953739977,0.6219254038087989,5.624652571923299,3.018400950986399
103.98806145673,1.35450952692976,6.0572199975331,1.815075513726299,2.7905563361725996,0.6720532872022993,5.369287358227602,3.34083849857238
103.98806145673,1.35531970222087,6.359040248476401,2.2106117524139,3.4885882494620013,0.5238663303083015,5.077004704259899,3.5318222569841007
103.98806145673,1.35612987751199,6.211768937973801,2.1217018631341986,3.435794261081302,0.4769656564548015,5.170589872064298,3.4833641181416803
103.98806145673,1.35694005280311,6.080683773315201,1.8783002362416994,3.157193666227002,0.6471118914689988,5.153513427203098,3.3833605988912
103.98806145673,1.35775022809422,6.094502357745199,1.8201441702023011,3.0139939460711993,0.7588999789647985,5.271341650680899,3.3917764207328793
103.98806145673,1.35856040338534,5.730994133292601,1.7732575615762016,3.0993045932662007,0.7443609617427995,4.4763035932009,3.1648441686157405
103.98806145673,1.35937057867645,5.8180153105058,2.0509244066885017,3.4765017500136004,0.5531267510317015,4.211003171005903,3.221914277849101
103.98806145673,1.36018075396757,4.748634784617199,1.241009656537603,3.2284074823766993,0.20378602631319964,3.9716547723907993,2.6786985444471
103.98806145673,1.36099092925869,6.418429038595299,2.2800927447540005,3.5127308506808994,0.5262946844854,3.7301980056202986,3.2935490648271797
103.98806145673,1.3618011045498,7.410320034917799,2.5467238396939997,3.4168183200412017,0.9574416779797978,3.8705830126121015,3.64037737704898
103.98806145673,1.36261127984092,7.2049820997672995,2.6168043694486016,3.447143904215501,1.296171739229603,4.040009295113698,3.7210222815549407
103.98806145673,1.36342145513203,7.443338805766402,2.4409132203834005,3.3985066559832973,1.372464489952801,4.169828189110401,3.76501027223926
103.98806145673,1.36423163042315,7.400974862269798,2.1257367685833977,3.3712881279071034,1.4161704668703017,4.145953329560701,3.6920247110382602
103.98806145673,1.36504180571427,7.359994025439001,2.0428252510582006,3.3451510930717987,1.3276087487599995,4.1359219722349,3.64230021811278
103.98806145673,1.36585198100538,7.4319950434252995,2.0618559077797016,3.3809594645721006,1.1527119123690994,4.176921201805797,3.6408887059904
103.98806145673,1.3666621562965,7.108835654300503,1.896617586294301,3.266777621879097,1.2715888289237007,4.2656511337326,3.5618941650260405
103.98806145673,1.36747233158761,6.0637326549444985,1.4406267006897018,3.0951833559163013,1.3530631524837986,4.2226907393371,3.23505932067428
103.98806145673,1.36828250687873,6.5539260567827,1.741510858782,3.238186473366099,1.5882768856262004,4.424580986969502,3.5092962523053
103.98806145673,1.36909268216985,6.400485338028798,1.8038981607178997,3.504778476539901,1.6735276242722001,4.260085116027398,3.528554943117239
103.98806145673,1.36990285746096,6.826071791423601,2.007913853822,3.6277217378924007,1.6257117234908982,4.3361645387108005,3.68471672906794
103.98806145673,1.37071303275208,7.342710951959802,1.9320670724357996,3.194843783917502,1.3631468942221012,4.6669816908752,3.699950078682081
103.98806145673,1.37152320804319,7.043836072804002,1.8919355759057979,3.2165903200186,1.3868081119759985,4.702792383099503,3.64839249276078
103.98806145673,1.37233338333431,6.980257603104601,2.0422351236551,3.1287188179524996,1.2611108437618022,4.391536171068601,3.560771711908521
103.98806145673,1.37314355862543,6.0304496128573,1.2954368322417018,3.106729587099398,1.4692155223492023,4.428296121974899,3.2660255353045002
103.98806145673,1.37395373391654,6.9336391111041,1.7057814059036005,3.1041635711534,1.3627469156634007,4.129130078547501,3.4470922164744002
103.98806145673,1.37476390920766,6.528718215829702,1.4228016367866019,3.241232280917199,1.328585553608299,4.037684279121798,3.31180439325272
103.98806145673,1.37557408449877,5.145464155141202,1.0007549404265994,3.0096124102770005,1.3485549240640005,4.237502103297,2.9483777066411605
103.98806145673,1.37638425978989,5.558954104866,1.8044939259259998,3.4610640257116003,1.4853580331567002,4.379361816718799,3.3378463812758197
103.98806145673,1.37719443508101,5.499966891328203,1.9919049962436972,3.5891241102250007,1.5509799648915,5.0831055855991,3.5430163096575003
103.98806145673,1.37800461037212,6.531498604381998,2.5905259233878013,3.606199087574101,1.5536067223297998,5.641190395250501,3.9846041465848403
103.98806145673,1.37881478566324,6.6570341719178,2.7673786400237006,3.825871533817999,1.5646040848422977,5.481936954203,4.05936507696096
103.98806145673,1.37962496095435,6.392644943373501,2.7318790505217017,3.8690986366916,1.6001919050506999,5.188990970786499,3.9565611012848003
103.98806145673,1.38043513624547,6.160417319046701,2.457945747176698,3.8428396398745015,1.5547961324668016,4.875675916870499,3.7783349510870403
103.98806145673,1.38124531153659,5.942531448077499,2.5125122003525,3.819867302102402,1.680585129811199,4.644266520241501,3.7199525201170203
103.98806145673,1.3820554868277,6.121362004352999,2.8470033597038977,3.8546613705118986,1.5330234710359996,4.3663118550753985,3.7444724121360387
103.98806145673,1.38286566211882,5.475909038631901,2.3991533218892016,3.6595878903344996,1.4916168824929024,4.335889947903098,3.4724314162503207
103.98806145673,1.38367583740993,5.893610897872502,2.550630173952502,3.7577679224599017,1.3570673892720002,3.769428452690999,3.465700967249581
103.98806145673,1.38448601270105,6.6764581989828,2.447794212443,4.002874802776198,1.6039043980623013,3.6043181586643023,3.6670699541857203
103.98806145673,1.38529618799217,6.465864843266299,1.8653006491517985,3.8445769991273977,1.6269308502103996,3.154365022895,3.391407672930179
103.98806145673,1.38610636328328,6.1141840587762,0.7523986093569022,3.4217222725060985,1.5069894267239974,2.6898031581353017,2.8970195050997
103.98806145673,1.3869165385744,7.126868459757798,0.8485333911992008,3.3252571782316984,1.4113614158708998,2.2631839697400977,2.995040882959939
103.98806145673,1.38772671386551,6.8267741146826,0.7576701979008007,3.2683000297308986,1.3589709634421006,2.3458079540066024,2.9115046519526
103.98806145673,1.38853688915663,6.7660586166473,0.8234414028997996,3.1764263258057,1.0742042866597004,2.3534020381538028,2.8387065340332605
103.98806145673,1.38934706444775,6.7227571518752,0.7778569509910014,3.2053928201633006,1.1405714315515993,2.362441976101298,2.84180406613648
103.98806145673,1.39015723973886,6.252450563645901,1.1792478919248026,3.6162290162715003,1.2147400362247005,3.0549369044188985,3.0635208824971607
103.98806145673,1.39096741502998,6.001853410173599,1.631217002093301,3.8977383266601002,1.3715324494384014,3.6851904171006993,3.3175063210932203
103.98806145673,1.39177759032109,6.031290015810999,2.023745837800199,3.950064613068097,1.5036625165895003,4.2375982264269005,3.549272241939139
103.98806145673,1.39258776561221,6.143915515531003,1.994620900225602,3.936004328255599,1.504361036926099,4.509601539089601,3.617700664005581
103.98806145673,1.39339794090333,5.7546488930052,1.7046855644057004,3.764471489645299,1.3466081421866996,4.2471246923091,3.3635077563104
103.988871632022,1.31319058708284,6.970577414732599,4.246708835851397,4.148690689335002,0.026191856689500526,4.952769443155901,4.06898764795288
103.988871632022,1.31400076237396,8.264027953846,5.185945936438102,4.753037803219801,0.40528392342800146,4.375940514268702,4.596847226240121
103.988871632022,1.31481093766507,8.281699246102697,5.1706741629025,4.874673164767799,0.3979255477770032,4.4347655602485005,4.6319475363597
103.988871632022,1.31562111295619,6.924588275530098,4.205652347930702,4.215328571103797,0.263508235731301,5.0065757039524,4.12313062684966
103.988871632022,1.31643128824731,6.171525025209103,3.5235981948799022,3.8783352672064986,0.14118710605200135,5.080898055636901,3.759108729796881
103.988871632022,1.31724146353842,6.2285374772121,3.4650237801137003,3.815423862150201,0.20118264653179807,4.752880877848302,3.6926097287712203
103.988871632022,1.31805163882954,6.3816941175667985,3.515434453351503,3.7856932324187973,0.3603130022853982,4.5600106901042,3.7206290991453392
103.988871632022,1.31886181412065,6.9759431075673,3.9502506220736997,3.5051547740659004,0.9499550096503029,3.871304391547298,3.8505215809809004
103.988871632022,1.31967198941177,7.2677781444036995,4.0337906670614,3.4859639756990006,1.0877791815864022,3.6380228753391,3.9026669688179205
103.988871632022,1.32048216470289,7.1469182876982025,4.0735949156187985,4.066488299501799,0.5122808229370008,4.057653624416801,3.9713871900345206
103.988871632022,1.321292339994,6.011251601023503,3.1357982692476973,3.708495140428102,0.3493116634724984,4.858312285725901,3.6126337919795404
103.988871632022,1.32210251528512,5.3980861521855985,2.7188881662719986,3.803729260614798,0.8529875277166994,5.214756620985199,3.5976895455548585
103.988871632022,1.32291269057623,5.499641013526102,2.5545668381723985,3.923582164515903,0.9667258964571985,5.1988410151503,3.62867138556438
103.988871632022,1.32372286586735,5.3913792622458985,2.3519302836640996,3.8969340993385977,0.9908938396742002,5.190484386460998,3.564324374276759
103.988871632022,1.32453304115847,5.431052980752401,2.2618912604788015,3.983273074169201,0.8921001483493001,5.274415093302398,3.5685465114104202
103.988871632022,1.32534321644958,5.30976025703,1.959754864659601,3.941629753143001,0.8868838990952987,5.459833384155299,3.51157243161664
103.988871632022,1.3261533917407,5.344867185037501,2.0008582088089994,3.966324390260599,0.8273181906466966,5.253001475558801,3.4784738900625194
103.988871632022,1.32696356703181,5.4499438651327985,2.1055170861171,3.960059292279702,0.49849598629419845,4.9474996793891,3.3923031818425797
103.988871632022,1.32777374232293,5.603848404527,2.149285755123401,3.7941737824388007,0.05057237662080283,4.412778403632299,3.2021317444684607
103.988871632022,1.32858391761405,5.708910501496099,2.2746071852658005,3.7388681256996,0.25066955431449855,4.477881371894,3.290187347734
103.988871632022,1.32939409290516,5.883992410423801,2.4375212723779995,3.7427709910920974,0.3535372040065994,5.3915640498860995,3.5618771855573192
103.988871632022,1.33020426819628,6.207811626523199,2.642238861072599,3.6007517968650973,0.8370961935357002,4.492804679726898,3.556140631544699
103.988871632022,1.33101444348739,6.4836023143632,2.9260672004261004,3.2363437713281016,1.699929851155602,4.729997628635001,3.8151881531816008
103.988871632022,1.33182461877851,6.879588646688603,3.1489404394279,2.523027363376503,2.378752050435402,2.4724961727430994,3.4805609345343016
103.988871632022,1.33263479406963,6.8722538047823996,2.950163729942698,2.279046746762898,2.1308294649793993,1.824156988742402,3.2112901470419595
103.988871632022,1.33344496936074,6.914919978851202,3.170282816836199,2.4721072408854,1.4026982423027974,2.6458917065430008,3.32117999708372
103.988871632022,1.33425514465186,6.683938368439101,2.9440281177576004,2.9193656389204996,1.1169475363769976,2.8938299611273983,3.3116219245243195
103.988871632022,1.33506531994297,6.8549681828798015,3.086645277217599,3.1681262035681,1.2331434454752994,2.7463738829209987,3.4178513984123597
103.988871632022,1.33587549523409,6.8573376417958976,3.1037835051624008,2.844735555306901,1.748379792643199,2.3786045848389,3.3865682159494597
103.988871632022,1.33668567052521,7.087323975661601,3.0883725748619,2.9057221857095996,1.7167841058824003,2.867139175252298,3.5330684034735595
103.988871632022,1.33749584581632,7.825352426444802,3.904499440949703,2.925160135384999,1.2915330266995007,3.5289356050483,3.895096126905461
103.988871632022,1.33830602110744,7.7265312483513,3.9474665007119007,2.924337795988901,0.6949408420557006,4.1404857330458,3.8867524240307203
103.988871632022,1.33911619639855,7.715391708696501,4.028262945815499,3.3839615870512,0.6110066311473012,4.0371383673012,3.95515224800234
103.988871632022,1.33992637168967,7.7170270889366,3.9295515582253024,3.6213977020053996,0.6364911464869998,4.1745326372974,4.01580002659034
103.988871632022,1.34073654698079,7.5945536858964005,3.887173452965701,3.9321094812870996,0.5780019372106011,3.9924781635442983,3.99686334418082
103.988871632022,1.3415467222719,7.360693813232402,3.8810987008818003,3.875251322002203,0.47506268020879716,3.789728820442601,3.8763670673535606
103.988871632022,1.34235689756302,7.596660803179699,4.013284732151199,3.8047143471897016,0.4881490536104991,4.257423182429299,4.03204642371208
103.988871632022,1.34316707285413,8.223237008626999,4.412080148867201,3.701029709791598,0.5520197396899,4.695266129432298,4.316726547281599
103.988871632022,1.34397724814525,8.3572818055681,4.1721022300569,3.4188797528099,0.2892602016408006,4.704910560338298,4.1884869100827995
103.988871632022,1.34478742343637,5.4965515959707005,2.082270185857201,2.5120125992762006,0.03463160947299926,4.381641174888902,2.9014214330932004
103.988871632022,1.34559759872748,7.196476811090999,3.5141297884629985,3.0435122653288005,0.1976211277707023,4.3109807731370005,3.6525441531581
103.988871632022,1.3464077740186,7.777441915245401,3.955224103732501,3.121120054798798,0.07579618928120269,4.5144877125703005,3.8888139951256404
103.988871632022,1.34721794930971,7.5242784100117,3.8589009552209994,2.9710152631870024,0.33609618012529907,4.5439327707799,3.84684471586498
103.988871632022,1.34802812460083,7.5876348387897,3.7491478986285998,2.932626814876599,0.4460970336502008,4.560289880387298,3.8551592932664795
103.988871632022,1.34883829989195,7.146139791580399,3.2848568068950996,2.466445023864498,0.488119647198598,4.9907285852718,3.675257970962079
103.988871632022,1.34964847518306,7.494140909750598,3.6720610142374994,2.6183602886193995,0.6220542810497989,6.2784407340495,4.13701144554136
103.988871632022,1.35045865047418,7.420292890436301,3.319615105572801,2.306717696587498,0.4550588558035997,5.365850439229099,3.7735069975258595
103.988871632022,1.35126882576529,7.3730574900849,2.9362646222405004,2.114753262885202,0.5819570085451993,5.3217732406004,3.6655611248712403
103.988871632022,1.35207900105641,7.433798526460201,2.7871844148499,1.8042027102910012,0.7608981911293,5.291702002951499,3.6155571691363804
103.988871632022,1.35288917634753,6.659275878223102,2.1366533171772986,1.979081083328797,0.5511131148473005,5.690130094374897,3.403250697590279
103.988871632022,1.35369935163864,6.006864480961799,1.2420982773936977,1.9341271106996984,0.5025939642590984,5.9915166520261,3.1354400970680785
103.988871632022,1.35450952692976,4.240991318288703,0.2508361768436984,1.6002732244421018,0.5168255412456979,6.188595603816399,2.55950437292732
103.988871632022,1.35531970222087,7.210402406355399,2.332879192850797,2.9580622222946005,0.45185164175009973,5.732967416910899,3.7372325760323593
103.988871632022,1.35612987751199,7.0133497698878,2.448659388282902,3.2499179705177994,0.5385132825072994,5.515694200110701,3.7532269222613004
103.988871632022,1.35694005280311,6.172056407633903,2.0829536461505,3.0348173022801994,0.7857068494271999,5.150722753832898,3.4452513918649403
103.988871632022,1.35775022809422,5.986058244986399,2.1683923504644014,2.893735357782198,0.9077539490155999,4.989393633936501,3.3890667072370197
103.988871632022,1.35856040338534,5.7856540715525,1.8963135942489018,3.0925658417878026,0.5797051074490014,4.632833495553999,3.197414422118441
103.988871632022,1.35937057867645,6.005484461655602,2.3757232706276987,3.2561405155210004,0.5811877684449982,3.9701590082447993,3.2377390048988195
103.988871632022,1.36018075396757,5.831794676264,2.109195963926698,3.4569638636610023,0.23108830298340166,3.739624987624101,3.0737335588918406
103.988871632022,1.36099092925869,6.688669545776197,2.4784077705196985,3.5510722720314014,0.2810419963494013,3.6877975192230004,3.3373978207799397
103.988871632022,1.3618011045498,7.901204334577898,2.7450738441616984,3.0196653978407006,0.6583588481549008,4.171822319036501,3.6992249487543396
103.988871632022,1.36261127984092,7.5287805904936,3.003493359717403,3.0832666762287992,1.1816865363592015,4.373636615759498,3.8341727557117005
103.988871632022,1.36342145513203,7.589368985303199,2.9387140583911986,3.3522082945964016,1.2130078460169997,4.216693259247101,3.86199848871098
103.988871632022,1.36423163042315,7.6021811564662976,2.568979641177801,3.3966083802264,1.2693428304465009,4.1646211605898,3.80034663378136
103.988871632022,1.36504180571427,7.5977305649633,2.220670089680599,3.2898596015489012,1.1724809405870005,4.237156928135899,3.70357962498314
103.988871632022,1.36585198100538,7.5435873893383985,2.0340290316308014,3.1487974075729994,1.1730532638386997,4.274846108962802,3.6348626402687403
103.988871632022,1.3666621562965,7.325786480746,1.9007971700850987,2.9666447550651007,1.1582706812855008,4.2404080562935995,3.51838142869506
103.988871632022,1.36747233158761,7.272845406665297,2.1886561405699005,3.3266066273691024,1.4942215565300998,4.314771180875901,3.71942018240206
103.988871632022,1.36828250687873,5.658828610056901,0.990536648738999,2.8906419771457017,1.5402621779191996,4.4149787172693,3.0990496262260203
103.988871632022,1.36909268216985,6.401613704008501,1.4821812093932003,3.1467067966895996,1.4669268810766987,4.372210966102799,3.3739279114541594
103.988871632022,1.36990285746096,6.889187907837499,1.7561584281042997,3.231244827161998,1.5743922066078007,4.6189556513125005,3.6139878042048195
103.988871632022,1.37071303275208,7.312967609231702,1.9823925300809009,3.2576568079607995,1.568827906776601,4.747918692875199,3.7739527093850405
103.988871632022,1.37152320804319,7.0903080109691,2.046721974936201,3.3428024643916032,1.4762328337507,4.4885531884191,3.688923694493341
103.988871632022,1.37233338333431,6.976530795672399,2.195895999924698,3.464866339011902,1.6087721554674985,4.0816448335848,3.6655420247322597
103.988871632022,1.37314355862543,6.802598725504602,2.1717392592322007,3.4943960927825017,1.715330991328198,4.0120434489970975,3.63922170356892
103.988871632022,1.37395373391654,6.968275092774999,1.8234914304100975,3.5555231183493987,1.6188457046588987,4.078724611029699,3.6089719914446183
103.988871632022,1.37476390920766,7.249198955400999,1.8256747814874004,3.440615563027098,1.4478258999907005,4.1925350128469,3.6311700425506195
103.988871632022,1.37557408449877,6.6702361253334,1.6042792927450016,3.163650045142898,1.4692020595458004,3.9057501604821994,3.36262353664986
103.988871632022,1.37638425978989,6.5688519198068995,2.1049102261283004,3.174121736518,1.5980135060150005,4.286768225687197,3.5465331228310797
103.988871632022,1.37719443508101,6.630969723286299,2.3066935313497012,3.407790695307998,1.5923159191764,4.3129476414767005,3.6501435021194197
103.988871632022,1.37800461037212,6.565081432605201,2.4934763289839985,3.5980650592537984,1.6028727697445007,4.831946536150102,3.81828842534752
103.988871632022,1.37881478566324,6.415286864581002,2.5878199041044,3.8188979090847006,1.6133949394398002,5.0219066805832,3.8914612595586204
103.988871632022,1.37962496095435,6.386913195927001,2.6936919916044992,3.555988496559401,1.4404844771026006,4.891334013870498,3.7936824350128
103.988871632022,1.38043513624547,6.388163485390599,2.6713964758979003,3.7492340707555982,1.4864351029184988,4.467161653113301,3.7524781576151796
103.988871632022,1.38124531153659,6.478215304804802,2.651858531856199,3.979890114266901,1.7058624760217,4.4842713122964,3.8600195478492005
103.988871632022,1.3820554868277,6.594796484925901,2.813669076253902,3.8974897587012016,1.7747200207390001,4.344259979726399,3.8849870640692807
103.988871632022,1.38286566211882,6.1812569667755,2.9041637908031,3.6980035872497012,1.5823026609868016,4.1087229238553,3.6948899859340805
103.988871632022,1.38367583740993,6.299528740478799,2.191116710103401,3.6917125271803997,1.3196567021585999,3.4270773157280985,3.3858183991298594
103.988871632022,1.38448601270105,6.612430850390098,2.077912298654102,3.5382932952380983,1.5322192044068998,3.2807789714219986,3.4083269240222394
103.988871632022,1.38529618799217,6.570527445974399,1.594629909586601,3.5538809728641994,1.3678393908875996,2.8617171601833995,3.1897189758992397
103.988871632022,1.38610636328328,6.4914318608106,0.845501920900702,3.0737914461399,1.4824247390432994,2.6034041928439997,2.8993108319477003
103.988871632022,1.3869165385744,7.2949857058521985,1.007951916099298,3.427800652524599,1.5425769001570018,2.4331283586155017,3.14128870664972
103.988871632022,1.38772671386551,7.0898799668606,1.1398093155291988,3.6093607889810997,1.4989351005654008,2.5534257461343977,3.1782821836141393
103.988871632022,1.38853688915663,6.608724099217298,1.394575988638401,3.723404084327999,1.2867271337206994,2.6640622570123007,3.1354987125833396
103.988871632022,1.38934706444775,6.547960115954901,1.5370702105690022,3.665891042552797,1.116193780986901,2.6954071581624035,3.1125044616452007
103.988871632022,1.39015723973886,6.084370666800002,1.5518765959313967,3.842500982950803,1.3438291243625002,3.228188168253599,3.21015310765966
103.988871632022,1.39096741502998,5.815269107383198,1.604392263977001,3.539516508920098,1.2934688082485017,3.7182106609022014,3.1941714698862
103.988871632022,1.39177759032109,6.102705558667299,1.9166862397347977,4.208223840966198,1.5366482040824998,4.092719561726902,3.5713966810355395
103.988871632022,1.39258776561221,5.820492957177603,1.7475044923005,3.680761550821199,1.400992403871399,4.642422140896301,3.4584347090134004
103.988871632022,1.39339794090333,5.531875096908799,1.662843641723601,3.4703280445310014,1.2311978636575027,4.067791423956699,3.1928072141555206
103.989681807313,1.31400076237396,7.625826360804201,4.786607610157802,4.532894582368499,0.03041475954179873,4.892933714179101,4.37373540541028
103.989681807313,1.31481093766507,7.975570251661999,5.052888496111102,4.5974933509546005,0.22747681972250078,4.963851383260099,4.563456060342061
103.989681807313,1.31562111295619,6.233060895929903,3.4907371542235026,3.8326957095477,0.17814968273249931,5.073048648478199,3.7615384181823606
103.989681807313,1.31643128824731,5.6063202771370975,2.8572935248665985,3.645269314468102,0.13042134684240025,5.1774194226074,3.48334477718432
103.989681807313,1.31724146353842,6.002726377814803,3.324045815853001,4.091016048655099,0.20627181882730028,5.3963074305555985,3.80407349834116
103.989681807313,1.31805163882954,6.052765179428601,3.387719168410502,4.276831346862501,0.19029900566270186,5.306010157606298,3.8427249715941207
103.989681807313,1.31886181412065,6.7067856623041,3.8446008982941997,4.1025070913844,0.3163442005886985,4.551759853542801,3.9043995412228396
103.989681807313,1.31967198941177,7.0955882797691,3.9952563037474995,3.7957795889983004,0.8736573278875994,3.7181475773112,3.89568581554274
103.989681807313,1.32048216470289,7.084746584027801,4.013986576575,3.7695266418773983,0.5392320011122003,3.8555425513372974,3.8526068709859396
103.989681807313,1.321292339994,5.9815460370840015,3.046718248068302,3.8372554020048035,0.18942621481659927,4.506209532280803,3.512231086850902
103.989681807313,1.32210251528512,5.750257706745,2.9146164540049995,3.9472192765074006,0.7066334367201001,4.8914335440809005,3.64203208361168
103.989681807313,1.32291269057623,5.7990306654562005,2.8058703088189,4.054237101629699,0.7803405993990999,4.878966493937199,3.6636890338482195
103.989681807313,1.32372286586735,5.6205499906410985,2.5284955044092996,4.061066995672302,0.7808160336507015,4.900030224595799,3.5781917497938402
103.989681807313,1.32453304115847,5.4498907650663,2.3941259693716006,3.9298456864513973,0.8620240656399005,5.136785354383701,3.55453436818258
103.989681807313,1.32534321644958,5.502994077232298,2.1961953452561005,3.8246366625439023,0.9905966220567031,5.338195110772002,3.570523563572201
103.989681807313,1.3261533917407,5.475725021792499,2.0338039252534017,3.783088634095101,1.0973036416354986,5.388971784084699,3.55577860137224
103.989681807313,1.32696356703181,5.460446700002699,2.127707860876402,3.8331911189509995,0.9577310457559989,5.004288713907901,3.4766730878988
103.989681807313,1.32777374232293,5.5469952202019,2.226984707548201,3.6832209032279017,0.6271002844577005,4.759416373616499,3.3687434978104407
103.989681807313,1.32858391761405,5.513089698328599,2.2521418307668988,3.6615650511404993,0.4039243875190017,4.7721622003445,3.3205766336198996
103.989681807313,1.32939409290516,5.5576871617595,2.368175647244602,3.711716428762198,0.42937903179930004,4.696794234086301,3.35275050073038
103.989681807313,1.33020426819628,5.661067696535799,2.4475606599574995,3.723642767167103,0.22063192730709957,4.292915641346401,3.2691637384627805
103.989681807313,1.33101444348739,5.8009847482531,2.632696025092301,3.4538629956649984,0.343995334676098,4.182752522569402,3.28285832525118
103.989681807313,1.33182461877851,5.979752496403201,2.7299395199516,2.921586846226699,1.0600313257377998,3.1987213622096995,3.1780063101057996
103.989681807313,1.33263479406963,6.401647129596501,3.0450919282249984,3.0591333649269004,1.2739952690768988,2.5973295055473997,3.27543943947454
103.989681807313,1.33344496936074,6.854392845974701,3.2732909186392014,2.7638731796422995,1.2115275652261985,2.5087381155192006,3.32236452500032
103.989681807313,1.33425514465186,6.233821853653101,2.2083584522837008,2.2056617270237027,1.7157096347452985,2.3491397008735007,2.9425382737158605
103.989681807313,1.33506531994297,6.885406371199,2.812539567954399,2.1747087018545983,2.3116345386149,2.0372906303439997,3.2443159619933795
103.989681807313,1.33587549523409,6.902928628160101,2.7622177761641,1.9207830937047987,2.6368229737141995,1.8205673947346988,3.2086639732955797
103.989681807313,1.33668567052521,6.7276258656557,2.7491909331211026,2.318558431143302,0.8015425619371008,2.407792235853403,3.0009420055421216
103.989681807313,1.33749584581632,6.7653643370538,3.0341366987825005,2.5363109051061983,1.2423242241719983,3.2943560199109996,3.374498437005099
103.989681807313,1.33830602110744,7.0312593087555975,3.3838983174013997,2.735243265710899,0.9716534502019982,3.8732281468235,3.5990564977786788
103.989681807313,1.33911619639855,7.5048460611231,3.7007717459163985,3.1818186872736014,0.7991520945016006,3.6321272591241005,3.76374316958776
103.989681807313,1.33992637168967,7.811032889584002,3.8540437055762986,3.9123363633982002,0.739586967606197,3.9437606887351,4.05215212297996
103.989681807313,1.34073654698079,8.092422105964502,4.0593204077742016,3.3298477766789,0.8434235513499004,3.9867598121306003,4.062354730779621
103.989681807313,1.3415467222719,7.552412040100698,3.750404095136698,3.4327921081979014,0.7319653131502015,3.7060388862322,3.83472248856354
103.989681807313,1.34235689756302,7.129287041794498,3.5826383918802023,3.5664020794493005,0.6849311597833996,3.7213154231862013,3.7369148192187205
103.989681807313,1.34316707285413,7.808751483181602,4.052852127596299,3.7318871402493023,0.7460270654408987,4.428167234917101,4.153537010277041
103.989681807313,1.34397724814525,7.957566761586602,4.0543141264908975,3.4598795185638025,0.5092397141032023,4.435698638203,4.0833397517895005
103.989681807313,1.34478742343637,7.208619302941898,3.679957220019201,3.233559406885501,0.1927917378631001,4.389940084222399,3.74097355038642
103.989681807313,1.34559759872748,7.150155565838801,3.6535867110195994,3.2679120352740014,0.24878218709339706,4.2890564636756,3.72189859258028
103.989681807313,1.3464077740186,7.4692160462684996,3.782035777834402,3.2421841377297014,0.1278370347566984,4.370626070577302,3.7983798134333204
103.989681807313,1.34721794930971,7.6018022830796,3.7865865601090007,3.039259079598697,0.20771248738219938,4.638973517463501,3.8548667855265997
103.989681807313,1.34802812460083,7.633699864136602,3.762318554860901,3.037372571649403,0.2306303292608014,4.782092704683002,3.889222804918142
103.989681807313,1.34883829989195,6.872784433094299,3.0468889850038003,2.308783558498501,0.5487121130339006,4.970732348537801,3.5495802876336606
103.989681807313,1.34964847518306,7.2516636966064,3.4701141095232018,2.736010862517201,0.3400628135489008,5.423847420459101,3.844339780530961
103.989681807313,1.35045865047418,7.6788244316581,3.337227259122301,2.6621974344437014,0.39385421704999857,5.200128530722999,3.85444637459942
103.989681807313,1.35126882576529,7.5673804925388986,2.967019341135998,2.2654661723451994,0.5064990636184028,5.4502011784903,3.7513132496257597
103.989681807313,1.35207900105641,7.3126928167591,2.510075330411503,2.1516484948324006,0.657981179613099,5.454008351945699,3.6172812347123604
103.989681807313,1.35288917634753,6.5727204289519,1.8839471323117003,1.8891770792236002,0.6656806802389994,5.861486556125499,3.3746023753703396
103.989681807313,1.35369935163864,6.2538264414933025,1.4392696162988017,1.8311578602205003,0.6398450643666997,5.864134159896601,3.205646628455181
103.989681807313,1.35450952692976,4.313977050228402,0.19969311032420123,1.4406585248707025,0.5387014963490984,6.186270725788898,2.5358601815122603
103.989681807313,1.35531970222087,7.1434725233119,2.020583845407998,2.1940548794894994,0.5696544586064007,5.967609801048802,3.57907510157292
103.989681807313,1.35612987751199,6.9170461807843004,1.8144590185237988,2.3354142867611998,0.6950113567651997,5.930615641827799,3.5385092969324594
103.989681807313,1.35694005280311,6.645290362134901,2.1209824968293987,2.7951330034538984,0.7060068538447979,5.613703526637099,3.576223248580019
103.989681807313,1.35775022809422,5.723706378789398,2.121542503913499,3.1721332575403025,0.5890800362804001,5.122560408736302,3.34580451705198
103.989681807313,1.35856040338534,5.7405604482648975,1.997447142617201,3.1366498143265,0.6983255299748983,4.7822078780569015,3.27103816264808
103.989681807313,1.35937057867645,5.967538606734301,2.1551949465011973,2.7612312550004,0.6163560220138997,4.091880995963198,3.1184403652425994
103.989681807313,1.36018075396757,5.886081597058698,1.860947322801099,2.8818759722267018,0.48536493991309726,3.502839010012501,2.9234217684024193
103.989681807313,1.36099092925869,6.871055730121903,2.3127146270082974,3.161614529011999,0.12252704232849965,3.589055415355503,3.21139346876524
103.989681807313,1.3618011045498,8.076252718765598,3.0702568049213,2.8150172037173,0.5530580749645004,4.311838488111398,3.7652846580960193
103.989681807313,1.36261127984092,7.821899486016697,2.651461039931199,2.6307143498805985,0.7910445696045016,4.4614839319776,3.6713206754821193
103.989681807313,1.36342145513203,6.707985952933402,1.8981544515660005,2.624762501663799,1.0503036401820012,4.3589196867939,3.3280252466278206
103.989681807313,1.36423163042315,8.081964816524401,3.0053790709227,3.2377799097946003,1.1329737217041007,4.338713124563,3.9593621287017604
103.989681807313,1.36504180571427,7.8689833349375,2.3100475837243977,3.169780878431503,1.0853469868714996,4.3652680369769,3.75988536418836
103.989681807313,1.36585198100538,7.697824145209498,1.9783598342918012,3.156143776861999,1.1734866981279986,4.417809662784201,3.6847248234550998
103.989681807313,1.3666621562965,6.712613147408199,1.1959682099177016,2.372636396691398,0.8377113676344017,4.246725390113298,3.0731309023529993
103.989681807313,1.36747233158761,7.2655164961082015,2.0302881027431,3.246049652841098,1.4746088098001024,4.258253740200701,3.6549433603386405
103.989681807313,1.36828250687873,5.1369927428306,0.4030785359731013,2.7103908154341987,1.431946511883801,4.350641676970401,2.8066100566184202
103.989681807313,1.36909268216985,6.646235167521198,1.3882540218308996,3.090273965069798,1.4467847189406982,4.490827461040698,3.4124750668806585
103.989681807313,1.36990285746096,6.507976319676601,1.4494144419804016,2.9855421030409026,1.5585503607845013,4.499608863540399,3.400218417804561
103.989681807313,1.37071303275208,6.937545758780601,1.9314178679950018,3.0700087334165005,1.4288215259783996,4.5936791553582985,3.5922946083057603
103.989681807313,1.37152320804319,6.854612942044298,2.0342734694552007,3.474690488737899,1.2496734424686018,4.121665326175599,3.54698313377632
103.989681807313,1.37233338333431,7.099258163716101,2.255687731335801,3.595926327049,1.5399426862494003,4.106457329754601,3.7194544476209805
103.989681807313,1.37314355862543,7.160933418014601,2.6039696687704,3.613908987120798,1.684915743746199,3.825564687304002,3.7778585009912
103.989681807313,1.37395373391654,7.2768070511157,2.4860438531646025,3.4957785584972996,1.5819059744208985,3.552426916551301,3.6785924707499604
103.989681807313,1.37476390920766,7.3437480944466,2.1134695678283997,3.7560213775233997,1.4956806792955,3.766536504081099,3.6950912446349995
103.989681807313,1.37557408449877,6.2852102279668,1.3384893815291008,2.892105676207102,1.3380531010928003,3.5394343270879993,3.0786585427767603
103.989681807313,1.37638425978989,6.542373392404603,2.1026588219014997,3.083466469844101,1.4240355883583007,3.3301585615928992,3.2965385668202805
103.989681807313,1.37719443508101,7.101218132144698,2.549162307581099,3.2891538219718015,1.4723700176184984,3.237490145746399,3.5298788850124994
103.989681807313,1.37800461037212,7.6027707879662,2.7730492771888002,3.0966895301062003,1.4580363781544996,3.9214106217707005,3.77039131903728
103.989681807313,1.37881478566324,7.2659476642425,2.8660684158232996,3.3905524616472995,1.5115548185209988,4.209415971190001,3.84870786628482
103.989681807313,1.37962496095435,6.7350172734739004,2.6842721326088004,3.4412591002332995,1.4822016775042002,4.571658388214502,3.7828817144069404
103.989681807313,1.38043513624547,6.465234724315401,2.757040751405203,3.7253013823920007,1.5468215825172003,4.083184580512398,3.7155166042284407
103.989681807313,1.38124531153659,5.373036280644602,1.8613616877778014,3.4973227006383993,1.5967468678692995,4.100226290579499,3.2857387655019203
103.989681807313,1.3820554868277,6.618043087940801,2.9494706083102997,3.8433609424777977,1.7175189955246992,4.096603026358103,3.8449993321223404
103.989681807313,1.38286566211882,6.9350410432708,2.7516081596295017,3.9837453021828004,1.6668397386251002,4.074037482299801,3.8822543452016007
103.989681807313,1.38367583740993,6.795614776115997,2.0665067918858995,3.6932414071610005,1.547718039615198,3.693826911743198,3.5593815853042585
103.989681807313,1.38448601270105,6.250275706422602,1.2560363243385986,3.1320169198497005,1.4629420056244022,3.357877594807899,3.0918297102086405
103.989681807313,1.38529618799217,6.8458501503283,1.4638309078662992,3.3953409731897004,1.5958257766886028,2.9374745708821983,3.2476644757910202
103.989681807313,1.38610636328328,7.3922864502357015,1.4498885886342983,3.2371285329183017,1.6754859267061022,2.4974116281874004,3.250440225336361
103.989681807313,1.3869165385744,7.243472112377901,1.3463947494868975,3.2858374686188974,1.7481177710505023,2.3194912190620016,3.18866266411924
103.989681807313,1.38772671386551,7.043628940717802,1.556564263111298,3.5762509584509026,1.5568598783313021,2.403479707112602,3.2273567495447812
103.989681807313,1.38853688915663,6.6291041605303995,1.9447014073282993,4.027414751433202,1.328165029174599,2.7501290907524982,3.3359028878437997
103.989681807313,1.38934706444775,6.212843528303498,1.9504189631167002,3.9662317010046024,1.1459203473720017,3.2049584469130004,3.2960745973419607
103.989681807313,1.39015723973886,5.839442426827002,1.7074782338121004,3.6590500940306008,1.126880868435002,3.3842694384359007,3.1434242123081213
103.989681807313,1.39096741502998,6.1047389457466,1.6020720362843015,3.833759030788702,1.2894684955877018,3.6014247381184994,3.286292649305161
103.989681807313,1.39177759032109,6.010243948667,1.5567740779057004,3.9884503464290013,1.3081388055740995,3.952249575452999,3.36317135080576
103.989681807313,1.39258776561221,5.461538128277102,1.626205321753602,3.5649040664495004,1.3425556490395998,3.9837240001570002,3.195785433135361
103.990491982604,1.31400076237396,6.359503075841101,3.9489448182510998,4.071728254663402,0.6324167102050993,4.150302556071999,3.8325790830065403
103.990491982604,1.31481093766507,6.2589895847922,3.6679791289543004,3.7953906180100994,0.4151643665228981,4.272120400001299,3.6819288196561595
103.990491982604,1.31562111295619,5.718208864566801,3.0957333783623007,3.7347764183331016,0.4452317058647992,5.139275976291202,3.626645268683641
103.990491982604,1.31643128824731,5.968582899220699,3.143503402955602,3.8560418067849014,0.3108289836289977,5.253146517401799,3.7064207219984
103.990491982604,1.31724146353842,5.773747671828602,3.117518028769002,4.2330082851838,0.401092151373998,5.989006341200099,3.9028744956711003
103.990491982604,1.31805163882954,5.958773164416602,3.367260116658901,4.0726305150664,0.4515632946098975,5.003030604638699,3.7706515390781
103.990491982604,1.31886181412065,6.409294357889397,3.7713111136652984,5.19189356235,0.3350702482368,4.9097266555175985,4.123459187531819
103.990491982604,1.31967198941177,6.4353202319502,3.644757641627301,4.060438389430601,0.14210515647380006,4.6435541425374005,3.7852351124038606
103.990491982604,1.32048216470289,6.498780765012,3.6591864499952003,4.1345053774075,0.2887345693698009,4.5413465799017985,3.82451074833726
103.990491982604,1.321292339994,5.1870176677991005,2.6869962337611,3.9027459846911015,0.33601455739340125,4.616033842786997,3.34576165728634
103.990491982604,1.32210251528512,5.504149407227402,2.498400181598498,3.7733388640552015,0.36941464226620013,4.635782892645899,3.35621719755864
103.990491982604,1.32291269057623,5.572776411253301,2.590953616749598,3.7786543247205984,0.3709078939684005,4.593234755723699,3.3813054004831193
103.990491982604,1.32372286586735,5.6766757572918,2.5221177340123013,3.9339101533067016,0.43887819342040046,4.4779397668320975,3.40990432097266
103.990491982604,1.32453304115847,5.8198895282233,2.615125883478399,4.089495977300203,0.6835727472194968,4.610751872300899,3.5637672017044593
103.990491982604,1.32534321644958,5.730776812804098,2.407017076733098,3.9841651583898,0.7366258230930001,4.737553340223499,3.519227642248699
103.990491982604,1.3261533917407,5.661581706107199,2.347161016977001,3.8622051469093996,0.8156234376356011,4.796481757812501,3.4966106130883405
103.990491982604,1.32696356703181,5.408560309994801,2.1427717686344003,3.5943735245993977,0.7677448710327006,4.585633844116199,3.2998168636755
103.990491982604,1.32777374232293,5.612859733626202,2.416555957232301,3.5745970322446006,0.4708408258734984,4.413637496866897,3.2976982091686997
103.990491982604,1.32858391761405,5.564376094001499,2.4026386255935,3.5990456268383006,0.3565605610691023,4.421176180975998,3.26875941769568
103.990491982604,1.32939409290516,5.555289516546399,2.398116524971801,3.7393405841657987,0.4078945882772018,4.4619974774848,3.3125277382892
103.990491982604,1.33020426819628,5.267252973071201,2.1864905776281987,3.693583672399999,0.339816284281401,4.427880019816101,3.18300470543938
103.990491982604,1.33101444348739,5.7460702578591025,2.5102337015208995,3.6176243278674995,0.17509043040639938,4.2751819450548005,3.26484013254174
103.990491982604,1.33182461877851,5.6382752858492005,2.4537690253545,3.4116321263829015,0.06334843429899806,3.9427259323458976,3.1019501608462994
103.990491982604,1.33263479406963,5.676790252932101,2.4337776117550014,3.4182640933928,0.2180905852390005,3.740660684041302,3.097516645472041
103.990491982604,1.33344496936074,5.777224365148101,2.613661013745798,3.1133947719184007,0.5022720837741019,3.272669637722398,3.05584437446176
103.990491982604,1.33425514465186,5.840048839151201,2.4960216418955987,2.545493833604599,1.3607254671809983,2.6275076574300016,2.97395948785248
103.990491982604,1.33506531994297,6.340664902708699,2.8811982968612,2.3324825115786005,2.1343906654627,1.8715873061387995,3.11206473655
103.990491982604,1.33587549523409,6.5067437952465,2.785275621167699,1.7317301573170027,2.3051794183691996,1.6553957841660996,2.9968649552533
103.990491982604,1.33668567052521,6.729034768456298,2.8352272426494984,2.1702834088949032,1.8773757503638997,2.1652902276203996,3.1554422795969996
103.990491982604,1.33749584581632,6.713917086987102,3.0122614291767,2.448823892885599,1.4920881074600025,3.103545144965299,3.3541271322949404
103.990491982604,1.33830602110744,6.557978029247401,3.0150551356590007,2.2846574450683974,1.309465747558999,3.8290228536647994,3.3992358422397198
103.990491982604,1.33911619639855,6.5337548883553005,2.8873802645936983,2.8293998695342992,0.9073786506837997,3.5356496664705013,3.3387126679275196
103.990491982604,1.33992637168967,7.075917973281101,3.1976662584358984,3.680763240557301,0.8434692354836031,3.618189199214502,3.683201181394481
103.990491982604,1.34073654698079,7.6486816102374995,3.4801161361348996,2.9967058596539005,0.9448849983198997,3.6062810740396003,3.73533393567716
103.990491982604,1.3415467222719,7.892051144387501,3.7063560049855013,3.2940237162697024,0.9786983870846981,3.7571285317449004,3.9256515568944605
103.990491982604,1.34235689756302,7.698854941948699,3.883295489854902,3.439808741445301,0.9275284289139982,3.8536906077465005,3.96063564198188
103.990491982604,1.34316707285413,7.2432843927904,3.4215605608673982,3.2336017322691006,1.0221106736461998,3.9758194901141017,3.77927536993744
103.990491982604,1.34397724814525,7.6305629136276,3.7230278699417987,3.190813641755998,1.0468301296499014,4.171752890775899,3.9525974891502393
103.990491982604,1.34478742343637,7.1780779519306,3.5008415189522992,3.1126907588562993,0.42068633604450056,4.116508551107302,3.6657610233782
103.990491982604,1.34559759872748,5.735141990666698,2.4297888296862027,2.7412517382377004,0.03743553226550134,4.334726657805298,3.05566894973228
103.990491982604,1.3464077740186,7.354183553993099,3.6996845208073985,3.3546248989981002,0.07866385640479834,4.4210811073519025,3.78164758751106
103.990491982604,1.34721794930971,7.415311213996098,3.649134356240399,3.1601305348713993,0.13964606286059933,4.662634145363398,3.805371262666379
103.990491982604,1.34802812460083,7.629858598539201,3.7632626045848987,3.154528011609301,0.058540960077600346,4.799366677485299,3.88111137045926
103.990491982604,1.34883829989195,7.342120400218697,3.3748434357476995,2.8035844153023994,0.2054775116016998,4.929069838842999,3.731019120342699
103.990491982604,1.34964847518306,7.001567386329498,3.1014279098342996,2.569494956023,0.23931618830469858,5.099888537322002,3.6023389955626994
103.990491982604,1.35045865047418,7.5855784096070025,3.3983179722173027,2.661912595874899,0.27384999455999903,4.9827784833907,3.7804874911299806
103.990491982604,1.35126882576529,7.5868924193189,2.9197413179715,2.500749840042701,0.2926831844113025,5.411869650775202,3.742387282503921
103.990491982604,1.35207900105641,7.136599472036497,2.1264773737162983,2.145376940822999,0.5970679318359977,5.537007232892403,3.508505790260839
103.990491982604,1.35288917634753,7.3043857410978,2.111674305742799,1.9608924303114001,0.823915738481702,5.5792437126599985,3.55602238565874
103.990491982604,1.35369935163864,5.896453523394499,1.4285422057141979,2.2760080426387006,0.708181698327401,5.697083312537401,3.2012537565224397
103.990491982604,1.35450952692976,5.938271241664001,1.3257382627872971,2.1427992617052,0.5875158596122994,5.619115109550201,3.1226879470638
103.990491982604,1.35531970222087,6.758511439960898,1.936739921587801,2.147905649952097,0.7302950817113008,5.676793343178499,3.4500490872781193
103.990491982604,1.35612987751199,6.810153769423799,1.7775404880108,2.089660094062001,0.8158059013371002,5.872260638939203,3.4730841783545805
103.990491982604,1.35694005280311,6.6064489608843004,1.85251016482,2.4295378564310006,0.6987844332633024,5.719707992632699,3.4613978816062607
103.990491982604,1.35775022809422,6.720323780308497,2.4877138518607005,2.886704010976299,0.6796152673424984,5.450609545172501,3.6449932911320992
103.990491982604,1.35856040338534,5.7743849625788,2.1408848043543003,3.2267024255914016,0.6973494551059005,5.161070161372102,3.400078361800501
103.990491982604,1.35937057867645,6.114026118804002,2.209736081445101,2.900177019517699,0.7571798588137995,4.871409978854299,3.37050581148698
103.990491982604,1.36018075396757,6.761702612302599,2.1222689458816006,2.6331606757721993,0.6309838572871982,4.271573306210701,3.2839378794908596
103.990491982604,1.36099092925869,7.479523398830398,2.405782187065899,2.634949075236001,0.0804358477072995,4.092291886625201,3.33859647909296
103.990491982604,1.3618011045498,8.054067827795599,2.5757643902861993,2.2911953570331,0.45966900607659866,4.443541574635198,3.564847631165339
103.990491982604,1.36261127984092,8.0474554035058,2.8475003341889007,2.413526242431601,0.8316030332143995,4.508275967806501,3.7296721962294406
103.990491982604,1.36342145513203,7.870269509434401,2.858705914713802,2.8745042477214007,1.3135865226091,4.353599960323699,3.8541332309604805
103.990491982604,1.36423163042315,7.879187104673999,2.9047387321362024,2.9719581199092,1.2650434453342,4.275584143304698,3.85930230907166
103.990491982604,1.36504180571427,7.641290410692097,2.053232941741502,2.6917790522009,1.1056556763684,4.315793866820599,3.5615503895646996
103.990491982604,1.36585198100538,7.513097618421501,1.6844753272705013,2.9673848804015996,1.148708210066502,4.3811305463827,3.538959316508561
103.990491982604,1.3666621562965,6.7980436599493,1.6319763011,2.888780100465503,1.2501989454246,4.399579110524801,3.3937156234928407
103.990491982604,1.36747233158761,7.185135103468202,1.9791471843210005,3.1031266908682014,1.4570674671450021,4.281065560830498,3.601108401326581
103.990491982604,1.36828250687873,7.177511240392299,1.9250422707780999,3.2891835512740997,1.4556341396231005,4.4568924200929025,3.6608527244321003
103.990491982604,1.36909268216985,6.943384433036599,1.1874170587742974,2.7999442697527996,1.250514200562801,4.483794594843701,3.3330109113940396
103.990491982604,1.36990285746096,6.721271772275301,1.7437810332550008,3.0392208675039996,1.486993027258002,4.113594064190401,3.420972152896541
103.990491982604,1.37071303275208,6.913761051404499,1.9443967183265016,3.207469661019797,1.489191026817,4.1880616561233985,3.5485760227382395
103.990491982604,1.37152320804319,6.552656996153399,1.4909524442802002,3.259690200227002,1.1465583990327985,4.0048224794131,3.2909361038213
103.990491982604,1.37233338333431,7.080500613953202,2.1688542933620987,3.7288467846046984,1.4841422508992999,3.7063959176830004,3.6337479721004597
103.990491982604,1.37314355862543,6.4816264623952975,2.053496673475202,3.9302834217936002,1.6159842931248,3.4622899216359997,3.5087361544849798
103.990491982604,1.37395373391654,6.755317615803598,2.2052556084610977,3.6210668165272004,1.659413611514701,3.4418037337506,3.5365714772114396
103.990491982604,1.37476390920766,7.068195148601902,2.1597464515006983,3.7050762741908017,1.4881858595861992,3.5296446998989985,3.59016968675572
103.990491982604,1.37557408449877,6.987330050105701,2.4273838273116013,3.5309099356511986,1.5712928921295024,3.6770130131922016,3.638785943678041
103.990491982604,1.37638425978989,6.931313607640799,2.5387196348089986,3.4274718616490993,1.6099754192651012,3.259608044562899,3.5534177135853797
103.990491982604,1.37719443508101,6.525781401414797,2.368140222676498,3.513576454232698,1.6085047911523986,2.7550764567780988,3.354215865250898
103.990491982604,1.37800461037212,7.153236111877103,2.443086114121801,3.327492077636702,1.5276406533110993,2.6630277770295976,3.4228965467952603
103.990491982604,1.37881478566324,7.264514338341101,2.6719872858129,3.2946218710801993,1.6234252534055997,3.3717313408709018,3.6452560179021405
103.990491982604,1.37962496095435,7.5912415800126,2.7602191277483996,3.2911739111193015,1.610980719919901,3.9788513320517005,3.8464933341703804
103.990491982604,1.38043513624547,6.7129874629606014,2.135592923813899,2.994238233371302,1.6051374969635006,4.093162264273101,3.5082236762764807
103.990491982604,1.38124531153659,6.9462102329489,2.455259973344699,3.317722121726703,1.5380556152503004,4.047575920725198,3.66096477279916
103.990491982604,1.3820554868277,6.6357614885261995,2.7694803202108,3.5723234778057993,1.608459753361501,3.768857587945501,3.67097652556996
103.990491982604,1.38286566211882,6.819396104703401,2.7653357943251002,3.646338539812998,1.5433522432953026,3.7806067696262,3.7110058903526
103.990491982604,1.38367583740993,6.531632291227702,2.3229811637437976,3.5497118539629007,1.5879490222813004,3.8064425055203017,3.5597433673472003
103.990491982604,1.38448601270105,6.4945257344636005,1.9113664026217982,3.4840967937564997,1.5476946929792028,3.5042130978733006,3.3883793443388805
103.990491982604,1.38529618799217,6.723737782245198,1.4394850735971012,3.510898715087901,1.648555789126899,2.836980690782301,3.23193161016788
103.990491982604,1.38610636328328,7.159593642519301,1.4852334520466997,3.337789370166899,1.7690339208738983,2.380963949557799,3.2265228670329194
103.990491982604,1.3869165385744,7.204945576806001,1.7039959117159995,3.497322888418701,1.7357777781629018,2.2958074123128007,3.2875699134832805
103.990491982604,1.38772671386551,6.938400077505801,1.7226323225278009,3.7014141575204,1.5965144800081,2.4547935618761016,3.282750919887641
103.990491982604,1.38853688915663,6.823796023808399,2.1654307831127007,4.201400150802002,1.5337003966296976,2.9333533516709984,3.5315361412047594
103.990491982604,1.38934706444775,6.180904814719902,2.1765787526788003,3.929651403009501,1.4029068581485014,3.414116944892001,3.420831754689741
103.990491982604,1.39015723973886,6.010667480002901,2.1142572966263025,3.780918610781999,1.2586444186697001,3.5256429603814006,3.3380261532924607
103.990491982604,1.39096741502998,6.11435277104,1.8833463470798009,3.919556173089102,1.3767491121333997,3.587036058959999,3.3762080924604603
103.990491982604,1.39177759032109,5.198440234159801,1.0759766691216015,3.8262839576582017,1.4048652001741004,4.232467773166203,3.1476067668559815
103.990491982604,1.39258776561221,5.534010269061799,1.8689310836453004,3.4845519737773003,1.2361525438353986,3.716977361291999,3.1681246463223594
103.991302157895,1.31400076237396,5.877885084354602,3.4559389456024014,3.5004123420227025,1.0475082136229972,3.8144023662130984,3.53922939036316
103.991302157895,1.31481093766507,5.9313152305612,3.4566731961178014,3.775538429258898,0.7935603688083006,4.1865350247984985,3.6287244499089395
103.991302157895,1.31562111295619,6.003101166178897,3.339734986072301,3.8905491652760027,0.38797333848740223,4.987744296535901,3.721820590510101
103.991302157895,1.31643128824731,5.976134875868798,2.9677789544614015,3.6869929555678027,0.198270287909601,5.095330094062,3.5849014335739207
103.991302157895,1.31724146353842,5.7852923433343015,2.845498788135302,4.788280648521802,0.33426119422740186,5.5939040881076,3.8694474124652816
103.991302157895,1.31805163882954,5.991832551255399,3.065086202618499,3.8991438208947002,0.25183582635499846,5.357117753431503,3.7130032309110197
103.991302157895,1.31886181412065,5.799542481217099,3.0249827132081,3.809848521315299,0.2312699816690973,4.932747218519399,3.559678183185799
103.991302157895,1.31967198941177,5.887346113630699,3.0360159947592997,3.734928237263098,0.3674626646050001,5.1936673946126,3.6438840809741393
103.991302157895,1.32048216470289,5.721876427647199,3.0037486592127998,3.9475753010665002,0.47649151033530046,5.1831406972249034,3.6665665190973407
103.991302157895,1.321292339994,5.484916401061501,2.7582046013897,4.032722857505803,0.42509189755589816,5.166636593099,3.5735144701223804
103.991302157895,1.32210251528512,5.530593010206797,2.6632156731836005,3.8867870811338996,0.3386747733493003,4.775367234103701,3.43892755439546
103.991302157895,1.32291269057623,5.6530472875742,2.686318261113403,3.647419897714098,0.21323489105219906,4.567146038330101,3.3534332751568003
103.991302157895,1.32372286586735,5.841890599820701,2.814155441548401,3.8186875221534997,0.3878819365979993,4.4610662027995005,3.4647363405840204
103.991302157895,1.32453304115847,5.991516308778802,2.698448991215198,4.0289408264657,0.5191699368964002,4.3377344524060995,3.51516210315244
103.991302157895,1.32534321644958,5.943655503191202,2.5574953461348002,3.9290452398800007,0.6244364419690989,4.285792680501302,3.468085042335281
103.991302157895,1.3261533917407,5.563203278264602,2.233199795029698,3.8614992991807995,0.6262826572605,4.286793392835797,3.3141956845142793
103.991302157895,1.32696356703181,5.472093736165899,2.2119545025968996,3.583179150960298,0.5257250543415992,4.218894989637597,3.2023694867404586
103.991302157895,1.32777374232293,5.683386986554801,2.3843835779969993,3.425551484845201,0.39544997247989855,4.140023561943902,3.2057591167641606
103.991302157895,1.32858391761405,6.012497147156502,2.8113094160176004,3.9931364609329982,0.6106620418158997,4.5957511555583,3.6046712442962603
103.991302157895,1.32939409290516,6.153888344376,2.9932960108656985,4.3493149799293995,0.7345422493557017,4.779201908216702,3.8020486985487003
103.991302157895,1.33020426819628,5.875139713957303,2.720656599255399,4.2080349086828015,0.7037461362982995,4.858745860473601,3.673264643733481
103.991302157895,1.33101444348739,5.980457822192001,2.864050719508299,4.0582258970359995,0.6171525891082013,5.020137275485602,3.7080048606660205
103.991302157895,1.33182461877851,5.8829599894006,2.6923395776304986,3.640639127518302,0.3350843279972011,5.152636211344397,3.5407318467781996
103.991302157895,1.33263479406963,5.8887861442171,2.6958080170659002,3.6898595365261,0.1278028099753996,4.098241665233399,3.30009963460358
103.991302157895,1.33344496936074,5.734756500559701,2.598304318866898,3.4777935316569,0.3180770081002997,4.965370402370901,3.41886035231094
103.991302157895,1.33425514465186,5.523856283614901,2.464180859297798,3.0499572208613976,0.8457490547862996,4.347012043958898,3.246151092503859
103.991302157895,1.33506531994297,5.6262547303504,2.664500290691201,2.8754046936667983,1.1735800596316004,3.5616317335204997,3.1802743015721
103.991302157895,1.33587549523409,5.981649090068,2.7642612695509996,2.4712261866636,1.6128490436334992,2.8099857881672996,3.12799427561668
103.991302157895,1.33668567052521,5.9798296250123,2.6580556877294015,2.3738121632124987,1.8404160755424002,2.4168905753037997,3.05380082536008
103.991302157895,1.33749584581632,6.545715611056501,3.006710562683999,2.2086183674903985,1.853172649585698,2.741377022243899,3.271118842612099
103.991302157895,1.33830602110744,6.622363338494701,2.8679308184745977,1.8641875411874018,1.8395668583141997,3.4865560487901988,3.3361209210522196
103.991302157895,1.33911619639855,6.707367112979302,2.7966142808874004,2.7829915779590984,1.1028619014398977,3.6522216855988,3.4084113117728996
103.991302157895,1.33992637168967,6.5331642566541,2.499249990785202,2.3254586886942015,0.7334084362269984,3.517827091745499,3.1218216928212
103.991302157895,1.34073654698079,6.9140061095476,2.7575854370599977,2.5997792881189987,0.7529148417382991,3.6908599780623987,3.343029130905459
103.991302157895,1.3415467222719,7.0882210313064995,3.1850565156080997,3.2995866119211,0.9070752597937997,3.591183519487501,3.6142245876234
103.991302157895,1.34235689756302,7.395453403368698,3.5090263821205987,3.367765376450201,0.9184663620127012,3.8107854374942,3.80029939228928
103.991302157895,1.34316707285413,6.9217376316968,2.8946514298542034,3.0241732363743985,1.0437972662404,3.795885401918202,3.536048993216801
103.991302157895,1.34397724814525,7.681996150210601,3.5719059875409975,3.1442154364076025,1.0769626706413007,4.302148196282399,3.9554456882165803
103.991302157895,1.34478742343637,7.4507154250817,3.5309375997071015,3.099343304053299,0.8958103943047995,4.199463654866001,3.83525407560258
103.991302157895,1.34559759872748,7.139175960068098,3.4488337703295002,3.4100505681107016,0.37075927526040076,4.1579772985198,3.7053593744577
103.991302157895,1.3464077740186,6.7815983030757,2.9897312949000003,3.0089957871048973,0.06355368172620146,4.419887354902897,3.4527532843419393
103.991302157895,1.34721794930971,7.1382080541334005,3.4273521671281983,3.1566667388600003,0.16424176939979773,4.4658245317950005,3.6704586522632794
103.991302157895,1.34802812460083,7.2283838749468,3.3637266996903,3.0895115942612996,0.014544991642697624,4.425378226035399,3.6243090773152993
103.991302157895,1.34883829989195,7.0696745001437975,3.1713650860396996,2.8939244558218995,0.06072991603119959,4.708976141885099,3.580934019984339
103.991302157895,1.34964847518306,7.0313537502428005,2.9878909111599015,2.659224529097898,0.019694100604798592,4.918898412704401,3.52341234076196
103.991302157895,1.35045865047418,7.474759546233102,3.070102155872,2.625657601670998,0.022844066977398825,4.9482660831926,3.6283258907892195
103.991302157895,1.35126882576529,7.760170925459402,3.018947191303699,2.4180941875452007,0.02320196755809789,5.267660429446202,3.6976149402625205
103.991302157895,1.35207900105641,7.200455058226201,2.219255853939398,2.118472313472001,0.27502846626040167,5.477360338939199,3.4581144061674403
103.991302157895,1.35288917634753,7.473080264174399,2.5591916892345985,2.340231525738801,0.5651087711747991,5.3206726086917016,3.65165697180286
103.991302157895,1.35369935163864,7.134353027022101,2.550296015114199,2.7652912303737978,0.4457687217648001,5.561206090583902,3.69138301697176
103.991302157895,1.35450952692976,6.948766005704403,2.295956798431501,2.764594366084303,0.4365599210847968,5.5320395291211,3.595583324085221
103.991302157895,1.35531970222087,6.875779039283799,2.2314084156220986,2.570094114967599,0.7441192849419984,5.4071736562422,3.565714902211539
103.991302157895,1.35612987751199,6.9889131422619,1.9624970206884988,2.396810195127099,0.8558325265738986,5.9795941300702005,3.6367294029443196
103.991302157895,1.35694005280311,6.7688854861007,1.8266329629980973,2.274955974076203,1.0006514078022022,5.892473277392,3.5527198216738407
103.991302157895,1.35775022809422,7.0882483619136,2.456814051713902,2.7517880297805988,0.7984134963399008,5.5179031414783,3.72263341624526
103.991302157895,1.35856040338534,6.769001118430399,2.5121420826835994,3.0300855780707003,0.6348600101426989,4.554889499956801,3.50019565785684
103.991302157895,1.35937057867645,7.5546760685767005,3.173349835103597,3.6590078501111982,0.5274498152119982,4.218687674750999,3.8266342487508984
103.991302157895,1.36018075396757,7.189696357424598,2.3838116377109984,3.028099530974199,0.4059882004325992,4.241730885503998,3.4498653224092783
103.991302157895,1.36099092925869,7.290319784078303,2.215878981579202,2.4841182917526012,0.02632288565310148,4.541719692114203,3.311671927035482
103.991302157895,1.3618011045498,8.053495570560102,2.236397323764699,2.357971934574799,0.6048487144483978,5.120440503161099,3.6746308093018194
103.991302157895,1.36261127984092,8.0223140724659,2.650171414641097,2.636071269205697,0.9431447829647013,4.9451777867859015,3.8393758652126593
103.991302157895,1.36342145513203,7.894091429833598,2.9975673578723026,3.012831206719298,1.3663102750261977,4.647796867542699,3.983719427398819
103.991302157895,1.36423163042315,7.8149261633463,2.665815529025,2.9822950695756028,1.387326767367,4.4409025429728,3.8582532144573407
103.991302157895,1.36504180571427,7.651969731935498,2.377429722936,3.0252062153818002,1.5483852793519013,4.338423544220099,3.78828289876506
103.991302157895,1.36585198100538,7.5102470841849005,2.3687131316460004,3.2311067906573996,1.687446549129902,4.304608754484899,3.8204244620206205
103.991302157895,1.3666621562965,6.521577257980898,1.6359917952880991,3.764953213044297,1.5623269768370989,4.393178820134899,3.5756056126570583
103.991302157895,1.36747233158761,6.791631108860901,1.7069555231274975,2.682673091055399,1.2716142490454025,4.2489485941144025,3.3403645132407207
103.991302157895,1.36828250687873,7.5098822720723994,2.040108554250697,3.1205980907298994,1.5003835688172984,4.558772212758498,3.7459489397257584
103.991302157895,1.36909268216985,7.641192476042097,1.921753279410801,3.0783609733118027,1.3112135828833011,4.291141555440898,3.64873237341778
103.991302157895,1.36990285746096,6.1099993108148,1.5905125418090016,3.0632934656485027,1.5606289833513003,4.1782836082706005,3.300543581978841
103.991302157895,1.37071303275208,6.7701064989759026,1.7879579191234996,3.016659522284602,1.2284990210741995,3.8598418944406987,3.3326129711797803
103.991302157895,1.37152320804319,6.672084612916802,1.3575706066911977,2.810038546232999,0.8317340838401996,3.7303095351545004,3.0803474769671397
103.991302157895,1.37233338333431,7.1222930465639,1.6789362358632012,3.1074443242052006,0.8743765685903995,3.5322051174277007,3.2630510585300803
103.991302157895,1.37314355862543,7.273036924432802,2.2743409221289,3.4682264143021015,1.3483528966726972,3.7569000120019993,3.6241714339077
103.991302157895,1.37395373391654,7.166059574646599,2.5383001710147006,3.5464710896991,1.464844340689499,3.6238161927952994,3.6678982737690395
103.991302157895,1.37476390920766,6.741390249949298,2.4226676780800993,3.4793556046031,1.413693219021102,3.4380853007794983,3.4990384104866195
103.991302157895,1.37557408449877,6.183921949213303,1.9707672036040016,3.3774643548493977,1.2930142467124988,3.3316891091236975,3.23137137270058
103.991302157895,1.37638425978989,7.1829864127187975,2.708557478625501,3.5324747519170003,1.5096777372295982,3.3825232942587995,3.6632439349499393
103.991302157895,1.37719443508101,7.164987551186602,3.024560360257702,3.6559925223298,1.6119994569423,3.1036411751606003,3.7122362131754008
103.991302157895,1.37800461037212,7.001309655470898,2.8466638811791007,3.5822249937834982,1.5269259754334996,2.7535699988431013,3.5421389009420197
103.991302157895,1.37881478566324,6.759136708216502,2.5610739295483,3.4365412863045997,1.5228978183147,2.7286854742427984,3.40166704332538
103.991302157895,1.37962496095435,5.113287016585701,1.0174427994903006,2.8479202144187994,1.4469129115020003,2.8995074966199006,2.6650140877233404
103.991302157895,1.38043513624547,6.804579260914199,1.9539422262467028,3.0012630807879006,1.3518127086959986,3.311046545581803,3.2845287644453207
103.991302157895,1.38124531153659,7.412339951206601,2.5120519718828973,3.0543892221362974,1.4164670209295025,3.7050975439059,3.6200691420122397
103.991302157895,1.3820554868277,7.407480220890903,2.9690758545172002,3.2310709825891983,1.4696772569347019,3.7183225529987993,3.7591253735861607
103.991302157895,1.38286566211882,6.533813863672901,2.409664072850301,3.1469332022659984,1.506949436401598,3.1904051479763,3.3575531446334197
103.991302157895,1.38367583740993,6.476958522760601,2.3431372994099,3.408776920726499,1.5972904369474996,3.4498019171007,3.45519301938904
103.991302157895,1.38448601270105,5.601035958901399,1.6909004258964977,3.3659558144711994,1.6496042165360016,3.5502134773084997,3.1715419786227192
103.991302157895,1.38529618799217,6.3978753446199015,1.5834567876744998,3.4884504361527,1.654807100967897,3.0638719080267975,3.237692315488359
103.991302157895,1.38610636328328,6.9993685510901,1.6747606300839983,3.5845878029829983,1.8002692818390003,2.695531088799399,3.350903470959099
103.991302157895,1.3869165385744,7.2722844088904,1.9546593295062031,3.6057720094265022,1.7097188077090983,2.716681006863098,3.4518231124790604
103.991302157895,1.38772671386551,6.6966769342425,2.090727299027101,3.879665934828001,1.658358336018697,3.049664214762398,3.4750185437757395
103.991302157895,1.38853688915663,6.548516518901099,2.7639418096313015,4.154721484175898,1.5071718500641005,3.6416612801785,3.72320258859018
103.991302157895,1.38934706444775,6.155601085624401,2.719247689109501,4.1582836666242,1.4282582503179988,4.010524646226703,3.694383067580561
103.991302157895,1.39015723973886,5.651245213014299,2.1708141490795008,3.8071074387611006,1.2401667796506999,3.8379467621663004,3.34145606853438
103.991302157895,1.39096741502998,5.986148234179101,2.1092777196407013,3.832982560568702,1.3172236955261987,3.7685995121257,3.4028463444080805
103.991302157895,1.39177759032109,5.979479313647001,2.1016408742087975,4.2799496017584,1.2011427041905982,4.392865023722301,3.5910155035054196
103.992112333186,1.31400076237396,5.978399370674598,3.494628809093598,3.654228551716802,0.8621885065001997,3.776899879228303,3.5532690234427
103.992112333186,1.31481093766507,5.919997172902203,3.313281572575601,3.8488189954789007,0.619169869940901,4.329130889750001,3.6060797001295213
103.992112333186,1.31562111295619,6.316285784296703,3.4735737082875,3.9925018006086006,0.38657151179339877,4.917767759738499,3.8173401129449402
103.992112333186,1.31643128824731,5.8955571902037,2.842842802528999,3.4904631191619018,0.054875878621398755,4.9444837757160975,3.4456445532464195
103.992112333186,1.31724146353842,5.872830375041499,2.746883596916703,3.4539308984319987,0.2789345270927974,4.855278497314501,3.4415715789594996
103.992112333186,1.31805163882954,5.8533763222375015,2.821596568918899,3.473286375106298,0.25416640543619806,4.8281932371419,3.446123781768159
103.992112333186,1.31886181412065,5.7485580141589026,2.8416076753949007,3.6503877979449015,0.15990759641519858,4.840572552273198,3.4482067272374204
103.992112333186,1.31967198941177,5.809215432037,3.0118191320141,4.7481858244739,0.7805954980400998,5.635094154554597,3.9969820082239393
103.992112333186,1.32048216470289,5.636189555882897,2.908989919276298,4.827988789269103,0.9602753461845985,5.4113377059867,3.948956263319919
103.992112333186,1.321292339994,5.351132364395298,2.686344949500999,3.9628020290842016,0.8675602817992996,5.429873455686703,3.6595426160933
103.992112333186,1.32210251528512,5.506171834857202,2.6668712572869993,3.5534239731757005,0.612942634473999,4.992426272713299,3.46636719450144
103.992112333186,1.32291269057623,5.5446639430209,2.6549332714734,3.628442742734599,0.4755871419406006,5.265387764974001,3.5138029728287004
103.992112333186,1.32372286586735,5.810876662978998,2.7276105108111004,3.8688221095241992,0.5332467039795006,4.939275864990197,3.575966370456799
103.992112333186,1.32453304115847,5.943284149466997,2.771727014429203,3.8229992143011984,0.5985872129109993,4.583639175767701,3.5440473533752197
103.992112333186,1.32534321644958,5.764897192328199,2.5360984531445006,3.5581824458053006,0.3441266056721979,4.0880913732232,3.2582792140346797
103.992112333186,1.3261533917407,4.655255783368499,1.611738191471499,3.1748992490188996,0.5254252574531009,4.248859172960099,2.8432355308544195
103.992112333186,1.32696356703181,5.419793024747701,2.168474346633399,3.2854406772325007,0.3565075294934985,3.937375300103099,3.0335181756420395
103.992112333186,1.32777374232293,5.539404026297198,2.3395582398278982,3.4881071516926987,0.41760585223390123,3.897101178900801,3.1363552897904996
103.992112333186,1.32858391761405,6.1738199061198,3.0822138178874,4.209508052042597,0.8097844946831998,4.6452480108100005,3.7841148563085993
103.992112333186,1.32939409290516,6.3201047912343,3.3028882966995994,5.267405284288902,0.9654201886257994,5.054933022406701,4.18215031665106
103.992112333186,1.33020426819628,6.318127818266902,3.282426486941798,4.594001104193399,0.9628326793899014,5.263776342637797,4.084232886285959
103.992112333186,1.33101444348739,6.574843134194801,3.631776225661099,4.724811464304398,0.9606674274557996,4.903269165770798,4.159073483477379
103.992112333186,1.33182461877851,6.2396635872676,3.106583525735001,4.1319406224723,0.5773137991455997,4.591298432323203,3.7293599933887407
103.992112333186,1.33263479406963,5.9760057788159,2.7447376187373997,3.8413739862828997,0.5099308649625023,4.4166946297088,3.4977485757015003
103.992112333186,1.33344496936074,5.776127222438198,2.583464480058197,3.4625443286359,0.06359252270089755,4.0563431897417,3.1884143487149785
103.992112333186,1.33425514465186,5.563689151881299,2.5430106922548,3.249177129073498,0.3142613071606988,3.569744336895198,3.047976523453099
103.992112333186,1.33506531994297,5.6712268133622,2.5509085006492,3.3205341544822,0.6054606193288983,3.3577546358380985,3.1011769447321194
103.992112333186,1.33587549523409,5.6864424661198,2.6037662612059016,3.323284873688902,1.0517036366454988,4.673571432155999,3.46775373396322
103.992112333186,1.33668567052521,5.428938383011303,2.4551590884474024,3.147478586041501,1.2159950108276014,3.8058678629556972,3.210687786256701
103.992112333186,1.33749584581632,5.686173851172999,2.6284882306858997,3.0066998422671,1.6516814122666972,3.3865946837701024,3.2719276040325598
103.992112333186,1.33830602110744,5.895141172773197,2.6620619152716003,2.7633243366394,1.5503595816634004,3.5716391557464995,3.2885052324188195
103.992112333186,1.33911619639855,5.5272286658995,2.2642605228991,2.7668798270231,1.1779746450276996,3.5515915824502002,3.05758704865992
103.992112333186,1.33992637168967,5.6916996656308,2.1911511440682006,2.4994659996577013,0.8875780642975002,3.539966986675001,2.9619723720658406
103.992112333186,1.34073654698079,6.6529615253659,2.8251226129991025,2.742220541004702,0.6501680176981992,3.640999758076397,3.30229449102886
103.992112333186,1.3415467222719,6.920496618500501,3.2598631038639,3.2324948027302973,1.0230753635458996,3.6905583258572,3.6252976428995596
103.992112333186,1.34235689756302,6.712400340566401,3.0463280024134,2.9119473733489016,1.209907579013997,3.6395840418592975,3.5040334674403995
103.992112333186,1.34316707285413,6.552983111978801,2.794399751519201,2.7661950973500993,1.3816309117644003,3.6888252884401993,3.4368068322105403
103.992112333186,1.34397724814525,6.854683381566499,2.8446910424801004,2.4262200909955993,1.7113179479719989,4.247513180544999,3.6168851287118393
103.992112333186,1.34478742343637,7.436515631096,3.1018799593554007,2.3504662302352983,1.5569943418446996,4.3789331071834,3.76495785394296
103.992112333186,1.34559759872748,7.674527381031901,3.5677125907389,2.8841744835837986,1.0682277962445,4.408744640496799,3.9206773784191795
103.992112333186,1.3464077740186,7.5348221978057985,3.4247826095833993,2.575150116437001,0.7888027729459992,4.4748609165499005,3.7596837226644197
103.992112333186,1.34721794930971,7.340887702887301,3.427630219584099,2.8461499046405017,0.38602271383500053,4.4378410228733,3.6877063127640404
103.992112333186,1.34802812460083,7.070981583950402,3.1359820579886986,3.0162017258289993,0.09749911510330023,4.516928583938299,3.5675186133619397
103.992112333186,1.34883829989195,7.031809608404597,3.052562145437399,3.707600881316001,0.06813539062190088,4.784828996455602,3.7289874044471
103.992112333186,1.34964847518306,7.401600639494198,3.2354682941818,2.9427515710133,0.15382057322749887,4.9656407707072,3.7398563697247993
103.992112333186,1.35045865047418,7.2132586550441005,3.1321698299166982,2.8220902934569985,0.2059033461102011,4.869009483685801,3.6484863216427597
103.992112333186,1.35126882576529,7.482807768734801,3.1515731001941987,2.8832130643581984,0.28865278678430073,5.0367393848781,3.76859722098992
103.992112333186,1.35207900105641,7.3413522534943,2.8036777959123,2.8220479962383997,0.16341925788499978,5.255859088049601,3.67727127831592
103.992112333186,1.35288917634753,7.3139755661931005,2.7395264970629007,2.8543477182256005,0.0067516599620986995,5.199579051204399,3.62283609852962
103.992112333186,1.35369935163864,7.381276372292799,2.8483540013437008,2.8309991019739016,0.10999394280220187,5.441466817157902,3.7224180471141013
103.992112333186,1.35450952692976,6.320287568424199,2.101120208615498,2.9556677522605987,0.2430852821491989,5.4530516696997005,3.414642496229839
103.992112333186,1.35531970222087,6.967941300053198,2.3831749236783004,2.928074687093101,0.5510649031300012,5.521693165576799,3.67038979590628
103.992112333186,1.35612987751199,7.019212970430502,2.088712661131698,2.6802206684706,0.9529581177975999,5.1347170009699,3.57516428376006
103.992112333186,1.35694005280311,6.658688235926302,1.9472818969704022,2.716914386867799,0.8237918633640007,5.039311133220398,3.4371975032697804
103.992112333186,1.35775022809422,6.739121981652598,1.8505767799988995,2.3201699665799005,0.9328783772891995,4.494236058805299,3.2673966328651796
103.992112333186,1.35856040338534,7.413598269977399,2.2611930650077987,2.286722724812801,1.0538308473067026,4.505463669482502,3.5041617153174407
103.992112333186,1.35937057867645,7.321159253211501,2.6079623880521012,2.7599992660635024,0.7560180254283999,4.4405800083340985,3.5771437882179207
103.992112333186,1.36018075396757,7.2187690404356,2.432332048693297,2.7241262297318016,0.6097633604885004,4.385507113585,3.4740995585868397
103.992112333186,1.36099092925869,7.3516815073177,2.289926641496802,2.645024009503402,0.03268079102480215,4.586111993929098,3.3810849886543606
103.992112333186,1.3618011045498,7.0922600371051985,1.8641538621360993,2.4812974467592994,0.598302819068401,4.766851027283497,3.3605730384704993
103.992112333186,1.36261127984092,7.4561641813516,2.729923938411801,2.9903871919217018,1.1336620400718012,4.461619207741901,3.754351311899761
103.992112333186,1.36342145513203,7.658918231301101,3.1143778049279014,3.2861810575221995,1.3119770792363,4.3748307238391995,3.94925697936534
103.992112333186,1.36423163042315,7.6354776968029014,2.6455710288276,3.1020170053393983,1.2248691096516993,4.7173988309934,3.865066734323
103.992112333186,1.36504180571427,7.0876257013932005,2.1391550362265974,2.8818159861246997,1.389944055073201,4.3951167132027,3.5787314984040797
103.992112333186,1.36585198100538,7.153632322554699,2.9605982279753995,3.1567318107485,1.699680212375,4.105341563686,3.8151968274679198
103.992112333186,1.3666621562965,7.109883937618001,2.1757974351355003,3.0721746731092985,1.6865463134403988,4.015605836649801,3.6120016391906
103.992112333186,1.36747233158761,6.7858356786898,1.5333960356229,2.7868058065546997,1.3983021965863003,4.237814405137701,3.3484308245182803
103.992112333186,1.36828250687873,7.5101951493833,1.8613281183093022,2.7314917697210994,1.4815156444850999,4.286632784051001,3.5742326931899604
103.992112333186,1.36909268216985,7.561046597567799,2.0749287065854,3.036275779599798,1.4928407942202,4.196087962021,3.6722359679988394
103.992112333186,1.36990285746096,7.4765827454186,2.2722050953791992,2.9110994027778005,1.4478066294991017,4.061423390072299,3.6338234526294
103.992112333186,1.37071303275208,4.023869416440203,0.3633559787161005,2.096503130425301,1.4202633699659017,4.148028487919198,2.410404076693341
103.992112333186,1.37152320804319,5.9112179430577,1.0326872170659982,2.689964682264499,1.109521322169801,3.8256537431907987,2.913808981549759
103.992112333186,1.37233338333431,6.730985098764602,1.4219460214394992,2.793032296743899,1.0278378647500013,3.748071774938598,3.14437461132732
103.992112333186,1.37314355862543,6.725587047227098,1.541327204237401,2.8320584001012996,1.0848579343163003,3.8681131614194015,3.2103887494603
103.992112333186,1.37395373391654,7.323120658881198,1.825239516229498,3.7293073419821994,1.2469759406548988,3.9500800645217,3.6149447044538987
103.992112333186,1.37476390920766,7.6130086223412015,2.4811560831133974,3.4742314104956016,1.4392439985830983,3.9034735657995014,3.78222273606656
103.992112333186,1.37557408449877,6.537285084436199,1.7101088567434992,2.951652744642498,1.2383573548293008,3.6450962283622985,3.216500053802759
103.992112333186,1.37638425978989,6.9895619686547015,2.065393236608699,3.002113050252298,1.2732106703317,3.579532022923903,3.3819621897542604
103.992112333186,1.37719443508101,7.0545494606369985,2.3500922438228002,3.5578523576071994,1.4428220192691974,3.2271215899336987,3.5264875342539788
103.992112333186,1.37800461037212,7.036446277047602,2.6635166501700986,3.6591992678493988,1.4402079484735992,2.8104252238567007,3.52195907347948
103.992112333186,1.37881478566324,7.286179242255603,2.5128601525461995,3.3963180887089983,1.4209833235162002,2.702414106768,3.463750982759
103.992112333186,1.37962496095435,6.812985479573399,2.109834863369702,3.032662573906798,1.4300317906474973,2.5180293026499996,3.1807088020294794
103.992112333186,1.38043513624547,7.044470296904599,2.148434398372597,3.0415079528085016,1.350217528096998,2.973554250835999,3.311636885403739
103.992112333186,1.38124531153659,7.137191685825101,2.3608910359682973,3.1503729636682998,1.278059891268601,3.037059941904598,3.3927151037269794
103.992112333186,1.3820554868277,7.265712277174799,2.727350664870002,3.2675198220848003,1.5245697298591985,3.613539574630998,3.6797384137239595
103.992112333186,1.38286566211882,6.5215805867897,2.066037667113701,3.1236268787877997,1.4362637556312023,3.0343894035780004,3.2363796583800806
103.992112333186,1.38367583740993,6.670944412399699,2.4672756356569003,3.552561181431898,1.5802234835421984,3.2408151918403014,3.5023639809741995
103.992112333186,1.38448601270105,5.658741282313802,1.6219613540049025,3.6234918797653,1.6686231429683005,3.4617560623779013,3.206914744286041
103.992112333186,1.38529618799217,6.1517828937071,1.7858564976287,3.720566476359,1.5846781808320003,3.2083654669867983,3.29024990310272
103.992112333186,1.38610636328328,6.5706095071033985,2.0340759457261974,3.811081684244801,1.6896268044477978,3.030452328355601,3.427169253975559
103.992112333186,1.3869165385744,6.899642283208099,2.2686316358123015,3.8217345492892996,1.7400276169432018,3.135307460923901,3.5730687092353604
103.992112333186,1.38772671386551,6.551689560140801,2.522272773830803,4.0014097175067,1.6534184310038,3.5930786248779008,3.664373821472001
103.992112333186,1.38853688915663,6.3907090755147,3.160519574899201,4.0047278844619,1.46907217419,4.185777230346702,3.8421611878825006
103.992112333186,1.38934706444775,5.988721140635299,2.875189472990801,3.9846113348436027,1.369895891211602,4.220636926798502,3.687810953295961
103.992112333186,1.39015723973886,5.769850774815701,2.2226045380316997,3.789618836528298,1.2835187295702006,3.8038169943168967,3.3738819746525595
103.992112333186,1.39096741502998,5.9179208074037,2.3211578653337988,3.791097996458099,1.3349520216928994,3.9503434445664993,3.4630944270909993
103.992112333186,1.39177759032109,5.759451954204302,2.6785848557281007,3.4253658319393026,1.1982501406963024,3.6542996293764993,3.343190482388901
103.992922508477,1.31319058708284,5.903630284653797,3.5659381798488994,3.4464688699553,0.8993645655059979,3.635619478252302,3.490204275643259
103.992922508477,1.31400076237396,6.1698799180664,3.5666939245714993,3.7471307323464025,0.5813657512343013,3.8978190669264983,3.59257787862902
103.992922508477,1.31481093766507,6.0398543946153005,3.2225563250443017,3.9016379320293986,0.41614239339870096,4.9767791827121,3.7113940455599606
103.992922508477,1.31562111295619,6.425092701244399,3.351113510919401,3.9911769787021996,0.12370649035639758,4.743507009602897,3.7269193381650587
103.992922508477,1.31643128824731,6.111927824062903,2.8547539329450977,3.5945730412062034,0.26520807076009945,4.672296560533301,3.499751885901521
103.992922508477,1.31724146353842,5.597514748289299,2.1541801544126002,2.9384646490924027,0.8893819905396008,4.5800482594400975,3.2319179603548003
103.992922508477,1.31805163882954,5.851046458191902,2.5275741663737,3.3652741398925983,0.5803772972072991,4.560218525729699,3.3768981174790396
103.992922508477,1.31886181412065,5.8310999370219,2.884439904389602,3.6577486399871013,0.1992121407199008,4.5562251258680995,3.425745149597321
103.992922508477,1.31967198941177,5.540361166941999,2.6476248733562997,3.7904213801408986,0.854468530307301,5.153686831556502,3.5973125564606
103.992922508477,1.32048216470289,5.5236701289458985,2.765204406108701,4.0665293354662,1.1624958589681,5.7417969629313,3.8519393384840397
103.992922508477,1.321292339994,5.610121802771101,2.879831275027801,3.9116149365083004,1.1036695611233007,5.4727012176599,3.7955877586180806
103.992922508477,1.32210251528512,5.2634651667999,2.552765267795401,3.5251896019513005,0.7801526903007989,5.36044622863,3.49640379109548
103.992922508477,1.32291269057623,5.678614197950001,2.7888818326511,3.4905207812862002,0.4982311714883991,5.122225156124198,3.51569462789998
103.992922508477,1.32372286586735,5.8301348715509,2.713014296239802,3.6139026976861004,0.2499325093722966,4.649193969823301,3.41123566893448
103.992922508477,1.32453304115847,5.916272161204599,2.7579720352117008,3.8084094207489976,0.4042838086140996,4.782365822984499,3.5338606497527794
103.992922508477,1.32534321644958,5.745101038626501,2.621495301811901,3.6680663470624992,0.4896527766317007,4.469919637206999,3.39884702026792
103.992922508477,1.3261533917407,5.353751271349999,2.0688593533926998,3.1652677041603,0.2067344044528987,4.052870328843898,2.969496612439959
103.992922508477,1.32696356703181,5.503000227161301,2.198349665111902,3.2051244699345,0.15589726853430008,3.6577694116889,2.9440282084861806
103.992922508477,1.32777374232293,5.574807905737497,2.3958413437163983,3.6822208439354007,0.36185607722299906,3.839569478881799,3.170859129898819
103.992922508477,1.32858391761405,5.2898304252041015,2.4157306619889027,3.7500402869880993,0.7026167595892971,4.696528863498301,3.3709493994537403
103.992922508477,1.32939409290516,6.0861049128202005,3.060167891658697,4.2137554893811,0.7853068189629013,4.562491073996899,3.7415652373639596
103.992922508477,1.33020426819628,6.3153025057031975,3.259067842958199,4.580389958120701,1.0522902779127996,4.8435179035327,4.01011369764552
103.992922508477,1.33101444348739,6.837170351605099,3.772233960859399,4.755857425836499,1.2346994776747025,4.9222381525631995,4.30443987370778
103.992922508477,1.33182461877851,6.725670609746899,3.5528369935220994,4.769219019057502,1.2794074325998004,4.896062420681201,4.2446392951215
103.992922508477,1.33263479406963,6.424004138244598,3.336946292865001,4.384360165368999,1.1627342539602985,4.501652602004199,3.961939490488619
103.992922508477,1.33344496936074,6.289829507225303,3.2621201414518026,4.179540304621902,0.7985949868614988,3.8185304211845015,3.6697230722690017
103.992922508477,1.33425514465186,5.888223415060899,2.937964755688899,3.833041036837198,0.19155459682540155,3.7319404746641993,3.3165448558153194
103.992922508477,1.33506531994297,5.613648117326402,2.5111731000127016,3.5564272570800988,0.07674604850190292,3.787553327973999,3.109109570179021
103.992922508477,1.33587549523409,5.365373883340098,2.3509795339270987,3.2979368685393027,0.3096985905891998,3.7846689334839,3.02173156197592
103.992922508477,1.33668567052521,5.365256996736399,2.3403106220679994,3.4325470325927974,0.556811961646698,3.6383548891835993,3.0666563004454988
103.992922508477,1.33749584581632,5.461294756083799,2.418782957639202,3.4747163432887973,0.7529329727901981,5.110958409681501,3.4437370878966993
103.992922508477,1.33830602110744,5.476904475572098,2.2237679192680027,3.1791879379483987,0.9730353310503013,3.487924269745097,3.0681639867167796
103.992922508477,1.33911619639855,4.360298485808801,1.3769099179978994,2.6167055134930983,1.0642583815614977,3.7379765448471005,2.6312297687416795
103.992922508477,1.33992637168967,4.6848811347765995,1.5368167684626997,2.9337119014503976,0.932137310223002,3.5540154282193015,2.7283125086264
103.992922508477,1.34073654698079,6.051953789024299,2.6805714913576004,3.0465453459224996,1.1274457990426008,3.440532944908,3.269409874051
103.992922508477,1.3415467222719,6.4554748351908025,2.720566034038601,2.897199082959702,1.5480137406502976,3.674428141478298,3.4591363668635404
103.992922508477,1.34235689756302,6.6628766819879,2.8284053483513993,2.789368857908599,1.6322239775191,3.5344503060175008,3.4894650343568996
103.992922508477,1.34316707285413,6.564206762810802,2.360858895033502,2.463333152126701,1.958538702812998,3.3121526146582028,3.331818025488441
103.992922508477,1.34397724814525,5.3237875391826,1.057012708322997,1.6187695710493983,2.0801092685399993,4.1909524293623015,2.8541263032914594
103.992922508477,1.34478742343637,6.901984505293601,2.7722735857481986,2.4724401095422976,1.8179842592642004,4.298202632823202,3.6525770185343
103.992922508477,1.34559759872748,6.9785801939463,2.7880704310610973,2.297388931061903,1.6718337841167994,4.112743236537799,3.56972331534478
103.992922508477,1.3464077740186,7.3367141842735,2.9683208514138997,1.9509006607122998,1.366198945783001,4.492274089522301,3.622881746341
103.992922508477,1.34721794930971,7.638716111644101,3.2754146532054023,2.3644923420681003,0.888203452730302,4.4118059495541,3.7157265018404013
103.992922508477,1.34802812460083,7.397434680210701,3.1531101279589,3.0243330327172018,0.30992238935699845,4.6496349224367,3.7068870305361004
103.992922508477,1.34883829989195,7.179294678559099,2.907384966167701,2.8883467443531003,0.04204458351230045,4.5856217819323,3.5205385509049
103.992922508477,1.34964847518306,6.733361998895997,2.7745996057859976,2.8266408625081,0.0357716574566993,4.4490756698216,3.3638899588936786
103.992922508477,1.35045865047418,6.686090660113699,2.9884859566943973,3.3583471940194976,0.4524145710363996,4.3609890415139,3.5692654846755785
103.992922508477,1.35126882576529,7.039042834897703,3.161894436911602,3.5962031678241004,0.8671896235734025,4.7175214730674,3.8763703072548417
103.992922508477,1.35207900105641,7.403355880750297,3.1361509432138988,3.380978514178203,0.5529149741756001,5.1287136561571,3.92042279369502
103.992922508477,1.35288917634753,5.100777374374601,1.067583917771703,2.3432916421079,0.0034082852723997803,5.2573581971042,2.7544838833261607
103.992922508477,1.35369935163864,7.081953148264098,2.7363253462470993,2.7664705451434024,0.10540279980950018,5.265046184008398,3.5910396046944997
103.992922508477,1.35450952692976,7.513512327559003,2.905323244201899,3.2537506695466014,0.2110972994072,5.133597605035497,3.80345622915004
103.992922508477,1.35531970222087,7.1249893642422,2.6055764343976016,3.146208748688899,0.6925634293918002,5.014589861106902,3.7167855675654806
103.992922508477,1.35612987751199,7.175406064557102,2.2066092114390017,3.6180583409514,0.9990646168946,4.688293593628099,3.7374863654940405
103.992922508477,1.35694005280311,7.004378604136402,2.1488410633460013,3.040907780838598,0.7681481638667016,4.6741237883619,3.5272798801099206
103.992922508477,1.35775022809422,7.0831185237418985,2.3184274258853996,2.719185966010201,0.7761052956618002,4.368182338696801,3.4530039099992202
103.992922508477,1.35856040338534,7.276861696738397,2.4575991818022977,2.288774885366898,0.9513577623652978,4.6564140890784,3.526201523070258
103.992922508477,1.35937057867645,7.156985257447801,2.5439567561887024,2.445237399567798,0.8201580986763979,4.575142567678199,3.5082960159117795
103.992922508477,1.36018075396757,7.489382477356802,2.8057636172786005,2.7122055197844013,0.5396197599845998,4.473590673264198,3.6041124095337205
103.992922508477,1.36099092925869,7.792461573805401,2.779058271734101,2.5984426519187984,0.05531741798190026,4.516662505803801,3.5483884842488003
103.992922508477,1.3618011045498,5.271734433434101,0.9813738271969008,1.8491106822102985,0.2832107472964971,4.5716378678684,2.59141351160124
103.992922508477,1.36261127984092,7.1413262307473,2.3684455987568,2.2200590276647993,0.6395749737787995,4.685453734587103,3.4109719131069602
103.992922508477,1.36342145513203,7.816646921702901,3.0325710338115,2.9746902103814,1.1508900027466993,4.4821887027855,3.8913973742856003
103.992922508477,1.36423163042315,7.474400595218299,2.7790438960171997,3.253990873164401,1.165516383073399,4.643600558014899,3.8633104610976394
103.992922508477,1.36504180571427,6.916767675323701,1.8584344507224024,2.8165805136861017,1.2136732006831004,4.7045210377795,3.5019953756389612
103.992922508477,1.36585198100538,7.319977988494099,2.433586676511002,3.194810142371601,1.655166074389598,4.931233279439901,3.90695483224124
103.992922508477,1.3666621562965,7.279451750932402,2.162719392946599,3.0031366570818996,1.5907123460269013,4.4203714013012,3.6912783096578003
103.992922508477,1.36747233158761,7.4547465949701,1.5326442443914985,2.8384999822682033,1.4167209826009,4.297667559308298,3.5080558727078
103.992922508477,1.36828250687873,7.776973842134602,1.9739786679665023,3.075195062337201,1.5586525822236972,4.3314932792779,3.7432586867879807
103.992922508477,1.36909268216985,7.180413327566502,1.9075526116514006,2.881740063227898,1.298432773336799,4.002022572947997,3.4540322697461194
103.992922508477,1.36990285746096,7.5629501453103,2.3735682476626003,2.4873920114971995,1.3045136047937014,3.868884867244301,3.5194617753016204
103.992922508477,1.37071303275208,5.099884646626499,0.4110123230921019,1.9451054100975007,1.4868886834881998,4.2200740524748,2.6325930231558203
103.992922508477,1.37152320804319,6.620160807323501,1.6913490709150025,2.6120257510489004,1.2711531607644986,4.1486064103347005,3.2686590400773206
103.992922508477,1.37233338333431,8.0864276624133,2.726268986503701,3.323883448608399,1.4191849464167028,4.2624055546463,3.9636341197176805
103.992922508477,1.37314355862543,7.994649994771798,2.564495309840602,3.358756306794298,1.3294806817659008,4.1019922712644,3.8698749128873997
103.992922508477,1.37395373391654,7.198432112384001,1.7570806981263019,2.9674178343808,1.1808712661015015,4.062078237962002,3.4331760297909213
103.992922508477,1.37476390920766,7.684467629058197,2.346595339455103,3.1830037918944,1.2291846584612998,4.000276413889502,3.6887055665517003
103.992922508477,1.37557408449877,7.449216743500099,1.9980486570326015,2.9253012284930016,1.1057401319219018,3.7903812125109972,3.45373759469172
103.992922508477,1.37638425978989,7.175334334590801,1.4072964975917017,2.678871499828201,1.1297206763379002,2.861030548448298,3.0504507113593804
103.992922508477,1.37719443508101,7.834971829860702,2.2181880099868003,3.0931113839835014,1.437160668854002,5.407220857652501,3.9981305500675015
103.992922508477,1.37800461037212,7.429399974422999,2.2177933702743005,3.100037618023901,1.425234941590599,3.1915354654341,3.47280027394918
103.992922508477,1.37881478566324,7.3715343580729,2.1226165108549004,2.9733684234936,1.1810819070684992,2.533746470535501,3.23646953400508
103.992922508477,1.37962496095435,7.024956095374499,1.7339562288251997,2.6299373436505,1.1005500164855988,2.5188087827317,3.0016416934134993
103.992922508477,1.38043513624547,7.061949645798602,1.6147503482220031,2.248747812165398,0.8650008288928994,2.5867674491120987,2.8754432168382005
103.992922508477,1.38124531153659,7.398659527322799,2.3825711103273015,2.9275692086949974,1.1863790982640978,2.9549881731541987,3.370033423552679
103.992922508477,1.3820554868277,6.907603610821202,2.642053668071,3.504575145580098,1.5508589101363022,3.370910968833499,3.59520046068842
103.992922508477,1.38286566211882,6.5835057200206,2.6235818864638993,3.5452401813322005,1.5600574654410977,3.6059264926487025,3.5836623491813
103.992922508477,1.38367583740993,6.697178338896798,2.4749555288829974,3.669185203244801,1.562881142091399,3.545158608669702,3.5898717643571394
103.992922508477,1.38448601270105,6.307035304945,2.1337127509531015,3.8293547917932997,1.6423210675148994,3.447191298692502,3.4719230427797605
103.992922508477,1.38529618799217,5.716990425810899,1.6430983193624016,3.7144854487576,1.6815428577906992,3.2887716194660968,3.208977734237539
103.992922508477,1.38610636328328,6.6642889957064995,2.2973371386832007,4.1301035141421,1.6378814460192999,3.1395632869331003,3.57383487629684
103.992922508477,1.3869165385744,7.0387882105409005,2.4141296446737,4.006893992463301,1.7542261120140985,3.4815133395589015,3.73911025985018
103.992922508477,1.38772671386551,6.428412491861501,2.4184017927968995,3.839559659372,1.5983242712954997,3.791730445692302,3.6152857322036405
103.992922508477,1.38853688915663,6.296679733929299,2.680177512500901,3.9958663576015994,1.5067832939236006,4.067300960829002,3.7093615717568804
103.992922508477,1.38934706444775,6.121903488672,2.4293082116925007,3.786481724929402,1.3046266416906,3.7482157256266007,3.4781071585222207
103.992922508477,1.39015723973886,6.305448101853202,2.3183589146141017,4.011693741724201,1.3626028501583995,3.6239788322210984,3.5244164881142006
103.992922508477,1.39096741502998,5.800649811718902,2.3069967719975004,3.742852358338201,1.280190769915702,4.21072284257,3.468282510908061
103.992922508477,1.39177759032109,4.891897819230099,2.051985890014599,2.8944238864119,1.1827800229579992,3.7300271956505,2.9502229628530197
103.993732683768,1.31319058708284,5.755414404489301,3.3528402676464992,3.5087696189478024,0.8265506703316987,3.735968857798202,3.4359087638427006
103.993732683768,1.31400076237396,6.017056708736998,3.3462381985258,3.862584813498401,0.44488542972140266,4.2966709518799,3.5934872204725004
103.993732683768,1.31481093766507,6.282718877374602,3.3623360415471986,4.2233792780091015,0.12319641741270004,4.8745678153483,3.7732396859383805
103.993732683768,1.31562111295619,6.5156408981472005,3.2199008524370996,3.9588435981066006,0.1944403410508997,4.791317927300302,3.7360287234084204
103.993732683768,1.31643128824731,6.1427277580054,2.8516819556176998,3.6472245908598993,0.2847926562974976,5.0047030112169,3.5862259943994794
103.993732683768,1.31724146353842,6.174677443053099,2.8345547699065,3.6051400582999023,0.4961529826931006,5.013513623074001,3.6248077754053205
103.993732683768,1.31805163882954,5.7985529384909995,2.627537694886499,3.468058945213002,0.42010782589380113,4.969366546671601,3.4567247902311804
103.993732683768,1.31886181412065,5.6511552285553,2.733546582704701,3.6826082143102994,0.1797485395643008,4.8357723471137,3.4165661824496603
103.993732683768,1.31967198941177,5.572012296450097,2.7872903377126974,4.767911545024301,0.7183605511338982,4.538885023681601,3.676891950800519
103.993732683768,1.32048216470289,5.409072124273099,2.706483798471801,4.143782008042699,1.0059008846436015,4.7368903212619,3.60042582733862
103.993732683768,1.321292339994,5.3725966929339,2.6420349477231007,3.849732225551598,0.9843665191040003,5.605388132175001,3.69082370349752
103.993732683768,1.32210251528512,5.555402982062301,2.7508044768565973,3.4978746897152995,0.6827630770195974,5.0210870001616,3.501586445163079
103.993732683768,1.32291269057623,5.744178969905999,2.8067200782117006,3.234904824304703,0.41631677369519693,5.185216382261299,3.4774674056757795
103.993732683768,1.32372286586735,5.816244633215501,2.716922255337,3.5071560710449,0.09450924295379792,5.0066676041756,3.4282999613453597
103.993732683768,1.32453304115847,5.8035369471128,2.7055394909354007,3.8599957532054994,0.3016728107503006,4.560419910891998,3.4462329825791995
103.993732683768,1.32534321644958,5.776539884942803,2.6169022199763994,3.5231469045727017,0.5982557816297991,4.834291059678801,3.4698271701601007
103.993732683768,1.3261533917407,5.5044744181018,2.1735723751239995,2.9068012624286013,0.3626571130168017,4.316143884114599,3.0527298105571603
103.993732683768,1.32696356703181,5.4405305158400985,2.3079461674883,3.407247459694201,0.4583174749213015,4.1588103377007,3.15457039112892
103.993732683768,1.32777374232293,5.672294145033302,2.497296247679202,3.816982074322002,0.7467756093342999,4.5330720177543995,3.453284018824641
103.993732683768,1.32858391761405,5.7671707647036,2.640611526354302,3.8796660515595,0.8186070020752005,4.875288001166499,3.5962686691718204
103.993732683768,1.32939409290516,5.814225771256602,2.8905174973387027,4.1454273248800995,0.7831387840780017,4.608793133052501,3.6484205021211813
103.993732683768,1.33020426819628,6.359627840196502,3.370441276632299,4.394986847143201,0.9987124195003005,4.735973593100297,3.97194839531452
103.993732683768,1.33101444348739,6.854124119639,3.8183797705851,4.749780850946401,1.3389096440382993,4.9693395155963,4.34610678016102
103.993732683768,1.33182461877851,7.071904769473498,4.035718197862902,4.958444148683501,1.5617064102894993,5.050324080516198,4.53561952136512
103.993732683768,1.33263479406963,6.800965962294498,3.721212966152102,4.788974746798598,1.3447103983489974,4.786951281382802,4.2885630709954
103.993732683768,1.33344496936074,6.820697337744001,3.8401816287030996,4.814243726960999,1.2852348849593014,4.183567821343598,4.1887850799422
103.993732683768,1.33425514465186,6.626928050636302,3.5543536980834993,4.523844837763399,0.681283344021999,3.7934690238916,3.8359757908793597
103.993732683768,1.33506531994297,6.141422614177401,3.144323366778302,4.277365428584602,0.37910690822140225,3.804680719052598,3.549379807362861
103.993732683768,1.33587549523409,5.6229203080036,2.605600124711799,3.8047833993813,0.06567719752790069,3.6126972559436012,3.14233565711364
103.993732683768,1.33668567052521,5.360395426819203,2.451608786725899,3.5543635611211,0.29431668191470095,3.6071868225843,3.0535742558330403
103.993732683768,1.33749584581632,5.4608882809584,2.3623242621751004,3.3629687361428005,0.4856958426220004,3.5944239502147006,3.0532602144226004
103.993732683768,1.33830602110744,5.422764196984403,2.190204787207101,3.2007886581027982,0.7424649446003002,3.532032631175401,3.0176510436140007
103.993732683768,1.33911619639855,4.909856518358801,1.7360127930070988,2.7064552794542998,0.9614992473808002,3.4798992008935983,2.7587446078189197
103.993732683768,1.33992637168967,4.984400606230199,1.655890886967999,3.0469317409668015,1.0270906778046012,3.475402856231799,2.83794335364028
103.993732683768,1.34073654698079,5.2982168404126,1.9738526286726028,3.0195975402972977,1.1381618292503006,3.4331737383061984,2.9726005153878
103.993732683768,1.3415467222719,5.382906620651198,2.2016110180458988,2.975285893023198,1.282264576608,3.3271482340249996,3.033843268470659
103.993732683768,1.34235689756302,5.6926063683127985,2.4508072320872003,2.879296913710597,1.386129728226301,3.5265155224326,3.1870711529538993
103.993732683768,1.34316707285413,5.9334985286796,2.2065755437789,2.4118310511338983,1.8451645368001977,3.5574986351243005,3.190913659103379
103.993732683768,1.34397724814525,5.920490574084397,1.6570471985683035,1.5485072778410967,2.190282600297799,4.013329428985202,3.0659314159553595
103.993732683768,1.34478742343637,6.8047400081917,2.6065688828321996,1.9427678721787984,2.0431904508680994,4.080534015503698,3.4955602459148993
103.993732683768,1.34559759872748,6.953702371802603,2.7240182307455,1.9855443819850969,1.8623193987713016,4.0476119026109,3.51463925718308
103.993732683768,1.3464077740186,7.0377012506517005,2.6599634012479,1.6581940039334029,1.874322193419097,4.3938005705132,3.52479628395306
103.993732683768,1.34721794930971,7.009031285745703,2.7439799606822,3.7914764743606995,1.4292587879509995,4.4181181793858,3.8783729376250804
103.993732683768,1.34802812460083,6.634371186879498,2.5753467630623987,2.6830385194454998,0.6297398417365017,4.552155950955299,3.4149304524158395
103.993732683768,1.34883829989195,6.972800750027403,2.8052396000916,2.7340676443684977,0.38452444326820157,4.4132416720963015,3.4619748219704007
103.993732683768,1.34964847518306,7.221292879333397,2.924866130681899,2.8080084435312003,0.2955754891857012,4.502785121171399,3.5505056127807193
103.993732683768,1.35045865047418,6.963194614389103,2.8942794356398025,3.1836484133526994,0.23496179086080105,4.781175925908599,3.611452036030201
103.993732683768,1.35126882576529,6.962334163357699,2.983436130509098,3.501840249294702,0.6144871124762012,4.943520237952097,3.8011235787179594
103.993732683768,1.35207900105641,7.324422942243498,3.1108702060558997,3.5409649508961003,0.4722516788438007,5.0621578003439005,3.9021335156766397
103.993732683768,1.35288917634753,4.1830966201743,0.5353353285069993,2.2940864980106994,0.04296075401110144,5.250005894879898,2.4610970191165995
103.993732683768,1.35369935163864,6.809425169923401,2.5345520869766,2.372817306039302,0.34864859607500165,5.1059057955014,3.4342697909031408
103.993732683768,1.35450952692976,7.724163922011201,3.2200799420030997,3.1287072710548998,0.10966400768679918,5.038636781391201,3.84425038482944
103.993732683768,1.35531970222087,7.3602176195731985,2.7913510440798,3.0052955051223975,0.3832698826234022,4.868438296241699,3.6817144695280994
103.993732683768,1.35612987751199,7.165224469749301,2.4953054823903997,3.1441005588024,0.7687368391703018,4.489481026462599,3.612569675315
103.993732683768,1.35694005280311,7.24460418564,2.4717986969851005,3.2837634439359,0.5586722560479025,4.6756716021969,3.6469020369611607
103.993732683768,1.35775022809422,7.086772010889099,2.5460284320854996,3.0855422188766006,0.615840516595199,4.286369877639299,3.5241106112171394
103.993732683768,1.35856040338534,7.2607857166765015,2.6945971133072995,2.615758800148299,0.6826254231595001,4.699716989350499,3.5906968085284197
103.993732683768,1.35937057867645,7.1658165582799,2.994910565212898,2.5487531824318026,0.5842495038030009,4.458262559981698,3.55039847394186
103.993732683768,1.36018075396757,7.492346175274498,3.4321257175739,2.8852973755560996,0.3082874943122995,4.356899685913703,3.6949912897261
103.993732683768,1.36099092925869,8.0239534157237,3.2714123719833026,2.803523581891099,0.046023452183501234,4.448243723210801,3.718631308998481
103.993732683768,1.3618011045498,5.608690060232,1.4131395782929026,2.1101268903853985,0.37312886576579984,4.546632404541498,2.8103435598435196
103.993732683768,1.36261127984092,6.884350416560199,2.436285629582102,2.2991100412054983,0.7646410010239997,4.375106612042998,3.3518987400829596
103.993732683768,1.36342145513203,7.593773750318398,2.8981402655454005,2.660481672394898,1.2995299769385014,4.481094661967401,3.7866040654329196
103.993732683768,1.36423163042315,7.578872513993602,2.8119059388032,2.9158556146376,1.3256082459646983,4.5221538428471995,3.83087923124926
103.993732683768,1.36504180571427,7.3446163394441015,2.5137238088253007,2.950298888126799,1.2276319123526989,4.466346650857503,3.7005235199212807
103.993732683768,1.36585198100538,7.339220775737502,2.278407191225302,2.941833788712298,1.4174919657884004,4.422348384453901,3.6798604211834807
103.993732683768,1.3666621562965,7.6233277971474,2.494002495973902,3.0857224057028994,1.517380762722297,4.590619752508999,3.8622106428110996
103.993732683768,1.36747233158761,7.805265191277002,1.9960661167874,2.949963016371001,1.5137729973103013,4.594285548505901,3.771870574050321
103.993732683768,1.36828250687873,7.574379078565499,1.9632335090851996,3.013396082637101,1.495283336893202,4.229260785838299,3.65511055860386
103.993732683768,1.36909268216985,7.3209630077877,1.916127226587399,2.7908320894865994,1.165694001440798,3.9938254365596997,3.4374883523724393
103.993732683768,1.36990285746096,7.550791267523298,2.4765092720427013,2.7153282196135002,1.2831804378498006,3.9620860729976,3.5975790540053803
103.993732683768,1.37071303275208,6.5371431256996,1.9801272601632007,2.7832148246844,1.622596492529798,4.2286640460763,3.43034914983066
103.993732683768,1.37152320804319,5.164023467635101,0.6702344701121028,2.525036088406001,1.396893996078699,4.201470333180801,2.7915316710825406
103.993732683768,1.37233338333431,7.839897601299999,2.745329459743701,3.2063292868743005,1.4272819667100016,4.208008672642002,3.8853693974540007
103.993732683768,1.37314355862543,7.9055389494726,2.7976840852502995,3.4226138539135,1.3931808882888,4.242563304975402,3.95231621638012
103.993732683768,1.37395373391654,7.8930704705311,2.546679568736103,3.5462200115031024,1.522194159883302,4.412468963872403,3.984126634905202
103.993732683768,1.37476390920766,7.915413645573299,2.5121433242000997,3.323064112072199,1.3986345612118996,4.245736439797302,3.8789984165709597
103.993732683768,1.37557408449877,7.470585015619999,2.3220412527725998,3.4697954958315016,1.4213196944239002,4.089651209241897,3.7546785335779793
103.993732683768,1.37638425978989,7.561424975755699,1.975593766390901,3.298070696922,1.2731001188171014,3.518935140299501,3.5254249396370403
103.993732683768,1.37719443508101,7.7656157904175025,2.0570177645294976,3.0680721406837996,1.2794350685125977,3.027343461168101,3.4394968450623
103.993732683768,1.37800461037212,7.599144952815202,1.9700838069779003,2.8821592544714,1.141739597045202,2.846457304714601,3.287916983204861
103.993732683768,1.37881478566324,7.3875412712135,1.5642566441838,2.3855297566233986,0.9310043301146003,2.701042315533499,2.9938748635337595
103.993732683768,1.37962496095435,6.970759082369902,1.2123021666146023,1.943691869529399,0.8389377446590984,2.4383231467131985,2.68080280197724
103.993732683768,1.38043513624547,6.886915286838601,1.0166619309899012,1.7486379176749018,0.7147567898950982,2.418175774402002,2.5570295399601006
103.993732683768,1.38124531153659,6.827632614424598,1.4448284615340015,2.2620843977276976,0.9543519286517999,4.5774818045383014,3.2132758413752796
103.993732683768,1.3820554868277,6.5426275466865,2.055225079193999,3.2432984603814,1.2751806970220976,2.9992762936740007,3.2231216153915994
103.993732683768,1.38286566211882,6.530174475978299,2.554139650898801,3.5592239854187007,1.4667169969695983,3.6821439240722995,3.5584798066675396
103.993732683768,1.38367583740993,6.722934847691498,2.6199837961285013,3.8482557654826977,1.5224211760817,3.6189979049208,3.666518698061039
103.993732683768,1.38448601270105,6.614491161676398,2.5465079850337027,4.0029601797462995,1.5829038918516005,3.372868534871401,3.6239463506358804
103.993732683768,1.38529618799217,5.9899267912105,2.2272008161583017,3.8627454304967976,1.6268522117229978,3.415137666313999,3.4243725831805194
103.993732683768,1.38610636328328,6.740636622635602,2.7813575658930993,4.224136023957399,1.6767480284057008,3.6740151912976984,3.8193786864379
103.993732683768,1.3869165385744,6.9770435388251,2.5717711701252988,4.098754226716203,1.5924625424684997,3.812161648423899,3.8104386253118
103.993732683768,1.38772671386551,6.8982707755804,2.5596932870573994,3.973642975115702,1.4450681981528,3.6615618099364973,3.7076474091685596
103.993732683768,1.38853688915663,6.425412178965299,2.162179584366399,3.9103480231480994,1.4463143889249004,3.629732275675501,3.51479729021604
103.993732683768,1.38934706444775,6.360028387614598,2.004559268493697,3.8227243670970985,1.3669814723544995,3.3479905696072016,3.380456813033419
103.993732683768,1.39015723973886,6.7365929593876,2.4659307858547983,4.165684697740101,1.2754040686343977,3.4854771004639,3.6258179224161595
103.993732683768,1.39096741502998,5.6054634573802,2.314939186480501,3.3044176718044014,1.2760768798016002,4.613848942355702,3.422949227564481
103.993732683768,1.39177759032109,5.298324506637201,2.684766409539101,2.895164525979798,1.2393164459572006,3.565558473169798,3.1366260722566195
103.994542859059,1.31238041179173,5.702011638817002,3.212056266097999,3.306562739694499,0.5813869278563999,3.684363232846099,3.2972761610624
103.994542859059,1.31319058708284,5.681830732646297,3.1710914370967984,3.5319361418355015,0.5505706032307991,3.9314392329347,3.3733736295488193
103.994542859059,1.31400076237396,6.117289723846898,3.2919511927656977,3.886275705387302,0.2555226699896984,5.0393570282796,3.718079264053839
103.994542859059,1.31481093766507,6.605201601740298,3.600231332339,4.454229585385001,0.11252287807210237,4.782055428249802,3.9108481651572404
103.994542859059,1.31562111295619,6.839652354943599,3.7242875620902005,4.253028259648502,0.39811390241839817,5.087333229712602,4.06048306176266
103.994542859059,1.31643128824731,6.4644149713255,3.448444252718602,4.139967103397598,0.5931086723633001,4.935414176434801,3.9162698352479604
103.994542859059,1.31724146353842,6.423239437958198,3.4037012838265994,3.985462459709403,0.5406529007094001,4.857884190040398,3.8421880544488
103.994542859059,1.31805163882954,5.849430741065298,2.8615369878097,3.779287305089902,0.29722329270430237,5.051026444099502,3.5677009541537408
103.994542859059,1.31886181412065,5.713862865966199,2.7775836837172,3.6810517917254018,0.26814426472979846,5.517998614922398,3.5917282442121996
103.994542859059,1.31967198941177,5.1540127970142,2.3847060812873018,3.6915530401701986,0.36058570465090156,4.9528817689345,3.3087478784114204
103.994542859059,1.32048216470289,5.2992835175294,2.564852090614899,3.8022624538638006,0.5285642879502994,4.543514338528098,3.3476953376972993
103.994542859059,1.321292339994,5.328988009724302,2.5354116476705997,3.412359422030498,0.41172746545410277,4.774453129055402,3.292587934786981
103.994542859059,1.32210251528512,5.3007552546208,2.550122875348901,3.420632877120397,0.5850578465440996,5.2439245038384,3.4200986714945194
103.994542859059,1.32291269057623,5.857925231958099,2.7120689110805003,3.4958146656720004,0.5230520721435994,5.615947472859698,3.6409616707427794
103.994542859059,1.32372286586735,5.816812920087699,2.6862763505941984,3.4956933378593007,0.32008064223900234,5.683915510715099,3.60055575229906
103.994542859059,1.32453304115847,5.782315295854701,2.6929205505023006,3.7759147095676013,0.5484371859740982,5.061160747667099,3.57214969791316
103.994542859059,1.32534321644958,6.014539334462,2.7354468816409003,3.5811306561641025,0.6868378883192001,4.5889963970676,3.5213902315307606
103.994542859059,1.3261533917407,5.8454290093133,2.6031421796222993,3.307755301174602,0.5485152273831027,4.5056866698405,3.3621056774667606
103.994542859059,1.32696356703181,5.896608291831299,2.6179113997038996,3.5755425524824034,0.8234998314277,4.207500508337102,3.424212516756481
103.994542859059,1.32777374232293,5.913529151245097,2.6657229642147975,3.9508757177902005,1.240344298143203,4.294236372194501,3.6129417007175597
103.994542859059,1.32858391761405,5.919492554340302,2.7574957872351007,3.9231390549337988,1.1818144677937994,4.492609798215501,3.6549103325037002
103.994542859059,1.32939409290516,6.1131454651649015,3.1702076405865007,4.292429143213898,1.0362715716417021,4.645102180569001,3.8514312002352007
103.994542859059,1.33020426819628,6.733474892534602,3.6504090042624995,4.524780512846803,2.2237367384575997,4.7666377797267,4.3798077855656405
103.994542859059,1.33101444348739,6.8812635113642,4.007752965456099,4.8158877383696,1.5064912389304013,5.1517673000488,4.47263255083382
103.994542859059,1.33182461877851,6.838245451677597,4.073809755208298,5.009887102198999,1.5975801967327996,5.1357702488679,4.531058550937119
103.994542859059,1.33263479406963,6.8941278866474,4.0159880080855,4.8558951953564,1.4830766381856009,5.018900624854503,4.45359767062588
103.994542859059,1.33344496936074,6.506948003521401,3.5506964812426993,4.461137537530799,1.1712079283435983,4.488034294613602,4.03560484905042
103.994542859059,1.33425514465186,6.5940830425622,3.6784788426664967,4.484731178110401,1.001762368252603,4.147957731136099,3.98140263254556
103.994542859059,1.33506531994297,6.142751282195199,3.2789088643515,4.411969426344399,0.9445904880105012,3.6773898226874984,3.6911219767178194
103.994542859059,1.33587549523409,4.5532187125756,1.9875612182286027,3.7500669876916,0.7592164469781011,3.6410009853614014,2.938212870167061
103.994542859059,1.33668567052521,6.023787639917,3.0031615974272015,4.234609246196701,0.06003413135410085,3.4511102021855002,3.3545405634161005
103.994542859059,1.33749584581632,5.5407363868472,2.6141023194828996,3.953488810898598,0.20403483436950154,3.4956625208141006,3.16160497448246
103.994542859059,1.33830602110744,5.435360292903901,2.2863250796856995,3.6476795490283003,0.5527453620600014,3.599471949220998,3.10431644657978
103.994542859059,1.33911619639855,5.308435715049402,2.0407971800995988,2.958160800895101,0.9668887800524999,3.6647115741919016,2.9877988100577006
103.994542859059,1.33992637168967,5.3330300282427,1.952161785537001,2.652026489452197,1.2168875172051976,3.601103034986302,2.9510417710846797
103.994542859059,1.34073654698079,5.096433626132498,1.8739811878807018,2.686484114708197,1.1279601001415003,3.4988077469893994,2.8567333551704595
103.994542859059,1.3415467222719,4.985050921961303,1.7829530158102997,2.8648782889568984,1.1454157146578012,3.4393840369934985,2.8435363956759603
103.994542859059,1.34235689756302,5.170024349814799,2.036129919018098,2.9689535946107988,1.121789067136401,3.498245666799498,2.959028519475919
103.994542859059,1.34316707285413,4.783491366402899,1.6882999739269984,2.879258361323597,1.1025248563877987,3.5206769795862023,2.794850307525499
103.994542859059,1.34397724814525,5.6219104536258016,2.0906666288605003,2.2076019677147016,1.5765418444976973,3.7469953425162004,3.0487432474429803
103.994542859059,1.34478742343637,6.273724122264699,2.749055117041202,1.5627047458632006,2.0979197844335005,3.9532601829486005,3.3273327905102406
103.994542859059,1.34559759872748,6.681291917238401,2.6351411437943,1.8857770086805985,1.6779073729242988,4.169274480536199,3.4098783846347596
103.994542859059,1.3464077740186,7.131490424986399,2.9564075038491,2.1426192836055016,1.5040949857608013,4.455889278552501,3.6381002953508608
103.994542859059,1.34721794930971,6.7364372836727,2.3513723997807006,2.1512686832586,1.586703080693102,4.407469266461,3.4466501427732203
103.994542859059,1.34802812460083,5.466228197046199,1.5567381265753006,2.077551935103397,1.1863116285672,4.419485059300602,2.9412629893185396
103.994542859059,1.34883829989195,6.312438952926399,2.517069700392099,2.791730535816299,0.429174118350403,4.412981165066203,3.2926788945102805
103.994542859059,1.34964847518306,6.700247447391799,2.4746963254481003,2.6902161621817022,0.29304625079170066,4.6928629774292006,3.3702138326485005
103.994542859059,1.35045865047418,6.9838327157991,2.5283395185992,2.396541058724903,0.19077245929640085,4.852617273164199,3.3904206051167605
103.994542859059,1.35126882576529,7.3781179717189005,2.9503538680903,2.9009092244376014,0.08657375539180023,5.244583631697598,3.71210769026724
103.994542859059,1.35207900105641,7.7246296546802995,3.1714296890556,3.1241837261872014,0.026800120268600125,4.948240968185402,3.7990568316754207
103.994542859059,1.35288917634753,6.4426024872288,2.626239523117601,3.0666434398013003,0.02997339874290006,5.068853982634799,3.44686256630508
103.994542859059,1.35369935163864,6.4880315411476985,2.7898171302267016,2.953046220662401,0.13226939765539925,4.959616045129803,3.4645560669644007
103.994542859059,1.35450952692976,6.8171013117282975,3.146253480605001,3.3940076441922002,0.25405074490589996,4.7313072046542,3.6685440772171196
103.994542859059,1.35531970222087,6.944971797663101,3.1849662176135993,3.553434812052398,0.12899360386899872,4.686093352234497,3.699691956686519
103.994542859059,1.35612987751199,7.1815845824516025,3.2027243305828,3.714791237221,0.007654030028199088,4.363638449771301,3.6940785260109807
103.994542859059,1.35694005280311,6.6158449111716,2.729830963429901,3.3507805533733013,0.2085629263137001,4.3308974032152,3.4471833515007404
103.994542859059,1.35775022809422,6.957126754085902,2.7847931509812014,3.202885915640401,0.3027629342863989,4.388398805059502,3.527193512010681
103.994542859059,1.35856040338534,7.373267845809899,3.0675052867526986,2.9725209124665,0.391620530682502,4.728863532087299,3.70675562155978
103.994542859059,1.35937057867645,7.6728006855834,3.4551087893822015,3.002521127464,0.3675713648630996,4.4201534496788994,3.78363108339432
103.994542859059,1.36018075396757,7.588854480321601,3.6619884907652995,3.0868440767414995,0.09428236512930255,4.2531420456354,3.7370222917186204
103.994542859059,1.36099092925869,7.7907280071529,3.425110371695002,3.044863169876699,0.12972212363660063,4.3279467909672995,3.7436740926657004
103.994542859059,1.3618011045498,6.4885083654612,2.168424160943097,2.4803693307744012,0.42657034686799733,4.397493351499499,3.192273111109239
103.994542859059,1.36261127984092,5.291469579389197,0.9973392050263001,1.9522085089880008,0.812874605382202,4.441787746240898,2.69913592900532
103.994542859059,1.36342145513203,7.746780000021502,3.0688842450291,2.742808807147,1.351882372598201,4.43943684612,3.8699584541831604
103.994542859059,1.36423163042315,7.326709442963601,3.0411485572374026,2.9377449472566006,1.3393851714101004,4.515433006153501,3.832084225004241
103.994542859059,1.36504180571427,7.395053985504301,2.792141153882099,3.0090693701945987,1.4124162161559006,4.504547535014101,3.8226456521502
103.994542859059,1.36585198100538,6.793291347211802,2.0913575181297013,2.6271378813904995,1.4052102377988014,4.377660165677,3.458931430041561
103.994542859059,1.3666621562965,7.529418807240599,2.478609893697101,3.001187280965201,1.4519506017302,4.4035517939847,3.7729436755235604
103.994542859059,1.36747233158761,7.965043702330998,2.2925446543082018,3.120965657592798,1.4895164346000023,4.888567442586002,3.9513275782836006
103.994542859059,1.36828250687873,7.576971744496898,2.1134501801893,2.7865345541585,1.4144857540734002,4.6004284529343025,3.69837413717048
103.994542859059,1.36909268216985,7.213644732796901,1.9137661086019015,2.5956776423022987,1.1717105803704015,4.079591748105301,3.3948781624353606
103.994542859059,1.36990285746096,7.772156684817698,2.9626718451469998,3.0714638958062004,1.433699967538697,4.064262555140999,3.860850989690119
103.994542859059,1.37071303275208,7.141081800596197,3.1643133839947986,2.9597387795906975,1.4713427807727015,4.1514246172393,3.777580272438739
103.994542859059,1.37152320804319,5.759939584448301,1.1924344187388982,2.7006387827103,1.4965976578519005,4.4707336391098025,3.12406881657184
103.994542859059,1.37233338333431,8.0007933776225,2.7842235729352005,3.0551196177435997,1.3469389005611028,4.420384476059503,3.921491988984381
103.994542859059,1.37314355862543,7.613913409959199,2.3401523882434994,2.9788274581480003,1.3300088814830993,4.3999801184464005,3.7325764512560395
103.994542859059,1.37395373391654,7.449952254262801,2.3715728812391994,3.242901022086702,1.3891780113747991,4.1883619224722,3.7283932182871404
103.994542859059,1.37476390920766,7.200272120663399,1.8715681680358998,3.0549882294594006,1.3591431812760995,4.1943127606561,3.5360568920181796
103.994542859059,1.37557408449877,7.512411800894402,2.5069287089607,3.9182993262216,1.6317564839150975,4.452753116485301,4.00442988729542
103.994542859059,1.37638425978989,8.059452927845403,2.5341760213469016,3.8285547694226985,1.5464715677355017,4.7808480305311,4.149900663376321
103.994542859059,1.37719443508101,7.775886803150797,2.7149499374931985,3.5657478475568,1.4715274112530992,3.6157710167914985,3.8287766032490786
103.994542859059,1.37800461037212,7.516570900318801,2.496135447069001,3.3378735406131987,1.1643464905328003,3.1164031447483005,3.5262659046564204
103.994542859059,1.37881478566324,7.279497157209498,1.968703627205901,2.7028424849944024,0.8805911962902009,2.3657974653592007,3.0394863862118404
103.994542859059,1.37962496095435,7.125928108431399,1.4736722530076989,2.3422976853977,0.8553263410402998,1.5932960934787026,2.67810409627116
103.994542859059,1.38043513624547,5.630171790934298,0.19739015927020276,1.5638686643519009,0.8356030626000006,1.4320654888644988,1.9318198332041803
103.994542859059,1.38124531153659,6.9084311695080025,1.2357331779948986,2.2185566978217004,0.9644546851552,1.5162165727402979,2.56867846064402
103.994542859059,1.3820554868277,6.419137122423699,1.0352206820766021,2.3579127723523996,1.0619535599164998,1.9941954253878968,2.5736839124314193
103.994542859059,1.38286566211882,6.564052417090302,1.720698351488597,3.0461018214584996,1.2573316362006004,2.598143804782403,3.0372656062040804
103.994542859059,1.38367583740993,6.4394884116162,2.172288956138601,3.4094690528496017,1.4317287171149005,3.2226451825222,3.3351240640483004
103.994542859059,1.38448601270105,6.478742405686301,2.791174410080199,3.8732574650471996,1.5530296686293,3.5638037271322,3.6520015353150397
103.994542859059,1.38529618799217,6.353236658529699,2.906721332010598,3.7635054431533987,1.4205349866046006,3.9288005911594013,3.6745598022915393
103.994542859059,1.38610636328328,6.089659128581999,2.698829252946002,3.7340418482718007,1.2675799743735006,4.1919163043891,3.5964053017124806
103.994542859059,1.3869165385744,6.168738996218,2.887480309626799,3.8192254459988,1.3099316868583983,4.206241829752599,3.6783236536909194
103.994542859059,1.38772671386551,6.642464024581297,2.6411637477078003,3.9110030106892992,1.4155738939610991,3.928789495049397,3.707798834397779
103.994542859059,1.38853688915663,6.491968803037999,1.9675279814294981,3.808252199512598,1.288361534682199,3.584633486640101,3.428148801060479
103.994542859059,1.38934706444775,5.413956907286902,0.9625794684764983,3.3925056308954993,1.3750445563509004,3.3466415872530995,2.89814563005258
103.994542859059,1.39015723973886,6.899748001236301,2.660352602473502,4.1524939812398,1.3571593938624993,3.7759150415175,3.7691338040659206
103.994542859059,1.39096741502998,5.634083898757801,2.6552290386556017,3.1819790031882,1.2943698007301982,3.4635909149204984,3.24585053125046
103.994542859059,1.39177759032109,5.292873598165702,2.8731928083632,2.771767658969001,1.2986853911335992,3.3713160466747,3.1215671006612404
103.99535303435,1.31238041179173,5.740025476072997,3.1105774978559992,3.3368959788591006,0.3173083163452013,4.120367175673099,3.3250348889612793
103.99535303435,1.31319058708284,5.875954249896701,3.0129512406623,3.3047581238778,0.10578557569720104,4.6131664781403,3.3825231336548605
103.99535303435,1.31400076237396,6.222651943525602,3.251194808613999,4.026432220508898,0.16208442864309802,5.1937069298503005,3.7712140662283793
103.99535303435,1.31481093766507,6.859577547174901,3.9505692492853015,4.541810925089699,0.22315373959689921,5.177503202148397,4.150522932659039
103.99535303435,1.31562111295619,7.263499050403102,4.432221404767301,4.777139558282702,1.1719540462035987,5.1449573900173,4.5579542899348
103.99535303435,1.31643128824731,7.059049442071402,4.252909569384499,4.8394304711082015,1.3083903427259997,4.8629586171343,4.46454768848488
103.99535303435,1.31724146353842,6.5936297103007995,3.744873325614499,4.3627400479763985,1.0535207785984007,4.5931322286511005,4.06957921822824
103.99535303435,1.31805163882954,5.9559958424257005,3.0991507059818026,3.908443613069199,0.9480964887356009,5.033419406347001,3.789021211311861
103.99535303435,1.31886181412065,5.763234824943698,3.0185242815301017,3.9280425734511013,0.7925163260294994,5.7733860931395995,3.8551408198188
103.99535303435,1.31967198941177,4.9310006434619,2.4565285905988006,3.8525052222176974,0.7378231270751989,5.381931485989,3.4719578138685194
103.99535303435,1.32048216470289,5.381605282636897,2.6096015499662,3.6160149335485983,0.5880117642144,4.7155275167915,3.3821522094315193
103.99535303435,1.321292339994,5.384958726110199,2.4496360589001007,3.1805251120490006,0.3885818245849997,4.227580160820899,3.12625637649304
103.99535303435,1.32210251528512,5.795340956435801,2.7644834231690005,3.2499392379874017,0.5316102455579994,4.2385931092122,3.3159933944724806
103.99535303435,1.32291269057623,6.464155954999502,3.3348774926786007,3.6240980034450985,0.7021986443075008,4.532639027777801,3.7315938246417004
103.99535303435,1.32372286586735,6.284264701928098,3.183774004666599,3.5320019701018026,0.8832950935194006,4.739953398993599,3.7246578338419
103.99535303435,1.32453304115847,5.979811175985599,2.9361055621684997,3.2168651332465004,1.0519653457981022,4.385471710693398,3.51404378557842
103.99535303435,1.32534321644958,5.8444593544545995,2.6832865306211,3.415427505149598,1.0859162058987017,4.275391559027799,3.4608962310303597
103.99535303435,1.3261533917407,5.8479662129986,2.5881477834685995,3.5156366348786996,0.8543260191786004,4.761974685574,3.5136102672196996
103.99535303435,1.32696356703181,5.2711217255008975,2.1214195197810994,3.6637830421674025,1.2055809543999985,4.4893938705595,3.3502598224817794
103.99535303435,1.32777374232293,6.104118863875598,2.8660803810096986,4.1058049055795,1.2288781499968024,4.440408281489699,3.74905811639026
103.99535303435,1.32858391761405,6.430728597842599,3.206094169998302,4.2492246043956,1.3494175574261007,4.624152903819201,3.9719235666963604
103.99535303435,1.32939409290516,6.982680894659502,3.966976901125502,4.582548892243903,1.3656107571564,4.7620272579146,4.331968940619982
103.99535303435,1.33020426819628,6.903581718800702,3.9671172816038016,4.740728608270501,1.5324199786202009,4.877184799511902,4.404206477361422
103.99535303435,1.33101444348739,6.802893031570299,4.027828280261801,4.6961273510213,1.6017618041729023,5.036614892045698,4.4330450718144
103.99535303435,1.33182461877851,6.7498447394964,3.9852502855178997,4.831161454267097,1.6630014902004007,5.1263957881349995,4.47113075152336
103.99535303435,1.33263479406963,6.4677913107428004,3.552348989233,4.491387134436,1.4496536398426016,5.0628528646278,4.20480678777644
103.99535303435,1.33344496936074,6.1036085086402,3.3831216134102995,4.5640364944522,1.3769363739186993,4.6074859964809995,4.007037797380479
103.99535303435,1.33425514465186,6.2506675365643005,3.404599981558899,4.381075904127698,1.1945812153094977,4.088705207956899,3.863925969103459
103.99535303435,1.33506531994297,6.146186106015897,3.3200961113318,4.5234424777349,1.0812578470239984,3.8614719235595025,3.7864908931332195
103.99535303435,1.33587549523409,6.364308075563301,3.4602368653573023,4.514199071167699,0.9628568213155013,3.6148895740907,3.783298081498901
103.99535303435,1.33668567052521,6.617838608356301,3.6848898141216004,4.6650495437286,0.270087237501901,3.4448220667713016,3.7365374540959406
103.99535303435,1.33749584581632,6.3304050400601,3.244587478894399,4.601808650490401,0.14504668075770155,3.3969472331564994,3.54375901667182
103.99535303435,1.33830602110744,5.936125724074699,2.6892758871187006,4.030530575110401,0.24849160316439978,3.4406246181438007,3.2690096815224003
103.99535303435,1.33911619639855,5.6097280318793,2.2460789969336012,3.3005839120321987,0.8441598914482995,3.507375028812298,3.1015851722211396
103.99535303435,1.33992637168967,5.3097333533549005,1.8074598537892967,2.251412793954401,1.3074159960447993,3.6112125976692013,2.85744691896252
103.99535303435,1.34073654698079,5.175737097130199,1.6941024395605027,2.418532282841401,1.4052280596189988,3.579037815322998,2.85452753889482
103.99535303435,1.3415467222719,4.6455926910279,1.4208286062853013,2.698615155779798,1.291093877569402,3.666136007515199,2.74445326763552
103.99535303435,1.34235689756302,5.185961582729899,1.8468404716034001,2.8023664986346013,1.3637636574078016,3.4009792812369994,2.91998229832254
103.99535303435,1.34316707285413,5.4697382408382005,2.048905593242498,2.8295193701939994,1.2260865760246986,3.4853429358943018,3.01191854323874
103.99535303435,1.34397724814525,5.523804156588799,2.1274113862874025,2.3885830963089987,1.381227471575201,3.3623383403667013,2.9566728902254207
103.99535303435,1.34478742343637,5.591163846574201,2.1921790924671,1.672058626238801,1.7995389446830998,3.6504472363983993,2.98107754927232
103.99535303435,1.34559759872748,4.9652348569610005,1.383268611133797,1.415425745478899,1.5576580147848986,4.0826014835889985,2.6808377423895187
103.99535303435,1.3464077740186,5.673819769844499,2.095227567637199,2.0079721994991004,1.2942986733363995,4.2286607677927,3.0599957956219797
103.99535303435,1.34721794930971,6.0470632125724,2.0173094628365007,1.8697843688835007,1.4218575267695996,4.403388284586001,3.1518805711296003
103.99535303435,1.34802812460083,5.291542871077098,1.315208019729802,1.604297399208697,1.5210381959349988,4.891259552007998,2.9246692075917187
103.99535303435,1.34883829989195,5.306624508487001,1.411723342763299,1.7296454205729006,1.0097974374174008,4.896312218827703,2.870820585613661
103.99535303435,1.34964847518306,6.114675990500498,1.8869580404684996,2.0319449700023995,0.6820529858016009,4.663164164137999,3.075759230182199
103.99535303435,1.35045865047418,6.0612393191904985,1.7150795112878008,1.5851024714355013,0.7005744947952977,5.0122135063977,3.0148418606213596
103.99535303435,1.35126882576529,6.264316676993097,1.9309246477081992,1.917221642447,0.5091895111096996,4.983604115082901,3.1210513186681794
103.99535303435,1.35207900105641,6.9031434825758,2.9125563030567996,3.0585079939236017,0.1681744954275004,4.870662647169098,3.5826089844305598
103.99535303435,1.35288917634753,6.3213524599838,2.565510665884503,2.889116001514598,0.1890473413652991,4.893115679356502,3.37162842962094
103.99535303435,1.35369935163864,4.298198721859098,0.9935797384307001,2.109412816926202,0.17721326561240147,5.077483318577599,2.5311775722812
103.99535303435,1.35450952692976,6.0145608665143016,2.5143265441479983,2.7966933572817005,0.08538946459010077,4.673873159186201,3.2169686783440605
103.99535303435,1.35531970222087,6.509024087187601,3.1462923583053986,3.4829016123137,0.2610841777730002,4.557837515889801,3.5914279502939004
103.99535303435,1.35612987751199,6.4806132898571995,3.174742103293802,3.7175019582989,0.28696747346210216,4.4641310190773,3.6247911687978607
103.99535303435,1.35694005280311,6.003890213600499,2.8616181495643005,3.4172536135817992,0.03749729954759928,4.0978820672191,3.2836282687026594
103.99535303435,1.35775022809422,6.941630544682102,3.3159504648068996,3.6837825632686005,0.01372361519949905,4.2661197812577,3.64424139384296
103.99535303435,1.35856040338534,7.725511012411797,3.5875337308503,3.439937934158902,0.1960923453607002,4.1299910760810015,3.81581321977254
103.99535303435,1.35937057867645,7.636169451245699,3.4801823637438005,3.332607334608298,0.23352015216390143,4.2546592239331,3.7874277051389598
103.99535303435,1.36018075396757,7.152397809340197,3.163627248801699,3.1669826886619,0.059879009806898864,4.1556931573773,3.539715982797599
103.99535303435,1.36099092925869,7.482161078099999,3.5124777773700018,3.315702204856599,0.1526257834497997,3.921604080394399,3.6769141848341595
103.99535303435,1.3618011045498,7.083124108978602,2.8329851691476016,2.994433465892598,0.6331631049978022,3.9052909352514007,3.489799356853601
103.99535303435,1.36261127984092,5.953700271133599,1.6441174374418992,2.477518266981299,0.7984549758782009,4.217761031149898,3.0183103965169793
103.99535303435,1.36342145513203,7.8770508844249,3.247391891003698,3.160214997617402,1.3934549375005005,4.220111866118902,3.9796449153330804
103.99535303435,1.36423163042315,7.6975763350600985,3.141452039847099,3.0420688756464997,1.4615164246459003,4.415325543760801,3.9515878437920797
103.99535303435,1.36504180571427,7.316578746614002,3.399412499575,2.942118144115298,1.5104285935991975,4.395178449985899,3.9127432867778795
103.99535303435,1.36585198100538,6.1624700441211,1.4571191639698,2.5205808876693006,1.3162388343200995,4.3564346290892,3.1625687118339
103.99535303435,1.3666621562965,7.6343022342108995,2.630953394872602,2.9823631037958975,1.4931587909750021,4.4623853137415,3.8406325675191804
103.99535303435,1.36747233158761,7.725918776837897,2.6959769316744975,3.2205982137722025,1.4019200278760984,4.3167603280755,3.872234855647239
103.99535303435,1.36828250687873,7.586588131625501,2.7443295421910996,2.5102584329246014,1.2428820062668997,4.570196392501501,3.7308509011019204
103.99535303435,1.36909268216985,7.629011051279701,2.632753213228,2.8034766025887983,1.224143799512099,4.188470760809999,3.6955710854837194
103.99535303435,1.36990285746096,7.712247067400099,2.9696883812748993,2.648458478086102,1.2772925635600032,4.0133435872300005,3.724206015510221
103.99535303435,1.37071303275208,7.5917537382176015,2.6520789903337985,2.668277491048201,1.3365705458096997,4.303659563652801,3.71046806581242
103.99535303435,1.37152320804319,8.048800884771502,3.0354119186130006,3.2796027114303,1.5608884660707005,4.474835433537901,4.079907882884681
103.99535303435,1.37233338333431,7.979315805003701,2.5710261910005983,2.8718604096092015,1.3362461087193012,4.5623975458074,3.8641692120280404
103.99535303435,1.37314355862543,8.0675791984964,2.2227032877171986,2.8365625191107995,1.3433601219697984,4.652294427233901,3.8244999109056197
103.99535303435,1.37395373391654,7.7190867816036,2.481506289601999,3.322859429734997,1.4408832364495971,4.404531302077199,3.8737734078934785
103.99535303435,1.37476390920766,6.7269573182868,1.8236720610427994,3.223539522631601,1.383375179725899,4.095732773836598,3.4506553711047396
103.99535303435,1.37557408449877,7.450795946001801,2.5663299989076016,3.924712894983397,1.4595471829249966,4.345147859696702,3.9493067765028997
103.99535303435,1.37638425978989,7.8302650075352,2.795281753470899,3.8739270421820997,1.6000842723806983,6.040728929172101,4.4280574009482
103.99535303435,1.37719443508101,8.229169173412,2.9715707590137015,3.698163488507298,1.486599544169401,4.1384145450575005,4.10478350203198
103.99535303435,1.37800461037212,7.994398951913102,2.9620697799844997,4.0289931770381,1.386848643302102,3.5397465899523013,3.982411428438021
103.99535303435,1.37881478566324,7.882326318461601,2.6003958844607986,3.6258983601300017,1.0603285050809994,2.9099830289714,3.61578641942096
103.99535303435,1.37962496095435,7.523075013217301,2.1863267185437003,3.443138007871301,1.0699600975923005,2.111102550265798,3.2667204774980805
103.99535303435,1.38043513624547,7.354235671244098,2.0510720042802006,3.2214423004828987,1.030775772045299,1.7207469258898023,3.07565453478846
103.99535303435,1.38124531153659,7.0704344041369005,1.6801014352197008,2.9773525703622,0.8877295575215989,1.4705764711643,2.81723888768094
103.99535303435,1.3820554868277,6.700948424166601,1.1356700064997973,2.561056005027499,0.8057253456910978,1.2755478763020989,2.495789531537419
103.99535303435,1.38286566211882,6.6655000969462,1.1650610681861018,2.7620341891952016,0.8449575369295985,1.3988671495497016,2.567284008161361
103.99535303435,1.38367583740993,6.4252852751492,1.4556168102037006,3.0857752466496002,1.3949204539185978,2.681783422471799,3.0086762416785797
103.99535303435,1.38448601270105,6.572467979133599,2.797042112529901,3.8252630259558025,1.6244597518711004,3.7419938588053014,3.7122453456591407
103.99535303435,1.38529618799217,6.126514558715797,2.8981827720914985,3.6737480487665017,1.4585120046958977,4.2131811549208,3.674027707838099
103.99535303435,1.38610636328328,5.904793471444101,2.984894770477201,3.883685712329502,1.4849936623581996,4.588845316840299,3.7694425866898604
103.99535303435,1.3869165385744,5.761035789602101,3.032437484465401,3.8406953584877,1.3986146034472995,4.4394011348469995,3.6944368741699
103.99535303435,1.38772671386551,6.318539520837103,2.7118539228040994,3.8782529772751992,1.416649820714401,4.160527973849799,3.6971648430961204
103.99535303435,1.38853688915663,6.482053803425501,2.2656920800419975,3.8634495294732005,1.3168097364250997,3.7821957645398996,3.5420401827811396
103.99535303435,1.38934706444775,6.975413018666501,2.4597004030287017,3.9669855585350007,1.3106191882046012,3.2207266741264995,3.5866889685122607
103.99535303435,1.39015723973886,6.5062368493987,2.565091785479499,3.9308149042439986,1.2233053556566027,4.102978631754603,3.665685505306681
103.99535303435,1.39096741502998,5.508924304141999,2.6468319982656006,3.120355488490297,1.2539764206502007,3.414446708411301,3.1889069839918798
103.99535303435,1.39177759032109,5.3810217198419,3.0163120079753014,2.8630483451160984,1.2945044728856026,3.357028741192103,3.182383057402201
103.996163209642,1.31157023650061,5.856088952178801,3.423306421390901,3.2223117241825,0.33239985974120145,3.8214581333336994,3.3311130181654205
103.996163209642,1.31238041179173,5.1496344684052,2.6413365664013,3.351736433105401,0.06528114659290196,4.7903152773291,3.1996607783667805
103.996163209642,1.31319058708284,6.007785936061698,2.9323803105017987,3.5666037564743007,0.7130289459907004,5.400086098564103,3.72397700951852
103.996163209642,1.31400076237396,6.586485346890999,3.633741224020497,4.051305714948999,0.4418815867445005,5.2157081353986,3.985824401600719
103.996163209642,1.31481093766507,7.272753692064498,4.3924452233002995,4.817564832884699,0.2196397238158987,5.279881635310801,4.396457021475239
103.996163209642,1.31562111295619,6.915228962148802,4.0843069213088015,4.740309911772702,0.8843283318480992,5.1565813270802,4.356151090831721
103.996163209642,1.31643128824731,7.2335191470697,4.4826442465852985,4.999247245367499,1.0929608636880985,4.992291902799899,4.560132681102099
103.996163209642,1.31724146353842,6.683682236074702,3.8633103307891012,4.395298036122799,0.9224670290731005,4.834153301291,4.139782186670141
103.996163209642,1.31805163882954,6.015347217692799,3.2628663136392007,3.974463883146502,0.9267565333793968,4.896614565461299,3.8152097026638394
103.996163209642,1.31886181412065,5.775792079691801,3.134334382765502,4.0166519102011975,1.184173791063099,5.1225413320802,3.84669869916036
103.996163209642,1.31967198941177,5.6610688090317005,2.978118803485202,3.9779459097008,1.1789096599325006,5.3525865700819,3.829725950446421
103.996163209642,1.32048216470289,5.3227713918148005,2.617800656012502,3.5709595825567,1.1222603875393027,4.9676266136203004,3.520283726308721
103.996163209642,1.321292339994,5.7091758132317025,2.813775805342001,3.402541397099501,1.1169396398993996,4.5103467576497,3.5105558826444607
103.996163209642,1.32210251528512,6.3521140575010016,3.142313439229799,3.2195146995623993,1.0066653706800999,3.9164310010444012,3.52740771360354
103.996163209642,1.32291269057623,6.733726107802799,3.4605568499539032,3.3767289046450024,0.7542440765245004,3.5882745173882,3.5827060912628808
103.996163209642,1.32372286586735,6.586032946204202,3.3184218476648013,3.192419246107299,0.7400183350491005,3.59419761773,3.486217998551081
103.996163209642,1.32453304115847,6.191845553573803,3.048752888362003,2.9458265055972,1.2064872292480011,3.650967330607102,3.4087759014776218
103.996163209642,1.32534321644958,5.981437909484498,2.7870439828515003,3.0421639681169985,1.1106181306831004,3.9303067188313996,3.370314141993499
103.996163209642,1.3261533917407,5.9917519920992,2.781864595803299,3.5529937485984995,1.0230831693590012,5.2878201344672,3.72750272806544
103.996163209642,1.32696356703181,6.127915778037501,2.8551777541138,4.044484859654098,1.3381162957898987,4.603822884718401,3.7939035144627398
103.996163209642,1.32777374232293,6.730852242215999,3.558470987112802,4.439563498076598,1.3452136570395012,4.611089340473402,4.1370379449836605
103.996163209642,1.32858391761405,6.9032043576577,3.771132964157701,4.638190054016999,1.5550555340631007,4.709145883527398,4.31534575868458
103.996163209642,1.32939409290516,6.642788095260897,3.719919203295902,4.645768147033202,1.6141465866619988,4.8574147449939,4.29600735544918
103.996163209642,1.33020426819628,6.7546274235178,3.8875492407348986,4.567995843967399,1.6052154848915983,4.615396670427298,4.286156932707799
103.996163209642,1.33101444348739,6.808769308170799,4.0289976890869,4.402463016807001,1.5512482114471986,4.559112856866303,4.27011821647564
103.996163209642,1.33182461877851,6.706077711789,3.942518960947197,4.783113111365399,1.7965094547775031,4.948465590206101,4.43533696581704
103.996163209642,1.33263479406963,6.296469593248599,3.448960207981699,4.642372993414401,1.6511888163384008,4.9266384008484,4.1931260023663
103.996163209642,1.33344496936074,6.0389714973001,3.1065079392648975,4.446725734727998,1.5288545269536975,4.975268333362699,4.019265606321879
103.996163209642,1.33425514465186,6.279872433420099,3.2853602427320006,4.549075943578803,1.5842509248823013,4.557954744148898,4.05130285775242
103.996163209642,1.33506531994297,6.3761323583178005,3.3138862603119,4.523045640208302,1.0590217885148014,3.8864319033176997,3.831703590134101
103.996163209642,1.33587549523409,6.207155381411997,3.236500348691198,4.551226174515399,0.9003901142845017,3.6934777015910996,3.717749944098839
103.996163209642,1.33668567052521,6.3959323097977006,3.3426741672887026,4.6328995631693,0.503936894814597,3.440260432219798,3.6631406734580194
103.996163209642,1.33749584581632,6.084299211528098,3.1445179919242,4.672004256049199,0.43171105638460006,3.2540414842638015,3.51731480002998
103.996163209642,1.33830602110744,6.4685194550636,3.3798234094799007,4.509382187174701,0.21306535451119757,3.6114974168065004,3.6364575646071797
103.996163209642,1.33911619639855,6.1872014278314005,2.8615689862023004,4.463515079097,0.32619275703189743,3.649696526696399,3.4976349553717996
103.996163209642,1.33992637168967,5.964897536285402,2.8321450430211,2.435842886637399,0.9268444007551011,3.6902038125627,3.1699867358523406
103.996163209642,1.34073654698079,5.585910205867702,1.9545173866857013,2.0253771036240984,1.3796404077260966,3.6547079191163974,2.920030604603999
103.996163209642,1.3415467222719,5.072659880921101,1.4264517305553,1.6601157489692007,1.7637843093158985,3.578542133868101,2.7003107607259205
103.996163209642,1.34235689756302,4.452748024643203,0.857732484579298,1.7309634354202998,1.4429427619798005,3.7964681990349014,2.4561709811315007
103.996163209642,1.34316707285413,5.263175119231999,1.7356283563593031,2.267022256144198,1.4019308162336017,3.6350019003399012,2.8605516896618006
103.996163209642,1.34397724814525,5.626103666457002,2.0038570531576987,2.105583147655299,1.6899483469666983,3.4348138034507016,2.97206120353748
103.996163209642,1.34478742343637,5.562984189008201,1.9492056739962003,1.877204696668798,1.640943564856503,3.521410731069899,2.9103497711199204
103.996163209642,1.34559759872748,5.231963233120101,1.730680839572699,2.3340356901720014,1.3490259680704,3.9936142882254018,2.927864003832121
103.996163209642,1.3464077740186,5.092174373172099,1.646364050837498,2.4596447961923005,0.9732479839944013,4.140448285950502,2.8623758980293603
103.996163209642,1.34721794930971,5.164046219203897,1.3843578997841988,1.7054670381450983,1.223369622482302,4.785703672359702,2.8525888903950394
103.996163209642,1.34802812460083,4.9948134285838,0.950931757232901,1.364118928446299,1.429883047465399,4.985577094114898,2.7450648511686593
103.996163209642,1.34883829989195,4.6131437234015,0.882831949900801,1.530651717190203,1.0291007001160999,4.9476552473828015,2.600676667598281
103.996163209642,1.34964847518306,5.8238109155239,1.8172081684613985,1.8518353234862985,0.8999601156510977,4.5937437569272,2.997311656009979
103.996163209642,1.35045865047418,6.064033941602801,1.7734198381251005,1.555264364090501,1.0285511880961984,4.892664166492203,3.062786699681361
103.996163209642,1.35126882576529,5.958908910617801,1.7292822234176022,1.5269907837003984,0.9751578797410012,4.8466043757631,3.0073888346479807
103.996163209642,1.35207900105641,6.0758971666815,2.1234052142604973,2.3741277282940985,0.4849022700839001,4.670418861106903,3.14575024808538
103.996163209642,1.35288917634753,6.051916369726499,2.633385350318399,2.786800102611398,0.3289832229355021,4.675213306662197,3.295259670450799
103.996163209642,1.35369935163864,6.431694596215902,2.5420803180074003,2.5707549555031015,0.44504080657559797,4.7188880763783985,3.34169175053608
103.996163209642,1.35450952692976,6.79835646103,2.5382225595525014,2.288899853949701,0.7540800258621978,4.662976769596899,3.4085071339982598
103.996163209642,1.35531970222087,7.208753260096401,3.0662020249017985,3.0394544145101,0.32917531337230344,4.585197499605503,3.645756502497221
103.996163209642,1.35612987751199,6.908575131096999,3.150890757712702,3.5048823361615007,0.22172406970300074,4.409887559757703,3.639191970886381
103.996163209642,1.35694005280311,6.035982226757202,2.5810173258764983,3.4004003992852994,0.06529225522819715,4.1112711442182,3.2387926702730794
103.996163209642,1.35775022809422,6.708460891938103,3.230562543801998,3.791477456732899,0.010544424264701036,4.101306520871798,3.5684703675218996
103.996163209642,1.35856040338534,7.295975832206903,3.5140753552114994,3.7400726118707013,0.13015080491659958,3.9661405014658015,3.729283021134301
103.996163209642,1.35937057867645,7.7365022578491,3.453497601192698,3.465103288488301,0.16391874490250302,4.146537804277699,3.7931119393420603
103.996163209642,1.36018075396757,7.3793649832146,3.5064731567648977,3.744160980360199,0.13628993852639937,4.1418691996215,3.781631651697519
103.996163209642,1.36099092925869,7.404954456026701,3.4698202303783034,3.7044720793773998,0.25426433298220275,3.9610702121446977,3.758916262181861
103.996163209642,1.3618011045498,7.3320406830411,3.109902230442799,3.398278508653398,0.7166871124222993,3.9256564594990984,3.696512998811739
103.996163209642,1.36261127984092,7.765851004138,3.3885938766776,3.4098007221002007,1.1016148615657002,4.127489856868401,3.95867006426998
103.996163209642,1.36342145513203,7.7700896420106,3.3847712414796973,3.3652502654938985,1.479046162763499,4.224406997023003,4.04471286175414
103.996163209642,1.36423163042315,7.581949913239999,3.1781806767362006,3.1688298117088003,1.4848266288754992,4.318988751378402,3.94655515638778
103.996163209642,1.36504180571427,7.459947922764201,2.9176463443681016,3.1668243636468993,1.5809346971240004,4.4070563010246,3.9064819257855605
103.996163209642,1.36585198100538,6.3844854751151985,1.955673621735201,2.9097284036194004,1.4577365851574982,4.261367351630199,3.3937982874514994
103.996163209642,1.3666621562965,7.405123833186401,2.471322537638301,3.013394917769798,1.6336212261866017,4.4917342448901,3.8030393519342405
103.996163209642,1.36747233158761,7.408328885560302,2.726199725093103,3.2886986571904018,1.603225447765002,4.423962018216702,3.8900829467651024
103.996163209642,1.36828250687873,7.9052803735909976,2.6840543633474,2.862065043832299,1.3252654113043008,4.4762483517902005,3.8505827087730395
103.996163209642,1.36909268216985,7.420369348674601,2.7722826941467993,3.0024818719481985,1.3342747185619999,4.335530633981101,3.77298785346254
103.996163209642,1.36990285746096,7.3884124023704985,2.7281741432651003,2.9287405342475026,1.4245906368246004,4.0374183049937,3.7014672043402803
103.996163209642,1.37071303275208,7.832573747275703,2.559559723649002,2.6416886309181997,1.320843621690102,4.166064465551997,3.704146037817001
103.996163209642,1.37152320804319,8.523372177825198,2.978354421639999,3.2238715338269976,1.7983666485637002,4.6837238939831,4.241537735167799
103.996163209642,1.37233338333431,8.578341077985097,2.9651973839023995,3.4368063496727004,1.893463941358199,4.8629060007062,4.3473429507249195
103.996163209642,1.37314355862543,8.314098997606099,2.688813690043201,3.2914164578631,1.6465756823440998,4.787799795701201,4.14574092471154
103.996163209642,1.37395373391654,7.982907201569798,2.532979536318301,3.246566805986401,1.5875814170628004,4.816554035990901,4.033317799385641
103.996163209642,1.37476390920766,7.405794294089102,2.4793598235835006,3.4981653457155026,1.616240519917401,4.570288154308702,3.9139696275228415
103.996163209642,1.37557408449877,7.494159716339599,2.6568868961357985,3.607517229786101,1.563255957604298,4.358005595812202,3.9359650791356
103.996163209642,1.37638425978989,7.6644987282561985,2.9079264264697997,3.9909488100630988,1.5985080968768983,4.427917404543301,4.117959893241859
103.996163209642,1.37719443508101,7.9598319825492005,2.726884368413298,3.8616023318594017,1.3852320831126974,4.867104550943999,4.16013106337572
103.996163209642,1.37800461037212,7.535181576622399,2.5062653513446023,3.8660332397416006,1.3768424400676977,3.8811944452718024,3.8331034106096205
103.996163209642,1.37881478566324,7.8858240113201,2.5669516821063,3.8816620943829996,1.3786475442386994,3.2038455549995,3.7833861774095197
103.996163209642,1.37962496095435,8.083679831449999,1.9110707164194025,3.5152880807066005,1.3773857396648985,2.376187144463401,3.4527223025408604
103.996163209642,1.38043513624547,8.548357474409602,2.4929617716950006,3.9601138872567994,1.6405219729315021,1.9443152853732997,3.717254078333241
103.996163209642,1.38124531153659,7.755739418817402,1.7544241955866013,3.848566182156002,1.1987129163583994,1.4720348434109027,3.2058955112658616
103.996163209642,1.3820554868277,7.0985430377995975,1.3209506903202985,3.412603950344497,0.948572061262702,1.3784157326388993,2.831817094473199
103.996163209642,1.38286566211882,6.845460858677001,1.3256073810781999,3.2576684629724006,1.1485304848101023,1.8615719908176018,2.887767835671061
103.996163209642,1.38367583740993,7.4495104551089995,2.347333848071301,3.8355287614504974,1.7848230830266978,3.132108064927799,3.7098608425170587
103.996163209642,1.38448601270105,7.586985321130399,3.5832722807207986,4.4547988525843,2.0835112026527014,3.9943100889893017,4.3405755492155
103.996163209642,1.38529618799217,7.127475041530101,3.6033141966670996,4.361031503350802,1.870892674900201,4.208090231363901,4.23416072956242
103.996163209642,1.38610636328328,6.96711799701,3.4239504828018,4.392913691732399,1.6845575956524002,4.116132065972199,4.1169343666337594
103.996163209642,1.3869165385744,6.904936770710499,3.432932213629801,4.243774668940901,1.7272524035605024,4.142860051974797,4.0903512217633
103.996163209642,1.38772671386551,7.047412367331301,3.2608105317811997,4.345320909965597,1.5915329861743999,3.8443175257161,4.01787886419372
103.996163209642,1.38853688915663,6.8186013170907,2.5499036527913006,3.8958376550067015,1.413421087610299,3.6282165884466977,3.66119606018914
103.996163209642,1.38934706444775,6.826152710601001,2.4619949111283006,3.9385752713577986,1.2593101421948987,3.222221308363199,3.5416508687290396
103.996163209642,1.39015723973886,6.1421121936555,2.6773045845630996,3.651495961929701,1.2493831104699993,4.3281215195312015,3.6096834740299
103.996163209642,1.39096741502998,5.393093939941203,2.7625165522663977,3.0630064895192994,1.2595507228698004,3.5078768186636005,3.19720890465206
103.996973384933,1.31157023650061,5.834394395579,3.3038342282318993,3.3020594438761997,0.5208437019348011,4.3231792122507,3.4568621963745203
103.996973384933,1.31238041179173,5.969294595438299,3.4799990439375996,4.2114977986725,0.12741379458960012,5.235115932544698,3.8046642330365392
103.996973384933,1.31319058708284,6.370663770034099,3.6779799435974994,4.207724425036602,0.27936421157500035,5.560558037414097,4.019258077531459
103.996973384933,1.31400076237396,6.8777779120737,4.104302576868697,4.515532695793901,0.1675684537218025,5.324899494911698,4.19801622667396
103.996973384933,1.31481093766507,6.781793013744501,3.9778183504955003,4.690098839213402,0.26347333629010095,5.361032606896302,4.214843229327961
103.996973384933,1.31562111295619,6.325120066685301,3.5514733487753993,4.441761533603199,0.5189771965061034,5.135302366220902,3.9945269023581806
103.996973384933,1.31643128824731,6.581162061955602,3.7106801907521003,4.2439007807764995,0.46517325497099904,5.1078327769807,4.0217498130871805
103.996973384933,1.31724146353842,6.378356990003802,3.332596752671602,3.8642942437385983,0.3474211580200013,4.983227536030899,3.7811793360929804
103.996973384933,1.31805163882954,5.994537840633601,3.0593593158708003,3.8425275477137006,0.5207020548503003,4.848340117465899,3.6530933753068604
103.996973384933,1.31886181412065,5.7871076029690975,3.0588472418146004,3.7487553001320997,0.9939924519449974,5.221891060424802,3.7621187314571194
103.996973384933,1.31967198941177,5.5410982654174,2.8892420204850993,3.661401517759998,1.3594240361260006,5.165814949923998,3.7233961579424992
103.996973384933,1.32048216470289,5.6030578156295014,2.8498561599856025,3.5685727012815,1.5232030685424967,5.137552843166798,3.73644851772118
103.996973384933,1.321292339994,5.815909240457099,2.8826197385787005,3.513179797110098,1.162463434617802,4.308082606906499,3.5364509635340395
103.996973384933,1.32210251528512,6.576266525907297,3.2277993973147012,2.776186022483497,0.33436367218780205,2.9913713798963997,3.1811973995579392
103.996973384933,1.32291269057623,6.784638657092099,3.2739814031171015,2.9153264893121005,0.2013771891615015,2.5691185411106012,3.148888455958681
103.996973384933,1.32372286586735,6.406265618172,2.8920670091849985,2.8232097615468987,0.10496673926459721,2.5664468702528005,2.958591199684259
103.996973384933,1.32453304115847,6.297689392292501,2.8068360401587,2.786271628707297,0.12531779960799838,2.9473133230930024,2.9926856367719
103.996973384933,1.32534321644958,6.156087961511897,2.8230988950592,2.978875146525098,0.41971812093099814,3.8995440267741017,3.255464830160259
103.996973384933,1.3261533917407,6.275737306715399,2.881976806179402,3.4084818768989003,0.6313196909722016,5.737006394992402,3.7869044151516613
103.996973384933,1.32696356703181,6.404168407514501,3.030169339655501,3.6998115869409993,0.8999467566121027,4.5333063139439,3.7134804809334008
103.996973384933,1.32777374232293,7.045131242125198,3.9139938886664005,4.411314558804701,1.3682639473320002,4.340103742333298,4.21576147585232
103.996973384933,1.32858391761405,7.095344787219602,4.139823426647602,4.704283942985899,1.5197520637495003,4.165826705719198,4.32500618526436
103.996973384933,1.32939409290516,6.114664017742598,3.567969162385701,4.5903507139567985,1.7082986504623996,4.075616012897601,4.0113797114890195
103.996973384933,1.33020426819628,6.619501906684697,3.8411096621961,4.617789077532901,1.7135323131269011,4.0405954521358005,4.16650568233528
103.996973384933,1.33101444348739,6.7663944247966015,3.8686164458091987,4.4067724207361,1.6265834053585984,4.189018937701899,4.17147712688048
103.996973384933,1.33182461877851,6.8607175402310006,3.9072131046633025,4.7538052915774,1.8210638439710998,4.431879535988401,4.354935863286241
103.996973384933,1.33263479406963,6.584561218090801,3.5329529427176993,4.563411108746902,1.8432458997092986,4.885801005711798,4.281994434995299
103.996973384933,1.33344496936074,6.282672419858997,3.2410945328787015,4.6141715290278,1.871968014355101,4.893315759040199,4.18064445103216
103.996973384933,1.33425514465186,6.412877102678401,3.283277382138799,4.547816980597798,1.780141198329801,4.904755418031598,4.185773616355279
103.996973384933,1.33506531994297,6.361026453996999,3.1676681684703993,4.576164653027501,1.494958101758499,4.654040830983501,4.05077164164738
103.996973384933,1.33587549523409,6.013178262864102,2.8059993472063987,4.431700617981498,0.9601678965453999,4.2569295893523,3.6935951427899396
103.996973384933,1.33668567052521,6.0873847269945,3.004632243526501,4.5925550749871,0.8402375235403028,3.906268010250699,3.6862155158598204
103.996973384933,1.33749584581632,6.151090876232399,3.110669922990102,4.561688817879201,0.46518195992710076,3.7403719905986,3.6058007135254804
103.996973384933,1.33830602110744,6.447757453253999,3.396059689860401,4.638850765164303,0.506855019776701,3.6580527731819004,3.729515140247461
103.996973384933,1.33911619639855,6.442095863303198,3.2860887256549987,4.206287757848699,0.07142722550720038,3.519175279722699,3.505014970407359
103.996973384933,1.33992637168967,6.573005531648899,3.276966620590102,3.3992797372096994,0.2808333724970993,3.662046697547101,3.43842639189858
103.996973384933,1.34073654698079,6.1008509031582,3.037060895918401,2.3409941908230003,0.9034345447138996,3.641709356415099,3.20480997820572
103.996973384933,1.3415467222719,5.876781441637,2.2284540510128004,1.9058032109329979,1.2101383635219989,3.7759794395512998,2.9994313013312195
103.996973384933,1.34235689756302,5.681624628983403,2.1244074250111,2.2953888410734997,1.1445722027708989,3.5922996024071026,2.967658540049201
103.996973384933,1.34316707285413,5.3412829642531,1.7986633356020008,2.3613160307934002,1.0779151545070995,3.612307467970197,2.8382969906251594
103.996973384933,1.34397724814525,5.6033499628243995,1.9344654814916993,2.470109903207298,1.2381711361017018,3.645951988904798,2.9784096945059795
103.996973384933,1.34478742343637,5.426016155966302,1.7502469133771008,2.4591655229266003,1.1443553041840993,4.030766073769598,2.96210999404474
103.996973384933,1.34559759872748,5.459706091286797,1.9193907405199013,2.911786812292,0.8206937776602992,3.9072709420682976,3.003769672765459
103.996973384933,1.3464077740186,5.237425334765302,1.7796952766257021,2.901531881804299,0.6321919548725994,4.444674678289999,2.9991038252715803
103.996973384933,1.34721794930971,5.228729475373701,1.4658539371650008,2.342736138963698,0.7947114253331016,4.545215070458699,2.87544920945884
103.996973384933,1.34802812460083,5.027552133674902,1.240342871109899,1.7942022580221,0.9536076945252994,4.868374176144201,2.7768158266952803
103.996973384933,1.34883829989195,4.9021449762527,1.2170043885768003,1.544340663045201,0.8416549225249987,4.702870994201,2.64160318892014
103.996973384933,1.34964847518306,5.1990057383686015,1.5228263557520023,1.5379862665246975,0.8895284623064974,4.492021098019801,2.72827358419432
103.996973384933,1.35045865047418,5.656073257828499,1.7929468108935005,1.5827866271384998,0.9760311214119994,4.387381756518199,2.8790439147581397
103.996973384933,1.35126882576529,5.793642523615002,1.6776381603917017,1.4987028801631013,1.509267954553298,4.623161324769399,3.0204825686985
103.996973384933,1.35207900105641,5.975424743301801,1.8339620594641985,1.542577943522101,1.4603678300099006,4.7106073328573,3.1045879818310604
103.996973384933,1.35288917634753,5.9112634334804,1.9155166320036017,1.9355734183214004,0.9934277948456014,4.615999477245797,3.07435615117936
103.996973384933,1.35369935163864,5.417669537203899,1.5708616683381003,1.8524059325313011,1.0054483724394991,4.622371730324801,2.89375144816752
103.996973384933,1.35450952692976,5.956997571602198,1.6777516510542014,1.4983161546767008,1.1421883755613997,4.5834276302073995,2.97173627662038
103.996973384933,1.35531970222087,6.133515807157099,2.0179688910307974,2.0093545381538007,1.0311333262264029,4.3279958512184,3.1039936827573
103.996973384933,1.35612987751199,6.599707477555903,2.7989730741517995,3.1046180590439008,0.23605115073539906,4.361377115170601,3.4201453753315207
103.996973384933,1.35694005280311,6.9675840156291,3.1640836127360004,3.6486109067088996,0.07311252939319957,4.2905201768718015,3.6287822482678003
103.996973384933,1.35775022809422,7.3489833068894015,3.4158996937448016,3.729366403564498,0.11707688245860126,4.108180742871202,3.7439014059057008
103.996973384933,1.35856040338534,7.488676948078002,3.6728653504974,3.7525018666584984,0.15640660367910186,4.026012234238102,3.819292600630221
103.996973384933,1.35937057867645,7.543158494376399,3.322956251016503,3.581233000375299,0.30320504328270204,3.7853489574875994,3.7071803493077007
103.996973384933,1.36018075396757,7.223359675752601,3.459942191931198,3.840357403216302,0.08278768164360173,3.9367604091135,3.7086414723314407
103.996973384933,1.36099092925869,7.3070165596578995,3.2696994319218007,3.722738001989299,0.19038877241479923,4.0156628921241975,3.7011011316215994
103.996973384933,1.3618011045498,7.3384696319225995,3.1224479896115014,3.403945046997098,0.5668029536814991,4.0420972543529,3.6947525753131196
103.996973384933,1.36261127984092,7.7969387559613,3.4456631539687983,3.3928046955701987,1.1171379403696022,4.124528332016002,3.9754145755771804
103.996973384933,1.36342145513203,7.474833945098499,3.238805261542602,3.4095867188495,1.486660704355998,4.203203721140099,3.9626180701973395
103.996973384933,1.36423163042315,7.5254488329041,3.221684929561601,3.2337364882088977,1.2948711066038001,4.132719846957901,3.88169224084726
103.996973384933,1.36504180571427,7.1954056361243985,2.764089367107001,3.3252981504213004,1.5912110630398004,4.291642279420699,3.83352929922264
103.996973384933,1.36585198100538,7.1121232538070025,2.642325850328902,3.9396455064335996,1.583568724505401,4.3374950675862,3.923031680532221
103.996973384933,1.3666621562965,7.200254915190801,2.5843416564331,3.231533795903001,1.6091947299502003,4.2836473663864005,3.7817944927727005
103.996973384933,1.36747233158761,6.576506482755498,2.2136000392794983,3.1351073214744005,1.3776447320069032,4.1034498402013995,3.48126168314354
103.996973384933,1.36828250687873,7.8149322359134,2.8904495764834977,3.1766080221490007,1.416044896289801,4.3905105170628005,3.9377090495797
103.996973384933,1.36909268216985,7.6600720742037005,2.9375219857152004,3.2251510055429016,1.5041918463623993,4.703650223811799,4.0061174271272
103.996973384933,1.36990285746096,7.472605525192602,2.845285294963201,2.9868196429035976,1.3573316878593005,3.978868251302501,3.7281820804442405
103.996973384933,1.37071303275208,7.397440369039298,2.3876047185713,2.6617600023193013,1.2540464118774999,4.0952715159627004,3.55922460355402
103.996973384933,1.37152320804319,7.979356094905501,2.6729985362693007,2.995391977760601,1.3162625828873011,4.100462955908402,3.8128944295462213
103.996973384933,1.37233338333431,8.4007619677175,2.763752885076901,3.0761552298131996,1.6213953305945985,4.835028390395902,4.13941876071962
103.996973384933,1.37314355862543,8.6479319810072,2.8489656234118996,3.1316499139313976,1.7337300641765019,5.1395161510052,4.30035874670644
103.996973384933,1.37395373391654,8.427573514847303,2.6595440050578,3.2696460588467,1.7706898011348002,5.126864305071599,4.25086353699164
103.996973384933,1.37476390920766,7.1273392792544,2.3960817098690974,3.2854004184343992,1.6188479667439992,4.4897310610523,3.7834800870708394
103.996973384933,1.37557408449877,7.2399082291441985,2.559282337926998,3.5599392435936004,1.583497397678002,4.256400596535901,3.8398055609757398
103.996973384933,1.37638425978989,7.6550310713098,2.6636072702711004,3.675438514404302,1.5990936098668982,4.369304128045901,3.9924949187796
103.996973384933,1.37719443508101,7.860619408257399,2.713908421451901,3.9676686107675003,1.5604196385144,5.405327385728601,4.301588692943961
103.996973384933,1.37800461037212,7.580454414604201,2.7714468451267003,4.0640512671667,1.307369315556997,4.022723271402999,3.9492090227715195
103.996973384933,1.37881478566324,6.157988707151702,1.1983951327536992,3.466881951397898,1.1563134060831999,3.3067050894639998,3.0572568573701
103.996973384933,1.37962496095435,8.045454263142002,2.312948023265701,3.711212675555199,1.3177786389631976,2.3316534481201003,3.54380940980924
103.996973384933,1.38043513624547,8.6740488750177,2.422826740837902,3.625379616871001,1.420034093260501,1.2209403481580985,3.4726459348290404
103.996973384933,1.38124531153659,8.8149683488877,2.3723364172363013,3.7553469357593983,1.4088139651174991,0.8961821291775003,3.4495295592356796
103.996973384933,1.3820554868277,7.741979812550301,1.8896708526159003,3.6983189406331007,1.1271664468403024,1.2015289238552995,3.131732995298981
103.996973384933,1.38286566211882,7.2711789279657,1.8807710873453978,3.659069121737499,1.4042634478978009,2.2945971180149023,3.3019759405922597
103.996973384933,1.38367583740993,7.3276969872001985,2.3855712496109014,3.7764113464761984,1.8558459257025994,3.312122472547699,3.7315295963075195
103.996973384933,1.38448601270105,8.0618756677788,3.6216527684891027,4.307348017139599,2.2232729770008,4.189794410291899,4.48078876814004
103.996973384933,1.38529618799217,7.578828976232202,3.4665463311292974,4.707851068418201,2.192496787796099,4.3661528062337,4.4623751939619
103.996973384933,1.38610636328328,7.841754715142599,3.5250231416512996,4.959586440696398,2.1388939266871034,4.247609123697899,4.54257346957506
103.996973384933,1.3869165385744,7.991906678100001,3.5449634825756,4.7017358375175995,2.3555406289826983,4.2555206814779005,4.56993346173076
103.996973384933,1.38772671386551,7.740534694215697,3.474500687558802,4.766523055776702,2.2246360264953005,4.0121699956733,4.44367289194396
103.996973384933,1.38853688915663,7.0131395933339995,2.9787217355730995,4.270657077523701,1.6910584366763999,3.5081442551405004,3.89234421964954
103.996973384933,1.38934706444775,7.0915031328695015,3.0980350095728006,4.245334266295298,1.4544024558246988,3.5453630777995,3.8869275884723598
103.996973384933,1.39015723973886,5.688557909349999,2.7421742399901987,3.6133602961642985,1.3393873551425024,4.6444881553548,3.6055935912003596
103.997783560224,1.31157023650061,6.171061940950999,3.7131133365477993,3.387885469316302,0.8161420705872011,4.512022324253799,3.72004502833122
103.997783560224,1.31238041179173,6.7182728359485,4.0733030827688985,4.163743671682401,0.2185360296224026,5.250878340919101,4.08494679218826
103.997783560224,1.31319058708284,7.009992729804402,4.228123338191001,4.211919763246399,0.1776472139824996,5.367845576229399,4.199105724290741
103.997783560224,1.31400076237396,7.037273616244001,4.176287644402802,4.428032990982299,0.021778120490200337,5.3349746650049,4.199669407424841
103.997783560224,1.31481093766507,6.4407254885285,3.710541679592801,4.553244658269698,0.3858497122124973,5.2201958591376005,4.06211147954822
103.997783560224,1.31562111295619,5.868376339430302,3.1132626538424972,4.222608818957003,0.5346227907918006,4.96907266729,3.7415886540623204
103.997783560224,1.31643128824731,6.071067161207999,3.1729813971751,3.9437633899656,0.3932180359360977,5.454533748860701,3.8071127466290995
103.997783560224,1.31724146353842,6.021170945580902,3.2647414530068986,3.838102864521698,0.2749037846680018,4.977607083726703,3.6753052263008406
103.997783560224,1.31805163882954,5.946318683702998,2.9500164599799987,3.642864963877301,0.26867235945639933,4.552459870402,3.4720664674837396
103.997783560224,1.31886181412065,5.766217366136001,2.8402432985818002,3.4434366707402013,0.7516534831339996,4.648450176744202,3.4900001990672407
103.997783560224,1.31967198941177,5.709389982821797,2.925981199329499,3.307813722911998,1.2543826726005989,4.7580156935628,3.5911166542453388
103.997783560224,1.32048216470289,5.520734523054401,2.708897669508602,3.0975767582452995,1.3431498247680977,4.692322553520999,3.4725362658194796
103.997783560224,1.321292339994,5.5551599754506995,2.624035240724101,2.997392122911201,0.9794995729980016,3.9575405103623993,3.2227254844892803
103.997783560224,1.32210251528512,6.595709327919803,3.2942294332559,2.7489661512721995,0.3394117832574004,2.3091448097872984,3.05749230109852
103.997783560224,1.32291269057623,6.9022925676305,3.3924283456025996,2.8260802031837997,0.041790094743198836,1.854771292372,3.00347250070642
103.997783560224,1.32372286586735,6.633905680975602,3.1438531731302994,2.657060030648701,0.2503269113319,1.6954730498454005,2.8761237691863806
103.997783560224,1.32453304115847,6.890969653533901,2.9726303216884986,2.2352821510370973,0.2573216800901008,2.369340942030199,2.9451089496759595
103.997783560224,1.32534321644958,5.9076564700243,2.3738676609490987,2.439247160427499,0.024693064384397445,3.3300792419026983,2.815108719537599
103.997783560224,1.3261533917407,6.489726114254999,2.9448068400875016,3.1095969570944995,0.2999308791541999,4.854873049872502,3.5397867680927404
103.997783560224,1.32696356703181,6.42996756906,2.986647177251701,3.504680271651697,0.4709366228366001,3.742758556453502,3.4269980394507003
103.997783560224,1.32777374232293,6.914961816222302,3.6964161618534987,3.8763248974338005,1.0010725640325013,3.982219701220199,3.8941990281524603
103.997783560224,1.32858391761405,6.908156836376499,3.9360368195596003,4.081618501812997,1.2270516620860974,5.576522724745001,4.345877308916039
103.997783560224,1.32939409290516,6.097115608884799,3.5422975474662017,4.493734723656498,1.6913374255915024,3.9295456260609,3.95080618633198
103.997783560224,1.33020426819628,6.122549111676701,3.464412446426703,4.4112021689232,1.7841968511980006,4.006053183091499,3.9576827522632207
103.997783560224,1.33101444348739,6.8050843210400025,3.764085671624798,4.5310743090555015,1.7750384574278009,4.364630157567099,4.24798258334304
103.997783560224,1.33182461877851,6.840112211348099,3.7409869808936023,4.633814879040003,1.828202966401598,4.697972940714401,4.348217995679541
103.997783560224,1.33263479406963,6.643594754703198,3.4385545862969984,4.5794732677714975,1.9279828524356972,4.9128237508788,4.300485842417238
103.997783560224,1.33344496936074,6.597992920469899,3.3333088367218977,4.657742243370301,1.9311459006902005,4.689765284748901,4.24199103720024
103.997783560224,1.33425514465186,6.224592674665399,3.003210939829298,4.6059968030212985,1.834365436921697,4.606885451168999,4.055010261121338
103.997783560224,1.33506531994297,6.517844979168,3.462919574908401,4.819089439275903,1.8031533206103987,4.751371230172399,4.27087570882702
103.997783560224,1.33587549523409,6.1156627906892,2.9806575793422,4.604080554626901,1.1758351104409002,4.509139839344098,3.8770751748886596
103.997783560224,1.33668567052521,6.3186770463584985,3.140197283363598,4.766513540748399,0.8227032349776984,4.321374792948003,3.8738931796792393
103.997783560224,1.33749584581632,6.450817012808301,3.2924420998974,5.681504533637199,0.7852828180188993,4.192591045252797,4.080527501922919
103.997783560224,1.33830602110744,5.733461687988601,2.832402978108501,4.6865291317187,0.6041172552126,4.0422736104940995,3.5797569327045005
103.997783560224,1.33911619639855,5.601691298633,2.5855569936367004,4.307652316935201,0.6847456126529003,4.174429224822301,3.4708150893360203
103.997783560224,1.33992637168967,6.611087291675201,3.295220077435701,4.1242897454065,0.12198096871509989,3.794075211637697,3.5893306589740397
103.997783560224,1.34073654698079,6.1267261348519,2.8005038587062003,3.0876924491374,0.2809905570538014,3.9841640283588973,3.25601540562164
103.997783560224,1.3415467222719,6.059766315487501,2.6135328588825004,2.6498326477322003,0.5470644187565981,3.963291740398599,3.16669759625148
103.997783560224,1.34235689756302,6.003821338817598,2.5157644305866,3.050783694060101,0.5015006988996014,3.856860985348799,3.18574622954254
103.997783560224,1.34316707285413,5.133851725875601,1.8715173521677002,3.0313192876383006,0.5284558253595009,3.9920485685223,2.9114385519126804
103.997783560224,1.34397724814525,6.073984011043702,2.329795162660801,3.1212019741392005,0.6353142884584031,3.5134206416315017,3.1347432155867216
103.997783560224,1.34478742343637,5.542457739485201,1.8881871699040005,2.9998299368535015,0.6733900592503019,3.5462655635272995,2.9300260938040608
103.997783560224,1.34559759872748,5.1918034648507,1.6992040697231978,3.0743816361354988,0.6093688260488008,3.6112046127481,2.8371925219012595
103.997783560224,1.3464077740186,4.924604747899398,1.5240089414273008,2.8613559889232008,0.5217283275061995,3.6897170931034005,2.7042830197719
103.997783560224,1.34721794930971,5.0362681570262,1.4489595819194996,2.623048736918001,0.4738888950911999,4.353954786805101,2.7872240315520003
103.997783560224,1.34802812460083,5.123669272152398,1.4845614570240997,2.9753541728064015,0.6564944997540998,4.044192414068501,2.8568543631611
103.997783560224,1.34883829989195,4.617547694042898,0.9355278288057001,1.4719488466074004,0.6386408091319993,4.529877947891698,2.438708625295939
103.997783560224,1.34964847518306,4.847788061860101,1.1265465470801992,1.586421154522899,0.8174113885729,4.4013368855423,2.5559008075156795
103.997783560224,1.35045865047418,4.8303060826454,1.349954230333097,1.5429590159504976,1.029681372691801,4.253660642855898,2.601312268895339
103.997783560224,1.35126882576529,5.1600405773696,1.6014058720720001,0.9751842292027995,1.8044125125221981,4.342222681489101,2.77665317453114
103.997783560224,1.35207900105641,5.555649549119799,1.8337978923915976,0.6489609313377009,2.077875512621201,4.392825255981901,2.9018218282904398
103.997783560224,1.35288917634753,5.6332152797027,1.7897431258977008,1.1338048069390005,1.664872106959102,4.6196575660446015,2.968258577108621
103.997783560224,1.35369935163864,5.715759461197198,1.8022771775133002,1.6047173535880006,1.3077581304721022,4.492095003232201,2.9845214252005605
103.997783560224,1.35450952692976,5.8360353684626,1.5526232395277013,1.1719334586498,1.5922079285851005,4.591942065443099,2.94894841213366
103.997783560224,1.35531970222087,6.043538076981498,1.8517721762733004,1.6244707054127012,1.3278604394905997,4.383816362741399,3.0462915521798997
103.997783560224,1.35612987751199,6.025435727467798,2.339802189752998,2.665319626002301,0.7128156288470997,4.217568002405198,3.1921882348950787
103.997783560224,1.35694005280311,6.419464834406501,2.6331456288960027,3.373093281571002,0.46305512368719803,4.153371788818301,3.408426131475801
103.997783560224,1.35775022809422,6.859534630523303,2.4828055653886985,3.1351999693106016,0.6963965623241002,4.201655713967597,3.47511848830286
103.997783560224,1.35856040338534,7.239779433956201,3.1687920265570995,3.5788527228552027,0.4295934833903985,4.050347432820999,3.69347301991598
103.997783560224,1.35937057867645,7.4983150208121,3.3894852574821996,3.6595491370804005,0.352873718815502,3.9683979496721022,3.773724216772461
103.997783560224,1.36018075396757,7.419637983916498,3.251052406899902,3.4894997095901985,0.4701744053909991,3.8445573867607017,3.69498437851166
103.997783560224,1.36099092925869,6.7859490591423,2.7571759281767,3.3198874269387026,0.07277664749540236,3.768664110897003,3.3408906345300218
103.997783560224,1.3618011045498,7.0804514020721,3.1551902599893005,3.711841724084902,0.4989021677311989,3.9670638980975,3.6826898903950003
103.997783560224,1.36261127984092,7.4480247951949,3.5939299879259003,3.729042125551601,1.0876398647071994,3.989602319002799,3.96964781847648
103.997783560224,1.36342145513203,7.424551750239498,3.567612158252601,3.612313361929399,1.4388708474201977,4.154755767685497,4.039620777105439
103.997783560224,1.36423163042315,7.0964654260994,2.9580109232833003,3.2705243707275002,1.3249937056802992,3.966113510941099,3.7232215873463197
103.997783560224,1.36504180571427,6.8882341846065,2.8427123704388,3.439830877205601,1.557145719068,4.196026948685201,3.7847900200008207
103.997783560224,1.36585198100538,6.855773412017999,2.6593588337719005,3.2439407450087003,1.6082179143773985,4.131746791436502,3.6998075393225003
103.997783560224,1.3666621562965,6.543962875453399,2.325488323096799,3.1339390218957988,1.520920251470102,4.033512584242903,3.5115646112318
103.997783560224,1.36747233158761,7.0678022637385,2.652141505744101,3.2578563164334007,1.3413949767471003,3.8421392897445976,3.6322668704815397
103.997783560224,1.36828250687873,7.2452655992074995,2.6706219976152,3.1885644575331007,1.2110219739664991,3.7788794502988985,3.6188706957242394
103.997783560224,1.36909268216985,7.755868059584699,2.7822176274186994,2.9663289298277,1.296936491618201,4.671136435508103,3.8944975087914804
103.997783560224,1.36990285746096,5.308428564389001,0.8700380595499979,2.0526443826407004,1.289681063582698,4.423042809314602,2.7887669758954
103.997783560224,1.37071303275208,7.251027096627801,2.467915131983702,2.545654004810501,1.174363392119698,3.9225867864838975,3.47230928240512
103.997783560224,1.37152320804319,7.860915921194998,2.9245278827138996,3.359191802992097,1.3753563359585002,3.9752909391322007,3.899056576398339
103.997783560224,1.37233338333431,7.9890362583835,2.8685000627449995,3.3480732894512997,1.3650298135746972,4.260414586899103,3.96621080221072
103.997783560224,1.37314355862543,7.5622832733373,2.197712940465202,2.8570584054,1.4201813310281004,4.4488836848919995,3.6972239270245204
103.997783560224,1.37395373391654,7.825764309075101,2.514176739389697,3.1622398482918967,1.5321336841756015,4.533398021699103,3.91354252052628
103.997783560224,1.37476390920766,6.887006358283902,2.123376234259201,3.188020490465,1.6465831852588977,4.211334300321198,3.6112641137176396
103.997783560224,1.37557408449877,7.119668259703101,2.2145896833848013,3.2140073009576007,1.5084625291385017,4.194752986122097,3.6502961518612205
103.997783560224,1.37638425978989,8.003776355136,2.6731434353046986,3.409436378255201,1.5560433771302016,4.066496242363801,3.9417791576379804
103.997783560224,1.37719443508101,8.1080434277231,2.5552235592207992,3.417649763472898,1.5789058249291976,3.9763937833793968,3.9272432717450783
103.997783560224,1.37800461037212,8.198572257362699,2.6063771097322004,3.835308389259602,1.409147232186001,3.4993513105332994,3.9097512598147603
103.997783560224,1.37881478566324,7.672196074533101,2.3435178992626007,3.844846768848601,1.3917493403736998,3.2997197973226022,3.710405976068121
103.997783560224,1.37962496095435,7.783646197530299,2.6897096780305,3.9434786579046985,1.4422015691525019,3.0145825765787997,3.77472373583936
103.997783560224,1.38043513624547,7.750137338856501,2.5472728752531992,3.9689404920020976,1.4488636447545993,2.4107156496718005,3.6251860001076395
103.997783560224,1.38124531153659,8.026956173791202,2.4644244946921994,3.904544559045899,1.5809242323032997,2.2284582559813977,3.6410615431627997
103.997783560224,1.3820554868277,7.2758072094535,1.9357834583379017,4.450619754399,1.3837631701392006,2.1606708257377996,3.4413288836134805
103.997783560224,1.38286566211882,7.6371999647262,2.6900726118118996,4.004474575050299,1.5180070669286003,2.4391261757540974,3.6577760788542193
103.997783560224,1.38367583740993,7.4585715105238,2.5238498084606,4.1028474037543,1.6981173244739018,2.789127899346198,3.71450278931176
103.997783560224,1.38448601270105,7.6717565921927005,3.2110567624465993,4.022988636641902,1.8043041631050016,3.7346515226915002,4.088951535415541
103.997783560224,1.38529618799217,8.079787018703502,3.369376774328199,4.5241439700114014,2.3363334845397006,4.444080290676503,4.550744307651861
103.997783560224,1.38610636328328,8.354620689557201,3.520817535176601,4.852545376320197,2.545076795325997,4.450344080674903,4.74468089541098
103.997783560224,1.3869165385744,8.494632455719401,3.7004438239773982,5.043247195651599,2.6180388373204977,4.345261168117901,4.840324696157359
103.997783560224,1.38772671386551,8.1029439160783,3.7515741690869007,4.986694269770901,2.4373456364878017,4.061850446573903,4.668081687599561
103.997783560224,1.38853688915663,7.1094862001869,3.1283267547832985,4.297059543244501,1.7438099136404013,3.4151298903537004,3.9387624604417604
103.997783560224,1.38934706444775,6.8298437612352,2.9898370977500015,4.0217668719820985,1.4716328413399005,3.7513914357502998,3.8128944016115
103.997783560224,1.39015723973886,5.540295978113701,2.616492121826198,3.2525579598584002,1.2945643379544975,4.7093191326904,3.4826459060886394
103.998593735515,1.31076006120949,6.672575468922901,4.0901026032204015,3.4007579613491004,1.0623191035614,4.1596887783050995,3.8770887830717804
103.998593735515,1.31157023650061,6.676907112337201,3.9944820677939,3.3523779610107987,0.7786272553711022,4.2918225410688,3.8188433875163605
103.998593735515,1.31238041179173,6.697407815611999,3.8646199866878987,3.9258727799997004,0.10202925754800063,4.772254185739701,3.8724368051174602
103.998593735515,1.31319058708284,7.1501367924886985,4.2968341288543,4.247802929898601,0.09310139537219797,5.081810706439999,4.17393719061076
103.998593735515,1.31400076237396,6.733450435642798,3.9028179065907977,3.9743412650426,0.11988521959089837,5.120944745897102,3.970287914552839
103.998593735515,1.31481093766507,6.113559091742001,3.368318245456802,4.064756885113098,0.2708011200628988,5.081515826805401,3.77979023383604
103.998593735515,1.31562111295619,5.830689754750502,3.150709949707899,3.9730067086500007,0.49903425142419877,5.075314015865999,3.7057509360797196
103.998593735515,1.31643128824731,5.737104418188,2.7402180627937973,3.6861978560603994,0.35013923202849995,5.471978063625798,3.597127526539299
103.998593735515,1.31724146353842,6.103555075110602,3.2841630883159,3.752028146992899,0.24002770750599822,5.061152448065901,3.68818529319826
103.998593735515,1.31805163882954,5.922721718092699,3.185535964105398,3.701227542917998,0.20052477716739858,4.598178518473301,3.5216377041513587
103.998593735515,1.31886181412065,5.576871339208601,2.8021205502823996,3.2517880293702994,0.5564014877455001,4.565073124633798,3.3504509062481196
103.998593735515,1.31967198941177,5.728820930015598,2.8659160602083986,3.2543637436298027,0.8153119261475013,4.593078362698002,3.4514982045398606
103.998593735515,1.32048216470289,5.632041481537598,2.669210578987201,3.103051814122402,0.5296286484578019,4.354152571044899,3.2576170188299804
103.998593735515,1.321292339994,5.8895549842499015,2.7659482734358996,3.244233871505198,0.2854137725626984,3.436388039550799,3.124307788260899
103.998593735515,1.32210251528512,6.589295428065402,3.2297438842782995,2.7813910520199983,0.010224622511099568,2.1326705040148006,2.94866509817792
103.998593735515,1.32291269057623,6.8942208023208025,3.469119276094901,2.898802920428203,0.25814763345220015,1.7981564897053985,3.063689424400301
103.998593735515,1.32372286586735,7.254259095764198,3.5523239612483977,2.721694888260501,0.3935801459745001,1.6165992862955996,3.107691475508639
103.998593735515,1.32453304115847,7.1463382965430995,3.384375361528299,2.3043322361654006,0.2394276592414002,2.072457068739201,3.02938612444348
103.998593735515,1.32534321644958,6.790202392190899,3.1090576698126995,2.5259916983913975,0.1510483274633998,2.6750473569743,3.0502694889665394
103.998593735515,1.3261533917407,6.536174369611903,2.7550476944132996,2.7075413300464994,0.0068898900719993605,3.676271608615501,3.1363849785518405
103.998593735515,1.32696356703181,6.547947215062202,2.869153040846701,2.8158272508726014,0.041803157662602786,4.245692966661199,3.304084726221061
103.998593735515,1.32777374232293,6.777669914122999,3.120036086664399,2.9183741708034994,0.29040410148489926,4.268016210164401,3.4749000966480397
103.998593735515,1.32858391761405,6.841770451663301,3.5144409176183977,3.3641745900110003,0.7583293220700966,4.431343821194101,3.7820118205113795
103.998593735515,1.32939409290516,6.573624811785297,3.412217428939602,3.7144821296242014,1.311916333674798,4.1246872677462,3.82738559435402
103.998593735515,1.33020426819628,6.605750977744201,3.493422408763198,3.9452395505552005,1.5805272913930999,4.229657791174198,3.9709196039259793
103.998593735515,1.33101444348739,6.7331299318333,3.528894843932701,4.189778029404199,1.7396960114760986,4.393878082195798,4.117075379768419
103.998593735515,1.33182461877851,6.6606946552183,3.3999571812230016,4.3236410165417,1.8675273624418018,4.671226650134098,4.184609373111781
103.998593735515,1.33263479406963,6.373991127702499,3.1519385074464026,4.342670759094702,1.9390953140038008,4.6653330717309025,4.094605755995661
103.998593735515,1.33344496936074,6.885619327397599,3.545573808393602,4.5669516806432,2.1413930079595005,4.548950264624999,4.33769761780378
103.998593735515,1.33425514465186,6.729750230268902,3.623757840022897,4.709862034857,2.2091704629259006,4.712940908814499,4.39709629537784
103.998593735515,1.33506531994297,6.4504588095099,3.290172966676497,4.584031693445301,1.9299952982266007,4.6642165775976,4.18377506909118
103.998593735515,1.33587549523409,6.478377034695598,3.1607635733363004,4.532621109338798,1.3796593771698973,4.9361694088951005,4.097518100687139
103.998593735515,1.33668567052521,6.380625870643598,3.209462252927601,4.5814712764079,1.1970784089732973,4.9268773510743,4.059103032005339
103.998593735515,1.33749584581632,6.467923275896702,3.2301570663263988,4.774377006736199,0.9371383649512985,4.850113021103599,4.051941747002839
103.998593735515,1.33830602110744,6.545496200720102,3.259414800911003,4.8247160481971,1.0802670392422975,4.796199419331998,4.1012187016805
103.998593735515,1.33911619639855,6.811612692909801,3.5769734309914014,4.838177132337801,1.0108795723752984,4.613756354797399,4.17027983668234
103.998593735515,1.33992637168967,6.669194764156302,3.379293172815199,4.4546163459834,0.7050964580087999,4.5889842260008,3.9594369933929
103.998593735515,1.34073654698079,6.549919838637599,3.2560593991492013,3.9984415730839977,0.11204511545049911,4.5492770652485,3.6931485983139596
103.998593735515,1.3415467222719,5.927999432413099,2.6176015151173004,3.4475482005885993,0.1687561447592003,4.314866409435499,3.2953543404627395
103.998593735515,1.34235689756302,6.077212080271199,2.688061912751099,3.7411628489448,0.21152642363160012,4.073059222702,3.3582044976601395
103.998593735515,1.34316707285413,5.555631332436601,2.114080691968301,3.4169616236481986,0.29537004073999995,3.893196639789899,3.0550480657166
103.998593735515,1.34397724814525,6.077975750409699,2.516753882756202,3.5394093420275006,0.290772365804699,3.3763952834042996,3.16026132488048
103.998593735515,1.34478742343637,6.232570902014299,2.6084338646526,3.6986185149559,0.3310518721640001,2.967868000139397,3.1677086307852393
103.998593735515,1.34559759872748,5.755404355888,2.4023419965017005,3.6892024094419007,0.21753604466259802,2.773254227454899,2.9675478067898196
103.998593735515,1.3464077740186,5.033956675902598,1.8347465023337008,3.2984743377368986,0.2554341471149968,2.9346776179455993,2.6714578562067586
103.998593735515,1.34721794930971,5.377108416374099,1.915090329764599,3.237494940799401,0.2111741553647022,3.2347594471180017,2.7951254578841604
103.998593735515,1.34802812460083,4.7038181194572,1.1450073065715003,2.3309858091905014,0.1772119285652991,4.021952005071601,2.4757950337712202
103.998593735515,1.34883829989195,4.8876233168527,1.1265260283174001,1.6459980705340023,0.4294682869997999,4.405821616328499,2.49908746380648
103.998593735515,1.34964847518306,4.8389555389302,1.0025902511285985,1.551728531331399,0.5362599435846995,4.2909218067064,2.4440912143362596
103.998593735515,1.35045865047418,4.711430335585302,1.037349526288498,1.3282026972475016,1.0094266521169004,4.188744841914502,2.4550308106305407
103.998593735515,1.35126882576529,4.791707314594699,1.3375917052596016,0.5738515416350012,1.8602777666738,4.250267423203201,2.5627391502732606
103.998593735515,1.35207900105641,5.2947272047968,1.726192242968402,0.29757434369570035,2.0008112298506013,4.172642490582998,2.6983895023789004
103.998593735515,1.35288917634753,5.644694952909003,1.9838679954544993,1.247333052313902,1.5862574172004997,4.207675159397898,2.93396571545516
103.998593735515,1.35369935163864,5.330297863848902,1.6734532277723986,1.5763688953178985,1.3682267185876995,4.3817233358475,2.8660140082748797
103.998593735515,1.35450952692976,5.510699794578699,1.6661251760872027,1.3462263118309004,1.6534073627063997,4.264586820346501,2.8882090931099405
103.998593735515,1.35531970222087,5.530486410173403,1.638724266357002,1.7855833573360016,1.4949136915493995,4.3547557146826,2.960892688019681
103.998593735515,1.35612987751199,6.150523507509998,2.1443134652390974,2.695811277881898,0.9643709924561996,4.3136290157173,3.2537296517608985
103.998593735515,1.35694005280311,6.162292406501901,1.879089606614599,2.550799778094298,1.131828007906801,4.214526044414399,3.1877071687063996
103.998593735515,1.35775022809422,5.932915401597299,1.404746120478901,2.5578830300111974,1.1822201491998001,3.9624917538397,3.0080512910253794
103.998593735515,1.35856040338534,6.633098258682299,2.6064717450423984,3.4012784618764975,0.5426426353424993,3.6512950627957004,3.366957232747879
103.998593735515,1.35937057867645,6.839948736877702,2.797932543705798,3.589554884697801,0.42925876760619985,3.535044099005802,3.4383478063786606
103.998593735515,1.36018075396757,7.4054841137288,2.928618544007602,2.9434904040255994,0.7357667876246978,3.646769093505597,3.5320257885784594
103.998593735515,1.36099092925869,4.745201698061102,0.7632024289185004,2.3464012249122987,0.5768547583319013,4.028361735638899,2.49200436917254
103.998593735515,1.3618011045498,6.8620493271752,2.8633539221678994,3.447571819779,0.17119798331150093,4.023662298328901,3.4735670701525003
103.998593735515,1.36261127984092,7.399600860053802,3.6873190977314003,3.8767076150037987,1.1620007163973973,3.971064655847602,4.0193385890068
103.998593735515,1.36342145513203,7.269467686357,3.8699554017016027,4.033235389368102,1.5836489273177996,4.037384388130299,4.15873835857496
103.998593735515,1.36423163042315,6.4439502551646015,2.880207164828498,3.377005554901398,1.7307177089324988,4.009649675301301,3.6883060718256595
103.998593735515,1.36504180571427,6.711348558140102,3.1151554178320993,3.7271452442201003,1.8065048538722976,3.932776002605898,3.8585860153340996
103.998593735515,1.36585198100538,6.3783113239923,2.6190782310383973,3.2936561771195016,1.707676498809299,3.995887317726801,3.5989219097372596
103.998593735515,1.3666621562965,6.4594592844911,2.362935050127998,3.1637246820159,1.3394317003081007,3.8001204496423995,3.4251342333170998
103.998593735515,1.36747233158761,6.173717032204202,2.0597911643500986,2.7631245146393972,1.0187954451692,4.047502111590202,3.21258605359062
103.998593735515,1.36828250687873,7.242501276532199,2.6113967389075015,2.9016455175871982,1.0766149323210996,4.079672267480799,3.5823661465657595
103.998593735515,1.36909268216985,8.052017051118202,2.9504171947136015,2.9135558389350003,1.1139712932458998,4.391331219424298,3.8842585194874006
103.998593735515,1.36990285746096,5.122759334073098,0.719020137462401,2.178090766407202,1.1659650701219988,4.5833971181282,2.75384648523858
103.998593735515,1.37071303275208,6.848319232658898,2.6403342050196983,3.191140382048399,1.420662955990501,4.180419811061601,3.6561753173558196
103.998593735515,1.37152320804319,7.0929756599615,2.9740508876883993,3.667300821872299,1.498514883465699,3.6983055359922012,3.7862295577960197
103.998593735515,1.37233338333431,7.475128458604001,2.820652776109,3.556335248399499,1.5490131511836012,3.8979710000743992,3.8598201268741
103.998593735515,1.37314355862543,6.9843970739932,1.874053119013098,2.8834477800103,1.3033152227796023,3.910111836980999,3.39106500655544
103.998593735515,1.37395373391654,7.361962265511998,2.3076461194026017,3.1549604936284013,1.4315744481476997,4.059615344068501,3.6631517341518403
103.998593735515,1.37476390920766,7.655918519328502,2.5467072244384994,3.299106388680901,1.5489530433100995,3.9774447568455003,3.8056259865207003
103.998593735515,1.37557408449877,7.3120451076549,2.3794303833955013,3.4598037127686005,1.5822935289168996,3.858542490745698,3.71842304469632
103.998593735515,1.37638425978989,7.973229801263301,2.7123604854951004,3.618845525693498,1.5107520682187996,3.6583947097477,3.89471651808368
103.998593735515,1.37719443508101,8.069615801286801,2.5522313148673987,3.3514278078025974,1.5378063621632982,3.0614008461643003,3.714496426456879
103.998593735515,1.37800461037212,8.331857755621101,2.4381955912476023,3.7704937674379977,1.4702679631478972,3.023623138848201,3.80688764326056
103.998593735515,1.37881478566324,7.8362172513309005,2.507282001817501,4.173878970915599,1.474441279858901,3.1468142291394976,3.8277267466124796
103.998593735515,1.37962496095435,7.545535686788298,2.696594435042801,3.8206068600803,1.3893403490754999,3.110257202677399,3.7124669067328595
103.998593735515,1.38043513624547,7.663778307779399,2.835099225653803,4.2790580909288,1.669462395024901,3.024157499565998,3.89431110379058
103.998593735515,1.38124531153659,7.5423237580811,2.6332919103913,4.397699446935601,1.6287123935597982,2.849240655734601,3.81025363294048
103.998593735515,1.3820554868277,7.381492543503601,2.200708002217599,4.041708501210298,1.4303999083398011,2.3644147749159004,3.48374474603744
103.998593735515,1.38286566211882,7.569565227098803,2.3205253195982003,4.0259501067036005,1.4481023542088032,2.3170362708197985,3.536235855685841
103.998593735515,1.38367583740993,7.673528257897498,2.918557777135799,4.279988270254602,1.613340234070698,2.4036066517469976,3.777804238221119
103.998593735515,1.38448601270105,7.218516807877698,2.4968536356858984,4.1896844664487,1.6650984070890011,2.859545794121601,3.68593982224458
103.998593735515,1.38529618799217,7.7268442469699,3.120925814812601,4.4137794945023,1.8274448666165988,3.3829382083604997,4.09438652625238
103.998593735515,1.38610636328328,7.950780533940399,3.4130033255546977,4.569354799519903,2.008522950691603,3.6027015964355016,4.308872641228421
103.998593735515,1.3869165385744,7.854096637753802,3.356261717733201,4.639534462465601,2.190461097916298,3.788281526435,4.365727088460781
103.998593735515,1.38772671386551,7.923679029833,3.4961802656528,4.6255966923557,2.028482753716002,3.7631990889079,4.36742756609308
103.998593735515,1.38853688915663,7.1052912551039,3.0444147847607006,4.248605225133801,1.7108350964147014,3.693214079047298,3.96047208809208
103.998593735515,1.38934706444775,6.420432187049002,2.9042040554605997,3.786284916272603,1.2939069446704998,3.9059396721801996,3.6621535551265807
103.999403910806,1.31076006120949,6.5423632513575996,3.719954014993501,3.4605387505433,0.4340257337952025,4.508680362090999,3.7331124225561205
103.999403910806,1.31157023650061,6.419528582752701,3.5704086780005966,3.556838124838098,0.09963707891169804,4.666538664717798,3.6625902258441783
103.999403910806,1.31238041179173,7.032534998550702,4.0080271888881995,3.9909072185975987,0.061353468356699636,4.9390148169587995,4.0063675382704
103.999403910806,1.31319058708284,7.1374524965156,4.1436882920529,4.1477176435080025,0.16675313142230053,4.753167713635598,4.06975585542688
103.999403910806,1.31400076237396,6.9244960741885,4.0929986085391015,4.1230408275588,0.1981836414048992,4.552220053773301,3.9781878410929203
103.999403910806,1.31481093766507,6.645018797758503,3.9306299625577985,3.913611212165101,0.07275815897619964,4.7898861627230005,3.8703808588361204
103.999403910806,1.31562111295619,6.414595286001401,3.650563346498,3.810219922134902,0.013033599636500526,5.395670043362102,3.856816439526581
103.999403910806,1.31643128824731,6.348995805182703,3.5421652936099015,3.9612570989698987,0.03530959398059963,4.948266088311101,3.767198776010841
103.999403910806,1.31724146353842,6.1830723497566,3.380412095075801,3.9421022804794,0.0994367304483994,4.819825057183202,3.6849697025886803
103.999403910806,1.31805163882954,5.980268913782801,3.2118671026696006,3.755286396036201,0.12269872697619988,4.5579676420898,3.5256177563109206
103.999403910806,1.31886181412065,5.811650490916801,3.1744394342626983,3.6135060573774,0.35639422476539906,4.7953686146511,3.5502717643946795
103.999403910806,1.31967198941177,5.8094920744043,3.144021648255599,3.475776640981099,0.4294059291178023,4.822312618096198,3.5362017821709997
103.999403910806,1.32048216470289,5.771103657076498,2.9673357526837023,3.198036613994603,0.2575476605564013,4.514925651909699,3.341789867244181
103.999403910806,1.321292339994,5.830239231350298,2.9032351665197,3.2338811357173967,0.021053030646399407,3.3601558193631007,3.069712876719379
103.999403910806,1.32210251528512,6.6557807892308,3.4684765235181985,3.1171461602964,0.32801726553680055,2.435478162584097,3.200979780233259
103.999403910806,1.32291269057623,7.083655322318698,3.5454209703719997,3.1896810827681996,0.3548506488432004,1.9185786656493988,3.2184373379902995
103.999403910806,1.32372286586735,7.272736821821603,3.6246621894606967,3.1089909783754983,0.37423524229130223,1.9374504407415998,3.26361513453814
103.999403910806,1.32453304115847,7.0147922785702015,3.2659276572573006,3.0704527411567,0.23592865696990017,2.4546641738009995,3.2083531015510203
103.999403910806,1.32534321644958,6.752224683039302,2.9812963261105985,3.0879244856092996,0.01538736532850038,2.9792322663167,3.16321302528088
103.999403910806,1.3261533917407,6.6222370253723,2.698400790464099,2.8369989269251015,0.0274831866580989,2.7887548466661016,2.99477495521714
103.999403910806,1.32696356703181,6.592396295409902,2.5373544978655005,2.5612233647641993,0.22167203333749796,2.256543159586599,2.8338378701927396
103.999403910806,1.32777374232293,6.52258148272,2.578793165980901,2.3185232823938016,0.19415155167300213,2.2660558356798006,2.776021063689501
103.999403910806,1.32858391761405,6.604205576627098,3.090350349072903,2.6003381965112986,0.2265145465438998,3.082825202080599,3.12084677416716
103.999403910806,1.32939409290516,6.555619566236501,3.1905235921872013,2.734973773660201,0.6961542258901012,5.0803871115723,3.651531653909261
103.999403910806,1.33020426819628,6.698961440447999,3.182543501717703,2.9522827287417,1.072569251414798,4.393666527584401,3.66000468998132
103.999403910806,1.33101444348739,6.6154151879499,3.0858507983076002,3.402788508481599,1.2225483770013028,4.7108446325242,3.8074895008529204
103.999403910806,1.33182461877851,6.5442927971818,2.985793873652497,3.7321500013834985,1.5114559389493003,4.8763590271443995,3.9300103276622993
103.999403910806,1.33263479406963,6.673953256249,3.1574956231957003,4.3576426882686015,2.0106172229676,4.808765332889497,4.20169482471408
103.999403910806,1.33344496936074,6.829327552766401,3.2337392023283016,4.129002942891901,2.4125406705159023,4.735398438054602,4.268001761311422
103.999403910806,1.33425514465186,6.568475673600702,3.3262644567201995,4.237084986543401,2.436509366850199,4.800247156587098,4.27371632806032
103.999403910806,1.33506531994297,6.429510604470202,3.2186314880881,4.4403369361616996,2.1848608309732995,4.916248005915001,4.237917573121661
103.999403910806,1.33587549523409,6.644879329347997,3.3066035714081004,5.2661043030689,1.9933538725779982,4.9897021205295005,4.440128639386499
103.999403910806,1.33668567052521,6.5022528295983015,3.2148608012800004,4.255514053199999,1.2747723104775979,4.905096360768301,4.03049927106484
103.999403910806,1.33749584581632,6.516375082753402,3.0973689871630974,4.522619368753698,1.2577698747019994,4.9838056652367015,4.07558779572178
103.999403910806,1.33830602110744,6.450993060812998,3.1493898334494013,4.522600853933,1.165972220615,4.934697156892803,4.04473062514064
103.999403910806,1.33911619639855,6.490423727916799,3.2961502828287976,4.593958734854201,1.1154150592225989,5.024692556255001,4.104128072215479
103.999403910806,1.33992637168967,6.7150810372002,3.3942678446051,4.426076291743499,0.9435717981974001,4.897666713944801,4.0753327371382
103.999403910806,1.34073654698079,6.821919941301498,3.453489038910199,4.308804197093799,0.6116281159576005,4.752840201003803,3.98973629885338
103.999403910806,1.3415467222719,6.627766705626602,3.362263418783801,4.176232333780902,0.1894312807443015,4.5322332561871015,3.7775853990245416
103.999403910806,1.34235689756302,6.503384756037203,3.196914218828198,4.233649718107998,0.03936245121380111,3.9593876816366986,3.5865397651647797
103.999403910806,1.34316707285413,6.1267506813866,2.653743737634599,3.8920504817662973,0.14278053044670003,3.603461122760102,3.2837573107988596
103.999403910806,1.34397724814525,6.2637790814168,2.7901771795621,3.9346806336399,0.12718014520010001,3.091293977738001,3.24142220351138
103.999403910806,1.34478742343637,6.4295865593547,2.9104368867612997,3.9784749246916995,0.06875539725039914,2.7949492441293984,3.2364406024374994
103.999403910806,1.34559759872748,6.1233317129041005,2.762925714794399,4.0166490954952,0.06713462102299772,2.7928881076302012,3.1525858503693795
103.999403910806,1.3464077740186,5.648635123848901,2.2635100854895995,4.434334476738801,0.09420873654719841,2.6662794624383004,3.02139357701256
103.999403910806,1.34721794930971,5.102307346841599,1.7192951433495018,3.362700829362602,0.15376052271530227,2.8732093408158015,2.6422546366169612
103.999403910806,1.34802812460083,4.9055408985135,1.4670160477945018,2.9750372111138006,0.42742668121949734,3.3540980784802983,2.6258237834243197
103.999403910806,1.34883829989195,5.1556732488731996,1.401134261149501,2.4176659735016983,0.1871724259650982,3.992547683533701,2.6308387186046396
103.999403910806,1.34964847518306,4.9722298181368,1.1819085925702986,1.9322167142967004,0.41953664845160077,4.368158795994301,2.57481011388994
103.999403910806,1.35045865047418,4.670980983720902,0.8814110489407021,0.9796034478760021,1.270254817392697,4.213459041110102,2.403141867808081
103.999403910806,1.35126882576529,4.757851104156302,1.0761377814772004,0.48528781271249954,1.7681041572304004,4.166891822663999,2.45085453564808
103.999403910806,1.35207900105641,5.046823569094602,1.269582191891299,0.38427574464250114,1.6338730179723022,4.158530060444303,2.4986169168090013
103.999403910806,1.35288917634753,5.444023887179,1.6348200133224005,1.5105164743743025,1.2974076054678,4.078633298598302,2.793080255788361
103.999403910806,1.35369935163864,5.268380825918097,1.588990193934201,1.9450030415264976,1.2240817485142017,4.138099844240301,2.83291113082666
103.999403910806,1.35450952692976,5.247794619139601,1.707121821728098,1.9969281494593005,1.3475258216708,4.285309404956099,2.9169359633907797
103.999403910806,1.35531970222087,5.556740257166499,2.0420800714889005,2.370722661591298,1.2781248197613024,4.143382750721102,3.0782101121458205
103.999403910806,1.35612987751199,5.6853118714948,2.079970319866,2.6391109537347006,1.3120996958266993,5.122889028076202,3.3678763737996804
103.999403910806,1.35694005280311,6.039859218718803,2.0742617007954003,2.4845425372179015,1.4453205481914004,4.1912854855549995,3.247053898095701
103.999403910806,1.35775022809422,5.531512257908098,1.4608220462237007,2.398224946168302,1.4286593369543006,4.953126512301999,3.15446901991128
103.999403910806,1.35856040338534,6.335252803398099,2.0570070370973,2.699232057550997,1.171004468215802,3.252660169985802,3.1030313072496
103.999403910806,1.35937057867645,6.582567224856199,2.265188592428302,3.0068909238779007,0.9975682888052013,3.0794423017362007,3.1863314663407607
103.999403910806,1.36018075396757,7.110932164053899,2.2615766740780003,2.331030444471601,1.1597284601119995,5.004144354465101,3.5734824194361203
103.999403910806,1.36099092925869,5.909514248585001,2.012701957012599,2.7141105457718027,0.8352619182036989,4.5492458635118,3.2041669066169804
103.999403910806,1.3618011045498,6.488985809906101,2.616959881873001,2.974933198083999,0.16621354844599878,5.696710945475299,3.5887606767568796
103.999403910806,1.36261127984092,6.9194106545335,3.300196805256501,3.8353364113001014,1.0090644641207014,4.082608706094401,3.829323408261041
103.999403910806,1.36342145513203,6.809481984546803,3.6847223290742974,4.180871723583099,1.5484299161997015,3.8543110408447987,4.01556339884974
103.999403910806,1.36423163042315,6.596142601657899,3.6055434548331995,4.141695955342499,1.8800783483670003,3.6099223300393994,3.9666765380479996
103.999403910806,1.36504180571427,6.342833534510099,3.343351533854303,3.991725150706799,1.931525893002302,3.5854325785795993,3.8389737381306204
103.999403910806,1.36585198100538,6.3477061581908,3.227863635693499,3.871751600789402,1.9298286357224015,3.5829116302036006,3.7920123321199406
103.999403910806,1.3666621562965,6.242021626758902,2.749121851698902,3.6155103063195995,1.7987678541857974,3.9342211214400997,3.66792855208066
103.999403910806,1.36747233158761,6.436631749954,2.6024734935795024,3.3221172451669005,1.6497153949263996,3.9596918882410996,3.59412595437358
103.999403910806,1.36828250687873,6.7547336195768,2.4638818463694,3.185312546829799,1.4810277114216,4.0794513410859,3.5928814130566997
103.999403910806,1.36909268216985,7.333194554235,2.4028425014950017,2.563624933638998,1.174373732749597,4.3159447382907,3.557996092081859
103.999403910806,1.36990285746096,6.462475146089201,1.8768826689923976,2.320690867106098,0.9526296172675011,4.371185691856699,3.196772798262379
103.999403910806,1.37071303275208,6.302521552698398,2.1758753114865,2.8799869278519026,1.159041294433301,4.010955413224,3.3056760999388204
103.999403910806,1.37152320804319,6.4736854360172025,2.5218924414808015,3.3315257162227,1.3159817972366987,3.8003248346757985,3.48868204512664
103.999403910806,1.37233338333431,6.4676279686675,2.5542224123325,3.375035790672001,1.4611006274274025,3.6857657123531986,3.5087505022905203
103.999403910806,1.37314355862543,5.9921114344932,1.5524897190913975,2.8842627148448017,1.4101648378505978,3.5380352774040986,3.075412796736819
103.999403910806,1.37395373391654,7.047969821971201,2.278326267689099,2.9449817770737994,1.277605942581701,3.629463231332199,3.4356694081295998
103.999403910806,1.37476390920766,7.350476321005601,2.8595027885519,3.494978455670399,1.6144030838363008,3.586114329431201,3.7810949956990805
103.999403910806,1.37557408449877,7.715741107303902,2.7970294398636995,3.618030471824401,1.5408294829877995,3.5374301107826973,3.8418121225524997
103.999403910806,1.37638425978989,7.4549131467266,2.3161285237098,3.6682475023328998,1.3355153661144996,3.1594094217025983,3.5868427921172796
103.999403910806,1.37719443508101,7.8866755300382,2.5714068618379002,3.6217526739773014,1.4280679909903995,3.181699995251101,3.7379206104189806
103.999403910806,1.37800461037212,8.1106245526917,2.783832816644299,3.936282959029601,1.5636698258085993,2.9587515372179034,3.8706323382784205
103.999403910806,1.37881478566324,7.491346280903901,2.8996531452478003,4.2963310355948,1.5319449643404006,3.3082808749728976,3.90551126021196
103.999403910806,1.37962496095435,7.258430738423101,2.7334461935990007,4.225754115482999,1.4633913234277003,3.254232318739202,3.7870509379344006
103.999403910806,1.38043513624547,7.3396171529909005,2.559834721213999,4.253173404333001,1.4255324085811019,3.117529015991199,3.7391373406220403
103.999403910806,1.38124531153659,7.053858710629999,2.0324903477874017,4.144946281512201,1.4453617165474988,3.055897081949901,3.5465108276854003
103.999403910806,1.3820554868277,7.2595963613807974,1.8130150192871,4.014620864933498,1.4380946240571006,2.5654332807481985,3.418152030081339
103.999403910806,1.38286566211882,7.096762424687402,1.4320070642496994,3.7529401700051004,1.3231542824879021,2.1919087128228014,3.159354530850581
103.999403910806,1.38367583740993,7.510600456775698,2.2812803848086,3.8464010667136996,1.3707074576595986,1.8758592240397007,3.3769697179994593
103.999403910806,1.38448601270105,7.358346212981701,2.2797546025994997,4.066954954124203,1.3665514898866995,1.9584951023763004,3.4060204723936804
103.999403910806,1.38529618799217,7.859938935629799,3.0274300466805997,4.1086459650246,1.521013888913199,2.4966715222304003,3.8027400716957196
103.999403910806,1.38610636328328,7.828639986268499,3.294095950066499,4.299342250461201,1.647969431489198,3.053482544949002,4.02470603264688
103.999403910806,1.3869165385744,7.7596147758032,3.251587128725401,4.1524866956787,1.7954146127671997,3.4524371006537997,4.0823080627256605
103.999403910806,1.38772671386551,7.779711933944299,3.170000491694701,4.172216788809301,1.797939214254498,3.387607502427798,4.06149518622612
103.999403910806,1.38853688915663,7.017874053270798,3.1221991132754,4.157265301658999,1.5219899836488011,4.026919450020902,3.96924958037498
103.999403910806,1.38934706444775,6.1266047904864,2.8898677158610013,3.8155202473779006,1.1273036709079989,4.1788291132812,3.6276251075829
104.000214086097,1.31076006120949,6.474804662191602,3.4189581906249984,3.428524536222998,0.526846741658499,4.975521994900202,3.7649312251196596
104.000214086097,1.31157023650061,6.1884840578421,3.171865185236502,3.5212474912888005,0.7017580294664008,5.313564300184499,3.7793838128036605
104.000214086097,1.31238041179173,7.2288622741527,4.099548502113301,4.0996161785670004,0.29914413121199956,4.9922449077599005,4.14388319876098
104.000214086097,1.31319058708284,7.508860442796099,4.400692246627099,4.4349866696571,0.09369597441950006,4.7356195167946,4.23477097005888
104.000214086097,1.31400076237396,7.142586794301998,4.0989572094057,4.3682942444891,0.26231704987250026,4.5548956479333,4.08541018920052
104.000214086097,1.31481093766507,7.210974251457998,4.290701124690699,4.5048447541214,0.31146170237899895,4.766196001534297,4.216835566836679
104.000214086097,1.31562111295619,7.044152812651099,4.1749522512647985,4.359850130489203,0.23004603998479922,4.873840519693999,4.13656835081678
104.000214086097,1.31643128824731,6.836383293450901,4.1088497588839985,4.5775453940537005,0.1233861213311016,4.469641671224,4.023161247788741
104.000214086097,1.31724146353842,6.3995957395923995,3.697732839893,4.419132739521601,0.06850513602700303,4.373420237562399,3.7916773385192806
104.000214086097,1.31805163882954,6.293214239598001,3.47428476276,4.178865070727898,0.10562443545870082,4.5157025143365,3.7135382045762197
104.000214086097,1.31886181412065,5.9941667887667975,3.2714215173896015,3.9959850719918997,0.17956809291590048,4.700014836100301,3.6282312614329
104.000214086097,1.31967198941177,5.9993953820976,3.4314210837159997,3.7108413411380994,0.3075382068753001,4.6337340580241,3.6165860143702195
104.000214086097,1.32048216470289,5.8471210142975,3.4492425575237,3.368266567871398,0.1986469216783,4.405890586954801,3.4538335296651397
104.000214086097,1.321292339994,5.9495016797961995,3.3004802401486018,3.5170827819348,0.0533569446004023,3.692771404758002,3.302638610247601
104.000214086097,1.32210251528512,6.6828383727667,3.518206492109801,3.400495285639799,0.5375367665134014,2.716237843736401,3.3710629521532205
104.000214086097,1.32291269057623,6.922740087153201,3.3551248203743,3.115035835207898,0.6149103765092008,2.2205014343533023,3.2456625107195807
104.000214086097,1.32372286586735,7.0695378167072995,3.1360945044934,2.8714860848607984,0.6946600396553997,2.3476958625624,3.2238948616558596
104.000214086097,1.32453304115847,7.085221555034199,3.172286748562602,3.3298547464327974,0.43841470373979874,2.8437004743380996,3.3738956456214995
104.000214086097,1.32534321644958,6.674198295648399,3.1610609997270025,3.592952737327302,0.2699477308188989,3.1710068907199016,3.3738333308483006
104.000214086097,1.3261533917407,6.4824430320412,3.0893049641965966,3.4325922886601,0.11864092439090257,2.640986909125399,3.1527936236828396
104.000214086097,1.32696356703181,6.444006757759702,3.0255258988249984,3.0892142528166993,0.020785055000800412,2.1509208532444006,2.94609056352932
104.000214086097,1.32777374232293,6.2907564664979,2.8618735455080007,2.7071733554145005,0.02006297894800113,2.1056409122721007,2.7971014517281008
104.000214086097,1.32858391761405,6.4098641521981,3.0418177896889986,2.818583056508899,0.2555283778386013,2.6871962521565997,3.0425979256782396
104.000214086097,1.32939409290516,6.626507809163002,3.1486909415650004,2.685140416617397,0.549346525395201,3.876266527859201,3.37719044411996
104.000214086097,1.33020426819628,6.655711432173,2.9405944119484992,2.1079678030689024,0.5685343856245986,5.619039482666,3.5783695030962
104.000214086097,1.33101444348739,6.3930710166041,2.4397728716581,1.8956238214201981,0.5807575364335982,6.174358554226298,3.496716760068459
104.000214086097,1.33182461877851,6.3517985585387,2.352771530941901,2.2757480541450015,1.0100601327189018,5.4703384837375,3.492143352016401
104.000214086097,1.33263479406963,5.8871160548549,2.0407382992261986,2.657231543511301,1.887568552010098,5.1871896917996025,3.5319688282804202
104.000214086097,1.33344496936074,6.593406503276398,3.000774833009597,3.5097012504294973,2.6718035552079016,5.0973826467100025,4.1746137577266795
104.000214086097,1.33425514465186,6.288139902357102,2.9705764474443015,4.1064287449137,2.6334380883258,4.895532486316,4.178823133871381
104.000214086097,1.33506531994297,5.113117251362699,2.0495620486176023,4.1946125232928,2.2996557942996994,4.9208246891905,3.71555446135266
104.000214086097,1.33587549523409,6.872143549998803,3.4873126439524,4.4314605945141,1.923401381163501,4.8695016462481995,4.316763963175401
104.000214086097,1.33668567052521,6.6004267979174,3.0640867744142035,4.057322724984601,1.7859949479148014,4.792939719444803,4.060154192935162
104.000214086097,1.33749584581632,6.444251993909699,2.9730828921696997,4.268475546867197,1.471974784042203,4.897718743702399,4.011100792138239
104.000214086097,1.33830602110744,6.715990134661098,3.1545861272376,4.365929536132601,1.361221595359801,4.914071313133,4.10235974130482
104.000214086097,1.33911619639855,6.414872212910399,3.1182123207718995,4.329848289202701,1.1257505196902997,4.825357545196301,3.96280817755432
104.000214086097,1.33992637168967,6.676914214801602,3.2917330389137014,4.271456458975301,0.9173719386774017,4.8452887282467,4.000552875922941
104.000214086097,1.34073654698079,6.830118116162499,3.3906453218029,4.0749191406702,0.5615493628536008,4.865325280215501,3.9445114443409404
104.000214086097,1.3415467222719,6.8390578773672,3.5611143444872972,4.182659352005601,0.4620635754359981,4.4012713233138,3.889233294521979
104.000214086097,1.34235689756302,6.7070222396015,3.406016705957498,4.249960092565502,0.15896203817930044,3.871194656541398,3.67863114656904
104.000214086097,1.34316707285413,6.7153886304651,3.2474335972089,4.0742617149251,0.06867972301250092,3.439089413662199,3.50897061585476
104.000214086097,1.34397724814525,6.553293852918099,3.026052821746898,4.118517136953798,0.012829821056300261,2.7642686037298,3.294992447280979
104.000214086097,1.34478742343637,6.902709562646301,3.455863224094898,5.5318400055429,0.17126680875659872,2.8104689263755986,3.7744297054832594
104.000214086097,1.34559759872748,6.442632406319699,3.0854910093942998,4.440923289293099,0.31870200500220136,2.7438447151790015,3.40631868503766
104.000214086097,1.3464077740186,5.956020006096701,2.4829504731164995,4.1029075006437985,0.1766974547664013,2.532187033867501,3.0501524936981803
104.000214086097,1.34721794930971,4.197620941209003,1.1251909013423997,3.6238962019188996,0.8192005863917018,2.6929035953486995,2.4917624452421405
104.000214086097,1.34802812460083,4.229060727243901,1.1870194911195995,3.6163660008093004,1.1438714410658015,2.9674980506637993,2.6287631421804805
104.000214086097,1.34883829989195,5.152883794593102,1.5724343987990004,3.077410136890599,0.6268601763148993,3.5253625705062994,2.7909902154207797
104.000214086097,1.34964847518306,4.761665468845802,0.9696395910819007,1.8455918339526995,0.4772440730202021,4.136538606425599,2.438135914665241
104.000214086097,1.35045865047418,4.802438957830699,0.5938697709883023,0.6628021855469015,1.3977010460507984,4.204563564993901,2.3322751050821204
104.000214086097,1.35126882576529,4.8856483526666,0.745735243647399,0.6346519062184015,1.7291994673239017,3.9565033362094013,2.3903476612131405
104.000214086097,1.35207900105641,4.9721636536407985,0.8625390593355995,0.9235762567274008,1.3249870028608015,4.009359537001298,2.41852510191318
104.000214086097,1.35288917634753,5.199442835869899,1.2209240102024985,1.6195222437970003,0.9594975236359033,4.071736851251799,2.61422469295142
104.000214086097,1.35369935163864,5.197306974084601,1.263524073038898,2.0107813459562998,0.9681413470338001,4.1931069868386,2.7265721453904397
104.000214086097,1.35450952692976,5.143632449616298,1.3833297537187015,2.3840654349817,0.9856421439240002,4.0903567647937,2.79740530940688
104.000214086097,1.35531970222087,5.168899264258901,1.5621827803032033,2.4781690426937004,1.0044854161372996,4.126112833308802,2.8679698673403813
104.000214086097,1.35612987751199,4.670660483180502,1.2066162437639,2.474721567750798,1.2936332003542006,3.7513020798204018,2.6793867149739605
104.000214086097,1.35694005280311,5.211046820500002,1.6029748696471025,3.6838283290428,1.1861063295230991,2.7968375496283997,2.896158779668281
104.000214086097,1.35775022809422,5.940410365651797,2.0139411325795997,2.7275598327027986,1.0015397368260999,2.7099754045953013,2.8786852944711194
104.000214086097,1.35856040338534,6.116449427952098,1.8975619536109,2.4944570125128003,1.1948597982572977,2.7330739102918997,2.8872804205249993
104.000214086097,1.35937057867645,6.497182456577001,1.7084650237997998,2.1889781807589976,1.5075634842482977,1.8853945939805996,2.757516747872939
104.000214086097,1.36018075396757,6.7421619833734,1.8097065605937033,1.8628213733001004,1.3238017890146025,1.4315093982340024,2.634000220903162
104.000214086097,1.36099092925869,6.3246065483624,2.347608923666698,2.885588785581202,0.8047162950831996,2.0256563046060982,2.8776353714599194
104.000214086097,1.3618011045498,6.244973611580701,2.5295307261172013,3.269065739393401,0.057356032762900355,4.030969766628701,3.226379175296581
104.000214086097,1.36261127984092,5.88068853139,2.706630054412301,4.653610949150899,0.6315871703196976,3.6037578191092017,3.4952549048764197
104.000214086097,1.36342145513203,6.564920790556599,3.6916770424952006,4.4700107499864,1.4340670267350006,3.6024953836530997,3.95263419868526
104.000214086097,1.36423163042315,6.510580763955897,3.722729612692799,4.569251048343602,1.9801091469726977,3.5792599661339004,4.07238610761978
104.000214086097,1.36504180571427,6.432534435126101,3.619097022568301,4.4344470355102,1.9894117928111008,3.6432732290889014,4.023752703020921
104.000214086097,1.36585198100538,6.205012578871802,3.450940258393601,4.195246048122801,1.9175495041240005,3.6555007036135976,3.8848498186251605
104.000214086097,1.3666621562965,6.012380019359501,3.140467101296,4.1316725419831,1.8239157035476978,3.6688317037751013,3.75545341399228
104.000214086097,1.36747233158761,6.305766548744099,2.9957036653642,4.098470631650599,1.8810017673154,4.083050239588999,3.8727985705326597
104.000214086097,1.36828250687873,6.210078509822701,2.3155774981753012,3.3292237874122996,1.9762243167148021,4.1729854521408,3.6008179128531808
104.000214086097,1.36909268216985,5.574526217977198,1.3524742951621,2.1160848508075,1.7099367645616006,4.8452134855825015,3.11964712281818
104.000214086097,1.36990285746096,6.1045630430269,1.543781727412103,1.8751350884014997,0.8904175097259994,4.572250142095999,2.9972295021325004
104.000214086097,1.37071303275208,5.9519119786914985,1.7717913417011992,2.348888119335001,0.8444482815952021,4.242272266283798,3.0318623975213397
104.000214086097,1.37152320804319,5.497626767522799,1.520037726303002,2.537820960254802,0.9805847793292024,4.147757344786299,2.936765515639221
104.000214086097,1.37233338333431,5.316464425113601,1.3514228547071987,2.757279073038699,1.3344364024113986,3.822273885458703,2.91637532814592
104.000214086097,1.37314355862543,4.931796675740699,0.7744406738018981,2.7879869428350013,1.4420330626585987,3.9791139337646015,2.78307425776016
104.000214086097,1.37395373391654,5.4371914423463,1.0773465383732983,2.452227046480001,1.3081360839034986,3.4091942209095016,2.73681906640252
104.000214086097,1.37476390920766,7.384942698925702,2.721389085321597,3.2277935596472,1.3872166441695981,3.1427377554298026,3.57281594869878
104.000214086097,1.37557408449877,7.493069840983399,2.5371967983421015,3.105102626930499,1.2897607013376984,3.134453800418001,3.51191675360234
104.000214086097,1.37638425978989,7.154887503180202,2.010421058486603,3.2386758715142,1.210618913452901,3.0969237611510003,3.3423054215569814
104.000214086097,1.37719443508101,7.071886947706801,2.115492135669701,3.146405085345201,1.1231520930563015,2.804537928733499,3.2522948381023005
104.000214086097,1.37800461037212,7.6783182793948015,2.6668677544253008,3.5897789511674,1.3158633526009993,2.6211049767388026,3.574386662865461
104.000214086097,1.37881478566324,7.3457391809693995,2.506905918321401,4.0539496701298,1.4000246788382995,2.7826055552165023,3.6178450006950804
104.000214086097,1.37962496095435,6.1300967637554,1.4847059419329973,3.6042632160372996,1.1382285814802025,2.791861174357102,3.0298311355126004
104.000214086097,1.38043513624547,6.9640449612314015,2.5978527439892005,4.0420529076018,1.1245636696995014,2.6547847874484987,3.4766598139940803
104.000214086097,1.38124531153659,7.015129362458797,2.4566805143025974,4.020892826253299,1.2152614548332998,2.5902609639620984,3.4596450243620183
104.000214086097,1.3820554868277,6.6249029623865,1.2427662441904026,3.8133827782423992,1.265516797609699,2.5417858236761965,3.0976709212210394
104.000214086097,1.38286566211882,6.815516176587501,1.3883045913696002,3.8368499097275013,1.4124660973672007,2.6270692426621984,3.2160412035428
104.000214086097,1.38367583740993,7.369425042318401,2.1493843367897014,4.136602263513602,1.5668903368115004,2.502403846245702,3.544941165135781
104.000214086097,1.38448601270105,7.394556089225599,2.4031940808038,4.356589287443903,1.4143672163011978,2.389190397352401,3.59157941422538
104.000214086097,1.38529618799217,7.7225324011211,3.015020981388801,4.458578033632598,1.4668912257625024,2.8574531498345017,3.904095158347901
104.000214086097,1.38610636328328,7.195470510047901,3.039688232523602,4.371892232964399,1.4992889649099972,3.3297225615641004,3.8872125004019997
104.000214086097,1.3869165385744,7.0416428706401,3.08095162559,4.065244868759201,1.4791041872646993,3.5584933383178985,3.8450873781143797
104.000214086097,1.38772671386551,7.336316242633899,3.0309349262644005,3.9568523186441986,1.6373755159963999,3.601123311248802,3.91252046295754
104.001024261388,1.31076006120949,5.3845819723477,2.5469343192683027,3.1582460807453003,0.7450433794622988,5.018716830555203,3.3707045164757607
104.001024261388,1.31157023650061,5.324962216087499,2.4830241182562993,3.230085966713901,0.7568531223144994,5.844203776841901,3.52782584004282
104.001024261388,1.31238041179173,7.3319873085991,4.289652822330499,4.113190063979502,0.434536241692399,5.108352320678701,4.25554375145604
104.001024261388,1.31319058708284,7.570009235196402,4.325815577622702,4.279031151321401,0.2516131539238984,4.751481470418302,4.235590117696541
104.001024261388,1.31400076237396,6.8087309801709,3.334507215591401,3.6851592858704016,0.3308624628025001,4.5717470664198,3.7462014021710006
104.001024261388,1.31481093766507,7.336765790679802,4.088419945365299,4.334304535276598,0.015668977939199635,4.66813202889,4.08865825563018
104.001024261388,1.31562111295619,7.608594193522901,4.4676651918011,4.679483739618302,0.1771470793660015,4.4907044569227,4.284718932246201
104.001024261388,1.31643128824731,7.011278730671499,4.132223856662598,4.502177510254999,0.16641358329939848,4.119403432576501,3.986299422692999
104.001024261388,1.31724146353842,6.7330454017189005,3.9683005637412982,4.4102792255499,0.26856299195689814,3.9725283452148012,3.8705433056363594
104.001024261388,1.31805163882954,6.595623663266398,4.081350823841301,4.121597608124997,0.09578436818440039,3.8123769744059004,3.7413466875645995
104.001024261388,1.31886181412065,6.492291199106198,3.8992692847437986,4.0687952649021,0.13725550208199877,4.0303030408529,3.725582858337399
104.001024261388,1.31967198941177,6.136252817983099,3.765357734939201,3.8750271394294025,0.17702456319850057,3.9959074793972,3.5899139469894807
104.001024261388,1.32048216470289,5.907315516538699,3.490352088580398,3.602509680354,0.1960077117376997,4.107231862358901,3.4606833719139396
104.001024261388,1.321292339994,6.185300291275901,3.2537020407614,3.8637599625472028,0.0678001680434015,3.7056034423014026,3.4152331809858616
104.001024261388,1.32210251528512,6.7767521385971,3.302239864167902,3.687204993280801,0.4162295251804018,3.116970460354299,3.4598793963161008
104.001024261388,1.32291269057623,6.822407054853201,3.149562881390402,3.542351617247199,0.30267460090449916,2.9751590803765,3.3584310469543603
104.001024261388,1.32372286586735,6.391559036404402,2.5502377271819974,3.1952983705532993,0.24547774722289972,3.257564003635,3.12802737699952
104.001024261388,1.32453304115847,6.7106130796965004,2.7439481840685005,3.179378365741602,0.1812411195177006,3.510869731377497,3.2652100960803603
104.001024261388,1.32534321644958,6.770926181352699,3.1220359615343014,3.263588761357102,0.2736914683029994,3.3000307433811003,3.3460546231856405
104.001024261388,1.3261533917407,6.5352393382847005,3.290776015645701,3.3827594886023,0.11780630951500015,2.7082379268527994,3.2069638157801004
104.001024261388,1.32696356703181,6.384105547823797,3.3824037928470005,3.4080964238054996,0.22928196301349857,2.3718228578016998,3.155142117058299
104.001024261388,1.32777374232293,6.289908807875598,3.412445831303298,3.4588056224636006,0.3825251266376988,2.3618972993978,3.181116537535599
104.001024261388,1.32858391761405,6.019180117098301,3.0468440895980997,3.108215087253601,0.41658672527309903,2.753728894639803,3.068910982772581
104.001024261388,1.32939409290516,6.590121475107701,3.4265552763901006,3.0361392824857987,0.46521674966450277,3.164529532199399,3.3365124631695005
104.001024261388,1.33020426819628,6.652169882706499,2.972277737369698,2.0901920744266995,0.2789137631395029,4.5974785750326,3.318206406535
104.001024261388,1.33101444348739,6.413384342138702,2.298498679385201,1.6765924622078998,0.3282799585603975,4.862168669128899,3.11578482228422
104.001024261388,1.33182461877851,6.315634857363701,1.8919064512679995,1.4350102756302014,0.9047935903126998,5.4194661293687005,3.1933622607886605
104.001024261388,1.33263479406963,6.1354074343433,2.0753695221803987,1.9301685687256018,2.0692386011647024,6.2248554537082015,3.6870079160244407
104.001024261388,1.33344496936074,6.4918390813285995,2.5067617613118003,2.6280332802869992,2.907928014966,5.664686209988098,4.0398496695762995
104.001024261388,1.33425514465186,6.271182809128,2.6898729677218007,3.3321715937680985,2.660493982990598,5.117798706295403,4.01430401198078
104.001024261388,1.33506531994297,6.359465631325598,2.897284998468802,3.8496649901892006,2.334508166693798,4.968903443241302,4.08196544598374
104.001024261388,1.33587549523409,6.560896564409301,3.1117020312734986,4.036159300672697,2.0708036155412017,4.9198754818084005,4.13988739874102
104.001024261388,1.33668567052521,6.5602766277440985,3.218327842611199,3.8919880941116993,1.9626832480223015,4.821450954901799,4.09094535347822
104.001024261388,1.33749584581632,6.528848843308598,3.1246225956968985,4.040457100309901,1.9397210620496992,5.0403877648411,4.134807473241239
104.001024261388,1.33830602110744,6.600378235072501,3.1675975263568006,4.131123034346199,1.661586896244799,4.913120463384303,4.094761231080921
104.001024261388,1.33911619639855,6.616274827855801,3.1316422151870995,3.928841351259603,1.368818687556498,4.8781701507392015,3.9847494465196407
104.001024261388,1.33992637168967,6.410965645450801,2.9332403839079007,3.858988523799198,0.8907278252147997,4.8968358113774,3.7981516379500198
104.001024261388,1.34073654698079,6.614379707715699,3.105990509109102,4.8504322154857995,0.7080307354370987,4.728993626874299,4.0015653589244
104.001024261388,1.3415467222719,6.741347026260399,3.2745848862989,3.9562912890399,0.49512034821400164,4.1627230685923,3.7260133236811
104.001024261388,1.34235689756302,6.7962705982256,3.4955253682538974,4.056048927693702,0.47994002189399865,3.807080662530801,3.7269731157195998
104.001024261388,1.34316707285413,6.550441397525699,3.240106431509002,4.174488386989999,0.30360196344340196,3.4490619106789993,3.5435400180294203
104.001024261388,1.34397724814525,6.369581850341799,2.9955783644178986,3.9810730011574016,0.1533578933565991,2.8706106532661018,3.27404035250796
104.001024261388,1.34478742343637,6.932740680734501,3.5122851797541976,4.3678575718316,0.3092353846677014,2.869575208146699,3.59833880502694
104.001024261388,1.34559759872748,6.4751052031556,3.0653637065730024,4.2889161622677,0.36671865981959684,2.650557783100602,3.3693323029833
104.001024261388,1.3464077740186,5.853767111140602,2.368982250488301,3.961690781626203,0.45486318854329966,2.524914100077197,3.0328434863751204
104.001024261388,1.34721794930971,4.243864044238702,1.2603570145657024,3.248451106742202,0.8887994401084995,2.575806634371599,2.443455648005341
104.001024261388,1.34802812460083,4.412236556520298,1.3916637833494967,3.67564843141,1.2654418842662025,2.9299261185746985,2.734983354824139
104.001024261388,1.34883829989195,5.023862079918501,1.482806293480099,2.8999699542688013,0.45281922664879914,3.0010185259978996,2.57209521606282
104.001024261388,1.34964847518306,5.150214884226397,1.4177165948977013,1.4038827747079026,0.9184945496569021,3.4189073608415974,2.4618432328661
104.001024261388,1.35045865047418,5.1224330376876,0.9448137159168013,0.49356347871460216,1.5857110564685009,4.1150132415215985,2.4523069060618203
104.001024261388,1.35126882576529,4.925326375337701,0.5952815241021021,0.6059178195032011,1.5197255087203985,4.029326933281098,2.3351156321889
104.001024261388,1.35207900105641,4.978222486854801,0.791128274002201,1.2845892021077,1.2362500451965026,3.995060444171603,2.4570500904665615
104.001024261388,1.35288917634753,5.2950107417584,1.094664658314798,1.660188229989501,1.0476906785651998,4.040846766908402,2.6276802151072602
104.001024261388,1.35369935163864,5.4695573771136985,1.1522780250777984,1.7607301500198993,1.1312702827414967,4.081821133744601,2.7191313937394987
104.001024261388,1.35450952692976,5.543695680454402,1.4410062201590002,2.5448042101373005,0.8502406193979972,4.1128459594044,2.8985185379106198
104.001024261388,1.35531970222087,5.6013983063763995,1.618336962171302,2.7103012686449013,0.7461023266756008,4.8789358091227015,3.111014934598181
104.001024261388,1.35612987751199,4.6753407658335,1.1656829577793992,2.9631547717987985,0.6495489254984008,3.7961249589844,2.6499704759788996
104.001024261388,1.35694005280311,5.014523118366498,1.4628771784095989,2.9329800441954,0.5956901164508999,3.661767757690402,2.7335676430225595
104.001024261388,1.35775022809422,5.222420875761998,1.5444836835875009,2.8430057769404016,0.6331049474078014,3.6523476879205,2.7790725943236403
104.001024261388,1.35856040338534,5.5235110909856004,1.6650962877112967,2.4993592249809,0.783969681852799,2.989604122979099,2.692308081701939
104.001024261388,1.35937057867645,5.7841485658673975,1.4030932394095004,1.9043287920103005,1.394480868551799,1.9689072247857027,2.49099173812494
104.001024261388,1.36018075396757,6.2415370814368,1.6748903238591986,1.6543946594148018,1.478849651245099,1.2689547878146996,2.4637253007541196
104.001024261388,1.36099092925869,6.013648559127699,1.980099367388199,2.7809768432843,1.0170027262270018,1.4427586335177978,2.6468972259089996
104.001024261388,1.3618011045498,5.5537181201876,1.9240988274532995,3.017926945651599,0.23382575516700044,2.5356852078043985,2.6530509712527794
104.001024261388,1.36261127984092,6.236165131502197,3.049978999196,3.8012875895589,0.7099013830602026,4.728274586452901,3.70512153795404
104.001024261388,1.36342145513203,6.247845496526498,3.490288390400199,4.582888531973403,1.377027742117999,3.583154514173401,3.8562409350383
104.001024261388,1.36423163042315,6.231079648486499,3.635381660049802,4.613174194018299,2.1002253536541,3.7871952797293,4.0734112271876
104.001024261388,1.36504180571427,5.7423979235278,3.156376630828401,4.408446176935399,2.061538023841102,4.040708143537799,3.8818933797341004
104.001024261388,1.36585198100538,6.166603274178399,3.4481249876847997,4.503991869113499,1.987059997552997,3.9813696972816004,4.017429965162259
104.001024261388,1.3666621562965,6.3419277413001005,3.468187739909201,4.528129682287098,1.8650073237455018,4.030132353839999,4.04667696821638
104.001024261388,1.36747233158761,6.357157946287501,3.1031154411158006,4.223545525906001,1.8839407119894993,4.055536842404997,3.92465929354076
104.001024261388,1.36828250687873,5.134518429252999,1.6748428033825,3.3172059755994994,2.0386033629532,4.3854040173971995,3.3101149177170797
104.001024261388,1.36909268216985,6.1834043246396,1.9133525441898982,2.6416629790898014,1.7096631136961022,4.747188968092999,3.43905438594168
104.001024261388,1.36990285746096,6.100692996905902,1.826580876759099,2.2881294199852,1.1346211616310988,4.6881025938433005,3.20762540982492
104.001024261388,1.37071303275208,5.6709167202768,1.8284074670193,2.5540776484917984,1.0621352941556985,4.552131656789399,3.133533757346599
104.001024261388,1.37152320804319,5.199644851118698,1.7018657753816022,2.889544397076598,1.1384796355287001,4.493661812301298,3.0846392942813794
104.001024261388,1.37233338333431,4.8940703827801,1.3640910357616,2.8179144614665006,1.3176773685709016,4.536547727818199,2.9860601952794603
104.001024261388,1.37314355862543,4.7385763801711995,0.8207788412071011,2.627817416669899,1.1346091324865988,4.7727827504768,2.8189129042023198
104.001024261388,1.37395373391654,5.402027422362398,1.4538802933956987,2.5362617973501003,1.2618039429912997,3.8320231582763995,2.897199322875179
104.001024261388,1.37476390920766,6.9006931692393,2.2261674329861982,2.852187584418399,1.1170170428964,3.628852419751798,3.344983529858419
104.001024261388,1.37557408449877,7.075788015445799,2.216533585201798,2.8676960532046003,0.8690881917492987,2.9983252415132,3.2054862174229393
104.001024261388,1.37638425978989,7.770900181563203,2.0195654249877997,2.2727664737097015,0.8579604963146998,2.9510155628230983,3.1744416278797005
104.001024261388,1.37719443508101,7.4413841395559,2.2099306270336996,2.744765524857101,1.0105895963029,2.6917625919116013,3.2196864959322404
104.001024261388,1.37800461037212,7.6582656903078,2.4985548743907025,3.089663930003997,0.9548991667090014,1.941726771470801,3.2286220865764603
104.001024261388,1.37881478566324,7.476587944325601,2.2703759344618,3.5123135325069015,1.1116377361177996,2.0187524191216006,3.2779335133067407
104.001024261388,1.37962496095435,7.092720157317398,1.4921041129398986,3.3271407711181986,1.2182387441197982,2.0888443713379026,3.0438096313666394
104.001024261388,1.38043513624547,7.377442104640803,1.411322390358297,3.7573390018311024,1.258574679090298,2.076248708835198,3.17618537695114
104.001024261388,1.38124531153659,7.514587457459701,1.6942845770330983,4.337304874647401,1.4468634214474996,2.443154371188701,3.4872389403552804
104.001024261388,1.3820554868277,7.289523661713098,2.031173265819401,4.477700994854498,1.6584152905624983,3.0863875566405987,3.7086401539180187
104.001024261388,1.38286566211882,6.8823907625899,2.4657260890050985,4.375732201452298,1.5494796354255982,3.4116391220296016,3.736993562100499
104.001024261388,1.38367583740993,6.799362460029599,2.6280430178765,4.5288303655554,1.6106002528734997,3.6390192859158006,3.84117107645016
104.001024261388,1.38448601270105,6.606659302014503,2.3694181169102997,3.9632154429104993,1.4462174027994017,3.6440892213135,3.605919897189641
104.001024261388,1.38529618799217,6.630720813394099,2.633884303120901,3.7046879255569003,1.2090759849512018,3.7375447185059016,3.583182749105801
104.001024261388,1.38610636328328,5.6986128516245,2.7501203065118,3.6483353052514005,1.2658145505949001,4.100275343505899,3.4926316714977
104.001834436679,1.31076006120949,5.431427504607701,2.5696117872107997,3.009014013832399,0.5513669212645986,4.6416913986499,3.2406223251130797
104.001834436679,1.31157023650061,5.377845615194499,2.425929229942099,3.096365456619697,0.7877760815904011,5.4572858296305,3.429040442595439
104.001834436679,1.31238041179173,7.473795603999399,4.299217691848202,4.143908025673298,0.6348629900037999,4.4251985209825015,4.19539656650144
104.001834436679,1.31319058708284,7.832067457444797,4.7428568955144,5.566341801242899,0.376920206977001,3.855352766018303,4.47470782543948
104.001834436679,1.31400076237396,7.1479061609685,3.751549945672,3.8461861868634983,0.5268483888075011,3.8766791193983003,3.82983396034196
104.001834436679,1.31481093766507,7.619979698962698,4.433427886247301,4.517537070349803,0.030030936211499437,4.204862290757902,4.161167576505841
104.001834436679,1.31562111295619,7.255181054710501,4.230780618596199,4.729944768083801,0.082208138773602,4.125599272759299,4.084742770584681
104.001834436679,1.31643128824731,7.225560210321401,4.124127454628901,4.5053684076975,0.019512640441902818,3.9215037221815017,3.959214487054241
104.001834436679,1.31724146353842,6.9888435785744,4.2017297652657,4.500132544488601,0.33956026799179995,3.5623426372747993,3.91852175871906
104.001834436679,1.31805163882954,6.995193335628802,4.385293801090899,4.5100004994108005,0.596631527825199,3.580743405259902,4.013572513843121
104.001834436679,1.31886181412065,6.889894263294401,4.505671725064801,4.299096088896,0.37178035568580015,3.727902056070999,3.9588688978024003
104.001834436679,1.31967198941177,5.585213345800099,3.4195251650886966,3.8120829831549017,0.1729737674763996,3.5433316045328986,3.3066253732105992
104.001834436679,1.32048216470289,5.522424125933501,3.3613030058522,3.8830521534784026,0.17050807672119817,3.697495317328599,3.32695653586278
104.001834436679,1.321292339994,6.4783390262164,3.632030898584098,4.0130176846605,0.0697271572332987,3.564070811971,3.5514371157330595
104.001834436679,1.32210251528512,6.648907045328901,3.480773129616999,4.014032026286802,0.3003167829997011,3.335311923706101,3.5558681815877007
104.001834436679,1.32291269057623,6.953671182075098,3.389898861308101,3.6246325812165985,0.36006809511989957,3.3067487120903998,3.5270038863620194
104.001834436679,1.32372286586735,6.8245854354684,3.3895710884211,3.7591275998299984,0.10407947439720289,3.432077650756799,3.5018882497747
104.001834436679,1.32453304115847,6.7088268048370985,3.2595524701804024,3.5243829665652022,0.059151154550303175,3.488137629353801,3.4080102050973613
104.001834436679,1.32534321644958,6.682894289951797,3.373565963874899,3.601056789817502,0.09335801969769975,3.0885131849500986,3.367877649658399
104.001834436679,1.3261533917407,6.630377891179801,3.4515094893270017,3.2757751053648008,0.047326488350499574,2.3295014570990986,3.1468980862642404
104.001834436679,1.32696356703181,6.6467926096688,3.270766124998598,2.845236953328399,0.23099069359620117,1.7962445664334012,2.95800618960508
104.001834436679,1.32777374232293,6.566312447565501,3.4486708155376995,2.9963090473316,0.038497195342998225,1.929708674723301,2.99589963610022
104.001834436679,1.32858391761405,6.299505408273301,3.5028753323332005,3.4473560945326014,0.27658377736559814,2.3628690146619995,3.17783792543334
104.001834436679,1.32939409290516,6.3375634967521,3.4048137318241984,4.322832099184399,0.3423762880394001,2.6426451954481003,3.41004616224964
104.001834436679,1.33020426819628,6.464595719866001,2.803879713147399,2.639277490085199,0.15216912112319747,3.656008359022401,3.1431860806488396
104.001834436679,1.33101444348739,6.3203480867808,2.0489489510869987,1.8469948296666985,0.06148175927049948,3.948450078924701,2.8452447411459394
104.001834436679,1.33182461877851,6.2743526094144,2.0663928502114004,2.0452516170608988,0.7954365393455021,4.683267698491601,3.1729402629047607
104.001834436679,1.33263479406963,6.040297302938502,1.9996986626440005,1.8772641823730005,1.7190206895599012,5.225525311613403,3.3723612298257613
104.001834436679,1.33344496936074,6.157750186327302,2.0502108978379994,1.8615481663366005,2.3334023181929986,5.4419715965855,3.56897663305608
104.001834436679,1.33425514465186,6.297841282944802,2.3946383432145026,2.3400736733941017,2.198201329394603,5.072548716732303,3.6606606691360626
104.001834436679,1.33506531994297,6.266215621150202,2.5997856256511014,2.8413690187490985,1.8696063378487011,4.815440462572099,3.6784834131942405
104.001834436679,1.33587549523409,6.518520234892598,2.7930842825510993,3.2538573120885985,1.6532236059800987,4.9178771671757,3.827312520537619
104.001834436679,1.33668567052521,6.461951164246901,2.9751882698665,3.5498702155445017,1.679427735400001,5.044319547960498,3.9421513866036806
104.001834436679,1.33749584581632,6.4267474558198,2.996409187190501,3.789248209410598,1.7650926596019012,5.0795212226242015,4.011403746929401
104.001834436679,1.33830602110744,6.405873162920397,3.047970430960401,4.629246043303301,1.7656921745501997,4.8579431100080015,4.14134498434846
104.001834436679,1.33911619639855,6.6711403453467,2.9873854130193997,3.3347478891285007,1.3756964757017016,4.5862652350648005,3.7910470716522204
104.001834436679,1.33992637168967,6.461010068575899,2.9610474097415995,3.5531698660843034,1.5222025548094997,4.6034853689304995,3.82018305362836
104.001834436679,1.34073654698079,6.543850402064301,3.173657739414498,4.866441652646703,1.249471970910303,4.709825090593199,4.108649371125801
104.001834436679,1.3415467222719,6.188479416257099,2.7581402463409006,3.766345507247401,0.9720437917936984,4.2054753979432995,3.57809687191648
104.001834436679,1.34235689756302,6.451372177762398,3.222545994328602,3.9968033332429016,0.7924991189962007,3.5666314889810984,3.60597042266224
104.001834436679,1.34316707285413,6.4368407419676,3.2197605923851,4.106154702094198,0.6078164131114008,2.9739332140383006,3.4689011327193198
104.001834436679,1.34397724814525,5.7034551421469,2.478567869543401,3.804590205087198,0.5012646814377995,2.986499105873797,3.094875400817819
104.001834436679,1.34478742343637,6.664399373838201,3.2253620138193995,4.264053601942301,0.35326238626259965,2.6973756588852993,3.44089060694956
104.001834436679,1.34559759872748,6.4146797430717015,3.053642104263499,4.1668103152859,0.6820008215209015,2.565865092330501,3.376599615294501
104.001834436679,1.3464077740186,5.441032066183901,2.0851958117387994,3.6994053131310984,0.7014839624785019,2.4002651470378993,2.86547646011404
104.001834436679,1.34721794930971,5.070067302265102,1.8245210995809984,3.1969984325089023,0.7795372449197977,2.2440120765160003,2.62302723115816
104.001834436679,1.34802812460083,5.412353100775501,2.1174614908379006,3.5642398219988998,0.9206743604332992,2.262506351085001,2.8554470250261206
104.001834436679,1.34883829989195,5.483274959635498,1.9197116244185004,2.3399613251048983,0.03144431760780009,2.3269768088560987,2.420273807124559
104.001834436679,1.34964847518306,5.544896161820802,1.8985086452773992,0.4118617518445973,1.457027757666701,2.9494883040873,2.45235652413936
104.001834436679,1.35045865047418,5.1019457034478,1.333172250236501,0.03160175143320032,1.7727099805363018,3.6699953654014976,2.38188501021106
104.001834436679,1.35126882576529,4.9078432189207,0.8288441109743019,0.45015014275439924,1.5476825260873,3.8060253126438006,2.3081090622761002
104.001834436679,1.35207900105641,5.097452914301002,1.0397549546161997,1.5202897434489024,1.0404267187948015,3.8924794680062007,2.5180807598334214
104.001834436679,1.35288917634753,5.260334528304401,1.1339647512864985,1.7335713093848995,1.3069358739845995,3.8990819207709,2.6667776767462597
104.001834436679,1.35369935163864,5.670830351509398,1.3488110066993002,2.1325793585068986,1.3126746662381983,3.7337635437651997,2.839731785343799
104.001834436679,1.35450952692976,5.6387503478031995,1.5129451944956998,2.7136922264222996,0.9931333677819012,3.7277267525761992,2.91724957781586
104.001834436679,1.35531970222087,5.774887435449298,1.681480801667302,2.8362451460813993,0.8011274859963997,3.6987192386610026,2.95849202157108
104.001834436679,1.35612987751199,5.866178993407399,2.1462479726273003,3.3467730505278013,0.6160315236843985,3.563429146619999,3.1077321373733797
104.001834436679,1.35694005280311,5.0223596537557,1.7500147151123997,3.3903393092430996,0.33072850341619997,4.006116196343299,2.8999116755741396
104.001834436679,1.35775022809422,5.553783413999302,2.1119783997829984,3.4642360993838004,0.3153884020744009,3.8246469991048,3.0540066628690603
104.001834436679,1.35856040338534,5.654031047995797,1.7289719220048987,3.764834973037601,0.5969963039943984,3.5018520865613993,3.049337266718819
104.001834436679,1.35937057867645,5.117676717138497,1.3560614239854019,2.5745674315638,0.8065751411213,2.8548766939155,2.5419514815449
104.001834436679,1.36018075396757,5.415018609661701,1.3775733001883026,2.3163108025535024,1.1331639857734004,2.057933079223602,2.4599999554801015
104.001834436679,1.36099092925869,5.722465409421201,1.7693557348601985,2.6125626559561006,1.0666835160613992,1.8307010419650993,2.6003536716527997
104.001834436679,1.3618011045498,5.760689462387802,2.0795066731221006,2.9803450248797,0.4061071591242005,2.0752373489854996,2.6603771336998605
104.001834436679,1.36261127984092,6.113559689287399,2.8213371954619006,3.5010999427715994,0.3494085878934996,3.403428234687002,3.2377667300202804
104.001834436679,1.36342145513203,6.403270560441502,3.399514757414998,4.245334608063899,1.145402922414,3.6569231667845017,3.7700892030237805
104.001834436679,1.36423163042315,6.2740067466022005,3.6250807977290975,4.3728611444492,1.9889728977620003,3.964866532558503,4.0451576238202005
104.001834436679,1.36504180571427,5.448794351413003,2.937926949108899,4.3793162658359,2.0591144983714003,3.9914032047043015,3.7633110538867007
104.001834436679,1.36585198100538,5.909477968516601,3.3154548455776016,4.631621226847301,1.985749828571798,3.9840009570941,3.9652609653214803
104.001834436679,1.3666621562965,6.236723384119099,3.453925000382,4.797917751030802,1.9729018719823017,3.9909219855986997,4.09047799862258
104.001834436679,1.36747233158761,6.9761299747424985,3.3250501472847986,4.528648162805599,1.9275660943755994,4.161335758417902,4.183746027525279
104.001834436679,1.36828250687873,6.430663567603801,2.522822339983602,3.5769153975060988,1.8294222922800003,4.6175226669735,3.7954692528694003
104.001834436679,1.36909268216985,6.231024666878202,2.150497887643702,2.967932040156601,1.3747191587155,4.5907575013034005,3.462986250939481
104.001834436679,1.36990285746096,5.851505579072299,1.9159732624179995,2.629180324996401,1.0292299544110008,4.430557300361901,3.1712892842519205
104.001834436679,1.37071303275208,5.7425511608424,1.8429027374406992,2.7395026544099004,1.131056508081702,4.493319862926203,3.189866584740181
104.001834436679,1.37152320804319,5.0725308820968,1.2228115378997977,2.9278844572980027,1.1946288930598001,4.657128504045101,3.0149968548799
104.001834436679,1.37233338333431,4.5177367948131995,0.8722862791601003,2.613598225061498,1.3125477680749,5.372807319907899,2.937795277403519
104.001834436679,1.37314355862543,4.1373413425835,0.21624671547209928,2.2953793029505007,1.0619054727289985,6.2751002377993,2.7971946143068798
104.001834436679,1.37395373391654,4.594841672219101,0.9512104336718004,2.360081220303499,1.1869103813370003,5.2190746544373,2.86242367239374
104.001834436679,1.37476390920766,6.286242676853501,1.8314297600038003,2.6157162038891,1.0940710113803007,4.250513365053802,3.215594603436101
104.001834436679,1.37557408449877,6.983103251476699,2.4151793552125014,2.7996064693106,1.014223512882399,3.8188608762879,3.4061946930340197
104.001834436679,1.37638425978989,7.783416177434301,2.4501571748146986,2.6031699216941995,0.9318551490792011,3.4014764452524986,3.4340149736549797
104.001834436679,1.37719443508101,7.474035681922601,2.5856762267035016,2.932425976680001,0.9608785118224006,4.215171586914103,3.6336375968085215
104.001834436679,1.37800461037212,7.4414197463731,2.594964814118903,3.2159628176721995,1.0304129090438003,1.8100704972059027,3.218566156882781
104.001834436679,1.37881478566324,7.219729172772599,1.7018385764703012,3.0937072658737,1.0561267285732008,1.9298213708766987,3.0002446229133
104.001834436679,1.37962496095435,7.5871702975193,1.6014173336543003,3.4436631052201,1.5952647161011981,2.251042534762899,3.2957115974515596
104.001834436679,1.38043513624547,7.4659874750040025,1.623447287111599,3.9426136609881013,1.7721096491699981,2.7604108590359004,3.51291378626192
104.001834436679,1.38124531153659,6.845495164205698,2.3034948297729976,4.249044674687102,1.4881184251223978,2.9542165227185997,3.568073923301359
104.001834436679,1.3820554868277,6.1086239313059,2.4342955839934,3.8769560844612982,1.4851591597658,3.7435288936089,3.5297127306270597
104.001834436679,1.38286566211882,5.883999638591998,2.7109237768079986,3.9974726206512976,1.5831984413354014,4.388492985039601,3.7128174924852595
104.001834436679,1.38367583740993,6.071321233947202,2.7917457344597985,4.068140741094197,1.5700613374877008,4.423124165181502,3.78487864243408
104.002644611971,1.31076006120949,6.0017982321430985,2.9776118648262013,3.4885364686310005,0.4479339558511981,4.857973437160901,3.55477079172248
104.002644611971,1.31157023650061,6.0420552274022015,2.923690808440398,3.004609698762099,1.0281746619534005,4.273420756252701,3.45439023056216
104.002644611971,1.31238041179173,7.591479131637801,4.3381824885846,3.8826749569544,0.9663482110257,3.7250601366101996,4.10074898496254
104.002644611971,1.31319058708284,7.961641932474198,4.633659945057701,4.6180713378860005,0.6569108511691972,3.585828152520101,4.2912224438214395
104.002644611971,1.31400076237396,7.660611616594299,4.607379675914903,4.446334429137597,0.13876420351160235,3.983249613633898,4.167267907758459
104.002644611971,1.31481093766507,7.550484169679002,4.497646912447699,4.508691880618098,0.028857160800498605,4.187823164591499,4.15470065762736
104.002644611971,1.31562111295619,7.343698576345599,4.364386798987098,4.655702267370401,0.01888997300889983,4.1084120354410985,4.09821793023062
104.002644611971,1.31643128824731,7.176301820082298,4.4679136070183,4.562639903635599,0.04634371260580039,3.8831907153727023,4.02727795174294
104.002644611971,1.31724146353842,6.9784728831835,4.2954849711289,4.528263973606201,0.1614340235527969,3.643943904079901,3.92151995111026
104.002644611971,1.31805163882954,6.9937057466820995,4.113504139204,4.3405845456581,0.04933954455569989,3.4563701319037996,3.7907008216007396
104.002644611971,1.31886181412065,7.0987663838987025,4.102464794272201,4.373435118452299,0.05761381496850149,3.6154546234402005,3.849546947006381
104.002644611971,1.31967198941177,6.1701845234288015,3.790912349861898,4.0862239021947,0.3050499998847016,3.7505069476997015,3.6205755446139607
104.002644611971,1.32048216470289,5.906810878791003,3.774353848729401,4.244559129856,0.590972172444701,4.0761628756375,3.718571781091721
104.002644611971,1.321292339994,6.602226843878402,4.119328732322099,4.5228598334912,0.5503437195162988,4.016463712117503,3.9622445682651004
104.002644611971,1.32210251528512,6.576336050360098,4.1694321838891,4.625583451678903,0.36161734406200097,3.8186901895481,3.9103318439076404
104.002644611971,1.32291269057623,6.7802624242280025,3.9093132854311,4.400544204028801,0.21012721574570037,3.610135683078301,3.782076562502381
104.002644611971,1.32372286586735,6.7648949671743,3.506928894965398,3.9200355252331995,0.3745936101707983,3.578101663167299,3.628910932142199
104.002644611971,1.32453304115847,6.773940681427998,3.390754930416101,3.8134597332538007,0.33970382928830034,3.3652717927381985,3.5366261934248797
104.002644611971,1.32534321644958,6.666180569916598,3.2387384222722986,3.8257119385127005,0.3167619378556985,3.114509957411002,3.4323805651936596
104.002644611971,1.3261533917407,6.628228636461802,3.177324924034803,3.6420225178809993,0.13205425940839888,2.388415899047903,3.193609247366781
104.002644611971,1.32696356703181,6.5548468860143,2.765352948030902,2.878011829743599,0.1163971209420005,2.1550861707492004,2.8939389910960003
104.002644611971,1.32777374232293,6.493422324935601,3.0610669817036005,3.0032110088207027,0.032593636010201266,2.0653122922091995,2.931121248735861
104.002644611971,1.32858391761405,5.568301961332601,2.5565298471087985,3.1722556771842,0.31552878007970264,2.534973988321898,2.82951805080544
104.002644611971,1.32939409290516,5.517486805453498,2.4594250778924014,3.0303443531404,0.4152745099439983,2.6976411469726997,2.8240343786805995
104.002644611971,1.33020426819628,6.269440870153801,2.604457955225598,2.4995127639340993,0.0025058578371002227,2.5905372605793993,2.7932909415459997
104.002644611971,1.33101444348739,6.150648171441198,2.1404438502291008,2.233029199173501,0.11795682758539883,4.111764388888901,2.9507684874636197
104.002644611971,1.33182461877851,6.238545729106999,2.612476146977997,2.7999208863299003,0.5922498761633967,3.4443376636879,3.1375060604532385
104.002644611971,1.33263479406963,6.073382567453898,2.7708799133563993,2.6724364266855005,1.2397707555445976,4.407101882672201,3.4327143091425194
104.002644611971,1.33344496936074,6.0267097161239,2.2142032189772003,2.1998863701805007,1.3961248781375986,4.724541899578,3.31229321659944
104.002644611971,1.33425514465186,6.012672211030498,2.079018869424001,2.0166821208903016,1.2118080840611007,4.7512023794581,3.2142767329728
104.002644611971,1.33506531994297,5.8759580953903985,2.023452225141302,1.9215351406611987,0.7416507245671973,4.816832946326198,3.0758858264172586
104.002644611971,1.33587549523409,5.912709420843402,2.0170204201345996,2.0220351606807014,0.640537751588198,5.191794071813899,3.15681936501216
104.002644611971,1.33668567052521,5.927877248631898,2.082381332047401,2.145749359605599,0.4808421870659991,4.918112336077403,3.11099249268566
104.002644611971,1.33749584581632,6.064568650793799,2.323095007926799,2.8816937209611986,0.8525786122004995,5.0785978390963,3.4401067661957194
104.002644611971,1.33830602110744,6.1511117112893,2.576367322025,3.2023797065836987,1.2042109301529003,4.839253166838603,3.5946645673779
104.002644611971,1.33911619639855,6.2703195269393,2.6707046348840002,3.353769521389399,1.3483739046160998,4.853436552398801,3.69932082804552
104.002644611971,1.33992637168967,6.4063142079921,2.855120342479701,3.653200897488098,1.5738628827987,4.791957488226501,3.85609116379702
104.002644611971,1.34073654698079,6.807394878046399,3.2136328993186005,3.8371038689733012,1.5365549210511986,4.613229704829902,4.00158325444388
104.002644611971,1.3415467222719,6.498288672942298,3.144387459274302,4.1441219974907995,1.6660709234833,4.330338592221903,3.9566415290825203
104.002644611971,1.34235689756302,6.247270738066199,2.9735088969133017,4.316484581357599,1.226692204210302,3.638470844345399,3.68048545297856
104.002644611971,1.34316707285413,6.358335223301999,2.995804143903001,4.154565474641,1.172924178700999,3.043568274210699,3.54503945895154
104.002644611971,1.34397724814525,6.414295274568499,2.9503933717513,4.044717246994402,0.9499937416623006,2.8017705521049017,3.4322340374162805
104.002644611971,1.34478742343637,6.5951410205139,3.1589215666956,4.302324251636602,0.6394681222350016,2.691483119981701,3.477467616212561
104.002644611971,1.34559759872748,6.2090625524662,2.6632495040921995,3.7145587788990007,0.9461623218493003,2.4446503043755,3.1955366923364403
104.002644611971,1.3464077740186,5.232401895168998,1.7267958196523985,3.2621357107652997,1.0367284094821976,2.614385144203002,2.774489395854379
104.002644611971,1.34721794930971,5.229978113758502,1.8431876269673033,3.235189260097602,0.9584634496051017,2.2324464300213016,2.699852976089962
104.002644611971,1.34802812460083,6.035152765499799,2.6174673939411015,3.2701134797498987,0.5313596136591983,2.026472025021402,2.89611305557428
104.002644611971,1.34883829989195,5.6366979150719985,2.2453673696091982,1.6729061677065005,0.35358451129809865,1.9468242127819977,2.3710760352935587
104.002644611971,1.34964847518306,5.547681964176903,2.0861887230866003,0.1663595846082977,1.6624792203837977,2.2323342467129024,2.3390087477937
104.002644611971,1.35045865047418,5.531117952728202,1.8741962182542977,0.23865227171040004,1.682713073308502,2.9784787537954003,2.4610316539593606
104.002644611971,1.35126882576529,5.3743504313166,1.6013314493274997,1.0362101043158987,1.122137912082298,3.614514804976899,2.549708940403839
104.002644611971,1.35207900105641,5.268241322563,1.2207915793558008,1.7767414459771018,0.717337953515198,3.7259764445316,2.54181774918854
104.002644611971,1.35288917634753,5.309115789270901,1.120404670326998,1.7470086924777988,0.8543500995498974,3.7208563824741994,2.550347126819959
104.002644611971,1.35369935163864,5.609697142819698,1.2719447784661,1.9267279692201988,1.1111648883988998,3.601858648794,2.704278685539779
104.002644611971,1.35450952692976,5.640440846823502,1.2437502225347998,2.0191580411422017,1.1510685565767993,3.383519650898698,2.6875874635952
104.002644611971,1.35531970222087,6.023605697066802,1.816902910404103,2.6521146730976994,0.7579881691990025,3.011780362616598,2.852478362476841
104.002644611971,1.35612987751199,5.981497282974299,2.100952561941199,3.2993649619719996,0.4455343450789009,3.2282644137912015,3.01112271315152
104.002644611971,1.35694005280311,6.1810388454727025,2.6397484575674994,3.5912189369032994,0.11454597408360101,3.903855742770702,3.2860815913595607
104.002644611971,1.35775022809422,6.1130176212950005,2.7871346474953,3.9670296755381997,0.09844295554390214,3.9770065927462994,3.3885262985237405
104.002644611971,1.35856040338534,6.0773366843889,2.401851074028297,3.517071068911701,0.07718906942799819,3.661964717881901,3.1470825229277595
104.002644611971,1.35937057867645,5.6360411565466,1.821350338166301,3.1191978705556984,0.29027556521650055,3.5077067217203997,2.8749143304411
104.002644611971,1.36018075396757,5.379598494918497,1.7572936688673977,3.1782798081777983,0.1913407568194998,3.4320514801704007,2.787712841790719
104.002644611971,1.36099092925869,5.321723455406101,1.782625090073502,3.1392793540853,0.5072117741660982,3.1660029606120013,2.7833685268686006
104.002644611971,1.3618011045498,5.0188983819471,1.4462748403303003,2.8521107260697,0.03468757545659784,3.1144615793320973,2.493286620627159
104.002644611971,1.36261127984092,5.284475740604201,1.8928026958963997,2.950342015629502,0.30968943405839866,4.069255314398902,2.9013130401174805
104.002644611971,1.36342145513203,5.870431251847101,2.2816493105963005,3.1081731212113013,0.8374734402923991,4.033007827933801,3.2261469903761806
104.002644611971,1.36423163042315,6.092254423505601,2.4818139305145017,3.4940479892139003,1.2237420135833972,4.220601398749302,3.5024919511133406
104.002644611971,1.36504180571427,5.8734376107389,2.713483135560498,3.7810005523070984,1.5849226194808992,4.339588405051,3.6584864646276793
104.002644611971,1.36585198100538,5.464036931378203,2.7673092233671,4.2850006863471,1.774054335097798,4.448093275793603,3.747698890396761
104.002644611971,1.3666621562965,6.440327644750099,3.3741595974526,4.480053691346697,1.8701123875336982,4.4189608601929,4.116722836255199
104.002644611971,1.36747233158761,6.806651319596501,2.9981848985994013,4.077300210697899,1.7877364160895013,4.4527391587628,4.024522400749221
104.002644611971,1.36828250687873,6.543065750489401,2.477960493398399,3.2255479406286014,1.562654157401699,4.9404294884535,3.74993156607432
104.002644611971,1.36909268216985,6.4790336697315,2.468874904596401,3.1344338446181013,1.2746556001222977,4.825702583126599,3.63654012043898
104.002644611971,1.36990285746096,5.855225532069699,2.029050185809801,2.699262123716,1.0916219607203992,4.4142298730055,3.21787793506428
104.002644611971,1.37071303275208,5.4870866165618,1.6809751805574997,2.6343633336542993,1.0285889290612005,4.3041871688417,3.0270402457353
104.002644611971,1.37152320804319,5.024202413812699,1.2832077859023023,2.9219004444716,1.2462306208139005,4.568808575644098,3.00886996812892
104.002644611971,1.37233338333431,4.563394367892698,0.8590185766775988,2.8603458395046992,1.288927757866201,5.2697918705100975,2.968295682490259
104.002644611971,1.37314355862543,4.3492199874158,0.3997288943010986,2.5528615294576014,1.2480985213483002,6.130144484591899,2.93601068342294
104.002644611971,1.37395373391654,3.8587795754004013,0.4077636128835991,2.564142072288199,1.2087615829658986,5.224818737824499,2.6528531162725195
104.002644611971,1.37476390920766,5.8656711510008,1.6935683299804012,2.612332707949001,1.1999443285073994,4.676336891412699,3.20957068177006
104.002644611971,1.37557408449877,7.179248363304399,2.5954353216011015,3.0281818375018013,1.164490675158902,4.4083275159275,3.675136742698741
104.002644611971,1.37638425978989,7.603693007206001,2.945624830076401,3.3464593704878993,1.256643038944599,3.858209392065401,3.80212592775606
104.002644611971,1.37719443508101,7.4431982632077975,2.8767958366028026,3.6348749701470027,1.2402949012014979,1.8318903575574979,3.4054108657433195
104.002644611971,1.37800461037212,5.822093064973103,1.957143299962901,3.2062122928556995,1.1858851564062007,2.2147052919379,2.877207821227161
104.002644611971,1.37881478566324,6.6821954611951,2.2201374124507005,3.6251172119185995,1.3890899381392003,2.9142946081000005,3.3661669263607203
104.002644611971,1.37962496095435,6.275071835792701,2.300543983708099,4.140672657457099,1.762389049857699,3.3722176927626,3.5701790439156396
104.002644611971,1.38043513624547,5.477133248826302,2.167814303975401,3.693807616242001,1.7502606050924001,4.0414852769097,3.426100210209161
104.002644611971,1.38124531153659,5.0026232715703,1.5431618588637974,3.5581921384685025,1.7132592388541,4.6477489168565995,3.2929970849226597
104.002644611971,1.3820554868277,5.190182284164798,2.076005847242701,3.7064987680460995,1.492298980967,4.7246679989711,3.43793077587834
104.002644611971,1.38286566211882,5.2824230969190005,2.5970501110025985,3.5649486490357987,1.4099928747268997,3.5394219887339027,3.27876734408364
104.003454787262,1.31076006120949,5.915298126861497,2.8936479827019994,3.3635318162485,0.32648036498149935,4.2622968825684,3.352251034672379
104.003454787262,1.31157023650061,6.092313023596098,2.855775199245901,2.719198328857402,1.0481556952718023,3.817823724012598,3.3066531941967603
104.003454787262,1.31238041179173,6.909930861350098,3.7458008445582998,3.3204688663510993,1.050549836242702,3.646157852647601,3.73458165222996
104.003454787262,1.31319058708284,7.5717516290436,4.3799306382167025,4.146197711828201,0.5156769879422001,3.6928414839137993,4.061279690188901
104.003454787262,1.31400076237396,7.1879963147045025,4.291619106526298,4.6369238411807,0.23810997123210242,3.7361049996473987,4.0181508466582
104.003454787262,1.31481093766507,7.3681309054097,4.592507058563498,4.604119699932198,0.28505304551870125,4.103282792494003,4.19061870038362
104.003454787262,1.31562111295619,6.970846387223197,3.966721320151599,4.3273716517573,0.6196107082791009,3.873900874118398,3.951690188305919
104.003454787262,1.31643128824731,6.821420745132702,4.006303773040798,4.476887299895701,0.5416871872761995,3.7289606701795996,3.915051935105
104.003454787262,1.31724146353842,7.170410962984597,4.515274680641898,4.583687199341298,0.6077821238675014,3.2970627985025978,4.034843553067579
104.003454787262,1.31805163882954,7.246389023417699,4.489599086717,4.4722399355988,0.8005492498169033,2.9615005352919006,3.9940555661684605
104.003454787262,1.31886181412065,7.2353219077978,4.4280688912393025,4.2595366342448,0.599406154337597,3.2491072036267994,3.95428815824926
104.003454787262,1.31967198941177,6.785233596151798,4.3000243306952015,4.404023344772803,0.3979524840902009,4.100922330484998,3.9976312172390003
104.003454787262,1.32048216470289,6.864062067105198,4.794656655999702,4.505894752183398,1.014698996141199,4.731286682956302,4.38211983087716
104.003454787262,1.321292339994,6.924235815736498,4.636280397701199,4.7250939892596975,1.2723451477524996,4.600285876763202,4.431648245442619
104.003454787262,1.32210251528512,6.669735798875099,4.390528241484397,5.156970766600001,1.3597289363674996,4.304208857191298,4.376234520103659
104.003454787262,1.32291269057623,6.622054735592602,4.6045973836186995,5.202183202855299,1.1524211361355015,3.8757891357286027,4.291409118786141
104.003454787262,1.32372286586735,6.915519583655499,4.2994368466452,4.6469448825112,0.576344875712099,3.5372451183132974,3.995098261367459
104.003454787262,1.32453304115847,6.0834946592976,3.2531704184081,3.9549571983100016,0.4347026508519001,3.042937613932299,3.35385250815998
104.003454787262,1.32534321644958,6.704150968585601,3.3714867144304,3.7617056059842007,0.33037958624959884,2.6181194251166,3.35716846007328
104.003454787262,1.3261533917407,6.964120518760602,3.449905785922102,3.661530373209601,0.1291144875654986,2.172787879204602,3.275491808932481
104.003454787262,1.32696356703181,6.534850318520398,3.067405444989099,3.2118896542244997,0.020854990167102017,2.1656715678167977,3.0001343951435793
104.003454787262,1.32777374232293,6.3880433783600985,3.0879662171173976,3.0251222608461994,0.06784287624050123,2.314108723673499,2.976616691247539
104.003454787262,1.32858391761405,5.275528710980403,2.4384840956237994,3.1077621378216023,0.12322901751599957,2.530331953735402,2.6950671831354414
104.003454787262,1.32939409290516,5.3745513317754,2.4454570634927,3.131446295676902,0.210978223439799,2.2216318146701006,2.6768129458109806
104.003454787262,1.33020426819628,6.184137259413397,3.3514667529196984,2.755761689872898,0.01363179035489992,1.9644351851264013,2.853886535537459
104.003454787262,1.33101444348739,6.170394516525899,2.196696046493301,2.4222537688541017,0.06986054979689982,2.3154942200384987,2.63493982034174
104.003454787262,1.33182461877851,6.642281130520402,2.8409039834244005,2.7577468198992996,0.431085116815499,4.1420749283854015,3.3628183958090005
104.003454787262,1.33263479406963,6.611662134535102,3.1194964993275995,2.9800140692297994,0.7486730537168,5.6498741608209,3.8219439835260403
104.003454787262,1.33344496936074,5.883671568553101,2.4363183476409027,2.7470801036343993,0.6135073770599,4.190985850751602,3.174312649527981
104.003454787262,1.33425514465186,6.076560480693001,2.2932621145039995,2.107360784007902,0.3551290938118008,4.393230861981202,3.045108666999581
104.003454787262,1.33506531994297,5.546497928691899,1.7496873723885003,1.549022723497199,0.20650588996700137,4.8319765358588995,2.7767380900806997
104.003454787262,1.33587549523409,5.5442629815897995,1.6555873146049969,1.6335740323260026,0.10928861083360175,4.648349677507099,2.7182125233723
104.003454787262,1.33668567052521,5.392179721616699,1.4468019078413974,2.2905119722673994,0.12121606246060068,4.936564891046601,2.8374549110465397
104.003454787262,1.33749584581632,5.3777002462666985,1.4449844445374005,1.8585163794565993,0.04804587891529977,5.1807950757634025,2.78200840498788
104.003454787262,1.33830602110744,5.6087536705224,1.7461268983392984,1.9994481597493028,0.3418401723691993,4.959378821451999,2.93110954448644
104.003454787262,1.33911619639855,5.920105129150201,2.0644638667784996,2.401893652999302,0.5781491347972008,4.9927671978873,3.191475796322501
104.003454787262,1.33992637168967,6.104214778936001,2.3411125519333993,2.8393032526991,0.9114897284405004,5.055135212962298,3.4502511049942597
104.003454787262,1.34073654698079,6.6358708006447,2.6193647405705995,3.387649902520103,1.1592707116283023,4.8005368544814,3.7205386019690208
104.003454787262,1.3415467222719,6.370648400369298,2.783127698782799,3.898961120343202,1.4603215842181,4.251458580225201,3.75290347678772
104.003454787262,1.34235689756302,6.3188298097621995,2.9120515229593984,4.286742564787701,1.5513946591688992,3.6014651587889013,3.7340967430934198
104.003454787262,1.34316707285413,6.0992752844021005,2.8503362428982015,4.1902208462487,1.6175164851917998,2.918250557740098,3.53511988329618
104.003454787262,1.34397724814525,6.278944099213401,3.0191540375893027,4.200870919489802,1.4082056298853978,2.746470461506398,3.53072902953686
104.003454787262,1.34478742343637,6.550562539396399,3.1186480432577,4.976408750320999,1.3715528235176002,2.6847890874830007,3.74039224879514
104.003454787262,1.34559759872748,6.036892884709101,2.4306106933655016,3.328432802910701,1.4448675023470017,2.641965256919498,3.1765538280503605
104.003454787262,1.3464077740186,5.2314533841312,1.6764196060643002,3.0796975946839,1.4162772372579973,2.6654928186591,2.8138681281592994
104.003454787262,1.34721794930971,5.430719216913602,1.8976464427173028,3.2371384303431014,1.595075450406,2.3074437319823,2.893604654472461
104.003454787262,1.34802812460083,5.794211434761198,2.1419843756966976,2.7327855018537015,0.8901857576192995,2.005226716891702,2.71287875736452
104.003454787262,1.34883829989195,5.604745949235802,1.8765162685503007,1.1121656519684997,0.05063478520029818,1.892185515804801,2.10724963415194
104.003454787262,1.34964847518306,5.901293366271101,2.279462142481698,0.3908922917479991,0.8353620167674976,1.6768959526109022,2.2167811539758397
104.003454787262,1.35045865047418,6.009176087657,2.408878734832097,0.7478631604818027,0.6922654406861994,2.1086312036052988,2.3933629254524798
104.003454787262,1.35126882576529,5.7779067767292,2.0826700990926987,2.265078533008701,0.051615413633602,3.4687694273092973,2.7292080499547
104.003454787262,1.35207900105641,5.751114276004401,1.822524645271102,2.8810695310918,0.2959398047283983,3.5639512572902987,2.8629199028772
104.003454787262,1.35288917634753,6.060809351828603,1.8662821274831032,2.768688800017202,0.1413753134396991,3.4046145056215025,2.848354019678022
104.003454787262,1.35369935163864,5.945457439494501,1.4377009783006969,2.1384509741121,0.32275705268139987,3.4474463499671977,2.658362558911179
104.003454787262,1.35450952692976,5.578567449614198,0.988206779539901,1.6737762684687993,0.6877564509436027,3.2797559930268,2.44161258831866
104.003454787262,1.35531970222087,5.824899740919701,1.357098110563598,2.245120369647001,0.4365478498186022,2.505800738932301,2.4738933619762404
104.003454787262,1.35612987751199,5.964599417948598,2.0620523042410994,3.152959764951401,0.24875022672399894,3.084186847059499,2.9025097121849193
104.003454787262,1.35694005280311,6.494448157175199,2.916891489496802,3.7882406538119007,0.5094768627416002,3.698111606879298,3.48143375402096
104.003454787262,1.35775022809422,6.3273837663133,2.8385235355948986,3.8944461188401966,0.6739028615319,3.6240956878254984,3.471670394021159
104.003454787262,1.35856040338534,6.346409587473499,2.7377942494330973,3.4545302806623006,0.6648289750628003,3.1196271303711,3.2646380446005594
104.003454787262,1.35937057867645,6.153792625063602,2.4638553615254004,3.301074458654302,1.039125695213201,3.4446147015517,3.280492568401641
104.003454787262,1.36018075396757,5.2126889386732,1.9155432788286006,3.5645093068034015,1.421172926133199,4.225119832872199,3.26780685666212
104.003454787262,1.36099092925869,5.8109735331476,2.3794393754513976,3.9365725408977994,1.3429439454089014,4.114297624877903,3.51684540395672
104.003454787262,1.3618011045498,5.428565940816998,2.0496413558489976,3.676020798493802,0.9480035602915002,3.901961124566,3.20083855600346
104.003454787262,1.36261127984092,5.012321102121501,1.8479730397741996,3.2312590886396997,1.0946522729132973,4.711061844021298,3.179453469493999
104.003454787262,1.36342145513203,5.095774927345598,1.8629205732890988,3.2709015895679983,1.0307859718755985,4.132861099408199,3.0786488322972985
104.003454787262,1.36423163042315,5.044665694154801,1.5029026080364005,2.821152008890902,0.7315782812065024,4.471831306706601,2.9144259797990415
104.003454787262,1.36504180571427,5.141363803422301,1.5057348560422987,2.4155671627197,0.6160439737631016,4.6173352705067,2.8592090132908203
104.003454787262,1.36585198100538,4.9310832718493,1.4694051833479982,2.67393558006,0.9578906717867994,4.8651903259684985,2.9795010066025194
104.003454787262,1.3666621562965,6.197711920639698,2.530490781902401,3.3450453821660027,1.2887887439998984,4.847013870881398,3.6418101399178795
104.003454787262,1.36747233158761,6.518090809386901,2.4738207678201007,3.1597540935329995,1.3363072118067016,4.835240855231298,3.6646427475556003
104.003454787262,1.36828250687873,6.625230884937402,2.261306109594102,2.562003981942599,1.0261034516512986,4.9235681887936025,3.479642523383801
104.003454787262,1.36909268216985,6.0763444374853,2.2117132621392983,2.974680863900602,1.2240885872111988,4.926836959101998,3.482732821967679
104.003454787262,1.36990285746096,5.636019303327,1.9175554219839022,2.6907932963459977,1.1313480262866982,4.567835689818001,3.1887103475523197
104.003454787262,1.37071303275208,5.225057290898501,1.493533498686201,2.7059249963831,0.9663565397399978,4.328329674155402,2.9438403999726406
104.003454787262,1.37152320804319,5.1206086298854,1.4485849826596002,2.9886274437662976,1.1782854384189,4.382179839411002,3.02365726682824
104.003454787262,1.37233338333431,5.036304974029999,1.498024241744499,3.2929274452311006,1.2717530808312993,4.3986023623809025,3.0995224208435603
104.003454787262,1.37314355862543,4.922314530178699,1.427763862754599,3.3432248534438003,1.4050526074798988,4.447054988141499,3.1090821683996994
104.003454787262,1.37395373391654,4.855599624720099,1.1341648367460984,3.4066545834824993,1.3990586794692987,4.5736254327263985,3.073820631428879
104.003454787262,1.37476390920766,5.868461059856703,1.9521514051740994,2.9698197905726005,1.5096363584565005,4.904561143613801,3.440925951534741
104.003454787262,1.37557408449877,7.189985046198299,2.6728954230619983,3.5264357838135005,1.5049312117543003,4.675567740151202,3.91396304099586
104.003454787262,1.37638425978989,7.172543705066701,2.8877594620736,3.8427448553964005,1.396609902739602,4.085402103786802,3.877012005812621
104.003454787262,1.37719443508101,6.823374960149501,2.9383999077161995,4.1746269981554,1.5163503091455013,2.868190170952701,3.6641884692238604
104.003454787262,1.37800461037212,6.33030599568,3.314938683322101,3.8753124021911987,1.7337317892116992,3.8204522257079994,3.8149482192225994
104.003454787262,1.37881478566324,6.030601135060003,2.778612685331499,3.939896940251,1.805959203603301,4.353028021294502,3.781619597108061
104.003454787262,1.37962496095435,4.8543983774927,1.6633524101856025,3.838708681242803,2.0054699495630004,4.813429694729301,3.4350718226426813
104.003454787262,1.38043513624547,5.47641388944,2.197893018946999,3.737563010922699,1.9461512013870994,3.3167730427779993,3.3349588326949595
104.003454787262,1.38124531153659,5.345360590595899,2.2133048224775997,3.2255726887568024,1.616518410490201,3.189471907118101,3.1180456838877206
104.004264962553,1.31076006120949,5.8885061594311985,3.124742063959399,3.177920297769802,0.09446786283869812,4.344425623016399,3.326012401403099
104.004264962553,1.31157023650061,5.8626909733314,2.8551904847881,2.8758214440006,0.7466917871500982,4.0153751920301985,3.2711539762600794
104.004264962553,1.31238041179173,6.2235657615443,3.1505843362382002,3.4131697179407006,0.9081413837348009,3.7858050841471,3.4962532567210203
104.004264962553,1.31319058708284,7.1154825143804,4.111613836702503,3.9637873948476994,0.4874911088732006,3.8006843075222,3.8958118324652005
104.004264962553,1.31400076237396,6.741041221314198,4.066809927561202,4.2089959321425,0.29735851068119956,3.568526836045997,3.7765464855490194
104.004264962553,1.31481093766507,7.428384870926102,4.5228929429258,4.714222402248797,0.6660060282864002,3.7047705912814983,4.20725536713372
104.004264962553,1.31562111295619,6.1510984508425,3.427249412393799,4.0683082721328,1.2794945045844024,3.429678243408201,3.6711657766723405
104.004264962553,1.31643128824731,6.670159947672399,3.8509460560956015,4.2552129408684,1.5345517728678004,3.1355180914985006,3.8892777618005403
104.004264962553,1.31724146353842,7.278901346943901,4.548352197813802,4.739755266815699,1.3053082179225974,3.139867523640998,4.2024369106274
104.004264962553,1.31805163882954,6.858954633038902,4.0927708101981,4.311437167493402,1.517895421312101,2.651271942640502,3.8864659949366014
104.004264962553,1.31886181412065,7.199878789127499,4.5119138797678,4.210167613795303,0.8192768933444974,3.0336828704291,3.95498400929284
104.004264962553,1.31967198941177,7.0232937971036975,4.4701514114386,4.50712114673,0.3974566668430022,3.911475077473998,4.06189961991786
104.004264962553,1.32048216470289,7.1777426375227975,4.7754822321799,4.650867527882198,1.1625867155626004,4.679917296142598,4.489319281858019
104.004264962553,1.321292339994,6.733545289544001,4.598647239043203,4.683866329201798,1.4491011975572015,4.687434021186,4.43051881530644
104.004264962553,1.32210251528512,6.5975987308775,4.601299774749201,5.0202929048539,1.6604385404187987,4.5494238550347,4.48581076118682
104.004264962553,1.32291269057623,6.815614809153999,4.689153407281399,5.135934448497,1.7288361760457,4.392127816514801,4.55233333149858
104.004264962553,1.32372286586735,6.749468654794601,4.6436154455223,4.9552871745692,1.4910674156155004,4.053865726562499,4.37866088341282
104.004264962553,1.32453304115847,6.778510687278601,4.1400677297162005,4.493208493571,0.6809615711873,3.4933064319526004,3.9172109827411403
104.004264962553,1.32534321644958,6.545557432342402,3.3550445696692,3.5481853785987987,0.5671661202235008,2.792711246066599,3.3617329493801003
104.004264962553,1.3261533917407,6.8813964818159015,3.6538779936437997,3.8974604229601013,0.5846488850092015,2.433035308254702,3.4900838183367413
104.004264962553,1.32696356703181,6.6147528480498,3.453116270661301,3.6825274069177,0.49183034958549854,2.687801500773098,3.3860056751974796
104.004264962553,1.32777374232293,6.451862545542902,3.243519299699102,3.506856970769398,0.1833839504885013,2.6106764807671006,3.1992598494534006
104.004264962553,1.32858391761405,6.142519591416903,2.9636861106467016,3.230312612728998,0.26138640949150016,2.5008399163818,3.0197489281331804
104.004264962553,1.32939409290516,6.2820470059882005,2.9495624729401015,2.9877710169803997,0.15896685355279772,2.1128845046658,2.89824637082546
104.004264962553,1.33020426819628,6.2725538134552,2.9912302514682985,3.1090051698483023,0.1739934775917007,2.0559525284153004,2.9205470481557603
104.004264962553,1.33101444348739,6.325720042722402,2.8570005534619973,3.0984218827268997,0.33371491994990166,2.1915464789497,2.96128077556218
104.004264962553,1.33182461877851,6.786745728385,3.278989527429502,3.362610282086898,0.6337021223333004,2.672785260064,3.3469665840597402
104.004264962553,1.33263479406963,6.895488911903101,3.5616028243693982,3.260404488375599,0.8659273679920005,3.7198186855604014,3.6606484556401
104.004264962553,1.33344496936074,6.2898406429955,2.9760173963493983,2.9661691486133,0.6633757348373983,6.0599834432102,3.7910772732011595
104.004264962553,1.33425514465186,6.137242981287397,2.7012573995904,2.531027735251598,0.4785935874664986,4.195744759349502,3.208773292589079
104.004264962553,1.33506531994297,5.893577998249601,2.2780586752940017,2.1485788528962004,0.3414955707989016,4.447587771149898,3.0218597736777206
104.004264962553,1.33587549523409,5.698254779464001,2.1481044958111006,2.5205490577076013,0.3861388549250009,4.7287470623390995,3.0963588500493606
104.004264962553,1.33668567052521,5.509076427252499,1.9709502763021973,2.2933809348636984,0.2062410233432992,4.895761781378699,2.9750820886280787
104.004264962553,1.33749584581632,5.442065063695498,1.6974985360483004,1.9037704533416004,0.09105157705930012,5.086865320152398,2.8442501900594195
104.004264962553,1.33830602110744,5.460159834054799,1.6211098753197,1.6919751853525007,0.03087816511600039,5.125111962024498,2.7858470043734997
104.004264962553,1.33911619639855,5.531302910588803,1.362513955841603,1.4201370895633971,0.0886573243469968,5.333801281319101,2.74728251233198
104.004264962553,1.33992637168967,5.530949496705599,1.4710993509948018,1.7367081464889011,0.1578078259554978,5.551308453533199,2.8895746547355996
104.004264962553,1.34073654698079,5.5620158313304024,1.4210451617373998,2.1104430306893995,0.5222683325963011,5.3738091569369,2.997916302658081
104.004264962553,1.3415467222719,5.986224193258899,2.2857296176031987,3.0486657893653977,0.8662232262768015,4.525906076447399,3.342549780590339
104.004264962553,1.34235689756302,5.241102905104302,1.848787212146899,3.309781124199798,1.070415354057701,3.9612197147068002,3.0862612620431
104.004264962553,1.34316707285413,5.874045336207999,2.5933868476755997,3.829203953889099,1.3450739463171004,3.0839459072272,3.3451311982633998
104.004264962553,1.34397724814525,6.087957903525901,2.8813724114663977,3.993374457071301,1.6689067014500978,2.778871547522602,3.4820966042072596
104.004264962553,1.34478742343637,6.389270068995501,3.0276535312304986,3.9218575331127,1.793385145809598,2.8181365783248005,3.5900605714946194
104.004264962553,1.34559759872748,5.725674331153698,2.1709198488895005,3.1443481619873026,1.9255415509977993,2.8334469392936015,3.1599861664643805
104.004264962553,1.3464077740186,5.279138207757203,1.7483398802078973,2.926681267501099,2.1735527345257992,2.8188507990718,2.98931257781276
104.004264962553,1.34721794930971,5.640828204749802,2.0025405653508983,3.211992730324102,1.7942458090162,2.3796323308358005,3.0058479280553607
104.004264962553,1.34802812460083,5.572924765048299,1.6927834862916988,2.185729354144101,1.5151400639268005,2.230689116801699,2.6394533572425196
104.004264962553,1.34883829989195,5.3672361882087,1.4616166589743997,0.8755995505641998,0.5045485271093,1.8700359558313977,2.0158073761375994
104.004264962553,1.34964847518306,5.755190509134,1.9834063816484004,0.8480162063712022,0.25031012796669927,1.5419065096740994,2.0757659469588803
104.004264962553,1.35045865047418,6.1536604837904,2.2328161330475,1.4702749328296996,0.6751534839619993,1.5700882079909988,2.4203986483241193
104.004264962553,1.35126882576529,5.980694903587498,2.1718143963140975,2.7676685524495,1.2915709336494992,2.799630702907997,3.0022758977817183
104.004264962553,1.35207900105641,6.234779062873002,2.393283161010398,3.911300065461301,1.6833783031514002,3.3669261956588983,3.517933357631
104.004264962553,1.35288917634753,6.436807690402503,2.4839346684928003,3.9734501597538987,1.4602161853909976,3.269901145596002,3.5248619699272403
104.004264962553,1.35369935163864,5.8295516679700015,1.4874582287103024,2.621932597457299,0.8244099719141005,3.342521007845601,2.8211746947794607
104.004264962553,1.35450952692976,5.9279105373523,1.5164634124357974,2.041800361282899,0.36920588072250027,3.189953201492898,2.609066678657279
104.004264962553,1.35531970222087,6.002038106914899,1.7299378952493996,2.414991740004101,0.1625445347751011,2.810852421196799,2.6240729396280598
104.004264962553,1.35612987751199,6.156833374234601,2.2167850598562,3.163641570904801,0.5813051732684009,3.230000746921103,3.0697131850370214
104.004264962553,1.35694005280311,6.3323130982265,2.6031356164948996,4.0081756133129005,0.8992733168088023,3.5819171746962013,3.4849629639078605
104.004264962553,1.35775022809422,6.5184814380837,2.880014837123799,3.919315710586101,0.7929558242342978,3.0624790984971995,3.4346493817050194
104.004264962553,1.35856040338534,6.566758020024302,2.849609977277801,3.5291787275029023,0.7929149051577014,2.7081835624186006,3.2893290384762617
104.004264962553,1.35937057867645,6.7359984599945015,2.8191030740934977,3.4653505801595017,0.9139817518178006,3.232946225084099,3.43347601822988
104.004264962553,1.36018075396757,6.059217708824399,2.624111258117601,3.8823764020047022,1.3586121352233,4.0473386914197995,3.5943312391179605
104.004264962553,1.36099092925869,6.154007809997797,2.8893341271808985,4.2885917493562005,1.4553147873528012,4.102787466634098,3.778007188104359
104.004264962553,1.3618011045498,6.194206310988502,3.001269927138601,4.289898628469299,1.3946521160704002,3.994824183553103,3.774970233243981
104.004264962553,1.36261127984092,5.839297194097998,2.7048072434499026,4.093524713793798,1.4562442383044996,4.631795864746103,3.74513385087846
104.004264962553,1.36342145513203,5.219761734054799,2.090307056150298,4.523365888581498,1.281344176056301,4.340645075846499,3.491084786137879
104.004264962553,1.36423163042315,4.705688259818498,1.646117817722903,3.321541771840998,1.2627437301316,4.547305512239401,3.09667941835068
104.004264962553,1.36504180571427,4.2493423376241,1.0199047738384017,3.0412984490378996,1.0469469266591993,4.904456694711502,2.8523898363742206
104.004264962553,1.36585198100538,4.802104106231102,1.097088193226,2.338544629928002,0.7195353141548999,4.844036745640199,2.7602617978360406
104.004264962553,1.3666621562965,5.1110909726765,1.0270627634865015,1.7666623883735006,0.557374498369601,5.1421345060376,2.720865025788741
104.004264962553,1.36747233158761,5.921785261416101,1.3154833132230976,1.6907282972366993,0.476989329772902,5.209915757147801,2.92298039175932
104.004264962553,1.36828250687873,6.323158411347201,1.8134596023908998,2.213957998688901,0.7110162135778992,5.204193981227601,3.2531572414465004
104.004264962553,1.36909268216985,5.710338909327799,2.0452658708918,3.0158744201208023,1.2309718351290009,4.8089229055464,3.3622747882031603
104.004264962553,1.36990285746096,5.4055703570953995,1.7909171969920017,2.938660271827999,1.316846400550201,4.702012044883702,3.2308012542698608
104.004264962553,1.37071303275208,5.493952128013401,1.8329120423109018,3.1070906215955993,1.2989592275547999,4.557489603281098,3.25808072455116
104.004264962553,1.37152320804319,5.4848489678854975,1.7958285566804015,3.0033788186487023,1.0967615172175016,4.359832515563699,3.1481300751991603
104.004264962553,1.37233338333431,5.5601934509817,1.7904399985784991,3.1897453680082997,1.1314726527720005,4.247452437180801,3.18386078150426
104.004264962553,1.37314355862543,5.515428320431699,1.9309818689672014,3.378071595414699,1.4219168392735995,4.225283821346601,3.29433648908676
104.004264962553,1.37395373391654,5.334442419123601,1.6650047416563005,3.350880355448602,1.6673144726809,4.452591263411801,3.294046650464241
104.004264962553,1.37476390920766,4.9285947152852,1.5126139797496982,3.5942668609618984,1.7504581596314992,3.4873982097710012,3.0546663850798597
104.004264962553,1.37557408449877,5.8597431996163,2.1371409792111002,3.5868511297138994,1.6867867829441998,3.5770118821208,3.36950679472126
104.004264962553,1.37638425978989,5.419882766364999,1.9006754486992001,3.687927692110499,1.744510167190601,4.146445579671202,3.3798883308073
104.004264962553,1.37719443508101,5.266384868199101,2.022193994251097,3.8548909989211033,1.9006985310120008,4.595253174180801,3.5278843133128204
104.004264962553,1.37800461037212,5.6648634596447,2.250847999053299,3.930530647360399,1.9094953015328997,3.0435613894883993,3.359859759415939
104.004264962553,1.37881478566324,5.745970380304801,2.2815607133037012,3.835108466525501,1.870512432386601,3.0364566881690003,3.353921736137921
104.004264962553,1.37962496095435,5.544948248873297,2.4265127871674004,3.4795810403158,1.734298870739,3.0891481515857,3.2548978197362395
104.005075137844,1.31157023650061,5.760733044861201,2.9683482892768005,3.4217372506704997,0.2448362630462988,4.365712574386599,3.35227348444828
104.005075137844,1.31238041179173,5.8347847992281,2.8515741717951,3.325885541463599,0.606770947462298,4.133955597547697,3.3505942114993585
104.005075137844,1.31319058708284,6.540754554206803,3.713488624628699,3.999798927738901,0.41624793817820205,3.9916088562961,3.732379780209741
104.005075137844,1.31400076237396,6.896205300820501,4.186782719362302,4.3436754328749,0.4113685800171005,3.806353112250399,3.9288770290650405
104.005075137844,1.31481093766507,7.5189830292626,4.440743672582201,4.3590704061053,0.7749365886229995,3.4900849887559993,4.11676373706582
104.005075137844,1.31562111295619,5.557616728837999,2.8959120931660998,3.8086215418686002,1.898143779886901,2.8627140147162997,3.40460163169518
104.005075137844,1.31643128824731,5.232428387901901,2.668168967731301,3.5140978561721,1.982699894612601,2.8911100401475984,3.2577010293131003
104.005075137844,1.31724146353842,7.2857499937965,4.392971723872499,5.356253547046798,1.6940760401475998,2.850687308105499,4.315947722593779
104.005075137844,1.31805163882954,7.0182825327866,4.2797289627356,4.908888157957101,1.6721363472764992,2.5316272306993,4.08213264629102
104.005075137844,1.31886181412065,6.985921989995003,4.3184623907906,4.118459399761399,0.9563113634508014,2.810483167168499,3.8379276622332603
104.005075137844,1.31967198941177,6.905001349338601,4.500375918911502,4.513816056004099,0.47299540464269896,4.000699302476701,4.07857760627472
104.005075137844,1.32048216470289,6.989634593465599,4.895399968456701,4.666488755994198,1.3007345122409006,4.756702956081799,4.521792157247839
104.005075137844,1.321292339994,6.7582967036982,4.684126211191,4.752531377609802,1.4479916580539012,4.739659898396802,4.476521169789941
104.005075137844,1.32210251528512,6.8234496599803975,4.768583826231001,4.9328711048766,1.5299446570570012,4.5628750575628985,4.52354486114158
104.005075137844,1.32291269057623,6.905653440835401,4.972354295462299,5.0630188266952985,2.034414445929599,4.818972036010699,4.758882608986659
104.005075137844,1.32372286586735,6.940678023336101,4.752623423931901,4.9531598834368005,1.8165661292182023,4.477313422187002,4.588068176422001
104.005075137844,1.32453304115847,6.391582383093798,3.8079215801027004,4.3396380897352,1.153614961113803,3.989082065063503,3.936367815821801
104.005075137844,1.32534321644958,6.412864171415201,3.4360151824593004,3.8235608154884986,0.8607734238124003,3.5338811588949035,3.6134189504140606
104.005075137844,1.3261533917407,6.2788324686598,3.171966794893301,3.5418427394250998,0.5708318040002993,3.0328216691894987,3.3192590952336
104.005075137844,1.32696356703181,6.3186954148929,3.121759871672097,3.7027529739146985,0.5473675898730015,3.203129922702402,3.3787411546110198
104.005075137844,1.32777374232293,6.500144763797202,3.1824941093606007,3.654475528182399,0.3866611457930986,2.9929878825412004,3.3433526859349003
104.005075137844,1.32858391761405,6.3314385366889,3.031630741160299,3.285656547219798,0.324040039989999,2.626216591783301,3.1197964913684593
104.005075137844,1.32939409290516,6.511182758512501,3.4573618641653,3.491307063852801,0.48580948858680273,2.4932314150798014,3.287778518039441
104.005075137844,1.33020426819628,6.6731004586211,3.522001620685799,3.5159146016336997,0.5086800581523008,2.3188183981662007,3.30770302745182
104.005075137844,1.33101444348739,6.874715671719301,3.982108083660499,3.7187439709552983,0.7857098083380016,2.3367741221109988,3.53961033135682
104.005075137844,1.33182461877851,6.6507984390027985,3.7435243845124013,3.625773187973202,0.7757507810742013,2.490717123684398,3.4573127832494004
104.005075137844,1.33263479406963,6.458557809532401,3.4081908133831007,3.384474697379698,0.7155908717924007,2.962887721978099,3.38594038281314
104.005075137844,1.33344496936074,6.3448788418867,3.008911818263801,2.984315793515499,0.6071167257458008,3.7739002360297,3.3438246830883003
104.005075137844,1.33425514465186,4.629920606147799,1.302412469132399,2.4678206805056,0.4881366420975972,4.181682960544197,2.6139946716855187
104.005075137844,1.33506531994297,6.488324186277502,2.756537456829001,2.8777348906350007,0.5584257903515031,4.075905326578798,3.351385530134361
104.005075137844,1.33587549523409,5.999236682952201,2.5475983592028015,2.8227409233510024,0.49532711972280197,4.516510379706499,3.276282692987061
104.005075137844,1.33668567052521,5.684078216931699,2.5971626197941013,2.7620225395509017,0.2919726492945003,5.350010451945,3.3370492955032405
104.005075137844,1.33749584581632,5.573839933037501,2.2988779498870997,2.5287133313152985,0.24075677168849907,4.782113247322801,3.0848602466502397
104.005075137844,1.33830602110744,5.5808510048229,1.7421204136917012,1.9671577940311984,0.04390939160500196,5.137796310268101,2.8943669828837804
104.005075137844,1.33911619639855,5.7193286400021,1.575462253029901,1.5635240232882985,0.2742352331805975,5.2567730454562,2.8778646389914195
104.005075137844,1.33992637168967,5.542510086691301,1.4727156730706987,1.6021801381791008,0.12217085832380192,5.509153264663599,2.8497460041857003
104.005075137844,1.34073654698079,5.5151026404669,1.4034429036777993,1.6875083948658016,0.23632550133320152,5.2906746227635,2.8266108126214404
104.005075137844,1.3415467222719,5.479371652175001,1.6214697202524988,2.0177739901800997,0.1157171881546013,5.041871160704201,2.8552407422932804
104.005075137844,1.34235689756302,5.638678536294698,1.9018863756398012,2.2914323868136997,0.32671069418620036,4.170251468521499,2.86579189229118
104.005075137844,1.34316707285413,5.7506897794507985,2.3023531147761,2.960389010687898,0.8598067163215006,3.3915612842139993,3.0529599810900594
104.005075137844,1.34397724814525,6.2805289483466,3.095586566256898,3.5339962321732017,1.2802479509446023,3.080267505315202,3.4541254406073008
104.005075137844,1.34478742343637,6.005057695875898,2.7587945902624007,3.3308280166965005,1.7447054810515006,3.1060796308031975,3.3890930829378996
104.005075137844,1.34559759872748,5.5348337634107025,2.3019561531819015,2.7401331052697984,2.0601883173867996,3.0902688638872,3.1454760406272806
104.005075137844,1.3464077740186,5.337696976106603,1.698001671357801,2.7162305495197003,2.064984081704498,3.0159391476347004,2.9665704852646604
104.005075137844,1.34721794930971,5.9770752263828015,2.2680603775662007,2.9514509522478996,1.9379823395044014,2.5063089879985014,3.128175576739961
104.005075137844,1.34802812460083,6.2012814382933,2.2434906621697017,1.9255773213523995,1.6081304824542997,2.0127378268994995,2.79824354623384
104.005075137844,1.34883829989195,6.107476502068302,2.0152450729124,1.0753325776367006,0.7537755193158979,1.459405726054399,2.28224707959754
104.005075137844,1.34964847518306,5.726204163417901,1.5854876824660984,1.120753959463599,0.6595403592761002,1.3394526540038,2.0862877637254997
104.005075137844,1.35045865047418,5.6976358461012,1.822510098035199,2.2706921590801983,1.3738580754571998,1.5144994547844988,2.535839126691659
104.005075137844,1.35126882576529,6.007448379011102,2.190136366060301,3.2746774715079,1.6846089457373026,2.3570718995233015,3.1027886123679815
104.005075137844,1.35207900105641,6.217990162748503,2.2512517601220026,3.9256456486590032,1.9436431581198974,3.3393664801026013,3.5355794419504014
104.005075137844,1.35288917634753,6.378291180335797,2.6045222581777985,4.3294828644387024,1.9886659390689019,3.3886602867736997,3.73792450575898
104.005075137844,1.35369935163864,6.5036310166257,2.5631424448288023,3.792386287177198,1.6042850628407024,3.3774754957880972,3.5681840614521
104.005075137844,1.35450952692976,6.3856644334605015,2.1567081240947026,3.1687832254377994,1.0619053997777996,3.2705716266768015,3.208726561889521
104.005075137844,1.35531970222087,6.3449520040182,2.1619818481715,3.0430163731915023,0.7666829144143996,3.2261624719238,3.1085591223438804
104.005075137844,1.35612987751199,5.933150317627,2.145156352279802,3.3717802591191024,0.6971640251158,3.2011281368544005,3.069675818199221
104.005075137844,1.35694005280311,6.1976038490691,2.4246181248135024,3.7567899184434985,0.7684523622517005,3.2023491414116982,3.2699626791979
104.005075137844,1.35775022809422,6.4116422567797,2.6914523953916003,3.702671764557998,0.7754061028357029,2.9255033871799014,3.3013351813489806
104.005075137844,1.35856040338534,6.837985015300198,3.0647888053926025,3.5248227694725003,0.8144967729260024,2.8603130733235993,3.4204812872829806
104.005075137844,1.35937057867645,6.9921569447222005,3.076200874950299,3.656026301387101,0.8207570538239004,3.4044407634684006,3.5899163876703803
104.005075137844,1.36018075396757,6.3475290252034995,2.9178898525922,3.9550003185809004,1.0789393047066014,3.8722661747776,3.6343249351721605
104.005075137844,1.36099092925869,6.431579037345998,3.2519209102571978,4.1212118920613,1.1229702037128,3.976799798529701,3.7808963683813994
104.005075137844,1.3618011045498,6.719795219987201,3.5776381731885003,4.666645769399501,1.4299868416849009,4.226567399617501,4.124126680775521
104.005075137844,1.36261127984092,6.3096579601944,3.1923417119351,4.4616975543083015,1.5420612169958012,4.321278600992802,3.965407408885281
104.005075137844,1.36342145513203,5.9195338570221985,2.703444777913198,4.186396633309901,1.5434776431490995,4.396771571163498,3.749924896511579
104.005075137844,1.36423163042315,5.366120148549399,2.0958847905023,3.698372245317998,1.2750722994158998,4.353742121376499,3.357838321032419
104.005075137844,1.36504180571427,4.9486435435775995,1.5906982081629018,3.165322619022099,1.1760671087752002,4.557397409878803,3.0876257778833205
104.005075137844,1.36585198100538,4.5843273066723,1.0706612642138005,2.6509065218460997,0.7621268300431012,4.868091578786,2.7872227003122605
104.005075137844,1.3666621562965,4.389114945175201,0.2985880357062989,1.1723324072581995,0.18409755939959993,5.375239450634201,2.2838744796347
104.005075137844,1.36747233158761,4.7616710777638005,0.3434932540838993,1.0799809719012003,0.21078311858539678,5.493352230784399,2.3778561306237394
104.005075137844,1.36828250687873,5.4356521776321,1.1372075302346012,2.0268161557164994,0.7172875749259013,5.126087170394797,2.88861012178078
104.005075137844,1.36909268216985,5.5087863002679,1.8935895868441008,2.9883020798791975,1.3469080053811027,4.766550249997298,3.3008272444739197
104.005075137844,1.36990285746096,5.467992948956603,1.9541365406320992,3.1501437144865996,1.4692941534124984,4.623079418760202,3.3329293552496004
104.005075137844,1.37071303275208,5.419252313775001,1.9710864964856007,3.3792179103222004,1.3622273733075012,4.388628461443197,3.3040825110667003
104.005075137844,1.37152320804319,6.0558527578238,2.3856001483239986,3.673177986854501,1.3116230937577988,4.289594204350799,3.5431696382221793
104.005075137844,1.37233338333431,5.868835273821098,2.1061033033581005,3.6371054501478,1.3381590699842008,4.322080481015302,3.4544567156653003
104.005075137844,1.37314355862543,5.9734086862398,2.3026047691158027,3.8212568656371992,1.6090165344201992,4.1988526439208975,3.58102789986678
104.005075137844,1.37395373391654,4.790605917673702,1.5826975307270992,3.6456191342152025,1.9117701188210994,4.341951803588898,3.2545289010052003
104.005075137844,1.37476390920766,4.978003993903101,1.4965328136609024,3.445733090314601,1.9447809284322979,4.483662871446398,3.26974273955146
104.005075137844,1.37557408449877,4.9658967030309995,1.5694595203723978,3.688867199896201,2.0507316175363997,4.982934168985999,3.4515778419643994
104.005075137844,1.37638425978989,4.5982746712398,1.2678339310168028,3.5335767876793014,1.965741358763502,3.776057942832402,3.0282969383063616
104.005075137844,1.37719443508101,4.817652226035403,1.583472510156799,3.251615979973,1.9242306533437024,3.3207254528463004,2.979539364471041
104.005885313135,1.31157023650061,5.699107926035499,3.0307392667286983,3.061279887919401,0.6075746205037014,4.214246166707401,3.32258957357894
104.005885313135,1.31238041179173,5.4895279400425,2.826890716778202,3.0422978886648018,0.5956347860717983,4.019502610093898,3.19477078833024
104.005885313135,1.31319058708284,5.8854917127716995,3.2208683742355007,3.7156142256447,0.3409483815036012,4.2179191310357,3.47616836503824
104.005885313135,1.31400076237396,6.7879755160332,4.1043470187388,3.954835479880998,0.6786549743245018,3.7750019405924,3.8601629859139797
104.005885313135,1.31481093766507,7.6792773417435995,4.377251001414901,3.9069002826922024,1.167596135552298,3.0395202016736995,4.03410899261534
104.005885313135,1.31562111295619,6.7954901810046024,3.7099567218578997,4.4148170297806,1.8848069737006021,2.6793810167642995,3.8968903846216008
104.005885313135,1.31643128824731,5.7609140240436005,3.0399589379772998,3.9523454359463983,1.8410705341797033,2.7559894437256,3.47005567517452
104.005885313135,1.31724146353842,7.1329388601518,4.718999064814401,4.665648439003,1.5547053589342,2.907295582939998,4.19591746116868
104.005885313135,1.31805163882954,7.1631006776208,4.486699031272202,4.305536669110602,1.529155200059698,2.444629757351297,3.98582426708292
104.005885313135,1.31886181412065,6.8701334636784,4.238152448188501,3.9305148982661002,0.8927485453627,2.848103979492201,3.7559306669975805
104.005885313135,1.31967198941177,6.4114742044250015,4.0226722213649,4.2222893192674995,0.7589522411634988,4.608165730821401,4.00471074340846
104.005885313135,1.32048216470289,6.752307884771099,4.540715128393501,4.578426627660299,1.4472465117187987,4.937189393961599,4.451177109301059
104.005885313135,1.321292339994,6.6440414883788,4.4907004683593,4.5863789688207,1.370842226114899,4.655231064656601,4.34943884326606
104.005885313135,1.32210251528512,6.733497997608698,4.706695037042902,5.004270250834303,1.5283995410766984,4.576082884833401,4.5097891422792005
104.005885313135,1.32291269057623,6.7362103934760995,4.939107136375199,5.3627889072954,2.099600422308999,4.9729723589681,4.82213584368476
104.005885313135,1.32372286586735,6.581752655619297,4.3801452460240995,5.1493818591942,1.6287676203952017,4.2691747970378024,4.40184443565412
104.005885313135,1.32453304115847,6.451947762286899,3.9426558422563005,4.219662203043601,0.8608899083793986,3.5615882383218995,3.8073487908576196
104.005885313135,1.32534321644958,5.6366476903479,2.8478312503645995,4.457065027425102,0.7944069657186006,3.2204055947266,3.39127130571656
104.005885313135,1.3261533917407,6.201747415334598,3.0138437934833995,3.7871734495443015,0.3407734337438981,3.287986099188899,3.326304838259019
104.005885313135,1.32696356703181,6.156186181968199,2.801400491973201,3.4686744462534023,0.05899043387839953,3.2497090583903017,3.1469921224927004
104.005885313135,1.32777374232293,6.119622970265201,2.497467696215498,3.275626166613101,0.23027901973690135,2.8668902698974996,2.9979772245456404
104.005885313135,1.32858391761405,6.2537264809697,2.897225320029598,3.4415663104978975,0.3100785882637993,2.9574602740614004,3.1720113947644792
104.005885313135,1.32939409290516,6.346190520279102,3.302900660386502,3.6715221595120013,0.5930652813769974,2.922720354994002,3.367279795309721
104.005885313135,1.33020426819628,6.965381122250303,4.037553248331001,3.911362650440502,0.8106318808058006,2.5418127151964,3.6533483234048014
104.005885313135,1.33101444348739,7.2909083268140975,4.2809442455785,4.033537116607299,0.9906825997440016,2.6642556433648004,3.8520655864217397
104.005885313135,1.33182461877851,7.082868181042702,3.8655077724029994,3.8793702694935988,0.9587990349793003,2.640539306301502,3.6854169128440204
104.005885313135,1.33263479406963,6.776210740692797,3.4450751348006,3.5794575340155994,0.7485893699845008,2.6209813610839987,3.4340628281154992
104.005885313135,1.33344496936074,6.583809072083,3.1911661265590006,3.208957218416799,0.7215076493469006,2.7226202382948017,3.2856120609401005
104.005885313135,1.33425514465186,6.687651254375599,3.1721968043196007,3.4423268823778024,0.763031960672599,3.4513989522975983,3.50332117080864
104.005885313135,1.33506531994297,6.186845382347599,2.6740600657682023,3.1086653220246987,0.43639001842729996,4.8981815560573985,3.4608284689250395
104.005885313135,1.33587549523409,6.1610855697486,2.5676450742578005,3.109018909913001,0.42233314939720046,5.783979088853602,3.608812358434041
104.005885313135,1.33668567052521,6.445619953363401,2.7743186150514028,3.257086746551799,0.550765885092499,6.015519599853501,3.8086621599825206
104.005885313135,1.33749584581632,6.396713697912002,2.883177873031798,3.026527309326699,0.4701653526835017,5.230957143321,3.601508275255
104.005885313135,1.33830602110744,6.244889001941399,2.620981574519302,2.712476734799999,0.15863692651159766,5.1915597609235,3.3857087997391595
104.005885313135,1.33911619639855,5.7639521048749,2.0426524007586018,2.412231375696301,0.01379166316369762,5.152306069764702,3.0769867228516405
104.005885313135,1.33992637168967,5.636469295396697,2.026986707174899,2.616140278541799,0.04790558765679975,5.2133596761871,3.108172308991459
104.005885313135,1.34073654698079,5.709010921346998,1.867892688724698,2.1940834161332,0.05220603341280139,5.369059538235703,3.03845051957068
104.005885313135,1.3415467222719,5.6016644012722026,1.6027732625744981,1.8847407236825013,0.03577036647629939,4.933226706572199,2.81163509211554
104.005885313135,1.34235689756302,5.5241592377104,1.7072708955690992,1.7661977190846017,0.09238015140000044,3.8744314404849014,2.5928878888498006
104.005885313135,1.34316707285413,5.6110470321583,1.8347989447754003,1.7086530207565005,0.13669733220600122,3.4706247068017007,2.5523642073395805
104.005885313135,1.34397724814525,5.6220735014195995,1.642436688135298,2.045747908912901,0.9120601487689015,3.3777800228659984,2.7200196540205397
104.005885313135,1.34478742343637,5.698788494618398,1.7803386703089004,2.308598214287702,1.6473634484214017,3.422042947827798,2.97142635509284
104.005885313135,1.34559759872748,5.720259009469299,1.8147554523640999,2.423200891432,2.185118808049001,3.476563016966903,3.1239794356562607
104.005885313135,1.3464077740186,4.938850205277401,1.4657729769044003,2.304267805135801,2.5331833703344984,4.646575473510701,3.1777299662325604
104.005885313135,1.34721794930971,5.339103408373301,1.9951658049649978,2.311355283908398,2.319019913162702,2.595182558810002,2.91196539384388
104.005885313135,1.34802812460083,6.4070201029334015,2.4141479140360005,1.516186282877598,1.5736628999055,1.9291669198541008,2.76803682392132
104.005885313135,1.34883829989195,6.365745895922501,2.3613120580608005,1.2182933857557003,1.0300890542270018,1.3036000184754997,2.455808082488301
104.005885313135,1.34964847518306,6.532636438580898,2.4614951243211998,1.9062293737837983,1.185614410390201,1.2269287781471974,2.662580825044659
104.005885313135,1.35045865047418,6.625799277655897,2.5163354405454967,3.138536749502702,1.8536780363319991,1.2118781865453023,3.0692455381162795
104.005885313135,1.35126882576529,6.314250596643799,2.512236904099602,3.912046953785101,2.1654645260761995,2.1179172427163024,3.4043832446642006
104.005885313135,1.35207900105641,6.4753157903159,2.6273022994811015,4.1557444168926985,2.201486137024098,2.9092437823046,3.6738184852036797
104.005885313135,1.35288917634753,6.5027057961088985,2.7511555633455984,4.1698899085650005,2.1168838307810987,3.4711857842674974,3.8023641766136187
104.005885313135,1.35369935163864,7.0484801557221,3.248667490390403,4.297137055242402,2.0160625260194998,3.416974469233903,4.005464339321661
104.005885313135,1.35450952692976,6.617434708998299,2.608723815714498,3.8935000744374015,1.6070742370043014,3.4619062479566978,3.6377278168222396
104.005885313135,1.35531970222087,6.0402213157391,2.1661370963559996,3.2723085026881975,1.0319227695102988,3.369429525092201,3.1760038418771592
104.005885313135,1.35612987751199,5.505688666251299,1.6602735186957993,3.029033792213699,0.7304589834348008,3.0982561078287993,2.8047422136848796
104.005885313135,1.35694005280311,5.704663057327203,2.113479512752402,3.5580153344726995,0.7364003607414027,2.9382597932671004,3.0101636117121613
104.005885313135,1.35775022809422,6.2828673309184,2.4931731161265986,3.6548477236690005,0.6878248430985003,2.7808489659153004,3.1799123959455597
104.005885313135,1.35856040338534,6.6075983211128,2.7807195426072013,4.5970538293728005,0.712778600831097,2.828925145697699,3.5054150879243196
104.005885313135,1.35937057867645,6.4687008430283015,2.768058890391398,3.7859730206841,0.8775761368120989,3.3061707034640975,3.441295918875999
104.005885313135,1.36018075396757,6.5327445399335,3.3037593321245033,3.9246385655608016,1.005606301262901,3.655042385986299,3.684358224973601
104.005885313135,1.36099092925869,6.3547967422402,3.1181196841229024,3.9826943017593983,1.0248474381690968,3.927251235921201,3.68154188044256
104.005885313135,1.3618011045498,6.561045046572101,3.3115432822981994,4.3482201449435,1.1749421547487984,4.1787645332031005,3.91490303235314
104.005885313135,1.36261127984092,6.445918667711599,3.1826585768632967,4.3716944919593,1.3399049659686995,4.218254615898999,3.911686263680379
104.005885313135,1.36342145513203,6.450971267466102,3.049213781264001,4.361733163814598,1.480240879769699,4.472034723307299,3.96283876312434
104.005885313135,1.36423163042315,6.236813335997301,2.7930976794540996,3.8973167226414027,1.2581429567147993,4.252844097268902,3.6876429584153008
104.005885313135,1.36504180571427,5.5299285346508,2.0341149032352988,3.3520584107122993,0.9780865120284012,4.4043590758471005,3.25970948729478
104.005885313135,1.36585198100538,5.405533319155502,1.5972560476321007,2.939307720892998,0.593766438803101,4.711506848787799,3.0494740750543
104.005885313135,1.3666621562965,4.979817176988803,0.8299811188575994,1.8768426126844986,0.1574637942857997,5.022556825402301,2.5733323056438
104.005885313135,1.36747233158761,4.8300466700545,0.7385674677505989,1.7657656072862018,0.29510845827540066,5.211417390817498,2.56818111883684
104.005885313135,1.36828250687873,4.809636346889398,1.1206492478076022,2.4015025389675984,0.8072012265843007,4.9422384341638015,2.81624555888254
104.005885313135,1.36909268216985,5.350493706357799,1.8865388680838997,3.228753216159401,1.1760572529318978,4.6619706638729,3.2607627414811793
104.005885313135,1.36990285746096,5.451892457449098,1.9795842915141009,3.050629586711402,1.331330539287201,4.470993620953902,3.2568860991831405
104.005885313135,1.37071303275208,5.1062465649738975,1.7707442069166,3.439858599911002,1.3002998253729992,4.2747823338049,3.17838630619588
104.005885313135,1.37152320804319,6.150294173907799,2.5886384391989985,3.6582950175467985,1.3288123496412005,4.3281423740227005,3.6108364708634992
104.005885313135,1.37233338333431,5.2942326177496,1.8174266343845993,3.4768261030588015,1.288231299693102,4.2739564647494,3.2301346239271007
104.005885313135,1.37314355862543,5.369564905376201,1.633311463094902,3.503227916979899,1.4506394362290997,4.731893193345801,3.3377273830051806
104.005885313135,1.37395373391654,5.437382532244701,1.9841348154471028,3.8321457679360016,1.7370880656085,4.653355788438603,3.5288213939349817
104.005885313135,1.37476390920766,4.959795309718398,1.4559140617663004,3.8005042328734007,1.8753876018392965,4.782690183502201,3.374858277939919
104.005885313135,1.37557408449877,4.479008335218403,1.1453041246421023,3.533846067245701,1.9089595488352984,4.1678682688433994,3.046997268956981
104.005885313135,1.37638425978989,4.208928183305201,1.1086744804609978,3.059777064928099,1.9018056477036005,3.7757156743146005,2.8109802101424997
104.006695488426,1.31238041179173,6.0167295304188,3.2509499960863018,3.0792861499885014,0.4695953613382997,4.0644191401367,3.3761960355937206
104.006695488426,1.31319058708284,6.226150711451499,3.563432596675,3.8684802258527,0.29539903503420106,4.271070463243298,3.6449066064513396
104.006695488426,1.31400076237396,6.362379589101501,3.5735650827370016,3.5810885228724025,0.8146001718478999,3.7392950201959003,3.614185677350941
104.006695488426,1.31481093766507,7.243685768020402,4.187678272471597,3.657499427123998,1.2081289092271987,3.067913237033398,3.872981122775319
104.006695488426,1.31562111295619,6.7722867653303,3.8834269152050993,4.080228392098899,1.4235382283529,2.885077379909898,3.8089115361794192
104.006695488426,1.31643128824731,6.9532208123705,4.229716239979801,4.655985282503302,1.2346126298149969,2.905835270467101,3.99587404702714
104.006695488426,1.31724146353842,6.8898889005185,4.321704816303402,4.730573955152302,1.1748286397163028,2.914761381876602,4.006351538713422
104.006695488426,1.31805163882954,6.842974020239499,4.212360458324298,4.436262573651103,1.0799542131890014,2.5368766800400984,3.8216855890888
104.006695488426,1.31886181412065,6.358564161022898,3.6163746885307013,4.025344886419703,0.6217147282103994,3.227466161119203,3.569892925060581
104.006695488426,1.31967198941177,6.387297311319202,4.021347930029098,4.5014554377751,0.9298415808918996,4.6734721356878985,4.102682879140639
104.006695488426,1.32048216470289,6.4700344584768,4.1762262838275,4.582158128137102,1.2116021004231996,4.714332456543001,4.230870685481521
104.006695488426,1.321292339994,6.340193588682698,4.0455685729763005,4.536406558476003,1.1556787418552013,4.292030025349902,4.073975497468021
104.006695488426,1.32210251528512,6.565814686907299,4.587850291200699,4.8949845511702,1.5904185553453019,4.513714567572702,4.43055653043924
104.006695488426,1.32291269057623,6.2339837368574,4.160318806337198,5.480477747350701,1.8789557216932984,4.7739434627957,4.50553589500686
104.006695488426,1.32372286586735,6.3563377209415,3.824463469469997,5.066500018711601,1.1514642779880013,3.8358440201687003,4.04692190145596
104.006695488426,1.32453304115847,6.7169236202511975,3.8367555259555033,4.6137776320429005,0.532354501322402,2.9641607554932,3.7327944070130408
104.006695488426,1.32534321644958,6.6632574145668,3.8197696448360006,5.2325973191641,0.8340607881333995,2.7390322663032016,3.8577434866007003
104.006695488426,1.3261533917407,6.727994082392897,3.3869545572706024,4.1738379665300975,0.025161435231702,2.6913043193765986,3.4010504721603794
104.006695488426,1.32696356703181,6.674577601037598,2.889469819995899,3.692959243682999,0.2241239466667011,2.7178452803547977,3.239795178347599
104.006695488426,1.32777374232293,5.9361139467448005,2.1304194819588993,3.231641139863399,0.2892779972574999,2.8558461749403,2.8886597481529797
104.006695488426,1.32858391761405,6.1824430948997,2.7769441701423005,3.734043474396902,0.3264040754999016,3.092780187594901,3.222523000506741
104.006695488426,1.32939409290516,6.105902222979299,3.0407429024010995,3.5368467841751006,0.6191906098590003,3.277432554022898,3.3160230146874796
104.006695488426,1.33020426819628,6.436587733015703,3.5710115854471987,3.768041933948002,0.804301086119203,2.8907418181423985,3.494136831334501
104.006695488426,1.33101444348739,6.7248539333665,3.8096718741897995,3.7437155330603,0.8381179167187014,2.931837974799297,3.6096394464269195
104.006695488426,1.33182461877851,6.0108978761535,2.8463066173561984,3.3540045900341013,0.7906559534222026,2.7297776796603976,3.14632854332528
104.006695488426,1.33263479406963,6.5742616227806,3.3385248600491018,3.562116114428701,0.7208759670489968,2.6456590140652025,3.3682875156745204
104.006695488426,1.33344496936074,6.8511802459854,3.0676840161501993,3.4043816205685005,0.7234749850876021,3.0339780967068,3.4161397928997004
104.006695488426,1.33425514465186,6.969887832358403,3.2023775304980973,3.6570554911053996,0.7385736235750997,4.731815086792,3.8599419128658
104.006695488426,1.33506531994297,7.010382485437102,3.026740372850302,3.6679461428519993,0.5298789854121004,4.514254802486601,3.749840557807621
104.006695488426,1.33587549523409,6.4939923295053,2.7064322852512,3.4760875398516013,0.5852347863435021,4.905576316149901,3.633464651420301
104.006695488426,1.33668567052521,6.339408514257201,2.6070572022811014,3.2865907070562024,0.5984766212289969,5.180350353127299,3.60237667959016
104.006695488426,1.33749584581632,6.412677220515899,2.6685377292625,3.087076911310202,0.5886999284937033,5.2987993823095,3.611158234378361
104.006695488426,1.33830602110744,6.626382667239302,2.7582827168677007,3.0415512512930007,0.3384928758678001,5.350294745599399,3.6230008513734404
104.006695488426,1.33911619639855,6.407580120083999,2.3926672910342006,3.1479704843434,0.37932716097810015,5.474585892932701,3.5604261898744802
104.006695488426,1.33992637168967,6.182140901848403,2.104414119736301,3.1695527413826987,0.26575250141690177,5.3517026356671025,3.4147125800102813
104.006695488426,1.34073654698079,6.006245405160801,1.813622405042402,2.6957390705521007,0.06215453317129871,5.3730950365893015,3.190171290103181
104.006695488426,1.3415467222719,5.823703107816403,1.819888111049,1.9850710088659014,0.06248844042760027,4.6932571677584,2.876881567183461
104.006695488426,1.34235689756302,5.7505025911919,1.9502011310569998,2.0054877009276986,0.22553081423870225,3.7579191719984983,2.73792828188276
104.006695488426,1.34316707285413,5.119239562141999,1.5605253045618,1.897942376650203,0.7709322067793991,3.7071967647537996,2.61116724297744
104.006695488426,1.34397724814525,5.552464878692103,1.593852963706901,1.8667824605396,1.0800479803571008,3.5181126271922025,2.7222521820975816
104.006695488426,1.34478742343637,4.985128579606897,0.8425992242787004,1.4770260535797988,1.6809121284673978,3.6485935313321,2.526851903452979
104.006695488426,1.34559759872748,5.103598917450999,0.8139030078907972,1.6086338693727988,2.139706778869101,5.353891784464501,3.0039468716096396
104.006695488426,1.3464077740186,5.705193393893001,1.670254858214303,1.7043196827297002,1.918495039706599,2.8748112213270005,2.774614839174121
104.006695488426,1.34721794930971,5.6152747944838985,1.5014014151586004,1.4359258041810996,2.029693551447501,1.8305825293240012,2.4825756189190202
104.006695488426,1.34802812460083,6.292166217534401,2.040648490843598,1.1335383026575023,1.5642734663398983,1.4946387935163017,2.5050530541783402
104.006695488426,1.34883829989195,6.636928087365302,2.5227558775654018,1.4357696359230019,1.4481699008980975,1.0988835905552001,2.6285014184614006
104.006695488426,1.34964847518306,6.426672135053302,2.4516534323776007,2.3356430112260007,1.563940090364902,0.9830941082029021,2.7522005554449414
104.006695488426,1.35045865047418,6.284754318275901,2.4762848009092018,3.2128799003317994,2.0734175482559998,1.1738470036505007,3.0442367142846805
104.006695488426,1.35126882576529,6.1086356336675,2.153067239971101,3.563048928195503,2.2097527157313976,1.811848553115599,3.16927061413622
104.006695488426,1.35207900105641,6.291110747268199,2.5913885613469994,4.190819669709402,2.2741372233505004,2.7119160865767995,3.61187445765038
104.006695488426,1.35288917634753,6.754853328109899,3.0675281771792022,4.3298450471302985,2.0345579125980997,3.0094935724594976,3.8392556074953994
104.006695488426,1.35369935163864,7.0561409161078,3.4065245497125005,4.369626417772498,1.9927047443054988,3.342246286856799,4.033448582951019
104.006695488426,1.35450952692976,6.8071360971886,2.874824316659698,4.134222485129701,1.8028107445109,3.839198538289402,3.8916384363556604
104.006695488426,1.35531970222087,5.5525954931282016,1.8957112603143997,3.9181879191952014,1.4360035760648984,3.7812981627469,3.31675928228992
104.006695488426,1.35612987751199,5.672902551237502,2.2342265360043996,3.743860611016199,1.1411825352810006,3.512135254082601,3.2608614975243406
104.006695488426,1.35694005280311,5.8414168721970015,2.238589353189699,3.7078900621383006,0.8692700036405014,3.3270638016899987,3.1968460185711
104.006695488426,1.35775022809422,6.735313643936202,3.0506125385757024,5.0260824313558,0.7231693663990981,3.2213121498616992,3.7512980260257
104.006695488426,1.35856040338534,6.1932662162904,2.2967744346057977,4.064606780379702,0.5459319973344989,3.202915049438502,3.26069889560978
104.006695488426,1.35937057867645,6.456462657130402,2.7024603382880024,4.104020197664298,0.6138677315835004,3.0617555029838996,3.3877132855300203
104.006695488426,1.36018075396757,6.670047348994498,3.2837068190045002,3.906630000198902,0.7593615623917991,3.1319636479492026,3.5503418757077805
104.006695488426,1.36099092925869,6.754073463867702,3.4720961664587016,4.9599965153899,0.9013825491304992,3.385648522298201,3.894639443429001
104.006695488426,1.3618011045498,6.6942323408138975,3.368654122022999,4.016435530760699,1.0523473520512994,3.703136475233297,3.7669611641764384
104.006695488426,1.36261127984092,6.737286556839699,3.397172451864602,4.173161568986902,1.1889362749608985,3.9264351463352014,3.8845983997974605
104.006695488426,1.36342145513203,6.4416130069438005,2.9554289647585,4.068823317191402,1.2211045541365984,4.0840545279362,3.7542048741933
104.006695488426,1.36423163042315,6.383459844785701,2.9757217993350977,3.9847670799335972,1.1922372814877988,4.1922284070265015,3.7456828825137394
104.006695488426,1.36504180571427,5.908740393717501,2.2715870213033007,3.433237755483699,0.897650863166298,4.359119286425603,3.3740670640192802
104.006695488426,1.36585198100538,5.2913755822835995,1.6500426666323023,3.0860437898537008,0.7837838330325013,4.619857629961199,3.0862207003526607
104.006695488426,1.3666621562965,5.492970161500498,1.258184737519997,2.325736666377299,0.40279284375190016,4.8465746863560994,2.8652518191011587
104.006695488426,1.36747233158761,5.0956607588362,1.164271550626598,2.4490289091028004,0.5149728477822002,5.010597064911899,2.8469062262519396
104.006695488426,1.36828250687873,5.5522479692781985,1.732959182290898,2.9786155008228015,0.9285463544510009,4.937209294087598,3.225915660186099
104.006695488426,1.36909268216985,5.626629256479202,2.2060162557094998,3.5853723151449017,1.1623816207704998,4.701911099474902,3.456462109515801
104.006695488426,1.36990285746096,5.3476708667408985,2.0605047549932003,3.377245545307499,1.1778916185169983,4.3391841785872,3.2604993928291592
104.006695488426,1.37152320804319,5.1791810856589,2.036790799069397,3.3782335005662993,1.3377415862009023,4.130945261835802,3.21257844666626
104.006695488426,1.37233338333431,5.061357413661899,1.7384017717470002,3.5162371493567015,1.1670597142049992,4.2088316991392,3.1383775496219597
104.006695488426,1.37314355862543,6.3377258868585,2.6436540043890986,3.9820614311677005,1.4640785426104017,4.598100929077098,3.80512415882056
104.006695488426,1.37395373391654,5.395698433413802,1.7910853794785027,3.7797198573986996,1.5132218028743978,4.527294162824401,3.4014039271979604
104.007505663717,1.31319058708284,5.651816376651702,2.9546320649699,3.110277889962301,0.7345194664044996,3.9047847353341005,3.2712061066645006
104.007505663717,1.31400076237396,5.672603842493501,3.2912031609631,3.1927356867178,0.8913674276123018,3.5599476317003003,3.3215715498974006
104.007505663717,1.31481093766507,5.855487032562799,3.212870182540698,3.348157083577501,0.9516285566880995,3.2712375765922985,3.327876086392279
104.007505663717,1.31562111295619,6.100052988635301,3.7005760082295005,3.9225263833685986,0.8515948488633995,3.233176195882198,3.5615852849957994
104.007505663717,1.31643128824731,6.073770755548299,3.4980892895429,4.148452999456701,0.6051769648234,3.236272736721503,3.5123525492185608
104.007505663717,1.31724146353842,6.249080381472098,3.7711141750225003,4.526743612213,0.49816384144419956,3.0796101816948998,3.6249424383693394
104.007505663717,1.31805163882954,6.139652511106302,3.4814048381463003,4.2180361007424985,0.6305766890665971,2.7680961779513993,3.4475532634026194
104.007505663717,1.31886181412065,6.341779030461598,3.6942833336815006,4.365191374725001,0.06935446002200152,3.5800576811930007,3.61013317601662
104.007505663717,1.31967198941177,6.356318616376402,3.764246458312698,4.590245426400198,0.7010791563109997,4.2927280001221,3.9409235315044797
104.007505663717,1.32048216470289,6.3305692588204,3.715434087599302,4.4293184090401,0.739746188252802,4.242479586168102,3.891509505976141
104.007505663717,1.321292339994,6.279843946699202,3.6399421044154003,4.3558466133751,0.8425062964816981,3.8616401825628976,3.7959558287068598
104.007505663717,1.32210251528512,6.417599667796903,3.877596528654699,4.8231360662821,1.3100688413222024,3.918513241889098,4.069382869189001
104.007505663717,1.32291269057623,5.782604408725501,3.309041434812098,4.8729636914005,1.1695650390557013,3.945656620266398,3.8159662388520394
104.007505663717,1.32372286586735,6.1955641548837015,3.263855880544998,4.895685394199802,0.5132491380005,3.1634928682183023,3.6063694871694607
104.007505663717,1.32453304115847,6.571775890431802,3.682117101035999,4.917887639886398,0.26961535191509967,2.6415404983181006,3.61658729631748
104.007505663717,1.32534321644958,6.6214995982868,3.436503945006802,4.661625380069001,0.23878882863359863,2.450700683458102,3.4818236870908605
104.007505663717,1.3261533917407,6.619796260148,2.7093392021749025,3.829828833107399,0.29079688355169964,1.7587071900906004,3.04169367381452
104.007505663717,1.32696356703181,6.516138856560701,2.4823672277882984,3.428132056811002,0.7536895088230011,1.5599456182319003,2.9480546536429806
104.007505663717,1.32777374232293,6.7088253670344,2.9679084327271,3.8108611584044,0.03182779992680196,2.3874814827474005,3.1813808481680206
104.007505663717,1.32858391761405,6.631781770229498,3.3000729036089,4.956759263273,0.6365473301085025,3.1194396976997005,3.72892019298392
104.007505663717,1.32939409290516,6.442852044237203,3.4055370971301,4.042469628462097,0.9375359952483002,3.2369535395508002,3.6130696609257003
104.007505663717,1.33020426819628,6.285496166977499,3.3072713933967,4.712330046195699,1.0065597263619992,3.1197632583415,3.6862841182546795
104.007505663717,1.33101444348739,6.295643419054201,3.4240854651934995,3.853920860254199,1.0979275471023975,3.077057670694998,3.549726992459859
104.007505663717,1.33182461877851,5.882182449339101,2.8907487326698984,3.423493246180797,0.9832710419224995,2.8671597976887995,3.2093710535602193
104.007505663717,1.33263479406963,5.601348377862699,2.534735458635197,3.071512913256999,0.6004360264103994,2.7731352312553987,2.9162336014841386
104.007505663717,1.33344496936074,6.630283282324399,3.198034087656602,3.510095136220702,0.7423215996122998,3.3553611032171986,3.4872190418062403
104.007505663717,1.33425514465186,6.693797254889603,3.1381710479872,3.548655928266399,0.5377822974769977,5.148750847941098,3.8134314753122593
104.007505663717,1.33506531994297,7.281120405511601,3.315281972163099,3.801558132472099,0.3492661726433006,4.2890129614795,3.80724792885392
104.007505663717,1.33587549523409,6.705148866055101,2.8139472824022,3.5718227563009,0.548689644406501,4.8360383392397,3.6951293776808805
104.007505663717,1.33668567052521,6.100185795420103,2.4930921624702975,3.289712504524701,0.6695253224802009,5.1673939210668,3.5439819411924205
104.007505663717,1.33749584581632,6.174392385911499,2.6642606342240995,3.7216317619222004,0.7396331262877993,5.142393756911801,3.68846233305148
104.007505663717,1.33830602110744,5.934109871160199,2.4717493180332006,3.291935123479,0.5687332524155977,5.1616541394412,3.4856363409058395
104.007505663717,1.33911619639855,6.247339535975499,2.4958112192484023,3.2659800342982024,0.4050008184131997,5.253453262853302,3.5335169741577213
104.007505663717,1.33992637168967,6.7314637285932974,2.5380056370612003,3.1654647913623997,0.30792982044649975,5.371283353399299,3.622829466172539
104.007505663717,1.34073654698079,6.891500875890898,2.5873102918231012,3.118358424827001,0.42104052453349894,5.4467386669448,3.69298975680386
104.007505663717,1.3415467222719,6.3535765022568,3.391353582812801,3.1003357693820988,0.5077140718617983,4.7491989113831,3.6204357675393197
104.007505663717,1.34235689756302,6.038584252935699,2.548937718253498,3.068228083631702,0.810923237894599,3.4241942161776997,3.1781735017786397
104.007505663717,1.34316707285413,5.848137922802103,2.577925014171498,3.133046960268402,1.5528483322395985,3.3997500480076006,3.30234165549784
104.007505663717,1.34397724814525,5.8126814916311,2.3086582369188022,2.7942254522568994,1.9072160600534005,3.3578636024031,3.23612896865266
104.007505663717,1.34478742343637,5.770722166991099,1.8719841892309006,2.188516710010699,2.032774050279098,3.4557161865870967,3.063942660619779
104.007505663717,1.34559759872748,5.3153644358066,1.0773347550941033,1.7124842244047969,2.0496818552035982,4.406757125732401,2.9123244792483
104.007505663717,1.3464077740186,5.9584751252895,1.5641842753332007,1.4651782512288989,1.8719822837851012,2.6194513360189013,2.6958542543311204
104.007505663717,1.34721794930971,6.459266473078802,1.866735981851999,1.4744997633870014,1.903042483366999,1.3074304514024995,2.60219503061746
104.007505663717,1.34802812460083,5.794247204633098,1.3015620255596012,0.8339664895335979,1.5915143974717019,0.9840517183023998,2.10106836710008
104.007505663717,1.34883829989195,6.099521612445198,1.5941573535356994,1.0223554748535015,1.4923143281584998,1.602481266289601,2.3621660070565
104.007505663717,1.34964847518306,6.3127506252284,2.0648199933669993,2.099354924239499,1.517500880656101,1.085523732706399,2.6159900312394795
104.007505663717,1.35045865047418,6.152730843638597,2.0582173469775,2.6214250394830003,1.550822437959102,1.368257723042099,2.75029067822006
104.007505663717,1.35126882576529,6.209937498653002,2.165482854388202,3.2317897112992,1.6800563976298015,1.6019686653155993,2.977847025457161
104.007505663717,1.35207900105641,6.1313332532585,2.1477199552609996,3.717476556545698,1.7820286447867026,2.1636965021157017,3.1884509823935203
104.007505663717,1.35288917634753,6.356048707975802,2.4773289831554024,3.9499723049316025,1.778278166574001,2.839393916643999,3.4802044158561616
104.007505663717,1.35369935163864,6.591331372364699,2.797249033871399,4.030250779493297,1.7532202054886987,3.698118991034601,3.774034076450539
104.007505663717,1.35450952692976,6.499140713900097,2.490497164835599,3.920672784715901,1.5810867076683977,3.545755619628899,3.6074305981497785
104.007505663717,1.35531970222087,5.424386694784001,1.9291560050594967,3.963682093075903,1.6162996004869008,3.5963348773193005,3.3059718541451204
104.007505663717,1.35612987751199,5.618289030891699,2.1782650868304003,3.896060155893501,1.3275079837813983,3.6798365782605984,3.3399917671315196
104.007505663717,1.35694005280311,6.286790545803502,2.6812565141012,4.9897790665927,1.0203776883863007,3.6598952054443004,3.7276198040656006
104.007505663717,1.35775022809422,6.590189238496102,2.7938039410455993,4.782602477190899,0.7400500170220994,3.6366240535346,3.70865394545786
104.007505663717,1.35856040338534,6.548604281285602,2.8822133177749976,4.023357494592698,0.7756308692185989,3.664983759304498,3.578957944435279
104.007505663717,1.35937057867645,6.4595409972016,2.9265425569235006,4.3028124503941,0.7603941869909008,3.4199085847168007,3.5738397552453804
104.007505663717,1.36018075396757,6.779792151014497,3.271590006506699,3.819168116857501,0.6803849820220016,3.0499282741428004,3.5201727061087
104.007505663717,1.36099092925869,6.913045920925697,3.5267861325426004,4.801624864398001,0.7233694336214995,3.012153830715601,3.7953960364406796
104.007505663717,1.3618011045498,6.9849642369518,3.584580587807398,4.892955850680899,0.7459897627078007,3.2878356964111006,3.8992652269117998
104.007505663717,1.36261127984092,6.7840851723846995,3.4237549809136993,4.033777755582399,0.7393957347949005,3.6717261927699987,3.7305479672891395
104.007505663717,1.36342145513203,6.588125643031898,3.266345700377002,4.049333166500997,0.9144343387306009,4.003736661714498,3.764395102070999
104.007505663717,1.36423163042315,6.093515827684602,2.880311132091002,3.8225407266015985,0.9790030108575998,4.099053227869803,3.574884785020921
104.007505663717,1.36504180571427,5.408606376332703,2.182637156981002,3.458400909251999,0.8024641385919011,4.3517128557652,3.240764287384561
104.007505663717,1.36585198100538,5.799095998163601,2.001807192467499,3.0402493835856,0.6115332743004025,4.632490887171297,3.21703534713768
104.007505663717,1.3666621562965,5.425200473284701,1.5909403033295995,2.676592222281002,0.5845699786708991,4.860619731610299,3.0275845418353002
104.007505663717,1.36747233158761,5.122302563318701,1.3782916942076007,2.8572498675899,0.7746442467619019,4.886542947096199,3.0038062637948606
104.007505663717,1.36828250687873,6.132585632622298,2.5652555899762994,3.5811034413294003,0.9813296282426016,4.8649286888826,3.62504059621064
104.007505663717,1.36909268216985,5.752412480876199,2.3308420710219018,3.5205713248227006,0.8628702183554999,4.5929298778426,3.4119251945837803
104.007505663717,1.36990285746096,5.330017994122301,2.2312955886482975,3.6041412569461,0.9835761299153987,4.291141897046501,3.2880345733357195
104.007505663717,1.37233338333431,5.8323303668991,2.2795812991363995,3.835536431907901,1.1821762182580002,4.440920445663998,3.5141089523730797
104.007505663717,1.37314355862543,6.370980929598701,2.4998892205424,4.088378205974401,1.484218770482098,4.8181726888611,3.85232796309174
104.007505663717,1.37395373391654,5.236778917120699,1.6834037905522017,3.7176475992833993,1.366074918427401,4.018028050537097,3.2043866551841598
104.008315839008,1.31319058708284,5.319798354028499,2.5337804181042003,2.501729883667,1.543517746460001,2.998119552123999,2.97938919087674
104.008315839008,1.31400076237396,5.090054369125099,2.7725235997967985,3.8248630221914013,1.3679094482346024,3.031014261413599,3.2172729401523
104.008315839008,1.31481093766507,5.228586094140201,2.8547817393166,3.4058988555275,0.7744973841688001,3.421940872124601,3.1371409890555406
104.008315839008,1.31562111295619,5.547459570482502,3.1007844547511993,4.7100949066072,0.6403711257121003,3.4572144608426,3.4911849036791205
104.008315839008,1.31643128824731,5.3248758426435,2.861987912009301,4.931603251455801,0.10576401662190094,3.5399833767360995,3.3528428798933207
104.008315839008,1.31724146353842,5.572778958476199,3.071413187978397,4.445120471804003,0.2407924188571009,3.6359175294325006,3.39320451330964
104.008315839008,1.31805163882954,5.871265969503799,3.309009635779301,4.433348441884803,0.20350306303580012,3.4334605248345014,3.4501175270076407
104.008315839008,1.31886181412065,5.9427309312605985,3.2587622325583006,4.4068425127032,0.1465712227172986,3.5089012717150005,3.4527616341908796
104.008315839008,1.31967198941177,5.985138903670798,3.369871664064899,4.411051916039803,0.1757905717569983,3.634242848646398,3.5152191808357793
104.008315839008,1.32048216470289,6.201646227250798,3.5042221520166983,4.351612866801599,0.33231842839899883,3.429280625922299,3.5638160600780786
104.008315839008,1.321292339994,5.942961501506101,3.1899155983272998,4.208262832899699,0.6917201986966006,3.3083958886854,3.4682512040230202
104.008315839008,1.32210251528512,5.959378876953799,3.1649304550814,4.456997733119401,0.9171971009793012,3.3302536838515024,3.5657515699970808
104.008315839008,1.32291269057623,5.858475343338998,2.9499768973041007,4.4798085597547015,0.38117534959580013,3.0416039591471,3.34220802182814
104.008315839008,1.32372286586735,5.419065889290099,1.7835518348801003,3.780633835265199,0.7968179930691015,1.9545980606960995,2.74693352264012
104.008315839008,1.32453304115847,6.344405502283401,3.144596516583899,4.167991281198098,1.161671948594801,1.905507332505998,3.3448345162332394
104.008315839008,1.32534321644958,6.521941168626402,3.1363453236249015,5.086365910204098,1.1812461443075009,1.8592595442707989,3.5570316182067403
104.008315839008,1.3261533917407,6.4294338734665,2.2382589544945013,3.4760133385603993,1.4215907548624998,1.493167399848101,3.0116928642464003
104.008315839008,1.32696356703181,6.475880600835001,2.4223348457036984,3.4840424591751002,1.079161381761299,1.6635496457925996,3.02499378665354
104.008315839008,1.32777374232293,6.716342333740101,3.2749128686569016,4.188193810533701,0.14252178556989747,2.5823229183349987,3.38085874336712
104.008315839008,1.32858391761405,6.767344054324301,3.7799114684274997,4.359583546479097,1.0906468926187998,3.1861671901855004,3.8367306304070397
104.008315839008,1.32939409290516,6.828380744109101,4.164315132701802,5.506830214685802,1.6858059249268003,3.1330477882757997,4.263675960939861
104.008315839008,1.33020426819628,6.635461384353199,3.843430010387099,5.021729765551701,1.5572439555352027,2.9282820736355006,3.9972294378925404
104.008315839008,1.33101444348739,6.4023119565617,3.594986277514998,4.385613895785099,1.5439229511337977,2.6811060958115966,3.7215882353614385
104.008315839008,1.33182461877851,6.0329104431922005,3.085389780691603,3.4922931385020988,1.2437208830496012,2.673211878173799,3.3055052247218604
104.008315839008,1.33263479406963,5.3703638286166,2.206396745461902,2.8596811002744005,0.751607981956397,2.4922687164034976,2.7360636745425593
104.008315839008,1.33344496936074,6.525371106512701,3.4278764772461976,3.304297967832202,0.7027240178864993,2.6882688367783985,3.3297076812511994
104.008315839008,1.33425514465186,6.3641454457626985,3.051283419009401,3.2982217590688023,0.5573297676382012,3.522848481811497,3.35876577465812
104.008315839008,1.33506531994297,6.616174064475302,2.985931872635099,3.6273629392544997,0.40774436987310025,3.3017025863536986,3.38778316651834
104.008315839008,1.33587549523409,6.562180098875899,2.8310902609753974,3.588383431454499,0.3832590333308019,4.0114698367437995,3.4752765322760792
104.008315839008,1.33668567052521,7.100485712957802,3.2350968150479,3.9266064943955996,0.8385645251039016,4.5911814726744,3.9383870040359206
104.008315839008,1.33749584581632,6.2505541052717,2.2816157275868,3.4649539672718,0.6078938321212028,4.810487717316597,3.4831010699136202
104.008315839008,1.33830602110744,6.582908517477101,2.506664918408802,3.6132841779815017,0.5524085367956992,5.023868076576303,3.6558268454478813
104.008315839008,1.33911619639855,6.496897245131297,2.4181783287436005,3.3739061270056006,0.4737303011858991,4.9489352939372,3.5423294592007197
104.008315839008,1.33992637168967,6.5278416513172,2.484396497219201,3.4259116614788,0.5237933120737992,5.057586295330498,3.6039058834838995
104.008315839008,1.34073654698079,6.574740183875399,2.6439436803273004,3.4902921568879,0.6871342650038024,5.0933886524762,3.69789978771412
104.008315839008,1.3415467222719,6.545059397211801,2.6024822821332023,3.200405656890201,0.8844922755965001,5.181461787085301,3.682780279783401
104.008315839008,1.34235689756302,6.291571979903399,2.4412415165612984,2.8731862460290003,1.4020005219766993,4.4640413171125,3.494408316316579
104.008315839008,1.34316707285413,6.525674789636199,3.1998249397897,3.198961711862797,2.1039312638835987,3.5148562736414988,3.7086497957627587
104.008315839008,1.34397724814525,6.563689897380598,3.3456928054913,2.969678305412799,2.201112475786598,3.3463873051457007,3.6853121578433994
104.008315839008,1.34478742343637,6.183249643129301,2.546980673736801,2.3343664061685985,2.0197984038602996,3.4727114066599007,3.3114213067109803
104.008315839008,1.34559759872748,6.0074197059804995,2.0686580496381985,2.0254260339697012,2.1584217464812028,3.579842383412398,3.1679535838964
104.008315839008,1.3464077740186,6.1013031917572,2.0890346269464004,1.9218238654459014,2.2163014505413017,4.099588963799398,3.2856104196980405
104.008315839008,1.34721794930971,6.2024437415861975,1.9945774506766014,1.7025730784640984,1.846519995367398,1.863426699340799,2.721908193087019
104.008315839008,1.34802812460083,6.1025696646076,1.711518179570799,1.2730433524441018,1.5351890792757992,1.1644455614014007,2.35735316745994
104.008315839008,1.34883829989195,6.092635096655201,1.5480592790752006,1.2993350310375007,1.4553838648376995,1.365179890584301,2.3521186324379806
104.008315839008,1.34964847518306,5.9001961831957,1.424811556795401,1.3952556123362996,0.9849060109604011,1.4870569669324993,2.23844526604406
104.008315839008,1.35045865047418,5.7817052768082995,1.3255855149134987,1.622279794831499,0.7604428007444,2.049152494642499,2.3078331763880393
104.008315839008,1.35126882576529,6.040227122762701,1.7718212080227005,2.372322121939199,0.8471995805907007,2.5861653277995025,2.723547072222961
104.008315839008,1.35207900105641,6.2534599726255,2.126938555447701,2.8117053918999986,1.0054319538434981,2.9195239065620022,3.0234119560757398
104.008315839008,1.35288917634753,6.076333499761102,2.0066706882408987,3.110421122395799,1.0950788168666996,3.022736381307002,3.0622481017143004
104.008315839008,1.35369935163864,6.362501263156801,2.399092695687699,3.2865276966055,1.1451298003516008,2.8329517188313993,3.2052406349266
104.008315839008,1.35450952692976,6.2200892259966984,2.129827290907599,3.3330715505088016,1.178258955110799,2.708630878729899,3.1139755802507594
104.008315839008,1.35531970222087,6.2038774026692,2.2332966063276984,4.3960260413997005,1.4755652846084004,2.8769379466417,3.4371406563293396
104.008315839008,1.35612987751199,6.855247998431199,3.0579722581764983,4.135311973680498,1.3496074735778016,3.174138920423701,3.7144557248579395
104.008315839008,1.35694005280311,6.219092501840102,2.606850176072399,4.222751175324799,1.0394450923078011,3.4299185132242975,3.5036114917538796
104.008315839008,1.35775022809422,6.015605983145999,2.492577702748399,4.7028709352603,0.9982149009346024,3.656294287990999,3.57311276201606
104.008315839008,1.35856040338534,6.599584703545499,3.0885381276589996,4.969545900331099,1.0502990141889015,3.7866228657361987,3.8989181222921396
104.008315839008,1.35937057867645,6.3250049258790995,3.0251080772374017,4.884890226655301,0.9416507379578007,3.7467289602186007,3.784676585589641
104.008315839008,1.36018075396757,6.570387172188202,3.147983263366598,3.8864712596522004,0.8787723958629989,3.572279621595598,3.611178742533119
104.008315839008,1.36099092925869,6.7740091641456,3.362014572697401,3.876204541516902,0.799146703709603,3.455689475382499,3.653412891490401
104.008315839008,1.3618011045498,6.728319369288901,3.252311382224299,3.8970998400737002,0.7307229875761969,3.5029915394558024,3.6222890237237797
104.008315839008,1.36261127984092,6.6827125957024975,3.266911477288801,4.089824425769201,0.7511102247322015,3.8085366166330985,3.71981906802516
104.008315839008,1.36342145513203,6.622216798455099,3.3488640179906994,4.026427621405201,0.779258116923998,3.9783469138331995,3.7510226937216395
104.008315839008,1.36423163042315,5.5703698525137,2.5816182681396995,3.8024688726689995,0.7660881328237998,4.095243475914401,3.36315772041212
104.008315839008,1.36504180571427,6.029741006212102,2.565479726044,3.6088215560031003,0.5775033369517999,4.4615784346609,3.4486248119743808
104.008315839008,1.36585198100538,6.511427236454399,2.4955863825761,3.1446473213025996,0.4990811921965026,4.6541585243612005,3.46098013137816
104.008315839008,1.3666621562965,5.792736695014,2.003895280235099,3.2736507292074,0.7186257584136015,4.731994883559899,3.304180669286
104.008315839008,1.36747233158761,5.562981724786301,1.9982651329318983,3.4381974099302006,0.9112741934346005,4.743891074905701,3.33092190719774
104.008315839008,1.36828250687873,6.216794560241098,2.7971897648176984,3.894053936726902,1.0388050330255005,4.775797925219997,3.744528244006239
104.008315839008,1.36909268216985,5.856012482000697,2.6097349210808005,3.606890129504098,0.8660094919955021,4.496416401791098,3.487012685274439
104.008315839008,1.37233338333431,5.253373178624198,2.0429010518185002,3.669988516806402,1.1938156763945003,4.254278340108801,3.2828713527504805
104.008315839008,1.37314355862543,5.450686700605299,1.9180437067693,3.7723818689843007,1.4031384274519993,4.6356911485045025,3.4359883704630803
104.008315839008,1.37395373391654,5.2294235527662,1.716877360806901,3.706767902269,1.2480362337750996,4.104274945068397,3.2010759989371196
104.009126014299,1.31400076237396,4.6637711833449025,2.2332954286055973,2.5055701392143988,1.6685415380249005,2.944277569376599,2.8030911717132794
104.009126014299,1.31481093766507,3.989060401945199,2.0204264017253983,3.2094160552887985,0.7452716381699993,3.388128379014802,2.6704605752288395
104.009126014299,1.31562111295619,5.162036354136401,2.684951488611702,3.6022371941958014,0.6270408635050018,3.435119755506701,3.1022771311911215
104.009126014299,1.31643128824731,4.8052860837896,2.0430512709795003,3.837503333743701,0.6503697591552999,3.416820162150099,2.95060612196364
104.009126014299,1.31724146353842,4.9681396381377,2.390858045098902,4.3130996636472005,0.34551470437959964,3.4839859693060973,3.1003196041139
104.009126014299,1.31805163882954,4.642139068088799,1.9278637918375985,4.410421094885699,0.20451480914309883,3.461047227783201,2.929197198347679
104.009126014299,1.31886181412065,5.388784428574901,2.686060675575103,4.785547824490401,0.17291656079100193,3.2042981306152,3.247521524009321
104.009126014299,1.31967198941177,5.586037778939399,2.841115472789401,4.262749530240999,0.21528003609889979,3.1601578019883974,3.213068124011419
104.009126014299,1.32048216470289,5.650409183369,2.9457108384223005,4.0698003068172,0.032393268819198795,2.9887020621880005,3.13740313192314
104.009126014299,1.321292339994,5.610695711374902,2.7396264461195976,3.9497576662386997,0.5252222367825006,3.2356504939914004,3.21219051090142
104.009126014299,1.32210251528512,5.632317438331299,2.590218236037501,4.0278182965552,0.7813355674641969,3.347636549981001,3.2758652176738394
104.009126014299,1.32291269057623,5.959544446077398,2.6277710660438025,4.1559949002236,0.3277923257513997,2.8553298988036993,3.18528652737998
104.009126014299,1.32372286586735,4.782762852206499,1.1338274941865016,3.7849102263303998,0.5941463456216987,2.1940154128011002,2.4979324662292397
104.009126014299,1.32453304115847,6.111494381176801,2.076849540990601,3.7936157376751005,1.401555420111798,1.7968912588703994,3.03608126776494
104.009126014299,1.32534321644958,6.222572048328999,2.003944707616,3.4595340521638995,1.7431791042752032,1.5308116102294989,2.99200830452272
104.009126014299,1.3261533917407,6.355684842551099,2.0699661411102994,3.3135083065565,1.596486562126998,1.6873329142523978,3.004595753319459
104.009126014299,1.32696356703181,6.438248751655099,2.7377668230945993,3.8455867950181,0.5561360218099018,2.4582645566135,3.20720058963824
104.009126014299,1.32777374232293,6.6869717624371,3.5774572112709997,4.601707852327198,0.4463128358900015,2.9337595387777,3.6492418401405997
104.009126014299,1.32858391761405,6.978242860794701,3.9682511207480005,4.506054260305,0.976276359978602,3.0435285000543004,3.894470620376121
104.009126014299,1.32939409290516,6.871910031920699,4.152437505097197,5.668880725836299,1.6623192263522988,3.2017709575466995,4.311463689350639
104.009126014299,1.33020426819628,6.631050260601402,3.8885656030644,5.770647434938798,1.7537741922322994,3.413606889716302,4.2915288761106405
104.009126014299,1.33101444348739,6.607752531652601,3.8323897330357006,4.799961904080501,1.8808414494410997,3.4529638921712014,4.114781902076221
104.009126014299,1.33182461877851,6.626234830540401,3.0519851253390016,3.6981056887827,1.5199328410034987,2.9980231030952,3.57885631775216
104.009126014299,1.33263479406963,6.0764571442438005,3.100987013906,3.7464071328884003,1.3992351017724012,2.425550519626203,3.349727382487361
104.009126014299,1.33344496936074,6.288340462439201,3.3428837569006014,3.787192679792202,1.1330912432387983,2.011252691229899,3.3125521667201405
104.009126014299,1.33425514465186,6.285281779106299,3.0870067314051006,3.5226603569842005,0.7976118775894001,1.8673037708875988,3.11197290319452
104.009126014299,1.33506531994297,5.798877396335399,2.514793228429099,3.1797623577691,0.6567592043729,2.8194308068711997,2.9939245987555396
104.009126014299,1.33587549523409,6.2371549635848,2.9030123984681993,3.3403310868185017,0.5460385709004001,4.106718675333699,3.42665113902112
104.009126014299,1.33668567052521,6.617392204283501,2.968828807088201,3.5299220301393,0.7099658382913994,4.864090901909702,3.7380399563424205
104.009126014299,1.33749584581632,6.6348683176723995,2.8627715660299984,3.7588458402955993,0.4623705136623997,4.748085793484201,3.6933884062289195
104.009126014299,1.33830602110744,6.877574546252298,2.7682237041186966,3.463515651093001,0.1467417351245004,4.6276339800351,3.576737923324719
104.009126014299,1.33911619639855,6.550040187046498,2.3732513725179984,3.1117776979021983,0.09691694814900131,4.894292244085101,3.4052556899401596
104.009126014299,1.33992637168967,6.8861176060202,2.6271074174723026,3.2408581481493997,0.29743784548680097,5.0071944688566,3.6117430971970608
104.009126014299,1.34073654698079,6.673489256584901,2.853803576647799,3.5751317660672015,0.6761866820226992,5.1569444896354995,3.78711115419162
104.009126014299,1.3415467222719,6.163256703407203,2.4951416896493015,3.2625122732722005,0.8516109492619997,5.066975129847101,3.5678993490875612
104.009126014299,1.34235689756302,6.176603653108703,2.422845152686101,2.916123790001599,1.3821232826911007,4.890906489915899,3.5577204736806807
104.009126014299,1.34316707285413,6.277200993940301,2.7490892408111023,3.058389967459398,1.9974189949401016,3.7754489753570013,3.571509634501581
104.009126014299,1.34397724814525,6.812068847146797,3.2533565403886016,3.005503393902,1.8498097595323024,3.734599583831802,3.7310676249603008
104.009126014299,1.34478742343637,6.8634906335718995,3.2398581322752023,2.8401060460366025,1.4305210290461972,3.7153895736330007,3.6178730829125803
104.009126014299,1.34559759872748,6.596914160112,3.4215959009683985,2.7501657919714013,1.7291345080974985,3.6448134119074993,3.6285247546113597
104.009126014299,1.3464077740186,6.284781731969101,3.4448690891371996,2.9668866642705005,2.001527116273202,2.835589523261099,3.5067308249822204
104.009126014299,1.34721794930971,6.1117842982955,2.6985285463055995,2.7142890480640993,1.6866912796388007,3.1253956372747993,3.2673377619157598
104.009126014299,1.34802812460083,6.399170640729199,2.5484414914411992,2.4658647681930006,1.5495951660203993,1.864943222669801,2.96560305781072
104.009126014299,1.34883829989195,6.692868616307798,1.968135582998098,1.5525233999429986,1.2181918385829995,1.1686033558214,2.5200645587306587
104.009126014299,1.34964847518306,6.0503324677838,1.4304491280372993,1.1092964731535986,0.7355744234458008,0.7851359635416983,2.0221576911924393
104.009126014299,1.35045865047418,5.7914422141363,1.2348202791179013,1.2161354669687015,0.3805546053493991,0.906307654188403,1.905852043952141
104.009126014299,1.35126882576529,5.880452129014699,1.4470314927434025,1.7672553624583998,0.32436018780819964,1.3850975637206986,2.16083934714908
104.009126014299,1.35207900105641,5.919533298045497,1.6084164988213985,2.1107362960793026,0.3257201905888003,1.7459773325467012,2.3420767232163398
104.009126014299,1.35288917634753,6.019825201737699,1.8078628378687007,2.4791728983244994,0.4487311550613988,2.0292715002034,2.5569727186391398
104.009126014299,1.35369935163864,6.3502021639544,2.1948974185650023,2.7313941333779006,0.5242839788529992,1.7653615537922995,2.7132278497085203
104.009126014299,1.35450952692976,6.4314882573912975,2.2377513236632005,3.107739812364702,0.6373640727971015,1.5514041823188016,2.7931495297070206
104.009126014299,1.35531970222087,6.4281436916461985,2.4261399594414,3.4079682672015004,0.855112266785099,1.8849409500461007,3.00046102702406
104.009126014299,1.35612987751199,6.1859154557268,2.178044017112402,3.272708903282897,0.7658844088862011,2.420548550347199,2.9646202670711
104.009126014299,1.35694005280311,6.263737371753798,2.577460980752498,3.6402329263004987,0.8502832661989004,2.9643550525581013,3.259213919512759
104.009126014299,1.35775022809422,5.807443086495201,2.3245038752917004,3.7233089753300987,0.8476886516332023,3.3302432674289015,3.206637571235821
104.009126014299,1.35856040338534,6.363319258954899,3.0011886249126007,4.162831938308397,0.9874900421154997,3.5337877826876998,3.6097235293958194
104.009126014299,1.35937057867645,5.934633111487198,2.782409421166399,4.0430521501981005,1.0232610214153013,3.7364298263075,3.5039571061148997
104.009126014299,1.36018075396757,6.458109936039001,3.162570810051399,4.0062964817233,1.0608809601930993,3.9808207053765017,3.7337357786766603
104.009126014299,1.36099092925869,6.815319678733701,3.4295248994825975,3.957329707019401,1.0730679812721995,4.191528565077,3.8933541663169797
104.009126014299,1.3618011045498,6.593516645113901,3.1643772167036985,4.006300534625499,1.035025348528702,4.280072362236897,3.8158584214417397
104.009126014299,1.36261127984092,6.55605232756,3.2149936910495995,4.186102308561999,1.072711953596599,3.772073778671899,3.7603868118880195
104.009126014299,1.36342145513203,6.588292702504901,3.294885843345998,4.048279144298299,0.9659351260973992,3.9464733884755,3.7687732409444195
104.009126014299,1.36423163042315,6.500626361277803,3.0401774658109026,3.641439745315502,0.6874449636705968,4.203906947967301,3.614719096808421
104.009126014299,1.36504180571427,6.7505482681679005,2.8361025261121995,3.1139225592899997,0.22637733976199925,4.349212657484099,3.4552326701632396
104.009126014299,1.36585198100538,6.4034675815737,2.488176217591402,3.0356934523519,0.37421439494109876,4.4939120503699,3.3590927393656003
104.009126014299,1.3666621562965,6.488957614197702,2.8242706728320996,4.0515498608037,0.9636015005070995,4.2703492303391,3.71974577573594
104.009126014299,1.36747233158761,6.437976322616901,2.8858792833744005,4.3048992104221,1.2502594860182015,4.236227542520002,3.823048368990321
104.009126014299,1.36828250687873,6.432651549014601,2.9935548164356014,4.1134042982087,1.0228089009841028,4.633130912014,3.839110095331401
104.009126014299,1.36909268216985,6.0889182000492035,2.8744652202550007,3.9521661043647,0.8678756455458014,4.410764359599099,3.638837905962761
104.009126014299,1.37233338333431,4.564168377468,1.647263661610598,3.591807373712502,1.1750637651419993,4.137983786106503,3.0232573928079205
104.009126014299,1.37314355862543,4.456772055848102,1.4552976064030005,3.7847854438566984,1.3946716731884976,4.344218572904701,3.0871490704402
104.009126014299,1.37395373391654,4.4883819414488,1.1497801404361994,3.561437309562802,1.2819069875444988,4.606493232299801,3.0175999222584204
104.009936189591,1.31481093766507,4.897129193194001,2.862076053583298,3.520501884863002,1.0357643682098008,3.2435737816925005,3.1118090563085206
104.009936189591,1.31562111295619,5.507300358004002,3.128414698081901,4.583502724767598,0.7103597623358979,3.3711501727295,3.46014554318378
104.009936189591,1.31643128824731,5.090902498023599,2.3591046540025005,3.943963849080397,1.2498875167507997,2.878696796318902,3.1045110628352397
104.009936189591,1.31724146353842,4.874697440119299,1.833979400020901,3.9326540219982995,1.4480029843003983,2.575567286593998,2.932980226606579
104.009936189591,1.31805163882954,5.163182234242001,2.4134880887089984,4.214818869950399,0.7002411611395978,2.649215378865602,3.0281891465813198
104.009936189591,1.31886181412065,5.021622934341199,2.4119863351503987,4.434986688499599,0.497267946987602,2.7640583301595,3.0259844470276596
104.009936189591,1.31967198941177,5.267818598756399,2.6145617648589976,4.2331508491057015,0.5223762882623006,2.7108126413031997,3.0697440284573196
104.009936189591,1.32048216470289,5.2688122906542,2.555045203264399,3.766209226220301,0.4695606458876007,2.9839042508545006,3.0087063233762
104.009936189591,1.321292339994,5.2792800785165,2.4251585714412016,3.5990989832336027,0.16485253920490095,3.596374832668701,3.0129530010129812
104.009936189591,1.32210251528512,5.293643036687701,2.6400827719088014,3.869144419182497,0.6777716311441999,3.7016796906059994,3.23646430990584
104.009936189591,1.32291269057623,5.705987245988901,2.6181263355845026,4.1887762228525,0.8343424778780992,3.1508765684272007,3.2996217701462407
104.009936189591,1.32372286586735,5.890690794408002,2.434573592162799,4.2991884938685985,0.2525617814060013,2.680365282741999,3.11147598891748
104.009936189591,1.32453304115847,6.058113777877502,2.0623294442541003,3.8349577100111993,0.7713615702582004,2.011764062933999,2.947705313067
104.009936189591,1.32534321644958,6.073527301152403,1.7245466610547986,3.458744698678199,1.2545267395561979,1.4684331305880995,2.7959557062059397
104.009936189591,1.3261533917407,6.232638082752199,1.983480109862498,3.418865277125402,0.9948347658284007,2.048788686591301,2.93572138443196
104.009936189591,1.32696356703181,6.439714221618701,3.0257534378273014,5.016700334915701,0.23178083738200073,2.8758972076416,3.517969207877061
104.009936189591,1.32777374232293,6.484282563168502,3.593289831718401,4.814555071372698,0.7363337235107004,3.0964468162706,3.7449816012081802
104.009936189591,1.32858391761405,6.542532097407101,3.7580779264515023,4.5360360182226,0.8314153754814981,3.0936728065320978,3.75234684481896
104.009936189591,1.32939409290516,6.682981813537399,3.972463054539201,5.545558906074497,1.2820021546834006,3.123406147718601,4.12128241531062
104.009936189591,1.33020426819628,6.765783700179298,3.834774275774201,5.001081516659099,2.0130287086928007,3.529100811550599,4.2287538025712
104.009936189591,1.33101444348739,6.760432745708101,3.8251149623642,5.343610986368098,2.0159897310823,4.156778753716402,4.4203854358478205
104.009936189591,1.33182461877851,6.784771938755103,3.6100620851955973,5.626223491188,1.9000171228537006,3.7769736547986987,4.33960965855822
104.009936189591,1.33263479406963,6.341952268923901,3.3444653229745995,4.556832936569499,1.6924993365893997,2.766713236694301,3.74049262035034
104.009936189591,1.33344496936074,6.293061727798801,3.4572503905366005,4.310233034764298,1.4380554626840016,2.2305026082763995,3.54582064481202
104.009936189591,1.33425514465186,6.475223310340098,3.6080705524930003,4.388276894780699,1.3667670765373003,2.276664257636199,3.623000418357459
104.009936189591,1.33506531994297,6.319308016797699,3.449015871765198,4.123713200629599,1.2719382460684017,2.6601181362305013,3.5648186942982796
104.009936189591,1.33587549523409,6.243130855314,3.184998708318698,3.768928320792,1.086122544895197,3.035212901421403,3.4636786661482595
104.009936189591,1.33668567052521,6.067461227679001,2.7757358486298003,3.2770962084837016,0.6798112760370998,3.0389069206949983,3.16780229630492
104.009936189591,1.33749584581632,6.2582039900627,2.8642628845444023,3.521445570511897,0.6941215606255007,3.7200340989311975,3.4116136209351398
104.009936189591,1.33830602110744,5.9502069345153,2.1146188782524007,2.9554399845652988,0.21631678349640282,4.823840526665599,3.212084621499
104.009936189591,1.33911619639855,6.408845349964498,2.369138003958497,2.794380972951803,0.08518312868409694,4.882744225701199,3.3080583362520186
104.009936189591,1.33992637168967,7.227984592679,2.9654431802533026,3.1138595108582017,0.3001910334650013,5.128048201260501,3.7471053037032016
104.009936189591,1.34073654698079,7.291582105104201,3.0312289307816016,3.319317195030102,0.6020616872856976,5.182407949364201,3.8853195735131605
104.009936189591,1.3415467222719,5.743316440435699,2.1150536065263985,3.0217946602489008,0.988059825755002,5.1736543594111986,3.4083757784754396
104.009936189591,1.34235689756302,6.437285294796098,2.631064302092998,3.103358258589502,1.4481988603291,5.185957967491898,3.761172936659919
104.009936189591,1.34316707285413,6.335061549531503,2.6658007463215014,3.1911163704792997,1.6803299700484011,4.643743048805401,3.703210337037221
104.009936189591,1.34397724814525,6.207065327021301,2.7526299216378014,3.240106160656598,1.4039092986949981,3.843600752052499,3.4894622920126395
104.009936189591,1.34478742343637,6.3368150646073005,2.880401738661,2.8851819084008987,0.8922215947470029,3.3062932983929016,3.260182720961821
104.009936189591,1.34559759872748,6.776796612904999,3.4717485913079003,3.1527267524145977,1.3107823684491002,3.5089070591536,3.6441922768460393
104.009936189591,1.3464077740186,6.932584367046299,3.7768050288748967,3.2883155925708003,1.6328470151495011,3.285782285506901,3.7832668578296795
104.009936189591,1.34721794930971,6.884557442550303,3.5643599582082004,3.4772849263282986,1.4776922588482009,4.4231876971436,3.9654164566157206
104.009936189591,1.34802812460083,6.870174911861898,3.2418738725706007,3.102360089405199,1.0443741758755998,2.0640114635281,3.2645589026482797
104.009936189591,1.34883829989195,6.664633123548999,2.5122946536076007,2.1369944497160986,0.7785143972768012,1.3140193105740003,2.6812911869447
104.009936189591,1.34964847518306,6.317514134247997,1.904627461501402,1.6770899326036002,0.6637445692810005,1.1604860894775015,2.3446924374223004
104.009936189591,1.35045865047418,5.861496294204603,1.4487766140464977,1.7886153454771012,0.5738209036617015,1.5070252137722022,2.235946874232421
104.009936189591,1.35126882576529,5.8535190408946,1.6124221272356003,2.187391603506601,0.5041933252387025,1.798876469170498,2.3912805132092005
104.009936189591,1.35207900105641,5.6776609705241015,1.428542381120998,2.048594518206599,0.2932392874154992,1.676726340494799,2.224952699552399
104.009936189591,1.35288917634753,5.453647268582902,1.124964095112599,1.7266695583043976,0.003416188119398811,1.3714247499185994,1.9360243720075794
104.009936189591,1.35369935163864,5.868945568988099,1.4697870920042,1.8695763946473,0.18419489323709826,0.8396899002142995,2.0464387698181996
104.009936189591,1.35450952692976,6.246629218293801,1.8258477827858002,2.4340682685626014,0.08277992131140266,0.698046317057301,2.257474301602181
104.009936189591,1.35531970222087,6.229673572770299,1.9364292149092996,2.518714781805201,0.09262988914129977,0.7532298606499985,2.3061354638552194
104.009936189591,1.35612987751199,6.1832398360559,1.9200852246422997,2.807378690376499,0.254658889022199,1.2446027261148984,2.4819930732423594
104.009936189591,1.35694005280311,6.023638541515702,1.9530110158899987,3.099421336803001,0.3903183103894996,1.9861893921577014,2.6905157193511804
104.009936189591,1.35775022809422,5.5908148901398,1.8128842754155023,3.2851652025856026,0.4079210110697993,2.5868114355603993,2.736719362954221
104.009936189591,1.35856040338534,6.369941321249097,2.340626670359999,3.537292051473802,0.45261685392219775,2.972712533013201,3.1346378860036594
104.009936189591,1.35937057867645,6.089629719387201,2.7659696050770997,3.9910389964409987,0.7778506898223014,3.2423645867242,3.37337071949036
104.009936189591,1.36018075396757,6.164837053720998,2.8411969314378,3.8670400598430987,0.9799519990724015,3.5807248851183004,3.4867501858385195
104.009936189591,1.36099092925869,6.320127428364501,2.997291040189399,3.9537267011418997,1.1229583993154009,3.8334399635959002,3.64550870652142
104.009936189591,1.3618011045498,6.4960897907761,3.1004662109089978,4.130552631969998,1.3167870088930016,4.385343172702402,3.8858477630501
104.009936189591,1.36261127984092,6.400161659592701,2.9400366223979013,4.029622938729702,1.2671505458282013,3.5861225253910973,3.6446188583879207
104.009936189591,1.36342145513203,6.788334066793201,3.481129536792899,4.212342408700099,1.219378079540899,3.6475575976117973,3.869748337887779
104.009936189591,1.36423163042315,6.8289768476088,3.189221167606899,3.7419771877206998,0.7492405097620995,3.7851856567620032,3.6589202738921003
104.009936189591,1.36504180571427,6.719531034888899,2.884323494451298,3.2208615021521005,0.3837744563426,3.7923339246572,3.4001648824984194
104.009936189591,1.36585198100538,6.276422461877498,2.4643199709280985,3.314515262216098,0.5790336618363021,3.7081645037788,3.2684911721273595
104.009936189591,1.3666621562965,7.000067048435401,3.327534099702099,4.193536371496101,1.168499934039101,3.7932153745951,3.8965705656535605
104.009936189591,1.36747233158761,7.412028940229202,3.5823771305812,4.182122349274799,1.1346189886962001,3.7677353933198,4.015776560420241
104.009936189591,1.36828250687873,6.671616789716001,3.266857710195101,4.0916419668918,0.7023298020550008,3.874310254085799,3.7213513045887403
104.010746364882,1.31481093766507,5.547827711633403,3.1676525835217006,3.6262097656309003,1.0273255001627994,3.1660836869709996,3.3070198495839604
104.010746364882,1.31562111295619,5.4266232859169,3.120413441161599,4.2889271816695995,0.6512676325140987,3.5059659895832986,3.3986395061690993
104.010746364882,1.31643128824731,5.203672098654501,2.5532844128908003,4.609504032393801,0.9007652202555008,3.0174240742729985,3.2569299676935204
104.010746364882,1.31724146353842,4.997021284335801,2.0891565268318004,4.2566326563229,1.085839303928001,2.6845159699300005,3.0226331482697004
104.010746364882,1.31805163882954,5.1793899879476015,2.518140970401202,4.535180341652598,0.8154536329820026,2.655425134345201,3.140718013465721
104.010746364882,1.31886181412065,5.36368447421,2.682984087936301,4.591194071634501,0.6622654436916982,2.7265178060845017,3.2053291767114005
104.010746364882,1.31967198941177,5.260417389808801,2.5814689078477002,4.3226237488695,0.7287307649671995,2.5309524446615015,3.0848386512309403
104.010746364882,1.32048216470289,5.150432301061301,2.4907800255802997,3.6124322183227022,0.7169069451429984,2.7372975160048014,2.9415698012224203
104.010746364882,1.321292339994,5.0522252748857,2.3460887348094985,3.4870165644463,0.0832046793349015,3.3131014915636,2.856327349008
104.010746364882,1.32210251528512,5.1093833839982,2.491579574941401,3.9024938133497997,0.4540538938192,3.413192885403099,3.07414071030234
104.010746364882,1.32291269057623,5.603506707529501,2.687027507893699,4.221467248878902,0.7299829784614005,3.1203892552219017,3.272474739597081
104.010746364882,1.32372286586735,6.160566331719103,2.6717738386752004,4.4011992247578,0.3108515037027999,2.9071217749702,3.2903025347650208
104.010746364882,1.32453304115847,6.269908350700099,2.1977200776894,3.7588041189712023,0.6862801183471987,1.9955887247313981,2.9816602780878596
104.010746364882,1.32534321644958,5.9865428673859995,1.6069151505107016,3.7571379911020983,1.171155963128001,1.5169389443224013,2.8077381832898403
104.010746364882,1.3261533917407,6.045368994477499,2.0491830576393006,4.800371505702003,0.49543213391790175,2.420667756225601,3.1622046895924614
104.010746364882,1.32696356703181,6.2693838556062005,3.0068089573996986,4.4928338485695,0.7226927799410987,3.2159954359809007,3.5415429754994796
104.010746364882,1.32777374232293,6.390313586638399,3.3719324822475976,4.683490091560898,0.764516708963999,3.2167594519449985,3.6854024642711787
104.010746364882,1.32858391761405,6.4378013371647,3.500675623209002,4.729208691570303,0.6928165013767007,3.0556115691459986,3.683222744493341
104.010746364882,1.32939409290516,6.585619988113699,3.7748109714592992,4.804097792816197,0.9174916204494998,3.072602055975999,3.8309244857629388
104.010746364882,1.33020426819628,6.763001600473501,3.8041128872974,4.9115591119097,1.4407747049220987,3.6830264700249984,4.120494954925539
104.010746364882,1.33101444348739,6.700379495055202,3.675079898567102,4.825382442841999,1.723989096747502,4.207960551079601,4.226558296858281
104.010746364882,1.33182461877851,6.5631306640219975,3.4936159349994007,4.749633068424998,1.7295893252766987,3.8816006060248007,4.08351391974958
104.010746364882,1.33263479406963,6.2046460998755,3.1763703472373024,4.6613645141279,1.6994775487670992,3.321162082858603,3.812604118573281
104.010746364882,1.33344496936074,5.674539796230601,2.748121190117999,4.383161574278098,1.3822921275741997,2.9862799840087995,3.4348789344419393
104.010746364882,1.33425514465186,6.259992748922798,3.3712776816711028,4.5617591137182,1.459199193892001,3.144866908230302,3.7594191292868806
104.010746364882,1.33506531994297,6.190279957566098,3.292906740745501,4.4249263869755,1.4499636819653006,3.4033804965277987,3.7522914527560394
104.010746364882,1.33587549523409,6.374657427720901,3.3071681111009994,4.326601307036103,1.3847221786818018,3.542117046549503,3.787053214217862
104.010746364882,1.33668567052521,5.815919173887899,2.5629855162113984,3.8046945792073004,1.1737066564628975,3.580933453911701,3.3876478759362394
104.010746364882,1.33749584581632,5.9598122236176,2.9294302883327,3.8014630942722007,1.1818849867694006,4.3469084410129,3.6438998068009605
104.010746364882,1.33830602110744,5.800096623132198,2.604034651704101,3.6735718173591003,0.8033540623766982,4.1807232795796985,3.4123560868303593
104.010746364882,1.33911619639855,5.4181237692341995,1.928044385679101,2.949348965694302,0.29039563217929754,4.492965569439001,3.0157756644451803
104.010746364882,1.33992637168967,6.6066856744513025,2.883165818807697,3.441348005603899,0.29036604653789766,4.569884410852502,3.5582899912506596
104.010746364882,1.34073654698079,7.203936824920699,2.8701363475428003,3.092469048733097,0.336197736677299,4.775029208365602,3.6555538332478994
104.010746364882,1.3415467222719,6.528477740285801,2.6905865249211978,3.1797557640663996,0.7357256065797984,4.870822304563699,3.6010735880833793
104.010746364882,1.34235689756302,6.478882076500103,2.5640956977042997,3.0749538696783993,0.8955830517719008,4.9643267348016025,3.595568286091261
104.010746364882,1.34316707285413,6.785470668094899,2.950842807158999,3.1703407388536995,0.9451321104651988,4.918261567951799,3.754009578504919
104.010746364882,1.34397724814525,6.5801855848329005,2.7744630992783996,2.9145807978889025,0.7011179988403988,4.824508480119,3.5589711921919203
104.010746364882,1.34478742343637,6.4040482080588,2.8612603160133006,2.887591323704701,0.5853452624349025,3.750028095871901,3.297654641216721
104.010746364882,1.34559759872748,6.346839334190101,3.129966568233101,2.9720344725868024,0.7645187815842007,3.784243014964101,3.399520434311661
104.010746364882,1.3464077740186,6.317477315849498,3.280918255562902,3.1373943449559007,0.9280103042905985,3.5078217880219,3.43432440173616
104.010746364882,1.34721794930971,6.893116255590201,3.524946975679299,3.4767381788014013,0.9263419543948004,4.959788035753,3.9561862800437404
104.010746364882,1.34802812460083,7.407600273678899,3.7127084695299004,3.2247031329119977,0.6990795611195999,2.2812828790554,3.4650748632591593
104.010746364882,1.34883829989195,7.411063881084299,3.3915155022293995,2.8566066084797974,0.5827283922553015,1.6271456842176981,3.1738120136532992
104.010746364882,1.34964847518306,7.0102405033848,2.6905767809919006,2.583225160897701,0.48260395755460195,1.5263957258030025,2.858608425726401
104.010746364882,1.35045865047418,6.359450223563197,2.451715917605,3.0484657668954007,0.6936288794540992,1.9706542733561,2.9047830121747595
104.010746364882,1.35126882576529,5.963584846229502,2.1257123018269013,3.1476324466778998,0.7105441135419994,2.2102494631482976,2.8315446342849198
104.010746364882,1.35207900105641,5.796843440409003,2.009674968460402,3.054625423574901,0.6123513937863017,2.0768279863281016,2.7100646425117416
104.010746364882,1.35288917634753,5.792314605533999,1.7104740172838007,2.4985802694544006,0.14597047402859786,1.4735988790282981,2.324187649065819
104.010746364882,1.35369935163864,5.633460846439501,1.2626902382538,2.8759883809008997,0.1144282086580013,0.9766376819660998,2.1726410712436603
104.010746364882,1.35450952692976,5.605296667362001,1.2162329472719975,1.9883811881068993,0.403516502983301,0.6964821294488033,1.9819818870346004
104.010746364882,1.35531970222087,5.674593323150301,1.2391580763985033,1.8347778329736997,0.4365717468682,0.4015483546278027,1.9173298668037013
104.010746364882,1.35612987751199,5.666000498173602,1.2736999372956994,2.0264515450825016,0.391119905006601,0.7151131209717008,2.014477001306021
104.010746364882,1.35694005280311,5.557250717141802,1.2282638390488998,2.297828108525799,0.22187250375739964,1.0334969753418015,2.0677424287631405
104.010746364882,1.35775022809422,5.0979036490886,0.8694829260494998,2.3633368932586976,0.23754316437149825,1.6377059872775988,2.041194524009179
104.010746364882,1.35856040338534,5.470814654690901,1.5815545614534976,3.0736222248872984,0.07807594925189676,1.9547099184842018,2.4317554617535593
104.010746364882,1.35937057867645,5.722621811901998,2.125540534166202,3.5767780660399993,0.16958301006999932,2.354049934231199,2.7897146712818794
104.010746364882,1.36018075396757,5.8767131071811,2.4734628550672006,3.677189068825001,0.3830756971366007,2.6561679764404005,3.0133217409300608
104.010746364882,1.36099092925869,5.9759811883611,2.589220787864001,3.8256651617084003,0.6817533143306989,3.063419505235501,3.2272079914999403
104.010746364882,1.3618011045498,6.120606931595201,2.896404278068797,4.071001764447001,0.9762535141606001,3.523243357462597,3.5175019691468394
104.010746364882,1.36261127984092,6.493850599936401,3.0921830675479995,4.1287821994087,1.229538720447998,3.138205814580303,3.6165120803842803
104.010746364882,1.36342145513203,7.031994265663599,3.6905317402817026,4.2983057667801,1.2050728836000992,2.8954067113755997,3.82426227354022
104.010746364882,1.36423163042315,7.339391188175501,3.903158933443301,4.256008670090999,0.9162591817335013,3.0626294745948,3.8954894896076206
104.010746364882,1.36504180571427,6.898976075693902,3.2600421769678007,3.8638574211289978,0.7580575074332998,2.8736752024789034,3.5309216767405807
104.010746364882,1.36585198100538,6.475192379640401,2.7875370737585996,4.0144108574897,0.9647677512020003,2.9737771680972998,3.4431370460376
104.010746364882,1.3666621562965,7.105247798867801,3.5727455875958007,4.293700351010898,1.3238408849934977,2.9422857456356013,3.8475640736207195
104.010746364882,1.36747233158761,7.106789832988699,3.513943507436501,3.5806280365261003,0.7932848161132995,2.9639700923989984,3.5917232570927196
104.010746364882,1.36828250687873,6.682850150093902,3.3508283076633028,3.773711794501402,0.44662768612809955,3.190693454938998,3.488942278665141
104.010746364882,1.36909268216985,6.365165908393102,3.2630018882666008,3.976705746636302,0.709233769959301,3.7816261797409005,3.6191466985992413
104.011556540173,1.31481093766507,4.9835811725012995,2.496978019677801,3.1544336528017,1.3338338194580004,3.046859552002001,3.0031372432881605
104.011556540173,1.31562111295619,5.236743455587799,2.7571660038756,3.6543325366467982,1.1850321938883006,3.1236779722087,3.1913904324414397
104.011556540173,1.31643128824731,5.207400875128798,2.721647660993302,4.3109671086346,0.7606733449775014,2.9166843499349007,3.18347466793382
104.011556540173,1.31724146353842,5.257158559737,2.4024242391468995,3.954821284317699,0.5198128505724,2.984137055948903,3.0236707979445803
104.011556540173,1.31805163882954,5.278099648117301,2.5872946559852004,3.9780533487782996,0.42350640167239817,3.1935727956407014,3.09210537003878
104.011556540173,1.31886181412065,5.4449032900432,2.824208891795802,4.079601775993101,0.3134721267903977,3.2619073904894016,3.1848186950223805
104.011556540173,1.31967198941177,5.285319647445899,2.5242219965744006,3.8463046754637027,0.4540806916843003,2.9465447956000013,3.0112943613536607
104.011556540173,1.32048216470289,4.979171895631701,2.250970915464201,3.604172138502399,0.4511794279650019,3.028157183146199,2.8627303121419003
104.011556540173,1.321292339994,4.7857182246438015,2.0705173854639973,3.7625249710822004,0.13916519938150174,3.4135260231390987,2.83429036074212
104.011556540173,1.32210251528512,5.076846840790001,2.314732262768999,4.026499704216402,0.03953090379500068,3.236384753485801,2.9387988930112408
104.011556540173,1.32291269057623,5.7139628693382,2.576860662643,4.3976716747319,0.3168931539577997,3.0881821244303005,3.21871409702024
104.011556540173,1.32372286586735,6.047279475999101,2.3424588621116023,5.2030437137389995,0.1861975845879016,2.925428867553702,3.340881700798261
104.011556540173,1.32453304115847,5.979200428581301,1.8966387065448984,3.8505491238184,0.5159044321018023,1.9289993646511014,2.8342584111395004
104.011556540173,1.32534321644958,5.965135827183499,1.6564594443578002,3.880868573702198,0.6379839933267988,1.785725341105099,2.785234635935079
104.011556540173,1.3261533917407,5.866381781531199,2.1240537348559023,4.195924886228099,0.1398192594106007,2.666511895670599,2.99853831153928
104.011556540173,1.32696356703181,5.5726394121182,2.1724602032507008,4.278343421823202,0.413869666502098,3.2121443273655004,3.1298914062119403
104.011556540173,1.32777374232293,6.146710851509301,2.8683628343153984,4.347763325410199,0.5686195316921996,3.0971899667696974,3.405729301939359
104.011556540173,1.32858391761405,6.381174245832202,3.250814880986699,4.615321340835301,0.7167536157962004,2.881170140231699,3.5690468447364205
104.011556540173,1.32939409290516,6.6783507564903,3.5847931551163974,4.781059881545602,1.1832393353647994,3.320599021877701,3.90960843007896
104.011556540173,1.33020426819628,6.547721562135301,3.3758143035445975,4.738196410801898,1.510401730169601,3.9830610862900997,4.0310390185883
104.011556540173,1.33101444348739,6.336818860945797,2.9919252650124015,4.4523864876736,1.5598425956588997,3.9689468663466023,3.8619840151274603
104.011556540173,1.33182461877851,6.440725893660801,3.220074543291698,4.533927910882799,1.520061040170802,3.6023790345730013,3.86343368451582
104.011556540173,1.33263479406963,6.421661525122101,3.2092761071599014,4.7027934915622005,1.0885887368231977,3.0629033338081015,3.6970446388951004
104.011556540173,1.33344496936074,6.363766558136998,3.068845015897402,4.572723815823302,1.1915730861461,2.8426334171820997,3.6079083786371804
104.011556540173,1.33425514465186,5.722701989781598,2.5781737324772003,4.141721667490902,1.2063496034337007,3.0123722223714005,3.3322638431109604
104.011556540173,1.33506531994297,6.296667819171699,3.2243274147901992,4.471813005609597,1.396995434075901,3.249909893798801,3.7279427134892393
104.011556540173,1.33587549523409,6.4739750490698995,3.4465159010325017,4.6844068609284015,1.5728835037500986,3.5803560002984014,3.9516274630158605
104.011556540173,1.33668567052521,6.392402688171,3.4305799344495007,4.6386266393936,1.560500856587403,4.096331938897002,4.023688411499701
104.011556540173,1.33749584581632,6.5043517543248015,3.778385806112901,4.692064262963502,1.5982224101298002,4.966901754380999,4.307985197582401
104.011556540173,1.33830602110744,5.870975279048299,3.2976366329395006,4.113990804839201,1.2296783420349016,4.367943372351402,3.7760448862426608
104.011556540173,1.33911619639855,5.802011313815701,2.907904133593899,3.5070001116666987,0.5073302226138985,4.194703017075902,3.3837897597532196
104.011556540173,1.33992637168967,6.187498938802598,2.9560927404201998,3.4631325070453016,0.41484239641309983,4.216285094965102,3.44757033552926
104.011556540173,1.34073654698079,6.1126735899353974,2.5661864748787977,3.139870822861301,0.25239278584239955,4.274366169991499,3.269097968701879
104.011556540173,1.3415467222719,6.2335888419463,2.529346770282501,2.9544955614873984,0.28320237871960074,4.421182692963598,3.2843632490798798
104.011556540173,1.34235689756302,6.343355315371401,2.6165818648932984,2.8119604943454988,0.2738198240438017,4.6958187516706005,3.34830725006492
104.011556540173,1.34316707285413,6.912672759137301,3.2168078600016017,3.260782921707502,0.5133317143732015,4.902967841850099,3.7613126194139412
104.011556540173,1.34397724814525,6.6925611368831,2.6244688432344994,3.0254756699764016,0.28165838195099724,5.2140167130718,3.5676361490233597
104.011556540173,1.34478742343637,6.727684699947702,2.5754405933488975,3.1684269116282984,0.4138466964529002,5.1836245570939,3.6138046916943396
104.011556540173,1.34559759872748,7.249404087844798,3.296328312876401,3.486926417765101,0.5905841329926993,4.619829584483,3.8486145071924
104.011556540173,1.3464077740186,6.903125467608401,3.5463115106730996,3.570613352146399,0.9136437220765998,3.9006225225034967,3.7668633150015993
104.011556540173,1.34721794930971,6.4366867286061975,3.093201811990003,3.6303402900887995,0.8658726835325972,3.7357927845018004,3.5523788597438797
104.011556540173,1.34802812460083,6.5713437573141,3.212813005308501,3.5013203164334,0.7108360875363999,3.0942631161838,3.4181152565552404
104.011556540173,1.34883829989195,7.331499828692202,3.626357494433801,3.2808610452880984,0.603654120428498,2.222322185167098,3.4129389348019394
104.011556540173,1.34964847518306,7.098511169863599,3.211620540439199,3.2286817463379016,0.6202497099441011,2.057045020033101,3.2432216373235803
104.011556540173,1.35045865047418,6.669718782395599,2.910443159846899,3.487081715467699,0.7535950672647012,2.1290328055691,3.1899743061087995
104.011556540173,1.35126882576529,4.8749196599606,1.5746892318271968,3.0176886011045987,0.8552373158807001,2.3716872010904986,2.5388444019727188
104.011556540173,1.35207900105641,6.054687624181501,2.425091292050098,3.2483258375991007,0.6798553883324026,2.3418361522758993,2.9499592588878003
104.011556540173,1.35288917634753,6.0050051537843,2.4320460634605006,3.1462835337540014,0.6328651804914998,2.2236705619575012,2.8879740986895603
104.011556540173,1.35369935163864,5.881239864217498,2.0046378519951986,2.845273707616201,0.26580423295749966,1.677819589369001,2.5349550492310797
104.011556540173,1.35450952692976,5.416693844531299,1.4216007486392002,2.1207300691336,0.2768483521582006,1.0930546231011,2.0657855275126797
104.011556540173,1.35531970222087,5.497761192804802,1.117830254025698,1.9160720624740009,0.42585529271000055,0.5758667136094999,1.9066771031248002
104.011556540173,1.35612987751199,5.233728583888698,1.008442703680199,2.0795364273269996,0.3788128477726005,0.697901510416699,1.8796844146170393
104.011556540173,1.35694005280311,5.221539537040901,1.1226319559183011,2.1865034802138013,0.2968577635069991,0.7639438284098006,1.9182953130179605
104.011556540173,1.35775022809422,5.122248406508199,1.1063739495319993,2.3889347055364,0.3748942247093012,1.0573478428413026,2.0099598258254403
104.011556540173,1.35856040338534,5.230625503860697,1.2693651253112002,2.521725315898397,0.4349927444347017,1.357739353027302,2.1628896085064597
104.011556540173,1.35937057867645,5.371831835485601,1.4867358969340003,2.726025825648801,0.2586953869476005,1.6862251133490993,2.3059028116730205
104.011556540173,1.36018075396757,4.9691838426887,1.3659129784962012,2.8398860494882,0.02616036615809847,2.0332735213487005,2.2468833516359803
104.011556540173,1.36099092925869,5.825977420549499,2.0838100444677004,3.1953591298060005,0.21043132645959872,2.3314739272325014,2.72941036970306
104.011556540173,1.3618011045498,5.3734814233908,2.2214652144293012,3.767784808901201,0.6388689439323976,2.8025114216716,2.96082236246506
104.011556540173,1.36261127984092,6.269949875222,3.13489545697,4.0893293393170005,1.0079812299815991,2.377671457073898,3.3759654717128997
104.011556540173,1.36342145513203,6.8452805464246005,3.595812583858102,4.1377559022214,0.908556892283098,2.2159446752269005,3.54067012000282
104.011556540173,1.36423163042315,7.045625528347298,3.7927258591368016,4.2691413859276,0.9272400858365977,2.342955571333203,3.6755376861163
104.011556540173,1.36504180571427,7.317356968671099,3.8500107060542987,4.4171237838632,0.9744328876645021,2.5005386297195002,3.81189259519452
104.011556540173,1.36585198100538,7.239808041718899,3.7280790159893975,4.6813298937005,1.3425576059358022,2.7268963419141024,3.9437341798517402
104.011556540173,1.3666621562965,7.172366596250701,3.5841915627321015,4.573623388839199,1.219154719684898,2.767030967108301,3.86327344692304
104.011556540173,1.36747233158761,6.607569633489703,3.2657462008133002,3.431187545084601,0.5173851429122003,2.556352145664899,3.2756481335929406
104.011556540173,1.36828250687873,6.642431311341099,3.3458532131061993,4.279002606246401,0.25831568982060205,2.451417843111301,3.3954041327251203
104.011556540173,1.36909268216985,6.321601419635101,3.2811655786137024,4.199721805676198,0.9925478043219975,3.268689884636501,3.6127452985767
104.012366715464,1.31562111295619,4.9355525497115025,2.1461360560074993,3.129651622171302,1.8523193319906,2.574505381524002,2.927632988280981
104.012366715464,1.31643128824731,5.073628452088499,2.3233405532674,3.7793121324436,1.0629248084105996,2.723642103013802,2.99256960984478
104.012366715464,1.31724146353842,5.328577502008699,2.3327326258557015,3.7258449386669987,0.27989251371930024,3.399827382392001,3.01337499252854
104.012366715464,1.31805163882954,5.00850383097,1.9262019102664993,3.384555207857897,0.023149008009198724,3.8577154364826995,2.8400250787172587
104.012366715464,1.31886181412065,5.3800065809966,2.2243678058163994,3.5586920583163,0.04188407499859892,3.8535126697456015,3.0116926379746998
104.012366715464,1.31967198941177,5.2580749056816,2.3576456930460026,3.5685215603573006,0.0315277382065986,3.5328448456216996,2.9497229485826404
104.012366715464,1.32048216470289,5.265335971351199,2.295464407512,3.5278580705079,0.25830505330399944,3.126774111870702,2.89474752290916
104.012366715464,1.321292339994,5.026778958369597,2.0985765958198,3.5995753866755997,0.34493240134679937,3.0639489352348974,2.8267624554893387
104.012366715464,1.32210251528512,4.2398760626034,1.4018658777975013,3.7101243595285993,0.16530459072540182,3.0655867569038016,2.516551529511741
104.012366715464,1.32291269057623,5.423530497068203,2.503742608789402,4.4425670150607,0.10538193939209961,2.9974278871391995,3.0945299894899208
104.012366715464,1.32372286586735,6.077663493784801,2.461537748422298,4.4704899300568,0.13566731930880138,2.8101487512478016,3.1911014485641003
104.012366715464,1.32453304115847,5.722494305874999,2.0331797389913007,4.352975570743997,0.09458358897569852,2.519224897393098,2.9444916203958185
104.012366715464,1.32534321644958,5.8108482099330985,1.8858685772090986,4.158405758488502,0.11068382877600058,2.214083240492098,2.8359779229797595
104.012366715464,1.3261533917407,5.767834898068099,2.1073123687927975,4.2649296350362995,0.10286977251229956,2.737796960720498,2.9961487270259988
104.012366715464,1.32696356703181,5.7259141673449,2.3693932539814,4.286051037519197,0.2367560706634002,2.889515064127597,3.1015259187272988
104.012366715464,1.32777374232293,5.899609171122698,2.4862184311567965,4.118015116107401,0.13375163579910065,2.644615357164202,3.0564419422700397
104.012366715464,1.32858391761405,6.492697050426301,3.2908461222409997,4.395856639667901,0.5955948943466005,2.7931141490749987,3.51362177115136
104.012366715464,1.32939409290516,6.464538961157103,3.299334188216001,4.601527418899799,1.1691453798194011,3.3137333544515,3.769655860508761
104.012366715464,1.33020426819628,6.539179076035001,3.1229126653981005,4.4644209086952,1.3184769825606004,3.7119050851372997,3.83137894356524
104.012366715464,1.33101444348739,5.7254445868445,2.406118641847499,4.005454777336102,1.414140237178298,3.7969389596625014,3.46961944057378
104.012366715464,1.33182461877851,5.850287707042202,2.585841354602799,4.098413185231298,1.4768732921099001,3.5915971561008,3.5206025390174
104.012366715464,1.33263479406963,6.590205674793999,3.1348646867514987,4.558496132311397,1.4341724616794984,3.021870561808303,3.7479219034689395
104.012366715464,1.33344496936074,6.476035756526002,3.112180087681498,4.558957057283397,1.3570914766022995,2.8324848672688994,3.6673498490724192
104.012366715464,1.33425514465186,6.377953251092297,3.12824512025,4.4596792428848,1.2417527891214988,2.8146144649251,3.604448973654739
104.012366715464,1.33506531994297,6.399361491417302,3.3027293840120997,4.435585662518303,1.2224601101480985,2.811723716335699,3.6343720728863005
104.012366715464,1.33587549523409,6.552406620119399,3.498128362719701,4.6793993673366,1.443042763837397,3.1122051166450007,3.8570364461316196
104.012366715464,1.33668567052521,6.599007305001301,3.639706924878599,4.761537491639398,1.5183454947509993,3.7844724529621985,4.060613933846499
104.012366715464,1.33749584581632,6.699539554061097,3.8994980872998006,4.7836713935388,1.4491559280447,4.5053984196099,4.267452676510859
104.012366715464,1.33830602110744,6.0648243831704995,3.2879986900926,4.0542389034071,0.9888227049610023,4.630887393296998,3.80535441498564
104.012366715464,1.33911619639855,6.177907820570898,3.363351973577398,3.799580232489099,0.7539300453690991,4.5117376348606015,3.721301541373419
104.012366715464,1.33992637168967,6.5845949133105,3.587257877171499,4.101245988161697,1.017071540919801,5.016493392374702,4.0613327423876395
104.012366715464,1.34073654698079,6.115305736422201,2.994121463563399,3.4724019082638016,0.6464867687752012,4.2033699834614,3.4863371720972003
104.012366715464,1.3415467222719,6.279198405971599,3.082775673631801,3.147284948651901,0.4184532319064971,4.3356217480593,3.4526668016442192
104.012366715464,1.34235689756302,5.486781457017003,3.0293877922420016,2.9603542802822,0.3333377694568007,4.395815765488699,3.2411354128973406
104.012366715464,1.34316707285413,6.383516411622402,3.542442823642599,3.550422187110801,0.5124870732644027,4.3670912468409,3.671191948496221
104.012366715464,1.34397724814525,6.532217749756903,3.278071896520398,3.601215159553,0.4421814313373993,4.627849107811503,3.6963070689958406
104.012366715464,1.34478742343637,6.445944525195401,2.6692714751411977,3.4514566433716,0.24751014648860092,4.971755695838397,3.557187697207039
104.012366715464,1.34559759872748,7.1795871244084,3.4254096001325003,3.7750276500329,0.5627086120239007,4.9915823882779975,3.9868630749751395
104.012366715464,1.3464077740186,6.8450763914075985,3.4390287897603002,3.6922570637172996,0.7792538672562017,4.475532335634302,3.84622968955514
104.012366715464,1.34721794930971,6.355104804815703,3.0768251794424977,3.8780713347032005,0.8326111443785997,5.431061066541901,3.91473470597638
104.012366715464,1.34802812460083,6.652579731399097,3.2964827834467982,3.9851064654721995,0.7855580214047002,3.514728983330599,3.646891197010679
104.012366715464,1.34883829989195,6.626369792917899,3.1386029547314998,3.708732337913201,0.5925491181701013,2.8407275271945984,3.38139634618546
104.012366715464,1.34964847518306,6.973526403253899,3.2486303446223985,3.844010828803203,0.5703535272619007,2.585710396213102,3.4444463000309007
104.012366715464,1.35045865047418,6.325458565583503,2.5871875925659005,3.280975579487098,0.5623240611617,2.5532520061441986,3.06183956098848
104.012366715464,1.35126882576529,6.8554290744135,3.092962442053498,3.4685860430616984,0.7146096666993991,2.4845031441921996,3.323218074084059
104.012366715464,1.35207900105641,7.138251362861702,3.354817010538497,3.6494098781845032,0.7760287863435025,2.4607968054605998,3.475860768677761
104.012366715464,1.35288917634753,6.589292408405697,2.9214745703936025,3.6067362457002012,0.7819623443183019,2.562696818915498,3.2924324775466602
104.012366715464,1.35369935163864,6.186291438878502,2.5598099460683983,3.362658600748002,0.6100871936440981,2.2663054838596004,2.9970305326397204
104.012366715464,1.35450952692976,6.0280138435946995,2.1827113371222993,3.029026082530798,0.2180657858463988,1.6577953337944997,2.623122476577739
104.012366715464,1.35531970222087,5.8671391327262015,1.9591340201325984,2.7115897170424006,0.015419321606898961,1.0395186537135999,2.31856016904434
104.012366715464,1.35612987751199,6.0267941900850985,2.030831769082301,2.9181298574556003,0.11607235313049813,0.9631755953639995,2.4110007530234996
104.012366715464,1.35694005280311,5.953390009863998,1.9742657832711004,2.8757161485435994,0.059030840483497826,1.0900984608832012,2.3905002486090794
104.012366715464,1.35775022809422,5.553620969532002,1.6150180512097982,2.8734862274815,0.1036361677048987,1.7551130431585982,2.3801748918173593
104.012366715464,1.35856040338534,5.117538782225701,1.4371556106511,3.0628611998021995,0.10030959016729923,2.0659560113390008,2.35676423883706
104.012366715464,1.35937057867645,5.352664441938998,1.489481119224699,2.8009727253140007,0.13334149502490078,2.026086928941499,2.3605093420888195
104.012366715464,1.36018075396757,5.7037797576586975,1.5344614672743013,2.444990451600802,0.3628437620310976,1.6377078100315003,2.3367566497192795
104.012366715464,1.36099092925869,5.980961385999901,1.9859564293340988,2.714012805950201,0.24709665653060142,1.589225909572999,2.5034506374775605
104.012366715464,1.3618011045498,5.519842047729,1.869051941487399,2.999363840312398,0.0012025520968990122,1.8438655588786013,2.4466651881008596
104.012366715464,1.36261127984092,5.563847556109099,2.1162065803095977,3.2362088322941,0.2829751674863026,2.1797601383191996,2.67579965490366
104.012366715464,1.36342145513203,5.5904996991327,2.253879603337001,3.2549765960018995,0.44018943980589853,2.111672596189301,2.73024358689336
104.012366715464,1.36423163042315,6.3751028419994,3.0514882751458003,3.7600731309679034,0.7387671872919981,2.1687765204905,3.21884159117912
104.012366715464,1.36504180571427,6.9390608033756,3.4781791488842977,4.188651784953699,1.1214800620656007,2.138449303750999,3.5731642206060394
104.012366715464,1.36585198100538,7.088159113578602,3.5837096041146985,4.804575279706601,1.4291183592153978,2.2454851781313003,3.83020950694932
104.012366715464,1.3666621562965,6.893652204053101,3.453067001441699,4.273700869503202,1.0635903821629995,2.7662669609867976,3.6900554836295596
104.012366715464,1.36747233158761,6.562761440261301,3.3075846855095996,3.6302566050478013,0.3465352162089985,2.301616887421698,3.22975096688988
104.012366715464,1.36828250687873,6.582277042248098,3.318177855269198,3.823050421558399,0.30787869228740306,2.118691979103801,3.23001519809338
104.012366715464,1.36909268216985,5.635735665239697,2.9510903999424016,4.650293305123302,1.1607615172073018,2.984120807237801,3.476400338950101
104.012366715464,1.36990285746096,6.053332630266002,3.154588620976302,4.3587258740890995,1.2090568892896982,3.323295247586998,3.61979985244162
104.013176890755,1.31562111295619,4.932930679777403,2.0565552943462997,3.1320672910133,1.6531947777303024,2.732161961283399,2.9013820008301408
104.013176890755,1.31643128824731,5.121418947808301,2.3836298928626007,3.6970274912549,1.0024928497314,3.0022339447293014,3.0413606252773007
104.013176890755,1.31724146353842,5.205569236719899,2.2731803007459987,3.9479804808277024,0.4244558630594,3.4932189658202972,3.0688809694346597
104.013176890755,1.31805163882954,5.035312669922302,2.177563540024803,3.628274226266001,0.1163860629780018,3.7302896791992026,2.937565235678062
104.013176890755,1.31886181412065,5.0460163807094,2.110707438164301,3.494002465909599,0.004297146793597051,3.7983577072483,2.8906762277650393
104.013176890755,1.31967198941177,5.1477505132396,2.198606437640599,3.6482858627490984,0.011999184919702088,3.7418642647433984,2.9497012526584796
104.013176890755,1.32048216470289,5.183050223632598,2.1694485685882015,3.7897152102039975,0.03454972096760045,3.6255644444444,2.9604656335673596
104.013176890755,1.321292339994,5.0149356811988,2.007953950122797,3.7383638491327,0.023982917249899316,3.2884829889594016,2.8147438773327194
104.013176890755,1.32210251528512,4.936346069819301,2.123688274681701,4.005826199071098,0.253216665120398,3.029245382324202,2.86966451820334
104.013176890755,1.32291269057623,5.2169625894992,2.499594732965498,4.4618179564941975,0.4407666775715988,3.039314502821199,3.1316912918703386
104.013176890755,1.32372286586735,5.446122458118303,2.6227398400462008,4.7932035501086006,0.40076363864469755,2.7678231291775006,3.2061305232190604
104.013176890755,1.32453304115847,5.4702569134097985,2.2876022586244,4.577982011112297,0.38555497448730236,2.557194699286601,3.05571817138408
104.013176890755,1.32534321644958,5.685670215200702,2.3527137238939986,4.543543773528203,0.5879645456203981,2.5610026861707986,3.14617898888282
104.013176890755,1.3261533917407,5.6777016479545,2.3938040285700026,4.444969595686501,0.4744519659821975,2.737272436387798,3.1456399349161996
104.013176890755,1.32696356703181,5.751208523665099,2.273231101449799,3.9739353980153,0.06730770364279692,2.465057772379602,2.9061480998305194
104.013176890755,1.32777374232293,5.8557501851566975,2.4672422229983013,3.8519289044053977,0.06641869584299798,2.3713568424207985,2.922539370164839
104.013176890755,1.32858391761405,6.297965009858299,2.9750500651318994,4.034161465709502,0.4185586651733999,2.9526514362657004,3.33567732842776
104.013176890755,1.32939409290516,6.3826764141313,3.009592374391403,4.3204930680991005,0.9522920273018975,3.5878789500732005,3.6505865667993804
104.013176890755,1.33020426819628,6.211124213727,2.853212716787098,4.186548482726302,0.9730402312331989,3.6795787071533006,3.58070087032538
104.013176890755,1.33101444348739,5.687059727708597,2.4689185725525,3.957167780198798,1.1569771687235004,3.783439741238098,3.4107125980842987
104.013176890755,1.33182461877851,5.7476947232038,2.3897307134279977,3.8445536776408,1.2314918360057021,3.7108770237088002,3.38486959479742
104.013176890755,1.33263479406963,6.558604427620303,3.180003325603799,4.4218516946943005,1.2942186843546999,3.0302293179796003,3.6969814900505407
104.013176890755,1.33344496936074,6.394445095498,3.0077150118213005,4.421695088382499,1.1755893712690018,2.7813005657145027,3.556149026537061
104.013176890755,1.33425514465186,6.433560012531199,3.1378315835194996,4.401857056782802,1.1048497410191978,2.799410431220199,3.5755017650145797
104.013176890755,1.33506531994297,6.600456500311399,3.461238226322802,4.565585273223299,1.2101650953223988,2.8687625052355017,3.74124152008308
104.013176890755,1.33587549523409,6.606069921943799,3.558084864216301,4.596369113860501,1.2983736176583989,2.8398686929931998,3.77975324213444
104.013176890755,1.33668567052521,6.5893666887298,3.5955423245116016,4.571224518398402,1.2672531892971008,3.162754057752803,3.8372281557379417
104.013176890755,1.33749584581632,6.608780543941602,3.7216873215005,4.511967204492699,1.0349796879695994,3.6993861227891998,3.9153601761387202
104.013176890755,1.33830602110744,5.895090888173598,3.0268834709035985,3.861111605454102,0.824317253691202,3.916515555786102,3.5047837548017204
104.013176890755,1.33911619639855,6.858473961330102,4.016543434914201,4.4314554699931,1.1899263054087008,4.082615592583501,4.115802952845921
104.013176890755,1.33992637168967,6.413250776881501,3.564969826947099,4.430081097163999,1.4969228191589998,4.159819464152001,4.01300879686072
104.013176890755,1.34073654698079,6.283878361770203,3.533571719065499,4.233281843761098,1.2119255991253013,4.029314228162999,3.85839435037702
104.013176890755,1.3415467222719,6.2309197647038985,3.5886015261447,3.6717625176633,0.8310123955814994,4.266732308322499,3.7178057024831794
104.013176890755,1.34235689756302,5.9850990683932,3.618629892674999,3.6003922424920987,0.7503884177796998,4.093598936944499,3.6096217116568994
104.013176890755,1.34316707285413,6.105828407523898,3.8545732017676,3.9005316371295002,0.7403720427120994,4.122799058774898,3.7448208695815994
104.013176890755,1.34397724814525,6.0576359950972005,3.284308577425602,3.8849916112888003,0.7025924276249,4.136764497708601,3.613258621829021
104.013176890755,1.34478742343637,6.402842963853999,3.5629081430108975,3.8872664494214995,0.6364625305915972,4.310175373160298,3.7599310920076583
104.013176890755,1.34559759872748,6.7243251192263,3.579065562003599,4.084876347867002,0.6518300644851998,4.459346999814699,3.89988881867936
104.013176890755,1.3464077740186,6.316691268100001,3.0987085134187,3.645747016463101,0.49927584804360237,4.294200782078299,3.570924685620741
104.013176890755,1.34721794930971,6.128859310325499,3.117828297794201,3.7353801564233002,0.8021609565732035,4.5033579872504,3.6575173416733207
104.013176890755,1.34802812460083,6.042221843453998,2.7406085457878007,3.4762090314625986,0.7059618676764998,3.6619627803818986,3.325392813752559
104.013176890755,1.34883829989195,6.684859462731598,3.2613942917577,3.5850708010911028,0.5868015481753979,3.058306297254802,3.4352864802021204
104.013176890755,1.34964847518306,6.789448204859699,3.4084196447007997,3.6309797755946,0.5081466447793979,2.6257482524957005,3.3925485044860393
104.013176890755,1.35045865047418,6.7209142124,3.3130855065475977,3.715591202894398,0.5589062323711005,2.836941326497403,3.4290876961421
104.013176890755,1.35126882576529,6.314263742235301,2.875864619706899,3.518706550021399,0.5812457372586017,2.7661144339193022,3.2112390166283005
104.013176890755,1.35207900105641,6.717749720647198,3.157121485892901,3.728379786475603,0.6179751292375997,2.6008137526042,3.3644079749715003
104.013176890755,1.35288917634753,6.834997186512901,3.2955709334882997,3.5719245995280993,0.6146290383040984,2.2718111957329974,3.317786590713279
104.013176890755,1.35369935163864,6.7332632174457,3.099155349192202,3.612403592938602,0.6701886670250978,2.1706167813856005,3.25712552159744
104.013176890755,1.35450952692976,6.6671984170678975,2.8986399188340997,3.4337301668996005,0.509856936711298,1.7875815742865981,3.0594014027598986
104.013176890755,1.35531970222087,6.260606014343399,2.5334682035014,3.059651216168401,0.26854896823330066,1.4096560816108017,2.7063860967714604
104.013176890755,1.35612987751199,6.8643847048838005,3.1535503108231,3.5168955365051,0.28459771745809803,1.3347992926161005,3.0308455124572395
104.013176890755,1.35694005280311,6.8498960931787,2.957451173133901,3.5557674508538994,0.3313216992597994,1.5750220410156004,3.05389169148838
104.013176890755,1.35775022809422,6.369909869147399,2.8556687296171006,4.1271480732496,0.9386121092485027,2.5620246303303986,3.3706726823186
104.013176890755,1.35856040338534,5.507611434181399,2.2634677499840024,4.0616673681725,1.065001000530902,3.0423116189372017,3.188011834361201
104.013176890755,1.35937057867645,5.769776790923302,2.0401100838302995,3.592549776613698,0.7134156081057021,2.8433743291016,2.9918453177149202
104.013176890755,1.36018075396757,5.4675653631367,1.5912460895464982,3.1594179576743002,0.26376158250159776,2.3811155691054005,2.5726213123928994
104.013176890755,1.36099092925869,5.7007132385882,1.7540694814379982,2.659341170468,0.1942920457914994,1.679610886596702,2.39760536457648
104.013176890755,1.3618011045498,5.7194284698455995,1.8928230183844974,2.6911933865596005,0.3143501776107982,1.4197581965874981,2.4075106497975987
104.013176890755,1.36261127984092,5.636207205905503,2.0350936371128014,2.864392440312102,0.13914074971760115,1.423472262301999,2.4196612590700015
104.013176890755,1.36342145513203,5.0487654333495975,1.784341140075199,3.0195737523718975,0.025335291405198745,2.2390939160389003,2.4234219066481586
104.013176890755,1.36423163042315,5.4210833922651,2.1543383541382006,3.239378049587703,0.5212688126554994,2.3742141780447987,2.7420565573382603
104.013176890755,1.36504180571427,6.723735117308799,3.2395616472123017,4.2455975970434,1.253098984109002,2.2368214410097984,3.5397629573366602
104.013176890755,1.36585198100538,6.977221333434201,3.3822085917657994,4.501103497191398,1.4662245709030017,2.6958593271886997,3.80452346409662
104.013176890755,1.3666621562965,6.708163468773499,3.1567285746596987,3.9867646534151007,0.9543348313160003,2.6512384443022015,3.4914459944933
104.013176890755,1.36747233158761,6.829410311106798,3.653133345997098,3.764848654960698,0.7715442905998984,2.2290917786666995,3.4496056762662386
104.013176890755,1.36828250687873,6.5984963357898,3.6891813618853,4.5055655470291995,0.8566304156693008,2.355132361822701,3.6010012044392603
104.013176890755,1.36909268216985,6.524136803900099,3.590016291561902,4.9255678499950974,1.1195639654571998,2.5786832619569005,3.7475936345742396
104.013176890755,1.36990285746096,6.078698872724001,3.1381724430736,4.3171543361881,1.1223524592064003,2.799538966737302,3.4911834155858807
104.013987066046,1.31562111295619,4.959426965540501,1.9952243300707018,3.1884539134485017,1.861646450449598,2.7563013167318005,2.9522105952482205
104.013987066046,1.31643128824731,5.097268489610599,2.2719667620822968,4.1404135004883,1.5990275204739,2.8060682979872027,3.1829489141284597
104.013987066046,1.31724146353842,5.325356899356901,2.2585874243291,4.1625105863369996,0.5847782333943989,3.4572024020047003,3.15768710908442
104.013987066046,1.31805163882954,5.025834309278199,2.1469826264576,4.006565299578899,0.1307245460894002,3.5657599039034977,2.975173337061519
104.013987066046,1.31886181412065,5.035363843018899,2.2899857887571002,3.8954101908169,0.24669613941899726,3.2410580268282985,2.941702797768039
104.013987066046,1.31967198941177,5.167756634276497,2.2186553759397007,4.4200550240298,0.3353928542376998,3.2552330989854994,3.0794185974938393
104.013987066046,1.32048216470289,5.028717827815601,1.9123899467493999,3.7527585804077006,0.4090751674873019,3.4399715735541,2.9085826192028206
104.013987066046,1.321292339994,5.0439795806045,1.827089212997798,3.7903351435227997,0.43070956509059855,3.4358946703423,2.905601634511599
104.013987066046,1.32210251528512,4.9779230630919,1.9688229253588005,4.1411050582232,0.6415920468478973,3.4310790934245006,3.03210443738926
104.013987066046,1.32291269057623,4.8821814606431,2.0437714841227006,4.441821987107499,0.756842738681403,3.3283198285047995,3.0905874998119005
104.013987066046,1.32372286586735,5.2774649751595,2.4990849650970013,4.910557102952797,0.6348866497124988,2.8602362309163,3.2364459847676192
104.013987066046,1.32453304115847,5.4755438269083,2.4424301740492993,4.7432023821424,0.5236893091973016,2.6594114383002,3.1688554261195003
104.013987066046,1.32534321644958,5.566461256595002,2.608335267578301,4.850378349550798,1.0491133576252984,2.9814561387396985,3.4111488740178197
104.013987066046,1.3261533917407,5.4557915277157,2.4352706540007034,4.5982961197449015,0.8652040689467988,2.903923879258901,3.251697249933401
104.013987066046,1.32696356703181,5.819745929233399,2.4469969517476997,3.936403476066001,0.28015549189809974,2.559137555324998,3.0084878808540396
104.013987066046,1.32777374232293,5.8554487786311,2.5045476341193016,3.730193461279299,0.41624718844789754,2.8338182616781005,3.0680510648311397
104.013987066046,1.32858391761405,5.983264425403,2.729900500627,4.113747255078202,0.8286857542720973,3.8886577290446027,3.5088511328849803
104.013987066046,1.32939409290516,5.839999255057901,2.414968792029999,4.038710161607099,0.8149405325737007,4.3435267535265005,3.49042909895904
104.013987066046,1.33020426819628,6.081776693722098,2.8348425771680006,4.101228120797902,0.6331898172262989,3.871083381171303,3.5044241180171207
104.013987066046,1.33101444348739,6.3186432134488015,3.063617621229099,4.077102211621,0.8257289898948983,3.7480340684000986,3.6066252209187795
104.013987066046,1.33182461877851,6.5470243383579,3.214001329606301,4.1490427064805,0.9950982757526994,3.473865930229998,3.67580651608548
104.013987066046,1.33263479406963,6.432560651762699,3.151094809233399,4.149860600352998,0.9452799823895006,3.0981617320284975,3.555391555153419
104.013987066046,1.33344496936074,6.345273231203802,3.0700926700821007,4.176602966160701,0.7790832342057001,2.6154673316649983,3.3973038866634604
104.013987066046,1.33425514465186,6.6304422592879,3.311410187361197,4.124247725431303,0.6771128318403008,2.476768010593002,3.4439962029027407
104.013987066046,1.33506531994297,6.5292946405579,3.2602358479639015,4.137679562120201,0.8592329499175015,2.6428113613552995,3.4858508723829607
104.013987066046,1.33587549523409,6.6425037157336995,3.423098084815102,4.365234839414601,1.0953737680613003,2.904927970513203,3.686227675707581
104.013987066046,1.33668567052521,6.4014638706971,3.1111214130068987,4.171741990979299,1.0039954878410988,3.268846922064899,3.591433936917859
104.013987066046,1.33749584581632,6.087956543942298,2.884071298128699,3.936761287448597,0.8045746896132968,3.2742645145671005,3.3975256667399982
104.013987066046,1.33830602110744,6.1054002355135,3.079553966351501,4.0315388973717,1.0421481615071997,3.4368657770589017,3.5391014075605605
104.013987066046,1.33911619639855,7.3398405177819015,4.197633747840602,4.625743845797,1.4865962968204975,3.751214369113498,4.2802057554707
104.013987066046,1.33992637168967,6.3551270485118,3.3117498067854,4.185904916111198,1.2876516699103,3.770462767944302,3.7821792418526003
104.013987066046,1.34073654698079,5.783222256865798,3.1077679239486002,4.914572045531301,1.0860592930017994,3.7054176860893975,3.719407841087379
104.013987066046,1.3415467222719,6.193113793203402,3.8341406936511007,4.2118892666583,1.0182237035665977,3.7816956550834995,3.80781262243258
104.013987066046,1.34235689756302,6.440699153763298,4.354473412483799,4.1183045560077005,0.9235980295215995,4.063511642320403,3.98011735881936
104.013987066046,1.34316707285413,6.488921343989698,4.133867020282299,4.181615548918199,0.9223260199740011,4.829089795396598,4.111163945712159
104.013987066046,1.34397724814525,6.5091173974653,3.874171360609001,4.0294448305343025,0.777221340840498,3.9668776078278007,3.8313665074553804
104.013987066046,1.34478742343637,6.345269396357601,3.6002110124709006,3.973606309890897,0.8530697437812016,4.151150917078901,3.7846614759159003
104.013987066046,1.34559759872748,6.303350502955102,3.3864468850219005,3.8239260793266006,0.6945317463622978,4.004423350664499,3.64253571286608
104.013987066046,1.3464077740186,6.1657687405175,3.258758299043702,3.743696149256298,0.6724450846802021,4.474684956529401,3.6630706460054205
104.013987066046,1.34721794930971,6.266042763966098,3.3052947737749,3.7425827383192996,0.7163727726028988,4.0480332140163995,3.615665252535919
104.013987066046,1.34802812460083,6.7873887799542985,3.277328651801703,3.6539556852677,0.6915040486368973,3.9115011883680992,3.6643356708057397
104.013987066046,1.34883829989195,6.461549089764102,3.093765121318498,3.6587950024796996,0.7145845498985999,3.679894628228098,3.5217176783377995
104.013987066046,1.34964847518306,6.1883719390799,3.105500487021299,3.6897757000715004,0.6438658767098033,3.419028420993399,3.4093084847751802
104.013987066046,1.35045865047418,6.5152959650482,3.2324321010821,3.695293714878499,0.591952653036401,3.156548138821101,3.43830451457326
104.013987066046,1.35126882576529,6.712199872719701,3.3030014339042992,3.5390755826108986,0.6191678060784014,2.8106384862195988,3.3968166363065797
104.013987066046,1.35207900105641,6.709617466378798,3.2307418467734976,3.6381383127146023,0.4741057704996017,2.5606195293240006,3.3226445851381
104.013987066046,1.35288917634753,6.611424232463001,3.210085821716202,3.8334115237739006,0.6752913830954022,2.8207193520779015,3.4301864626252816
104.013987066046,1.35369935163864,6.420056779838799,3.027372435206498,3.8770292511715,0.8524583026093993,2.9094203104247995,3.417267415850199
104.013987066046,1.35450952692976,6.492322598767899,2.9204149678331994,4.539794817189801,0.7346699087967998,2.380358261528901,3.41351211082332
104.013987066046,1.35531970222087,6.781012774080999,3.2165862160481993,3.471396080902597,0.5938498288297005,1.9825571987033008,3.209080419712959
104.013987066046,1.35612987751199,6.777074269181899,3.1567075557749007,3.428411204120099,0.571358447178099,1.838555303629601,3.1544213559769196
104.013987066046,1.35694005280311,6.737567148953801,2.9889126679201006,3.455948439953602,0.6253691676883015,2.219139005344001,3.205387285971961
104.013987066046,1.35775022809422,6.054623905167002,2.8361811828205994,4.077166190457799,0.9258331857882993,2.9003883964843986,3.3588385721436196
104.013987066046,1.35856040338534,5.935032371632399,2.7558896173479006,4.1810036225672,1.2044508481758989,3.1393639890272027,3.44314808975012
104.013987066046,1.35937057867645,5.797449993554999,2.616766167162698,4.188097601703401,1.2185539514706,3.0892266992729986,3.382018882632939
104.013987066046,1.36018075396757,5.9605835807596,2.4992607362929995,4.100941204136998,1.1092567662870003,3.0823929002142982,3.350487037538179
104.013987066046,1.36099092925869,5.688472723470799,2.229452077883,3.5854194122265,0.7640609486875007,2.854135367201099,3.0243081058937795
104.013987066046,1.3618011045498,5.823917990014401,2.2671555854610013,3.1740072637749,0.47912470483380076,2.3037965899387025,2.809600426804561
104.013987066046,1.36261127984092,5.505362030104202,1.868149931452301,2.9689193901767013,0.13205825767959922,1.8523345878634991,2.4653648394552605
104.013987066046,1.36342145513203,5.333682439507399,1.7548036430554,2.6861219814920005,0.1704177057472016,2.6817508773600984,2.52535532943242
104.013987066046,1.36423163042315,5.0584956526359015,1.9504707170174989,3.213483627518702,0.49052039452099905,2.638650282447003,2.6703241348280207
104.013987066046,1.36504180571427,6.3279512355336,3.008342886085,4.373082026375002,1.4066257310528982,2.8441912298209004,3.5920386217734803
104.013987066046,1.36585198100538,7.049107770343699,3.4801628954537023,4.3731307294704,1.3815563449509014,2.991793204127301,3.855150188869201
104.013987066046,1.3666621562965,6.6939362858218985,3.4099360981849003,4.160254695484298,1.1311792143576014,2.6883011057122985,3.6167214799121994
104.013987066046,1.36747233158761,6.8533239326774975,3.9574690057804,4.1272293164518,1.1079705385535021,2.5308628213348996,3.7153711229596196
104.013987066046,1.36828250687873,6.4832996911097,3.4022903158504008,4.5002594881209035,1.041222781389198,2.5032463872297015,3.586063732739981
104.013987066046,1.36909268216985,6.1374313329509995,3.1083975772109973,4.6330014741459,1.0708295628326994,2.5320926359193976,3.4963505166119986
104.013987066046,1.36990285746096,6.056478241284097,2.9849709878500015,4.261259187744599,1.1842046638207009,2.5881837834109014,3.41501937282206
104.014797241337,1.31562111295619,5.1191565344729,1.8431008099367006,3.4684891432182,1.7265441080526003,2.8611690511068026,3.0036919293574407
104.014797241337,1.31643128824731,5.443954213265098,2.0841047606615,3.708767433553799,1.755575165405297,2.528786412258601,3.1042375970288587
104.014797241337,1.31724146353842,4.8362826346666985,1.2437943964047022,3.5011091895841986,1.0048444677103987,3.1778136996256983,2.7527688775983394
104.014797241337,1.31805163882954,4.9967999035083,1.7394850833694022,3.8782976962215017,0.27130829854650074,3.6264427351480997,2.9024667433587608
104.014797241337,1.31886181412065,5.115182132941701,2.1579770203974995,3.955714477065598,0.11619704568620293,3.5645972649875013,2.9819335882157008
104.014797241337,1.31967198941177,5.096996445261098,2.1460138328506027,3.9016200219809,0.23212434036179985,3.3740179273682003,2.95015451356452
104.014797241337,1.32048216470289,5.032032972821501,1.9359322507931012,3.7227643338997005,0.3058446866861999,3.065116833509702,2.8123382155420407
104.014797241337,1.321292339994,4.945823859067598,1.6749840866200003,3.8143360982342003,0.3434477739799995,3.0023250954318996,2.7561833826667397
104.014797241337,1.32210251528512,5.231438259688002,1.8768929372154979,4.045057491741698,0.353413125128899,3.2131756318630984,2.943995489127439
104.014797241337,1.32291269057623,5.263486343913797,2.122836801278101,4.336296690366499,0.20651990296089906,3.099712815565301,3.0057705108169195
104.014797241337,1.32372286586735,5.421989295982801,2.4954337183739987,4.794442212180897,0.4439298420680977,2.966257712198903,3.2244105561609393
104.014797241337,1.32453304115847,5.192872316791501,2.460989363480298,5.006832672958701,0.8190945397203002,3.044058068779801,3.3047693923461203
104.014797241337,1.32534321644958,5.4526666257666,2.776985255198401,5.1954110256133,1.3137094707098989,3.309853693155901,3.60972521408882
104.014797241337,1.3261533917407,5.649375462987301,2.802877829693699,4.7835802931936975,1.3580830054185995,3.130003773858,3.5447840730302596
104.014797241337,1.32696356703181,5.855496091598603,2.7312807609329006,4.216192520057497,0.8765607108274018,2.8555613922661998,3.3070182951365203
104.014797241337,1.32777374232293,6.079212800562299,3.0212240185449026,4.330518585825001,0.9347348734832011,3.0541398670246984,3.4839660290880206
104.014797241337,1.32858391761405,6.2249089078013995,3.2223034586395976,4.4946816528951,1.0673940370495991,4.286413858846,3.859140383046339
104.014797241337,1.32939409290516,5.944515763801498,2.8259001029513016,4.238521939485402,0.7069321038343013,4.871187919447202,3.717411565903941
104.014797241337,1.33020426819628,6.105434755749602,2.8309947353466995,4.0254979003237,0.29092597927950337,4.058867986680799,3.4623442714760606
104.014797241337,1.33101444348739,6.535977312302101,2.9641313806074017,3.795117115853099,0.45155248531889924,3.6760890337457006,3.4845734655654406
104.014797241337,1.33182461877851,6.417225909094,3.1645100979703997,4.107992978560901,0.8237073265216992,3.3122498998345016,3.5651372423963004
104.014797241337,1.33263479406963,6.294191075124001,3.1319826093035985,4.016252858323501,0.7753624059750983,2.7593013042941976,3.3954180506040794
104.014797241337,1.33344496936074,6.115791400179301,2.964975800641703,3.8843424360066976,0.44439162597049986,2.309637921820702,3.143827836923781
104.014797241337,1.33425514465186,5.816610543495798,2.4457429572813005,3.5613084993157003,0.3698348831552991,2.1938528963487016,2.87746995591936
104.014797241337,1.33506531994297,6.319004243895499,3.0461893022878996,3.7895802041948023,0.4865424511883987,2.2666861079508003,3.18160046190348
104.014797241337,1.33587549523409,6.452544331695698,3.088596785845702,4.028939996388299,0.6966035568811009,2.768817099188901,3.4071003539999403
104.014797241337,1.33668567052521,6.2103487427513,2.8391574395161996,3.9646733116363,0.7921026139404006,3.281122324354399,3.41748088643972
104.014797241337,1.33749584581632,5.661885928448697,2.4182614098416018,3.7789558192544987,0.6807968095524011,3.2095617685411,3.14989234712766
104.014797241337,1.33830602110744,6.710953842744701,3.5420461282714015,4.6986131803951,1.5202496484445014,3.3344100354004027,3.9612545670512214
104.014797241337,1.33911619639855,7.251699903518698,3.979715414355102,4.7013765856045,1.7168418782102997,3.421419913737001,4.21421073908512
104.014797241337,1.33992637168967,6.3603617101625005,3.3707629256704976,4.103435565589201,1.2725755169108979,3.073022317233601,3.6360316071133396
104.014797241337,1.34073654698079,5.777627952971798,3.208995248159699,3.9455982416524016,1.1376520469856999,3.4045490697156993,3.4948845118970597
104.014797241337,1.3415467222719,6.375579430235,4.019344115794798,4.2957891363154985,1.0806656552710017,3.7323308654107024,3.9007418406054
104.014797241337,1.34235689756302,6.440391069176201,4.146456514511701,4.2890587368172,1.028164281137098,3.9605112878147004,3.97291637789138
104.014797241337,1.34316707285413,6.465914384593997,4.161779774067,4.231444883924802,1.0939917149433,4.115873446411101,4.01380084078804
104.014797241337,1.34397724814525,6.588858701816299,4.075957620418098,4.274949470002998,1.1868800019960979,4.0917663121337995,4.043682421273458
104.014797241337,1.34478742343637,6.439017451782,3.7178403664360005,4.3195669743567,1.205235556853097,4.211885785536001,3.97870922699276
104.014797241337,1.34559759872748,6.2442864637684,3.351322483422699,3.962078627029399,1.007641721568298,4.0439521206597,3.721856283289699
104.014797241337,1.3464077740186,6.0457865608854995,3.1784215350185008,3.695400422919903,0.8124645450313004,3.962577012247703,3.5389300152205814
104.014797241337,1.34721794930971,6.031006579281399,3.0929389719403986,4.5556759446539985,0.6570336146927005,3.9587018099093996,3.6590713840955793
104.014797241337,1.34802812460083,6.281258856696599,3.2942692588901004,3.8318834823671004,0.6567811592995021,4.011613816785999,3.6151613148078603
104.014797241337,1.34883829989195,6.533779924855899,3.4110438918784993,3.922678820186899,0.7668595989172999,4.144464528076199,3.7557653527829595
104.014797241337,1.34964847518306,5.8301125480968,2.6168361539977028,3.433859416508799,0.5977709467479997,3.8705104894205995,3.26981791095438
104.014797241337,1.35045865047418,6.4455965546773015,3.161853680454602,3.433849691697702,0.4494162704897988,3.2987928494331022,3.3579018093505013
104.014797241337,1.35126882576529,6.528578612959599,3.1685783806181007,3.344749913850098,0.5729716927759974,2.6736034184977022,3.2576964037402996
104.014797241337,1.35207900105641,6.6595946406484,3.10405565524,3.4418923466640976,0.3376902224920997,2.1442119267985014,3.13748895836862
104.014797241337,1.35288917634753,6.593314386933798,3.1510748571550984,3.514395240028602,0.3676977952823002,2.1318135443522017,3.1516591647504
104.014797241337,1.35369935163864,6.608969210502501,3.3228545613247,3.8449546105475996,0.700301714475799,2.412674252075199,3.3779508697851597
104.014797241337,1.35450952692976,6.667729975636,3.1720590781152005,3.7101314684691005,0.6338885799990983,2.1994693314752,3.27665568673892
104.014797241337,1.35531970222087,6.4348316419611,3.1152387797502,3.552642436500001,0.654506678742699,2.299199832112599,3.21128387381332
104.014797241337,1.35612987751199,5.866591060589698,2.716927985708601,3.6351081177544984,0.6762787948094982,2.391680115288601,3.0573172148301793
104.014797241337,1.35694005280311,6.235146395166602,3.0139771211412025,3.921498681253599,0.8084711462265979,2.9072727167969,3.37727321211698
104.014797241337,1.35775022809422,6.027970033217798,2.7765016375246994,3.9341205293760986,0.8671588788663023,3.4427913664414973,3.409708489085279
104.014797241337,1.35856040338534,4.268104169279997,1.3645943029744032,3.7648477067940007,1.0463130573889998,3.617292299655503,2.812230307218581
104.014797241337,1.35937057867645,5.708970227263798,2.639284613109197,4.153284181466802,1.0736893484213006,3.3468332882622995,3.3844123317046795
104.014797241337,1.36018075396757,5.918031905921499,2.8281061861341996,4.217054127441898,1.2749592268725998,3.3518061728108997,3.517991523836219
104.014797241337,1.36099092925869,6.068921566907502,3.0290864490923006,4.300815391200899,1.3871778435836006,3.337031537814699,3.6246065577198
104.014797241337,1.3618011045498,6.054287689786101,2.915049739323102,4.034492804345799,1.4164166441806003,3.2765188007134007,3.5393531356698005
104.014797241337,1.36261127984092,5.8309462985242995,2.4947337541421994,3.7247732698569997,1.1412134100862978,3.0173543333197976,3.241804213185919
104.014797241337,1.36342145513203,5.641850046865702,2.0851112976354003,3.3153261358174007,0.7882731609171998,2.8567073314424007,2.937453594535621
104.014797241337,1.36423163042315,5.928821538313301,2.5627792719564972,3.727703854248599,0.827517155423898,2.7972280659941013,3.168809977187279
104.014797241337,1.36504180571427,6.257654513084901,2.922896937802502,4.360829020338603,1.3402504552515992,2.978213740236999,3.5719689333429208
104.014797241337,1.36585198100538,6.848279721511801,3.456393720727199,4.410546938695003,1.479623499264001,3.1187754897465005,3.8627238739889007
104.014797241337,1.3666621562965,6.965178794701199,3.5326921776687,4.360814705280802,1.395688933073199,2.9486049484675974,3.8405959118382995
104.014797241337,1.36747233158761,6.166719702345002,3.3532676720192,4.520864337160699,1.3547699773980995,2.506124021705098,3.5803491421256197
104.014797241337,1.36828250687873,6.1778059820574995,3.2129060464455996,4.5243433850165005,1.1230988045913008,2.5526440130498997,3.51815964623216
104.014797241337,1.36909268216985,4.673897783684499,1.6755192919338988,3.508662841820101,1.0276935563463994,2.5377858692972985,2.6847118686164393
104.014797241337,1.36990285746096,5.6573410266808,2.5163663933915004,3.961119099293402,1.1312390876907017,2.4736550614893,3.147944133709141
104.015607416628,1.31562111295619,5.3850985211424,2.230152114762898,3.7418253518696005,1.0567019208983979,3.112578143859899,3.105271210506639
104.015607416628,1.31643128824731,5.7921152623070995,2.278455107928199,4.034975955213,1.1509062783202992,2.5200195101317995,3.1552944227800794
104.015607416628,1.31724146353842,5.164445595906798,1.3994353738455985,3.6329490321960023,1.1188202783059005,2.669004741699201,2.7969310043907
104.015607416628,1.31805163882954,5.1065286164248995,1.3905623377258003,3.7801140241191966,0.4322094038030002,3.1386762136637003,2.7696181191473195
104.015607416628,1.31886181412065,5.195507425763299,1.8207487147845,3.5577089774170005,0.003051210558400186,3.235353415771499,2.76247394885894
104.015607416628,1.31967198941177,5.063215133968502,1.897900260052399,3.8423179983098024,0.07515529029620183,3.2680820055067024,2.8293341376267214
104.015607416628,1.32048216470289,5.010910860041399,1.9536528768396018,3.809116486055899,0.04029847668459752,2.9685538681912007,2.7565065135625395
104.015607416628,1.321292339994,5.1869567328445,2.0611022083562,3.962042911164499,0.03552477647570029,2.626405258666999,2.7744063775015797
104.015607416628,1.32210251528512,5.236207892118603,2.0030718065589994,4.1892556642477,0.05997529947239855,2.727367318834098,2.84317559624636
104.015607416628,1.32291269057623,5.365333489625499,2.1189720686959,4.376163379634303,0.09083720601400103,2.9300966474066996,2.9762805582752803
104.015607416628,1.32372286586735,5.5249466904339,2.5672167152015994,4.6917129744064,0.3742975200126999,2.953578783094599,3.2223505366298397
104.015607416628,1.32453304115847,5.612866674370601,2.867074430450998,5.078546496568503,0.6271308701239988,2.944365587483702,3.4259968117995605
104.015607416628,1.32534321644958,5.715228637660601,2.9751070114117972,5.167969026950203,0.9779587535333008,2.9389976318494995,3.5550522122810806
104.015607416628,1.3261533917407,5.488693794785199,2.8547684974736995,4.785853080704399,1.3450092501492001,2.873782405124203,3.4696214056473402
104.015607416628,1.32696356703181,5.521276380592802,2.9096737531439025,4.7443707157774,1.3455393598822987,3.148855072224901,3.5339430563242606
104.015607416628,1.32777374232293,5.721891652700098,3.0176396303853004,4.826715536298202,1.385113360937801,3.6400525368517016,3.7182825434346207
104.015607416628,1.32858391761405,5.766271894233199,2.9894531315730006,4.8162280798672015,1.1784603830175975,4.414900278469499,3.8330627534321
104.015607416628,1.32939409290516,5.8041044169618985,2.8535701323246023,4.594970814176801,0.9759450516201014,5.014651404947902,3.848648364006261
104.015607416628,1.33020426819628,5.728679564894598,2.4805886725049007,4.179898531681399,0.4882597495598979,4.6154060216336,3.4985665080548793
104.015607416628,1.33101444348739,6.036532718411401,2.600723150940201,3.9606211723352978,0.3551513535728006,4.2144558407254,3.43349684719702
104.015607416628,1.33182461877851,5.630661299029999,2.5236228447511984,3.915243928758702,0.37291108593310085,3.8731564398736005,3.2631191196693203
104.015607416628,1.33263479406963,5.2810847749159,2.3078219170587992,3.5225622851646,0.1957418233373005,3.2187534844970997,2.90519285699474
104.015607416628,1.33344496936074,5.751068667272499,3.1162499542238002,3.6519192673159004,0.29809186295469914,2.570110082655198,3.0774879668844193
104.015607416628,1.33425514465186,6.193789557774,2.8397597220709017,3.6573761350368983,0.41067038851980087,2.2540721519910996,3.07113359107854
104.015607416628,1.33506531994297,6.391670097236801,3.0783571297315007,3.8241618717484975,0.7484054286285975,2.498663867377399,3.308251678944559
104.015607416628,1.33587549523409,6.404312015771001,3.0360182129902,3.873269892990102,0.7579883241677017,2.843563986355303,3.3830304864548615
104.015607416628,1.33668567052521,5.9994301347005,2.7447060907535032,4.135219037878901,0.9804086449273015,3.2543604798854986,3.422824877629141
104.015607416628,1.33749584581632,5.6620253806094,2.497419754613901,4.0871605947275,1.2798224319496008,3.5386771464708,3.4130210616742405
104.015607416628,1.33830602110744,6.8571408019509015,3.7058886925434997,4.920573083520601,1.9504238152607982,3.8829191534152976,4.2633891093382195
104.015607416628,1.33911619639855,6.8678025887545004,3.788088925087301,4.723653664711399,1.8080037228067027,3.6414923771159025,4.165808255695161
104.015607416628,1.33992637168967,6.7279950960939985,3.693518853243301,4.259486675150001,1.2410604014512003,2.8771179593777028,3.7598357970632406
104.015607416628,1.34073654698079,6.261862379088299,3.9932592790129,4.706379327548699,1.4974587751264004,3.2284199618733993,3.9374759445299397
104.015607416628,1.3415467222719,6.414284052037701,4.1238492625435015,4.624097304783202,1.4003913886951977,3.7894595379774003,4.070416309207401
104.015607416628,1.34235689756302,6.4760910004367,4.2050821409611,4.4942652255908975,1.2201933384054975,4.071224234388602,4.093371187956559
104.015607416628,1.34316707285413,6.5913781621386995,4.133619789980997,4.488480331288802,1.2513548865385005,4.242528019978799,4.14147223798516
104.015607416628,1.34397724814525,6.459127629931498,3.9045627231132976,4.511779000758402,1.3343433177264998,4.332869845052098,4.108536503316359
104.015607416628,1.34478742343637,6.5425296823122,3.9933017049553996,4.556133270128498,1.447404395347398,4.6985823155924,4.247590273667179
104.015607416628,1.34559759872748,6.515914821149199,3.8940343699451994,4.502916250006098,1.498231189965999,4.705944452039901,4.223408216621279
104.015607416628,1.3464077740186,6.741209336446399,4.123745865499497,4.614493611399499,1.665669579155999,4.734495154066298,4.375922709313539
104.015607416628,1.34721794930971,6.5338532503905995,3.7465769268195004,4.036679689014598,1.1000373147107005,4.346437300265801,3.95271689624024
104.015607416628,1.34802812460083,6.556102558226399,3.6377054463,4.228681692414501,0.8050005075184004,4.145338326551702,3.8745657062022003
104.015607416628,1.34883829989195,7.026226043485302,3.5764700854781992,4.056916014879,0.8175778901895008,4.224206247545002,3.9402792563154008
104.015607416628,1.34964847518306,5.558872157956301,2.7328939978871993,3.6198151939174004,0.7102186591058022,4.1508790719943995,3.3545358161722207
104.015607416628,1.35045865047418,6.535994585463502,3.4954768912556986,3.7010927003017997,0.6821230455556986,3.7275092100015996,3.62843928651566
104.015607416628,1.35126882576529,6.368366608587202,3.3685785823595005,3.563261682192202,0.7569629017429982,3.1668864860704034,3.444811252190461
104.015607416628,1.35207900105641,6.317729754510999,3.0832996315873977,3.5246248821218984,0.5788398209111989,2.710681971557598,3.2430352121378183
104.015607416628,1.35288917634753,6.224491414587799,2.958292663154399,3.4804698642264,0.5635516501987006,2.5743334678954994,3.1602278120125598
104.015607416628,1.35369935163864,5.649870534585801,2.4908242139714005,3.4183093663927018,0.6983717362460986,2.5128141429579003,2.9540379988307803
104.015607416628,1.35450952692976,6.305674373228001,3.0156343971521977,3.4853431055909994,0.6226426799182008,2.1190327010769003,3.10966545139326
104.015607416628,1.35531970222087,5.653703871367799,2.584585379514799,3.5088738126096004,0.7952950056456025,2.7289353717719003,3.0542786881819404
104.015607416628,1.35612987751199,5.046186994586201,2.0918770769976973,3.5829593653985015,0.9283852846850031,3.234512747124601,2.9767842937584006
104.015607416628,1.35694005280311,5.4810556892122015,2.5532685715011,3.9063370513266022,0.9403012060839977,3.4181060403917023,3.2598137117031207
104.015607416628,1.35775022809422,6.2494475483150005,2.630803637986201,3.7436533737927995,0.8306996029002001,3.6159323162164014,3.4141072958421206
104.015607416628,1.35856040338534,5.571201442790702,2.6134337458778987,4.196632189898601,1.025911629994301,3.8260345133192004,3.4466427043761407
104.015607416628,1.35937057867645,5.844172325648099,2.8688283012475004,4.156213404866801,0.9357270822581008,3.6992613241644996,3.5008404876370003
104.015607416628,1.36018075396757,5.7636449848852,2.7404189192729014,4.159566377717599,0.897872967646201,3.3204785424940013,3.3763963584031806
104.015607416628,1.36099092925869,5.868601234016101,2.7912884243914995,4.074532490084703,0.9806377099546992,3.1945306699625995,3.3819181056819203
104.015607416628,1.3618011045498,6.0789324246233,3.023778255234703,4.190553678109399,1.1830871647755004,3.141106774631101,3.523491659474801
104.015607416628,1.36261127984092,6.325040391778,3.2442453370588993,4.319343306424702,1.3887137083524976,3.177806075412299,3.69102976380528
104.015607416628,1.36342145513203,6.238868498633298,2.8202770465118014,4.011754065612301,1.1070055548150002,2.854531059624602,3.4064872450394006
104.015607416628,1.36423163042315,6.292551315522001,2.999046377646998,4.2727574940171,1.1357817036771003,2.8953355458729995,3.51909448734724
104.015607416628,1.36504180571427,6.390550620036301,3.1284207569585014,4.2925457116800985,1.3766814501159992,2.944465179510498,3.6265327436602797
104.015607416628,1.36585198100538,6.324425901101801,3.132107222246699,4.287574743115702,1.4115608748172015,3.0242010542119004,3.635973959098661
104.015607416628,1.3666621562965,6.5671790495457,3.3622019115728,4.563980977714799,1.5469811555768977,3.071979357932097,3.822464490468459
104.015607416628,1.36747233158761,6.274702716124899,3.4038774793262014,4.5424133899789005,1.5303860550375994,2.9621889905462986,3.74271372620278
104.015607416628,1.36828250687873,5.996803752387098,2.9167657109148983,4.0728788532764,1.113390022718999,2.4820390650057007,3.316375480860619
104.015607416628,1.36909268216985,5.4294788490987,2.2290734608085003,3.7730029811315013,1.0453937323830012,2.4830719784954987,2.99200420038344
104.01641759192,1.31805163882954,5.0362666202599975,1.1806167994803012,3.8109108510520002,0.8139542256927008,3.0018391492919996,2.7687175291554
104.01641759192,1.31886181412065,5.2854389060189995,1.5921745856800982,3.6268660227573974,0.3235239243077004,3.3496349735456015,2.8355276824619593
104.01641759192,1.31967198941177,5.2047608983512,1.7352938321799023,3.7415422858027974,0.032632255947500965,3.572332788085898,2.8573124120734597
104.01641759192,1.32048216470289,5.204316702081698,1.8805117705447998,3.905187264834801,0.0068048270059968274,3.5477963829616996,2.908923389485799
104.01641759192,1.321292339994,5.395737430571998,2.049541327200899,3.9958744099458983,0.11192221904839883,3.3615061441378984,2.9829163061810187
104.01641759192,1.32210251528512,5.444868206585401,2.037621247484502,3.9540620946304976,0.08864403512910002,2.9547051206868034,2.895980140903261
104.01641759192,1.32291269057623,5.5048061632578005,2.2084306123015978,4.037170049652602,0.04795936227079878,2.9728363807915983,2.9542405136548795
104.01641759192,1.32372286586735,5.4873794451888,2.3146754477943006,4.208454121125602,0.015559882337800701,2.944813653849298,2.99417651005916
104.01641759192,1.32453304115847,5.687767209669701,2.7821036947432987,4.7152405714872,0.02281608464900131,2.6512303586697,3.1718315838437805
104.01641759192,1.32534321644958,5.677633628068502,2.950986926930298,4.8451919625053,0.1616333164266024,2.1247043009982995,3.1520300269858006
104.01641759192,1.3261533917407,5.6538218873958,2.9620635573147,4.773800251378898,0.5421299751316013,2.267125457383898,3.2397882257209796
104.01641759192,1.32696356703181,5.523782192078901,2.878476190396597,4.753102466213701,1.1076770260890996,2.9161396580811,3.4358355065718795
104.01641759192,1.32777374232293,5.6738027659752,2.9652828809844998,4.999366343983901,2.623632702073799,3.764187809448199,4.00525450049312
104.01641759192,1.32858391761405,5.6510448546641,2.898213239735,4.886658573875099,1.2554895272356994,4.3962993741725995,3.8175411139364996
104.01641759192,1.32939409290516,5.733687728059699,2.8423588433056004,4.7287657906539025,1.1122855998863983,4.8353430106472,3.85048819451056
104.01641759192,1.33020426819628,5.807885683398901,2.7021359432514984,4.386878903939699,0.7403455739404983,4.816757926676402,3.6908008062413997
104.01641759192,1.33101444348739,5.635907048664301,2.3191380581758985,3.9704290484749976,0.34402556322969957,4.333022866536499,3.3205045170162792
104.01641759192,1.33182461877851,5.594110186517497,2.445172470039399,3.8119950942170995,0.18808747416500182,4.096009913804803,3.22707502774876
104.01641759192,1.33263479406963,5.689788498827799,2.6853130138740013,3.9105828173149995,0.1720885068453022,3.697127757568399,3.2309801188861003
104.01641759192,1.33344496936074,5.568743431902099,2.5220803671468026,3.4877604906864974,0.21057283982440111,3.090210425279402,2.9758735109678405
104.01641759192,1.33425514465186,6.0476924825387,2.7372436214538,3.622145402076999,0.4531382758873015,2.6884275930583,3.10972947500302
104.01641759192,1.33506531994297,6.431645205053702,3.195328752414799,4.085381241302702,0.9731910515679019,2.5711248279621977,3.4513342156602604
104.01641759192,1.33587549523409,6.362018219457202,3.309996436178203,4.286034642455899,1.2307608086177986,2.7322849115126004,3.5842190036443404
104.01641759192,1.33668567052521,5.7013462209935994,2.6464710417013,3.9729310849307,1.1178262570889004,2.958465223348,3.2794079656125
104.01641759192,1.33749584581632,6.039751991300999,3.023545443791299,4.395997700091797,1.5661282304999027,3.4525597422959997,3.6955966215959997
104.01641759192,1.33830602110744,6.817462411497502,3.831266747582198,5.023958725883698,2.2485418830925,4.134415107299802,4.41112897507114
104.01641759192,1.33911619639855,6.7700034775646,3.805757185218699,4.6832725940553,1.769193751938701,3.851674806871202,4.175980363129701
104.01641759192,1.33992637168967,6.7973433184697,3.9896605282931006,4.382103734175999,1.4870030265315997,3.6205544538710015,4.05533301226828
104.01641759192,1.34073654698079,6.447574217556902,4.178120927366699,4.975373876005598,1.7267299861904988,3.7787265413954003,4.221305109703019
104.01641759192,1.3415467222719,6.208131637835297,4.0018748706324985,4.8595541379803,1.6546877242938969,4.170841148939299,4.179017903936258
104.01641759192,1.34235689756302,6.194325251902001,3.8982131704301004,4.750088844474799,1.6174030630043994,4.353831454264299,4.16277235681512
104.01641759192,1.34316707285413,5.8125759773555,3.412107138326302,4.6164177221030975,1.585211320216601,4.206812543592697,3.9266249403188396
104.01641759192,1.34397724814525,6.178627018664201,3.715041505306001,4.784905366700002,1.5223880566500974,4.458402360243099,4.13187286151268
104.01641759192,1.34478742343637,6.3525414362114,3.8996808678285007,4.789901701513099,1.5725738843738029,4.9329148026529985,4.30952253851596
104.01641759192,1.34559759872748,6.422122009759498,3.945059433503399,4.788592667162401,1.5996763443283015,5.1475215020074,4.3805943913522
104.01641759192,1.3464077740186,6.654600160506103,4.038363686789602,4.724331483249202,1.788744967554603,5.258584574937601,4.492924974607422
104.01641759192,1.34721794930971,6.145895511331002,3.337722018806698,4.247664969297698,1.416620767845302,5.0534543855523,4.0402715305666
104.01641759192,1.34802812460083,6.4033699496421015,3.5026195356965992,4.359896307368203,1.3366891509856025,4.922457413221601,4.105006471382821
104.01641759192,1.34883829989195,7.044426244295497,3.9230922097892,4.492618942700101,1.3380767455821,4.667036035183401,4.29305003551006
104.01641759192,1.34964847518306,6.807048489687801,3.8193353975308995,4.240047339525901,1.1686381084742017,4.4013331157633,4.087280490196421
104.01641759192,1.35045865047418,6.663744544536101,3.6847623582394,3.957183593624599,0.9666497323610024,4.0223309838732,3.8589342425268605
104.01641759192,1.35126882576529,6.4707819635261,3.494219420408001,3.9563362138318006,0.7674962892795989,3.4138527048204033,3.620537318373181
104.01641759192,1.35207900105641,6.421378547513598,3.3927649548683014,3.8893341340383003,0.8911876259595992,3.2283377930773014,3.56460061109142
104.01641759192,1.35288917634753,6.341628309358999,3.4298042593398,4.704298517682901,1.0235778002932996,3.4671326810574,3.79328831354648
104.01641759192,1.35369935163864,6.001554847368801,3.1200795890589,3.760981783665301,0.9461380477785006,3.2761110796576993,3.4209730695058402
104.01641759192,1.35450952692976,5.828731662867799,2.828174484242002,3.4468725502751987,0.8266697309241984,2.9177882567546014,3.16964733701276
104.01641759192,1.35531970222087,6.1917194927758,3.4112033909256,4.127454885231401,1.1506618646460005,3.2358861278618996,3.62338515228814
104.01641759192,1.35612987751199,5.911763885231899,3.1254474499625005,3.902448086254399,1.1632689858410998,3.1972700216470997,3.4600396857873994
104.01641759192,1.35694005280311,5.7302791588452,2.8976987788130977,3.849050540208399,1.1268369103119014,3.0865108877496006,3.3380752551856396
104.01641759192,1.35775022809422,5.560429488533298,2.660179427334299,4.064186367351102,1.1613704262158997,3.565872600219702,3.40240766193086
104.01641759192,1.35856040338534,5.762509732230001,2.8659297855093016,4.225261042553299,1.1658707491077003,3.9789436236843976,3.59970298661694
104.01641759192,1.35937057867645,6.027735631945898,3.0891021155004026,4.629128159205202,1.152300850838202,4.0739429759115,3.794441946680241
104.01641759192,1.36018075396757,6.3141726092702015,3.3060080890474985,4.6974456293222,1.0514199005988019,3.9433646710205004,3.8624821798518405
104.01641759192,1.36099092925869,5.9386362764964,2.9228350961132996,4.476517657359199,1.0394099446563985,3.7116313239475005,3.6178060597145594
104.01641759192,1.3618011045498,5.810701748900101,2.798489411662999,4.391160831411902,1.1362690688762989,3.6400230743951028,3.555328827049281
104.01641759192,1.36261127984092,5.845362361323502,2.749720123734498,4.2938666619492984,1.2196315463256013,3.4117935238714985,3.50407484344088
104.01641759192,1.36342145513203,6.3593437908679,3.265472682431902,4.5983698651109,1.2188426612270966,2.9834254943034004,3.68509089878824
104.01641759192,1.36423163042315,6.994285099014402,3.8870770013702014,4.762160403211798,1.1938657314510017,2.991867216308602,3.965851090271201
104.01641759192,1.36504180571427,7.087277690847099,3.7328793243544993,4.734329160746501,1.2237937771645981,3.005956308729399,3.9568472523684193
104.01641759192,1.36585198100538,6.729745544450299,3.6915178735706,4.721659346624801,1.522291469565399,3.6418674004178015,4.06141632692578
104.01641759192,1.3666621562965,5.611423476503198,2.9316783996641007,4.544306213492099,1.7365068715046021,4.630021155070001,3.8907872232468
104.01641759192,1.36747233158761,6.2365250884747,3.307953372817103,4.483617589426299,1.6451500460619002,3.0651314041638997,3.7476755001887803
104.01641759192,1.36828250687873,5.806632933204,2.687838512716098,3.726515358678199,1.1527208338556996,2.7955206655530027,3.2338456608014
104.01641759192,1.36909268216985,5.5226234392102995,2.3816866729721013,3.787523167812001,1.2124636420491015,2.8205174172935017,3.144962867867401
104.017227767211,1.31967198941177,5.439053945299701,2.1230228952478996,4.1027271618245,0.09184345355220103,3.810060201049801,3.1133415313948207
104.017227767211,1.32048216470289,5.594405721386,2.2329448733701014,4.045717088215902,0.11747125579829998,3.6209791002196994,3.1223036077980004
104.017227767211,1.321292339994,5.7454641917308,2.3846992916631002,4.223832112490101,0.13613519360350068,3.581226464599599,3.21427145081742
104.017227767211,1.32210251528512,5.675945461262899,2.2258519322843,4.1745920074077,0.047496275234600205,3.4474333048231003,3.1142637962025197
104.017227767211,1.32291269057623,5.614294643533299,2.2057561298601023,4.165369985573101,0.04160363553199886,3.3435373313666013,3.0741123451730203
104.017227767211,1.32372286586735,5.6263768615967,2.3176916061574993,3.9782319459909985,0.09548826556400059,3.1957828689779006,3.04271430965742
104.017227767211,1.32453304115847,5.4808302490001,2.359859682074699,4.028870285619298,0.2559108906113998,2.731417008178699,2.9713776230968394
104.017227767211,1.32534321644958,5.522128950894597,2.8788950029071003,4.777690291583998,0.16949081579589986,2.1106139625787,3.091763804752059
104.017227767211,1.3261533917407,5.5276261252863,2.885940613992002,4.871109393420902,0.3044628617215004,1.7565832632107004,3.069144451526281
104.017227767211,1.32696356703181,5.566966944449202,2.9129209937094984,4.895075813874598,0.5826563357680001,1.9712185903863002,3.18576773563752
104.017227767211,1.32777374232293,5.5591145965208995,2.806214163499398,4.822227290608701,0.9569790857476015,2.783073812798399,3.385521789835
104.017227767211,1.32858391761405,5.545155287310603,2.708455490294,4.943843619339603,1.1215318139574997,3.506687777777799,3.565134797735901
104.017227767211,1.32939409290516,5.336726242351602,2.5791424894987998,4.749758881086301,1.0211467646039019,4.3710253023545995,3.6115599359790407
104.017227767211,1.33020426819628,5.529369709234302,2.6017845859673017,4.829379672702402,0.9963950686416005,5.0117702985569,3.793739867020501
104.017227767211,1.33101444348739,5.341829960265901,2.3243721099990005,4.100246176715302,0.38252255339959973,5.0196604641927,3.433726252914501
104.017227767211,1.33182461877851,5.5939542955063,2.5870324878538966,3.9264124706524015,0.16658667460509946,4.5300242191433,3.3608020295521994
104.017227767211,1.33263479406963,5.8087920462422,2.795520220556398,3.9812667476665027,0.28232478741739797,4.024396399780297,3.378460040332559
104.017227767211,1.33344496936074,5.8612355789693,2.8967277062731007,3.8763789474907995,0.17896819537279995,3.3377401609022,3.23021011780164
104.017227767211,1.33425514465186,5.730747299966602,2.7107627110504,3.7188889861137966,0.5222651610557989,3.2658938327364986,3.189711598184619
104.017227767211,1.33506531994297,5.8905066605590015,2.845667985819098,4.200454651321902,1.0639738226723985,2.787725175157302,3.3576656591059404
104.017227767211,1.33587549523409,5.201863163183699,2.38456176379,4.0413225575975,1.207621611754501,2.7522446723633003,3.1175227537378
104.017227767211,1.33668567052521,5.4126663683925,2.5915925582377,3.9268180028711015,1.1675342960127004,2.779151602905298,3.17555256568386
104.017227767211,1.33749584581632,6.229520902945801,3.253260264268498,4.549577826186301,1.7219447739863014,3.022390255127,3.75533880450278
104.017227767211,1.33830602110744,6.792097469174699,3.9659458610624014,5.0238116112195,2.192445064707101,3.5345104793022983,4.3017620970932
104.017227767211,1.33911619639855,6.430347855818397,3.5874851170524025,4.388757423016699,1.5415908463015988,3.5689062886963008,3.9034175061770795
104.017227767211,1.33992637168967,6.406940950563001,3.7749756931673986,4.2741207922525,1.4243963605728993,3.7532930842963026,3.9267453761704205
104.017227767211,1.34073654698079,6.165050754536402,3.8410799271347997,4.780130575497701,1.7190546418691,4.221117082899301,4.145286596387461
104.017227767211,1.3415467222719,6.056706399023902,3.8245693649172985,4.886861737032699,1.8509510288056994,4.594248142022,4.24266733436032
104.017227767211,1.34235689756302,6.208175164666603,3.9190220047199986,4.848061194985501,1.9056580166041996,4.452995739800301,4.266782424155321
104.017227767211,1.34316707285413,5.936602503368,3.5593990875015997,4.764124497026,1.8134684615253995,4.290843200073201,4.07288754989884
104.017227767211,1.34397724814525,5.903511063031601,3.5705569620738977,4.8201698828145005,1.8162594103757002,4.712701350897898,4.16463973383872
104.017227767211,1.34478742343637,6.073340715045099,3.777023940066101,4.8314687115456,1.7107158313268016,5.222156455484999,4.32294113069372
104.017227767211,1.34559759872748,6.166176584029298,3.7319351192282006,4.828897913241001,1.6072624618659006,4.9420121295353,4.25525684157994
104.017227767211,1.3464077740186,6.2505120786578985,3.7441441223827994,4.699320208054498,1.6183666544292983,4.963543367621302,4.255177286229159
104.017227767211,1.34721794930971,6.105818921101399,3.5052017044741994,4.5709861641594,1.4035326249160995,4.817410161733001,4.0805899152768195
104.017227767211,1.34802812460083,6.629541878028903,3.694822104368299,4.4445795487058,1.414048363887698,4.7998961923407,4.19657761746628
104.017227767211,1.34883829989195,6.7076957200472975,3.885347926046901,5.2765889872665,1.2343557533202016,4.5833693152603985,4.337471540388259
104.017227767211,1.34964847518306,6.798806129583603,3.855012226147,4.307833492232401,1.0874714577260995,4.8409431553277,4.178013292203361
104.017227767211,1.35045865047418,6.889521788710201,4.010585626845199,4.1987414223889985,1.0977130294381006,4.216218870008699,4.08255614747824
104.017227767211,1.35126882576529,6.7836874208271,3.889593711682398,4.103193467749797,0.9467759447811019,3.548707304036501,3.8543915698153794
104.017227767211,1.35207900105641,6.504411818633301,3.5863567986132985,3.962601448883099,0.9996102680403993,3.359562425713399,3.6825085519766994
104.017227767211,1.35288917634753,6.253404145999603,3.3871043867133004,4.013492168258502,1.0258428448130026,3.7130652450765,3.6785817581721814
104.017227767211,1.35369935163864,5.748353004143503,2.9944828113438007,3.5424232467672994,0.7788482141898996,3.8851913080105014,3.3898597168910007
104.017227767211,1.35450952692976,5.580712910505898,2.915356779830102,3.5407225151459976,1.0404815381243004,4.104793361802798,3.436413421081819
104.017227767211,1.35531970222087,6.088229106853802,3.437397382118,3.862660822648202,1.3262269193905993,4.429589739990199,3.8288207942001606
104.017227767211,1.35612987751199,6.343237546449501,3.6569987565934987,4.167996523376502,1.473043152411499,4.385515007039402,4.005358197174081
104.017227767211,1.35694005280311,6.366849850963,3.530199669975101,4.133818132280901,1.4429924965421002,3.9092657620984994,3.87662518237192
104.017227767211,1.35775022809422,6.085811074694401,3.193236936314598,4.257108821193299,1.337065158830299,3.5618917396510987,3.6870227461367393
104.017227767211,1.35856040338534,6.0361453681274,3.119227616134701,4.2635984320892995,1.0826046540922007,3.7436524769150985,3.64904570947174
104.017227767211,1.35937057867645,6.3492620316433985,3.490071541184001,4.789356935155098,1.1612529050464993,3.9545062271999996,3.948889928045799
104.017227767211,1.36018075396757,6.540600053513401,3.6111965997011986,4.860760833586301,1.1215924486352975,4.0441044565972,4.035650878406679
104.017227767211,1.36099092925869,6.0867752018912,3.2563585716034,4.862546687119,1.1159990647302003,4.076233081556502,3.8795825213800605
104.017227767211,1.3618011045498,5.5047148825316015,2.3790642015346997,4.2274436336143,0.9361692648976003,3.848784935397699,3.37923538359518
104.017227767211,1.36261127984092,5.888024732763498,2.8777308965097,4.520385096135399,1.259216643522901,3.671582763007301,3.64338802638776
104.017227767211,1.36342145513203,5.9086542432299005,3.0203877320579977,4.574148759481101,1.2372931116791968,3.3005794046631003,3.608212650222259
104.017227767211,1.36423163042315,6.355131691267999,3.424390920861299,4.4545555642975,1.0198954818297992,2.7663563630507007,3.6040660042614596
104.017227767211,1.36504180571427,7.377654344292498,3.778233699401998,4.7775314863609,0.9861136815462999,2.2020170633409,3.824310054988519
104.017227767211,1.36585198100538,7.035154811745798,3.7495909120293973,4.944391680464701,1.4470904601780994,3.0508549921738997,4.045416571318379
104.017227767211,1.3666621562965,5.296212606663701,2.6719059168605988,4.4015501273763,1.6150695489824969,4.668791681111699,3.7307059761989594
104.017227767211,1.36747233158761,6.2426552200168,3.2149466980492,4.652542192171101,1.5285713925149977,3.2264693487330973,3.7730369702970394
104.017227767211,1.36828250687873,5.578799628982399,2.460115673372801,3.7780867222431027,1.2742665942535005,2.999015160486099,3.2180567558675803
104.017227767211,1.36909268216985,5.515167362846299,2.447187904292999,4.035089175253802,1.2759457430882009,2.7990203959761004,3.2144821162914803
104.018037942502,1.32210251528512,5.8002029244437985,2.4359064485961,4.716549039794902,0.38789639569090184,3.6950763383789003,3.4071262293809204
104.018037942502,1.32291269057623,5.9585362203375,2.402532150867298,4.5185264955308995,0.43653713457230126,3.7869485730793997,3.42061611487748
104.018037942502,1.32372286586735,5.496228253342,2.059824397510898,4.145152349022801,0.2910980043064022,3.745044665418799,3.14746953392018
104.018037942502,1.32453304115847,5.277968132326901,1.8969870629992016,3.9223798091082998,0.08211055818690127,3.6362386116264993,2.9631368348495606
104.018037942502,1.32534321644958,5.5775429751817,2.7066802021955,4.648924236891602,0.34670361372880265,3.604442204467798,3.3768586464930808
104.018037942502,1.3261533917407,5.360693909738401,2.6474958464783995,4.7758085597989,0.582939813774999,3.4560207792154998,3.36459178180124
104.018037942502,1.32696356703181,5.3332000748049,2.623174569383501,4.717879825246101,0.7469898814900979,3.1243854698078977,3.3091259641464994
104.018037942502,1.32777374232293,5.3284866213241,2.6979167202510013,4.817416152167802,0.8565440632120982,2.8383902956271996,3.30775077051644
104.018037942502,1.32858391761405,5.375318713677,2.783647471094998,5.0807531692347006,0.9610480989180026,2.801809279039201,3.4005153463927806
104.018037942502,1.32939409290516,5.527795531147799,2.7926610520053003,5.022010747423,0.9970125720436016,3.235076033786399,3.51491118728122
104.018037942502,1.33020426819628,4.505611269574999,1.6360353630590012,4.3604831125127,0.9688361386703015,4.2555637645128,3.1453059296659602
104.018037942502,1.33101444348739,4.5859221432144,1.7338216677761018,4.015779642070299,0.7252910624581013,4.965861122246601,3.205335127553101
104.018037942502,1.33182461877851,5.5325373868416,2.7056476056593013,4.2744212427415,0.6672274662488,4.951468406033001,3.6262604215048406
104.018037942502,1.33263479406963,5.671014258130199,2.8544697926914004,5.050481671743,0.5668688758352012,4.361796322564,3.7009261841927605
104.018037942502,1.33344496936074,5.7372990403412025,2.8694531626213973,4.006621766185198,0.4508499196581006,3.8058384943440977,3.374012476629999
104.018037942502,1.33425514465186,5.788551045366997,2.9312217756835004,4.958157492638701,0.6491051962810985,3.6087195184462004,3.5871510056832996
104.018037942502,1.33506531994297,5.651556617178898,2.7740874288441972,4.274142885022602,0.9686025728533991,3.303946020629901,3.3944671049057993
104.018037942502,1.33587549523409,5.658429135726401,2.646879776500903,4.081521033403501,1.0311182385575997,2.893894530788799,3.2623685429954405
104.018037942502,1.33668567052521,5.8313160213490995,2.949621476884502,3.891326093602803,1.0140397988154994,2.964622477159299,3.3301851735622408
104.018037942502,1.33749584581632,6.111263739755,3.400740492875503,4.5148945274425,1.7907287572025012,3.2974882588703984,3.8230231552291807
104.018037942502,1.33830602110744,6.8250428076260015,3.7463820064992,4.670391321294797,1.8733253937731007,3.487048940497502,4.12043809393812
104.018037942502,1.33911619639855,6.1520217989016,3.391846817904298,4.457687520703701,1.552842457114103,3.484599814697301,3.807799681864201
104.018037942502,1.33992637168967,6.016323351777899,3.421437020281502,4.479897578187202,1.5832497907065992,3.314251437717001,3.763031835734041
104.018037942502,1.34073654698079,5.974161176432201,3.6133025728921027,4.798794858535501,1.8099004685112021,3.6239002245280005,3.9640118601798013
104.018037942502,1.3415467222719,6.066825063429899,3.710347724441398,5.0333007651986,2.0140798628113004,4.119314304429803,4.1887735440622
104.018037942502,1.34235689756302,6.078556892686201,3.6745738891894995,4.995673916413502,2.078199791578502,4.345277280843103,4.234456354142162
104.018037942502,1.34316707285413,5.526150642708,3.3011534727816,4.739456489516897,1.9844417300058979,4.8559050696479,4.081421480932059
104.018037942502,1.34397724814525,5.550219399612498,3.106446183578001,4.6063105088292,1.6015372912483983,4.536929239522198,3.880288524558059
104.018037942502,1.34478742343637,6.1663633650445,3.6614604930632026,4.696906730117298,1.546680132469401,4.734748550406199,4.16123185422012
104.018037942502,1.34559759872748,6.410976861529299,3.8879626511237007,4.9505924329483975,1.5939517945252994,4.835853680522902,4.33586748412992
104.018037942502,1.3464077740186,6.2693363328682,3.749337648468,4.7624602071946995,1.7301672529172976,4.936955288756,4.28965134604084
104.018037942502,1.34721794930971,6.064005335737598,3.4690682519472027,4.594050056135799,1.728569602105999,4.997531108995201,4.1706448709843595
104.018037942502,1.34802812460083,6.302300516388499,3.5322829210517988,4.329074488276401,1.4561367415224993,4.8285002534429005,4.0896589841364195
104.018037942502,1.34883829989195,6.370566562841702,3.5809446310298974,4.277564870530398,1.1652257617163997,4.587985066223201,3.9964573784683197
104.018037942502,1.34964847518306,6.376143117600197,3.6000827374754003,4.149951776416998,1.0328834948463985,4.359288226022301,3.903669870472259
104.018037942502,1.35045865047418,6.824899627776102,4.111227810285801,5.130871013193701,1.0271903336165984,4.837275993448902,4.386292955664221
104.018037942502,1.35126882576529,6.589644097558697,3.8682456944300974,4.267614848422998,1.1084883747604017,4.1495460197754,3.9967078069895186
104.018037942502,1.35207900105641,6.5107670764475,3.8204031793002997,4.589340467099799,1.2753226376851998,3.7410040652397996,3.9873674851545196
104.018037942502,1.35288917634753,6.212288058581599,3.565730209670601,4.4066172852830015,1.2135891056441004,3.819150666110602,3.843475065057981
104.018037942502,1.35369935163864,5.793104255909999,3.2531821409090007,4.168151238246999,1.1890733349289988,4.078948784030501,3.6964919508050995
104.018037942502,1.35450952692976,5.5019058885206,3.0239540427181986,3.6122865960634982,1.0549179212926987,4.446124272298199,3.527837744178639
104.018037942502,1.35531970222087,5.769001261135397,3.3228177948295006,3.550725821243102,1.1950807679905004,4.8056921157904995,3.7286635521978
104.018037942502,1.35612987751199,5.871154941387999,3.3774123697938983,3.8310166331526005,1.292384875081698,5.055059121690501,3.8854055882213396
104.018037942502,1.35694005280311,5.348345534985,2.6229554641166004,3.5187231878405996,1.1254538667409015,4.828775696614599,3.48885075005954
104.018037942502,1.35775022809422,6.071341596173699,3.3485175436596997,3.9824124479539016,1.2425998010618002,4.196597884507902,3.7682938546714007
104.018037942502,1.35856040338534,5.890671266533602,3.3024626950892007,4.493521542101199,1.2965568044631972,3.9262231193440975,3.781887085506259
104.018037942502,1.35937057867645,6.153744291395501,3.4253023155754008,4.607768063472399,1.0935559132263997,3.5830024698214977,3.77267461069824
104.018037942502,1.36018075396757,6.2837790370384,3.441537421071697,4.6465907229429,1.0199021789915008,3.618283431939002,3.8020185583967
104.018037942502,1.36099092925869,5.995294535422801,3.346374435869002,4.670168165930399,1.1979669135616007,3.9839751691351992,3.8387558439838
104.018037942502,1.3618011045498,6.028469834916898,3.2485214856040017,4.692725787165099,1.3183634030122988,3.9799914577364994,3.8536143936869593
104.018037942502,1.36261127984092,5.101684742281801,2.5113555772214973,4.5180053768355,1.350445189271099,3.7328431461589027,3.44286680635376
104.018037942502,1.36342145513203,5.378230237439897,2.526247956879601,4.2734854839889,1.1382217193159008,3.2242254153917003,3.3080821626032
104.018037942502,1.36423163042315,5.805385526744001,3.116439837977101,4.4500410290064,1.0122841059501013,2.430041838365298,3.3628384676085803
104.018037942502,1.36504180571427,5.716540921373198,3.3234232515216995,4.159245349580001,0.9915964974162002,1.9943627343071988,3.2370337508396596
104.018037942502,1.36585198100538,6.111032280322501,3.0338946192366016,4.251052860736397,1.2796428428203015,2.952265631307,3.5255776468845603
104.018037942502,1.3666621562965,4.988115171551101,2.508544265037301,4.462258198238398,1.4841554153728005,4.592725236002597,3.6071596572404396
104.018037942502,1.36747233158761,5.3653042640744,2.540682249130402,3.9225027771509,1.3279526518296976,3.2069460188441,3.2726775922058997
104.018037942502,1.36828250687873,5.7261946998456,2.6835794132414996,3.713356734629098,1.2167027731646023,2.9513210777686005,3.25823093972988
104.018848117793,1.32453304115847,5.173874210471702,1.912709708992999,4.074429792806001,0.35210964218140006,3.890980666198697,3.08082080413016
104.018848117793,1.32534321644958,5.601227081951201,2.5351930551436013,4.669143372913201,0.5941036223493015,4.004406650809198,3.4808147566333005
104.018848117793,1.3261533917407,5.204693655268198,2.2213090866895975,4.527000693759199,0.6501223925103012,4.074569498019699,3.3355390652493986
104.018848117793,1.32696356703181,5.349175034889598,2.5002100157933,4.580812528118802,0.797276591715498,3.9990520610215974,3.445305246307759
104.018848117793,1.32777374232293,5.199448333595399,2.565521184588601,4.7867793694829,0.9955807518513993,3.8509188342014014,3.47964969474394
104.018848117793,1.32858391761405,5.247135673266598,2.6973346111164,4.921662288312099,0.9855529201117967,3.394010465928801,3.449139191747139
104.018848117793,1.32939409290516,5.668273185754298,2.6962421810589987,4.726898943407697,0.8080589650269019,2.7067383962674008,3.3212423343030593
104.018848117793,1.33020426819628,4.2619980138376015,1.285392136318599,4.050999892338499,0.7226647637465007,2.8340906817490996,2.63102909759806
104.018848117793,1.33101444348739,4.428000312279398,1.6794034112364997,4.181331990003798,1.0572613220892997,3.4854304370524005,2.966285494532279
104.018848117793,1.33182461877851,5.277858248986501,2.647525742935102,4.655078130683101,0.8577649779849992,3.9581740522868003,3.479280230575301
104.018848117793,1.33263479406963,5.405011006283697,2.8480895735671012,5.2407149424197,1.0018497316494006,4.3729128492025,3.77371562062448
104.018848117793,1.33344496936074,5.636214782305299,3.0422308640167977,4.507539254523099,0.9472558949062027,4.2893632741564005,3.6845208139815595
104.018848117793,1.33425514465186,5.513311792510699,2.921260678992901,4.418295115784801,1.081877010545,4.011065265028201,3.5891619725723203
104.018848117793,1.33506531994297,5.525275271323302,2.8058930831256994,4.326030357917897,1.0123051758725978,3.3436245096978006,3.4026256795874597
104.018848117793,1.33587549523409,5.6245154738872,2.7696714166379977,4.0239528634098995,0.8920608154243013,2.8203663277859015,3.22611337942906
104.018848117793,1.33668567052521,5.852531677929001,3.1324667246598032,4.290816837479202,1.3633132441616027,3.337349004136801,3.595295497673282
104.018848117793,1.33749584581632,6.006990185694399,3.3293408017757002,4.627968709177701,1.8058665900680992,3.620135642795102,3.8780603859022
104.018848117793,1.33830602110744,5.826007325914301,3.3337061768813,4.792925575281902,2.1551838420207012,3.8737289379205,3.996310371603741
104.018848117793,1.33911619639855,5.657095455720398,2.9207954763777018,4.543548924624901,1.726208538244098,3.8972341760118,3.7489765141957796
104.018848117793,1.33992637168967,5.706522962390501,3.0626030794110015,4.441945154841303,1.6042864529113992,3.434532112060502,3.649977952322941
104.018848117793,1.34073654698079,5.956834264737299,3.4650438586198007,4.777405111896698,1.7633169317169006,3.038003941026499,3.8001208215994398
104.018848117793,1.3415467222719,6.0440918138627,3.6051019801573005,5.073763382108599,2.061353351375601,3.3085627991535986,4.01857466533156
104.018848117793,1.34235689756302,6.013992092864601,3.589797168276899,5.0893150750968985,2.059018199617398,4.170162512858099,4.184457009742779
104.018848117793,1.34316707285413,5.848633614887401,3.4726655132786988,4.935021398944599,1.8548789099973995,4.2871950972145,4.07967890686452
104.018848117793,1.34397724814525,6.356190918622598,3.8690789215081978,5.0023204132968,1.7967208731056985,4.460745406645501,4.297011306635759
104.018848117793,1.34478742343637,6.398625559954702,3.8293265585319,4.758211166443701,1.4792415480410988,4.548774105445201,4.202835787683321
104.018848117793,1.34559759872748,6.303601097853399,3.7597262179368975,4.767004854743899,1.6254521417634997,4.834330230122401,4.258022908484019
104.018848117793,1.3464077740186,6.313170071756698,3.8077464795581015,4.825917589443399,1.8622071982332997,4.961322609928899,4.354072789784079
104.018848117793,1.34721794930971,6.1647789664631,3.4773440153261994,4.4992670997018,1.6149794990128967,4.817988255701401,4.11487156724108
104.018848117793,1.34802812460083,6.517217158816802,3.6869761363784974,4.410675278050899,1.3315982697870012,4.6538455333888,4.1200624752844
104.018848117793,1.34883829989195,6.5684738380486,3.6475317934954,4.217491634705301,1.1268302521575997,4.484077654824102,4.0088810346462
104.018848117793,1.34964847518306,6.6784368883574,3.7724003999319002,4.087594812776999,1.0167418352357984,4.217156688377997,3.954466124936019
104.018848117793,1.35045865047418,6.681773718074702,4.013369685233702,4.3951202202669,1.2844111963894989,4.2650720817913985,4.12794938035124
104.018848117793,1.35126882576529,6.552405014724503,3.9393173842581994,4.370753867466,1.3151722448122989,4.2949716068693,4.09452402362606
104.018848117793,1.35207900105641,6.461060400380699,3.774507457421798,4.5483487728537,1.3208901685318004,4.717459172227599,4.164453194283119
104.018848117793,1.35288917634753,5.892430959450401,3.311595934626599,4.354722935904302,1.417831822483901,4.214985607950801,3.838313452083201
104.018848117793,1.35369935163864,5.7632736171734,3.2778566535529023,4.2958429817376,1.2750243006505002,3.9587369807265027,3.714146906768181
104.018848117793,1.35450952692976,5.6762758510514,3.237497988813999,4.2744042004934,1.2565866748077994,4.287349781114401,3.7464228992562
104.018848117793,1.35531970222087,5.7534125915926,3.3500067593192,3.9047570449756996,1.2904571506089013,4.713837926486498,3.80249429459658
104.018848117793,1.35612987751199,5.799008142078399,3.0117875211508007,3.6668288992302003,1.0515783376065997,4.898261846299899,3.68549294927318
104.018848117793,1.35694005280311,5.334074152352901,2.7399876538943992,3.4802809097181004,1.0354885711824018,4.557995264119299,3.4295653102534205
104.018848117793,1.35775022809422,4.7857614455391015,2.3995950161770985,3.9190778568938995,1.2717379241761009,4.2555489688067,3.32634424231858
104.018848117793,1.35856040338534,5.767298316070697,3.290847640551398,4.601155292728901,1.4905391433481014,4.360859810465499,3.9021400406329194
104.018848117793,1.35937057867645,5.6785138859168,3.1599519380432,4.550942634130198,1.2545316639961008,3.747664308675102,3.6783208861522803
104.018848117793,1.36018075396757,5.522385192063702,3.0525644526275,4.427677419108399,1.2454642369487985,3.559434732408299,3.5615052066313395
104.018848117793,1.36099092925869,5.678392457251299,3.083235254211697,4.388457168091801,1.3070277347380994,3.842711137098501,3.6599647502782795
104.018848117793,1.3618011045498,5.9488982607265015,3.0796400204213015,4.569627877445999,1.3692953199527977,3.863378465210001,3.76616798875132
104.018848117793,1.36261127984092,5.849691944091997,3.0370940290991015,4.604306951681398,1.3118738549174012,3.512079471842398,3.6630092503264593
104.018848117793,1.36342145513203,5.2357310807005,2.5415677609369993,4.294686883811803,1.076560410717999,2.851678380533901,3.2000449033402405
104.018848117793,1.36423163042315,6.447253388881997,3.3838690061385,5.2548539307403,1.0224488577037008,2.1261567334255993,3.646916383378019
104.018848117793,1.36504180571427,7.188074858181398,3.9607120894469006,4.433466031149198,1.0204843713708023,2.0003029623752013,3.7206080625047
104.018848117793,1.36585198100538,5.066201569284303,2.400864908234201,4.415286936720598,1.2527938674618007,3.1862212627902977,3.26427370889824
104.018848117793,1.3666621562965,5.769059150303402,2.9630500865182974,5.080897039671001,1.378958336173902,4.529326411824499,3.94425820489822
104.018848117793,1.36747233158761,5.791700870965599,2.8319166997878966,4.0344236579874995,1.4149381544233997,3.1087855062604,3.436352977884959
104.018848117793,1.36828250687873,5.8183635549778,2.7538746408921995,3.6925124324880017,1.262272966332901,3.1180208940083993,3.32900889773986
104.019658293084,1.3261533917407,5.662659031616499,2.634224166657397,4.803141973231501,0.9168682270812987,4.3074411433716016,3.6648669083916596
104.019658293084,1.32696356703181,5.5177969398095,2.5430650596327986,4.671199831389099,0.910044734853102,4.208998246988902,3.5702209625346804
104.019658293084,1.32777374232293,5.367348805849701,2.4764419181585,4.669802931974999,0.8913921289468973,4.2567096574570975,3.532339088477439
104.019658293084,1.32858391761405,5.301794671455099,2.5155605028378005,4.6710286832405,0.7581464956123014,4.052870653523801,3.4598802013339003
104.019658293084,1.32939409290516,5.696071579660902,2.6696630136992994,4.497297773932001,0.5317251273057977,3.526788504272499,3.3843091997741
104.019658293084,1.33020426819628,5.360379574635399,2.2088947107160983,4.161460371599301,0.3201186713664015,3.050353600260401,3.02024138571552
104.019658293084,1.33101444348739,5.210874701414898,2.509308874528301,4.3866928874919004,0.471328941270599,2.877709600775802,3.0911830010963
104.019658293084,1.33182461877851,5.228798005534198,2.5932398147510014,4.450183099681702,0.7248336133830016,2.7213496980116005,3.143680846272301
104.019658293084,1.33263479406963,5.286324532522997,2.7379223778247983,4.4737213524577015,1.0617453429136994,3.416827186211499,3.395308158386139
104.019658293084,1.33344496936074,5.467145327228302,2.842810026072499,4.455782471589199,1.3063223545092981,4.1215084525689,3.6387137263936395
104.019658293084,1.33425514465186,5.478097432912602,2.970554984179799,4.557445042924098,1.4137022974848001,3.940732944118899,3.6721065403240396
104.019658293084,1.33506531994297,5.5624528900629,2.7858609244091994,4.225879828936002,1.0604378653868984,3.2271806323378023,3.3723624282265603
104.019658293084,1.33587549523409,5.764203734825301,2.8712475503032024,4.229658473555098,1.1061605591517,2.945730160671701,3.3834000957014005
104.019658293084,1.33668567052521,5.8583789969558,3.150894097776,4.623081583224099,1.6147953033977984,3.4839867267523985,3.746227341621219
104.019658293084,1.33749584581632,5.9187636971442,3.2558551940015015,4.863928304034001,1.8650549632648001,3.766774258761899,3.93407528344128
104.019658293084,1.33830602110744,5.958880843522699,3.2639011866553,4.831118487439202,2.0136267586263017,3.9057698824599,3.9946594317406805
104.019658293084,1.33911619639855,5.0804004271154,2.3861676466355988,4.3177011732596,1.9026082147080992,4.029645339436801,3.5433045602310997
104.019658293084,1.33992637168967,4.129425415905299,1.7145623232174998,4.031965467723001,1.7383659356259997,4.132568951565201,3.1493776188074003
104.019658293084,1.34073654698079,5.909528747094797,3.464150814142098,4.8627675796894,1.8221973479554983,3.7408177795003006,3.9598924536764186
104.019658293084,1.3415467222719,6.192282316998199,3.6690571184472986,5.312708001233499,1.9703960654564021,3.9373579325494,4.216360286936959
104.019658293084,1.34235689756302,6.420307967826098,3.7694940023429986,5.266052444820602,1.856346549364801,4.776394882283498,4.417719169327599
104.019658293084,1.34316707285413,6.442175470378398,3.7891813864789015,4.8885682109707,1.5679815221943016,4.063721403395,4.150325598683461
104.019658293084,1.34397724814525,6.336303501348301,3.7608586907904993,4.890677117388002,1.591489564712397,4.343995643545,4.18466490355684
104.019658293084,1.34478742343637,6.450685613515798,3.8455064048617977,5.626855441530601,1.6059634311257014,4.4526720316778,4.39633658454234
104.019658293084,1.34559759872748,6.415862196568803,3.8255233957566013,4.6774048685742,1.5598443222383018,4.6930225785861985,4.234331472344821
104.019658293084,1.3464077740186,6.1862034255842,3.6875201448025976,4.678963190148298,1.6497081768277013,4.854000363091799,4.211279060090919
104.019658293084,1.34721794930971,6.5780041933299,3.466597343773799,5.136659143137699,1.2096760897282017,4.670876027319199,4.21236255945776
104.019658293084,1.34802812460083,6.3663090215036995,3.203789377616001,3.9376093812715993,0.9075476351245975,4.4954471854176,3.7821405201866996
104.019658293084,1.34883829989195,6.397629944880798,3.2643046524657997,4.679118608878099,0.9845369875759005,4.4946472313685,3.964047485033819
104.019658293084,1.34964847518306,6.4166023612913,3.3586446261213005,3.8500052780767007,1.0191893544170014,4.231621662102199,3.7752126564017003
104.019658293084,1.35045865047418,6.434180839868102,3.5240198655951005,4.0140435404866,1.2927449028269997,4.178853099568901,3.888768449669141
104.019658293084,1.35126882576529,6.399202881040402,3.628238686093198,4.039094371124602,1.3921792601633989,4.3509167257779,3.9619263848399
104.019658293084,1.35207900105641,6.283339626104301,3.6615702891367015,4.351020198017103,1.3440787007259019,4.456183156618302,4.019238394120462
104.019658293084,1.35288917634753,5.794671525003402,3.3070062248411993,4.316882950888502,1.442599993169999,5.053538821519599,3.98293990308454
104.019658293084,1.35369935163864,5.533157992940097,3.0953596586453997,4.214076465661499,1.3096130746246004,4.189320684624601,3.6683055752992395
104.019658293084,1.35450952692976,4.9442279652930985,2.7403645994055985,3.9124441669173997,1.1580117004128994,4.1809236557753024,3.3871944175608597
104.019658293084,1.35531970222087,5.399261163112602,3.1221987693322006,4.007521977774399,1.469991017096202,4.5178727779134,3.7033691410457608
104.019658293084,1.35612987751199,5.863204916541502,3.0158605175139,4.653022295683201,1.293889141425403,4.637458792494002,3.8926871327316013
104.019658293084,1.35694005280311,5.608257687391301,3.0198439531167978,3.7287912217071018,1.1900110540961997,4.807024146999801,3.6707856126622405
104.019658293084,1.35775022809422,4.5775193404086,2.2508747007106003,4.074852268445401,1.3202531983191008,4.278499622405398,3.30039982605782
104.019658293084,1.35856040338534,5.108746182037098,2.507736279088199,4.211768784978297,1.1856344778781995,4.050819605495903,3.4129410658955392
104.019658293084,1.35937057867645,4.852683024931597,2.247701738445098,4.5734273663744,0.769358258215302,3.003109825235999,3.0892560426404794
104.019658293084,1.36018075396757,4.783221010705599,2.2670486679490978,3.8200330602541968,0.9745095963807984,2.9870430614827015,2.9663710793544786
104.019658293084,1.36099092925869,5.4187380260142,2.950005314252902,5.0108521361344,1.3010903022713016,3.4888594298231013,3.633909041699181
104.019658293084,1.3618011045498,5.709934656890397,3.0654827297544003,4.489000244975703,1.2436915591757014,3.4225886368408,3.5861395655274
104.019658293084,1.36261127984092,5.724066622907198,2.8227546568943005,4.117114619182502,1.0931008338314,3.017344424153599,3.3548762313938
104.019658293084,1.36342145513203,5.701509127727899,2.9202854594067986,4.4863644990822,1.0161051902150007,2.435873421413799,3.312027539569139
104.019658293084,1.36423163042315,5.101154459041798,2.615401060403599,5.153479834928699,1.1096515328848007,2.1499080599094,3.2259189894336595
104.019658293084,1.36504180571427,5.668011955972098,2.9993578820638014,4.364154245350999,1.0616302529397998,2.1545483565673997,3.2495405385788194
104.019658293084,1.36585198100538,6.236325631619099,3.1978511645978998,4.769826695288899,1.4054699381958997,3.2093714527451986,3.7637689764893993
104.019658293084,1.3666621562965,5.7670491039095,2.8753233229307007,4.773753713138301,1.498078329637302,4.399611978854701,3.862763289694101
104.019658293084,1.36747233158761,5.664548395396601,2.7143797358776,4.0898504943885,1.5207925720551998,3.2072592996509,3.43936609947376
104.020468468375,1.32777374232293,5.520353099698099,2.599394885330401,4.668314680110001,1.0930653283691,4.523874012084999,3.68100040111852
104.020468468375,1.32858391761405,5.385616731330902,2.518873572140201,4.5650297027227005,0.9294673275757006,4.4129883012695,3.562395127007801
104.020468468375,1.32939409290516,5.487648823034803,2.434756188260799,4.385766880668598,0.7052147771759003,4.2461188883971985,3.4519011115074596
104.020468468375,1.33020426819628,5.7728323638351,2.1729426006488985,3.9329433380185,0.411186515401198,3.750073289130299,3.2079956214067993
104.020468468375,1.33101444348739,4.9971533371037005,2.3126828974382008,4.293823107031802,0.6098789575670018,3.6960169935845,3.181911058545041
104.020468468375,1.33182461877851,5.120581719270799,2.475162933006601,4.1983925575881,0.5942271714613021,3.254339125217001,3.1285407013087605
104.020468468375,1.33263479406963,5.110704478252998,2.583531805409798,4.2178891245795,1.0614375468103994,3.2428471737331996,3.2432820257571793
104.020468468375,1.33344496936074,5.177915571532001,2.6870198834032983,4.387081768970599,1.425716906619101,3.7642127102592973,3.4883893681568594
104.020468468375,1.33425514465186,5.4754499438023,2.8798631747232015,4.150097058832397,1.3581609698242012,3.7252143608940997,3.51775710161524
104.020468468375,1.33506531994297,5.6732305240843,2.8099575948520013,4.1305161997367,1.054660948266001,3.2106861688910975,3.37581028716602
104.020468468375,1.33587549523409,5.915067222174702,3.075426501627902,4.525526228955101,1.4269729414379988,3.4863762757975003,3.6858738339986408
104.020468468375,1.33668567052521,5.890947924269202,3.1504912736619985,4.773391155172,1.6917595456248016,3.9824587660183006,3.8978097329492605
104.020468468375,1.33749584581632,6.0935104875545,3.396762250426498,4.904617984963501,1.7688955819363983,4.063339060885998,4.045425073153379
104.020468468375,1.33830602110744,6.069436733508798,3.396430917425601,4.917007392470001,1.6394584361910987,3.9606847104085006,3.9966036380008
104.020468468375,1.33911619639855,5.571898439580501,3.0001506505592985,4.636040411942201,1.7411227201877004,4.010828112196201,3.7920080668931804
104.020468468375,1.33992637168967,4.9494733288285,2.477354477371499,4.383662523692401,1.6449269831504978,4.241558645819801,3.5393951917725395
104.020468468375,1.34073654698079,6.194605056993598,3.667213707509198,5.027824314118302,1.836326752079401,4.266121991739901,4.19841836448808
104.020468468375,1.3415467222719,6.3710501963265,3.752452654610998,5.348431117965198,1.8401368462162004,4.723827548502598,4.407179672724299
104.020468468375,1.34235689756302,6.397321215318502,3.721317367255299,5.163670379427899,1.5119745349322002,4.153910833950199,4.18963886617682
104.020468468375,1.34316707285413,6.217265453257902,3.580975185253301,4.810098718279601,1.5362496836178003,4.233412221012799,4.07560025228428
104.020468468375,1.34397724814525,6.482254088253999,3.776574797020899,4.99730691237,1.5213248105851989,4.3088819099716,4.217268503640339
104.020468468375,1.34478742343637,6.305758687926801,3.758098126866301,4.646290242551302,1.3566410265260025,4.326603182749601,4.078678253324002
104.020468468375,1.34559759872748,6.304070678451801,3.7488168719822994,4.781088750521299,1.4845164292602,4.635726371668998,4.190843820376919
104.020468468375,1.3464077740186,5.8898037885962005,3.331550307927003,4.5529750017349,1.4212951281542985,4.7085647458693,3.9808377944563405
104.020468468375,1.34721794930971,5.950060671267497,3.0901672618967986,4.470789671972799,1.0377604735611001,4.676787154299898,3.845113046599619
104.020468468375,1.34802812460083,5.982324649487598,2.8405416444179004,4.4244760770952,0.6971458872102012,4.5610213016109995,3.70110191196438
104.020468468375,1.34883829989195,5.7157406423792025,2.524582660569397,4.123785606168397,0.7448242461422012,4.454161092959399,3.5126188496437196
104.020468468375,1.34964847518306,6.036122081232101,2.8766359906957994,3.4107422097957,0.9464807729307019,4.1599697905033,3.4859901690315205
104.020468468375,1.35045865047418,6.1640158205293005,3.0104587330475994,3.546160099851001,1.0831955320856999,4.010958644503301,3.56295776600338
104.020468468375,1.35126882576529,5.874754055455902,2.743528324472102,3.476588575359699,1.0098907457227,4.292190550506501,3.479390450303381
104.020468468375,1.35207900105641,5.266829171903403,2.5506508291088004,3.7160587188039997,1.0644062115121002,4.3619209737769005,3.391973181021041
104.020468468375,1.35288917634753,5.5308745036962,2.935999086489101,4.0803146836890996,1.2831728896401025,4.331172911372597,3.63230681497742
104.020468468375,1.35369935163864,5.5279164098793,3.113362078539801,4.1788574028254,1.3200955654527995,4.5132942124159,3.73070513382264
104.020468468375,1.35450952692976,5.064019553846901,2.828033339477699,4.06185037425,1.4634221720127023,4.593910477688297,3.6022471834551197
104.020468468375,1.35531970222087,5.2401259074493005,2.9137016557593007,3.900864573753399,1.5688723426242,4.4409889055311,3.61291067702346
104.020468468375,1.35612987751199,5.599922030587901,3.0282578285826993,3.8480553145359018,1.5469121576886984,4.462953969658699,3.6972202602107798
104.020468468375,1.35694005280311,5.9014849207834,3.104642945092003,3.8771163619369986,1.368709490379402,4.564195642930798,3.76322987222452
104.020468468375,1.35775022809422,5.098242183031697,2.6632224700548015,4.465868902592202,1.4126033824773998,4.171535775638699,3.56229454275896
104.020468468375,1.35856040338534,5.0404152388559,2.4153945757276993,4.0289935396465,1.0582527176378989,4.074440881645998,3.323499390702799
104.020468468375,1.35937057867645,5.025991679121301,2.3218719388113023,3.8373934329309023,0.6200221941817006,3.034075245008701,2.9678708980107813
104.020468468375,1.36018075396757,5.0975045195968995,2.4304808373236995,3.8312223164331023,0.6513194494444008,2.7275732504746983,2.94762007465456
104.020468468375,1.36099092925869,5.405151734512501,2.7848396119803986,4.271757391517102,1.0881662467017001,2.9219313864475005,3.2943692742318404
104.020468468375,1.3618011045498,5.6758810405708005,3.042404931976801,4.562718189586501,1.293369614471903,2.969337696180599,3.508742294557321
104.020468468375,1.36261127984092,5.882532294917997,3.3116013252358982,4.523094856095302,1.327113654033898,2.7028664683159995,3.5494417197198187
104.020468468375,1.36342145513203,6.244878818581999,3.5269452024990997,4.7482722157541986,1.2517100371652994,2.1977060163710007,3.5939024580743193
104.020468468375,1.36423163042315,5.819999786272,3.2190129544414,4.6117981972968,1.0898544899602989,2.1604118599581987,3.3802154575857393
104.020468468375,1.36504180571427,6.347220200777603,3.538583204716698,4.892029230156201,1.164030205772299,2.381093335272901,3.6645912353391403
104.020468468375,1.36585198100538,6.936732135064801,3.5667861915245993,4.843354216665002,1.4518773706317987,3.057299740803998,3.97120993093804
104.020468468375,1.3666621562965,6.2695842404332005,3.2571742347075983,5.045872221553399,1.7082261705924005,4.2008376265597995,4.09633889876928
104.020468468375,1.36747233158761,5.9605748505230025,2.905629171173498,4.765226409287898,1.7580935550198973,3.276016601940899,3.733108117589039
104.021278643666,1.33020426819628,5.643761458036998,2.5662535070027985,4.159888941318801,0.5821854613851016,4.121355294799802,3.4146889325087004
104.021278643666,1.33101444348739,5.0208173792706,2.258609027880798,4.226565311902199,0.8794718422153984,4.099030903180797,3.2968988928899585
104.021278643666,1.33182461877851,5.037662959929101,2.2363854084879975,4.140483816087201,0.9497337470500007,3.910571282172299,3.2549674427453197
104.021278643666,1.33263479406963,5.044663093946902,2.3476958226621996,4.3647561937122,1.2586300020481005,3.5812868241374005,3.3194063873013606
104.021278643666,1.33344496936074,5.146788655834399,2.5399889607857986,4.465380835253498,1.3320412231174004,3.7394261428358,3.444725163565379
104.021278643666,1.33425514465186,5.5966604970519995,2.798717430961002,5.048073593416799,1.198602173102401,3.701015880167599,3.66861391493996
104.021278643666,1.33506531994297,5.717627693582401,2.8534594425101005,4.194546137913399,0.9572845492792013,3.4852823524983982,3.4416400351567
104.021278643666,1.33587549523409,5.704916665940502,3.1049872986123006,4.560444356199799,1.6592838039008022,3.9075565659044003,3.787437738111561
104.021278643666,1.33668567052521,5.640551915191303,3.0669264109237027,4.810245095387202,1.5786446380954011,4.014171950982,3.8221080021159217
104.021278643666,1.33749584581632,6.142952256364101,3.3804538711758987,4.851970269219901,1.270123547417498,4.040369441935201,3.93717387722252
104.021278643666,1.33830602110744,6.0045134677166985,3.388873251762302,4.6850307370458,1.152587876688603,4.127917752142999,3.87178461707128
104.021278643666,1.33911619639855,6.110523283181003,3.4155925917201024,4.580024249076903,1.3751318424207994,4.289699055854001,3.9541942044505616
104.021278643666,1.33992637168967,5.554172383167501,3.0656140411280006,4.670835979562899,1.733143373928499,4.3517834042426,3.8751098364059
104.021278643666,1.34073654698079,6.291628383363598,3.6434307327204998,4.9585984855165,1.8313385376077989,4.648802672051303,4.27475976225194
104.021278643666,1.3415467222719,5.502417821088699,3.0503238003473996,4.7895064469548,1.8012739860005986,4.6978985974953,3.9682841303773593
104.021278643666,1.34235689756302,6.049673138683101,3.4257482022542014,4.9154350429791975,1.6372549453957,4.606474649487701,4.12691719575998
104.021278643666,1.34316707285413,5.605012663326601,3.1610147560094006,4.711346991510901,1.5498580644055018,4.554415815054401,3.916329658061361
104.021278643666,1.34397724814525,6.6569595826031005,3.944521700344499,4.9695400040439,1.4180214489089984,4.4353054150635,4.2848696301928
104.021278643666,1.34478742343637,6.406870915082301,3.8138977943462002,4.633824656549997,1.1748705310656007,4.446243535997802,4.09514148660838
104.021278643666,1.34559759872748,6.3589254752152975,3.725978075658098,4.460845316379601,1.2649405034238015,4.597823057057102,4.08170248554678
104.021278643666,1.3464077740186,5.942477890908201,3.3342641513022997,4.4263666653552,1.3628705660403995,4.6348199104571,3.94015983681264
104.021278643666,1.34721794930971,4.882106282598002,2.203882013618699,4.345799838629301,0.9200089594023986,4.8524695359134995,3.44085332603238
104.021278643666,1.34802812460083,5.917607482565501,2.6946639375103025,3.7060573211618006,0.6843525076438013,4.710949989834003,3.5427262477430816
104.021278643666,1.34883829989195,5.788552317390199,2.651469982497499,4.106468367983599,0.8886246082191995,4.477749594837398,3.5825729741855787
104.021278643666,1.34964847518306,5.6631210367023,2.550399808007402,3.1944250126257003,0.9958947170896018,4.4015889190315995,3.3610858986913206
104.021278643666,1.35045865047418,5.7846192686408,2.6504715379494,3.3435955432416016,2.2532326611484983,4.3118050884056025,3.6687448198771806
104.021278643666,1.35126882576529,5.2918150221851015,2.0983274006741013,3.1768449855485983,0.7426392974729978,4.4904206721063,3.1600094755974197
104.021278643666,1.35207900105641,4.784656782231398,1.8441158191882998,3.1221371630769994,0.7184585330610993,4.4518892844772004,2.9842515164069994
104.021278643666,1.35288917634753,4.902003136923099,2.1495740279509015,3.3708456844451007,0.7684675799160985,4.280112808176899,3.0942006474824195
104.021278643666,1.35369935163864,5.205826989704903,2.612391184579497,3.802650466881502,0.9832633445855983,4.193537718962599,3.35953394094282
104.021278643666,1.35450952692976,5.354030069422201,2.8882863902238967,3.9797404000937995,1.2167427449329011,4.524569357706699,3.5926737924758996
104.021278643666,1.35531970222087,5.117849161751501,2.794896742780299,4.0482015698183,1.4628510122571008,4.4928278024631005,3.58332525781406
104.021278643666,1.35612987751199,5.645180577406801,3.051787415750802,5.032148000518003,1.5426448701834978,4.452778973971899,3.9449079675662007
104.021278643666,1.35694005280311,5.4430649303665,2.8889059495427,4.173380399206298,1.4357128128553,4.367767695651597,3.661766357524479
104.021278643666,1.35775022809422,5.316023040237599,2.7379754282112003,4.407083567679997,1.3482924118316966,4.300450416314,3.6219649728548986
104.021278643666,1.35856040338534,5.259282958428603,2.532644090499197,3.8684397724458,0.8518633373701014,3.910285783813503,3.284503188511441
104.021278643666,1.35937057867645,5.058278832012302,2.2471649750267986,3.7971489373175977,0.4628284907318019,3.049035491048201,2.9228913452273404
104.021278643666,1.36018075396757,5.2617852025787,2.490631135109002,3.9328298309569014,0.6330849513019992,2.8800867335205,3.0396835706934207
104.021278643666,1.36099092925869,5.5883832164883,2.8074014025206004,4.178569542877199,1.016880583702001,2.731671715996601,3.26458129231694
104.021278643666,1.3618011045498,6.0020418138716,3.2393174824380004,4.588918716967399,1.3592113196454996,2.6456093945584023,3.56701974549618
104.021278643666,1.36261127984092,6.0939945521135,3.452297022023,4.928327599077097,1.3987042438910997,2.1814292993299986,3.610950543286939
104.021278643666,1.36342145513203,5.996371065711902,3.394755249138999,5.676598463442701,1.4157757112388012,1.4731306817084011,3.591326234248161
104.021278643666,1.36423163042315,6.4283899357217,3.5720844029142995,5.202800995394803,1.487248691184,1.6792082253146994,3.6739464501059005
104.021278643666,1.36504180571427,6.8978766800245985,3.8499005646635993,5.3032242030948,1.4838381547590984,2.3408791881238997,3.975143758133199
104.021278643666,1.36585198100538,6.803448863047901,3.652613959243599,5.164693782839699,1.6895993829251026,3.1888101983235977,4.09983323727598
104.021278643666,1.3666621562965,6.079790514435402,2.998053404521201,4.954319353901301,1.789920141315502,4.236126918735998,4.011642066581881
104.022088818957,1.33182461877851,5.1285748357,2.0668004221207,4.102419838719101,1.1954001577148006,4.347462448303201,3.3681315405115604
104.022088818957,1.33263479406963,5.1826023356512,1.9404163890290995,4.152118219633699,1.1448047840575981,4.146674294433602,3.3133232045610397
104.022088818957,1.33344496936074,5.381272046911299,2.0747861761156017,3.9764553868884,0.9260481582913016,3.8832758460829027,3.248367522857901
104.022088818957,1.33425514465186,5.608383824844697,2.340440468025097,4.156859906608801,0.8809772366469026,3.911101784885002,3.3795526442021
104.022088818957,1.33506531994297,5.478194500630501,2.5048155273257002,4.1392598562947995,1.0038784522501984,4.087433259290901,3.44271631915842
104.022088818957,1.33587549523409,5.6348958769422985,3.009350939142699,4.6184806372863,1.4735873514879003,4.2737664788276,3.8020162567373594
104.022088818957,1.33668567052521,5.826963722796201,3.094918371379201,5.604482598233801,1.2305924798448018,3.9406969318848013,3.9395308208277613
104.022088818957,1.33749584581632,6.008268767398601,3.232532718622199,5.667505647831501,0.9625981769137972,3.8780078654514014,3.9497826352435
104.022088818957,1.33830602110744,6.0569666927922015,3.2140192748943015,4.702011848056799,0.8587535815565026,4.091119152398001,3.784574109939561
104.022088818957,1.33911619639855,6.332866125061301,3.333333116864001,4.678103139696702,1.1797540017021966,4.4921534352892,4.00324196372268
104.022088818957,1.33992637168967,5.920376623812402,3.3314525474606995,4.8301651894778,1.6236140907661003,4.552370757595501,4.0515958418225
104.022088818957,1.34073654698079,5.9171240715473985,3.418055802760499,4.906826635388601,1.8392592291938001,4.802382817355699,4.1767297112492
104.022088818957,1.3415467222719,6.250083243517302,3.605022647655197,4.926284462517902,1.730238826721198,5.4473820443386,4.39180224495004
104.022088818957,1.34235689756302,5.4866660527268,3.0097145185688987,4.6146400200191025,1.5720954362720008,4.6798421238608015,3.872591630289521
104.022088818957,1.34316707285413,5.704478349659301,3.066091179277901,4.563453108465399,1.5150729269185987,4.652547095743099,3.9003285320128596
104.022088818957,1.34397724814525,6.3520517757274,3.6554193545496005,4.928123348792003,1.2952717984584012,4.450200629954001,4.136213381496281
104.022088818957,1.34478742343637,6.1532827258205,3.585607079743003,5.4629208393403985,1.1504981115003012,4.587593029082601,4.187980357097361
104.022088818957,1.34559759872748,6.219525305715699,3.5749009251867,4.2909360687610985,1.1387367022374022,4.5506277072964,3.95494534183946
104.022088818957,1.3464077740186,5.8770422849047,3.1378454816473003,4.2270879954789,1.0669516069620997,4.572909406592,3.7763673551170003
104.022088818957,1.34721794930971,5.6191700465038,2.7641002683460023,3.5764780006917007,0.8254866739316995,4.692579099860698,3.49556281786678
104.022088818957,1.34802812460083,5.9901665378387,2.802413394687701,3.302527156803599,0.8345700186943006,4.712927124529898,3.5285208465108395
104.022088818957,1.34883829989195,5.820868228535701,2.726920543249701,3.3720922377742966,1.0752107781433011,4.6486326110414,3.52874487974888
104.022088818957,1.34964847518306,5.281683071241602,2.201270969701799,3.0624919587534016,1.0142251133123992,4.527664751050299,3.2174671728119
104.022088818957,1.35045865047418,5.637576520415603,2.5602003108885008,3.166682006876602,0.9220976735470998,4.5318115820308975,3.363673618751741
104.022088818957,1.35126882576529,5.364381149009301,2.2916210051877,3.089524076383899,0.5649575043171993,4.5387596340922975,3.1698486737980796
104.022088818957,1.35207900105641,4.873587530073099,1.9596426946887,2.7752557338403996,0.44000437220299915,4.419051677238301,2.8935084016087
104.022088818957,1.35288917634753,5.2480065377434,2.368436668424902,3.2350095431620005,0.44502734888069995,4.2389342786527,3.1070828753727406
104.022088818957,1.35369935163864,5.3856065295349005,2.4905373650893985,3.472528449985699,0.5708345922969009,4.4066864750977,3.26523868240092
104.022088818957,1.35450952692976,5.4029676563603,2.5148656861966003,3.5200720256906983,0.6795822333820993,4.196350525648299,3.2627676254555995
104.022088818957,1.35531970222087,5.497797402234902,2.6248615591571998,3.8833370002971996,0.9020747689393005,4.229131946411101,3.4274405354079405
104.022088818957,1.35612987751199,5.416169544871799,2.608826954365501,4.2030182934751,1.2440603947662972,4.3462930957709,3.5636736566499194
104.022088818957,1.35694005280311,5.3154038948914994,2.612749637494698,4.159908090121,1.3519099945375999,4.2967951786160015,3.5473533591321598
104.022088818957,1.35775022809422,5.311944453287801,2.5850541592028975,4.146512265453598,1.2119458579577973,4.2048377253554,3.4920588922514986
104.022088818957,1.35856040338534,5.191927929368401,2.3031357153576018,3.709694932951301,0.7686017680293986,3.5036028551025,3.0953926401618403
104.022088818957,1.35937057867645,5.291603781934597,2.326013790954999,3.614153184139198,0.47094907718249956,2.9987789686007993,2.940299760562419
104.022088818957,1.36018075396757,5.472076138587699,2.5722718315094006,3.8988379769992996,0.6176835378719971,2.9471187323134025,3.1015976434563597
104.022088818957,1.36099092925869,5.993789930494302,3.061213622937899,4.1950942707289975,1.0117610452658994,3.015084439059798,3.4553886616973792
104.022088818957,1.3618011045498,4.5402513337147,1.835981601229399,3.958401275936197,1.2364836882777013,2.940980277303101,2.90241963529222
104.022088818957,1.36261127984092,6.635119250178402,3.6329534107146984,4.906276187402497,1.3419021599736993,1.6808849662272003,3.6394271948992993
104.022088818957,1.36342145513203,7.1619832758653,4.0375460121871,5.407049802478802,1.4637125866738003,0.5910185367566996,3.7322620427923403
104.022088818957,1.36423163042315,7.5033170175639015,4.1875143372569,5.694015533820799,1.5554850307798986,0.4444310018311022,3.87695258425052
104.022088818957,1.36504180571427,7.624384456671201,4.203129663457499,5.5820131244554005,1.6802566246299975,1.2910366822781008,4.07616411029844
104.022088818957,1.36585198100538,7.173991393339101,4.075054819324098,5.5576970810849,2.0719953005141,2.6762533305257,4.31099838495758
104.022088818957,1.3666621562965,6.4816810131438025,3.5072551099616973,5.437613022212901,2.143396383743802,4.066579674194301,4.327305040651301
104.022898994248,1.33344496936074,5.4206158211653985,1.9289584379432014,3.6702691784016004,0.3925408227539009,3.7174665172119,3.0259701554952003
104.022898994248,1.33425514465186,5.416205676275098,2.185731130539697,3.7701759348727,0.30088236457820017,3.8326043209534006,3.1011198854438193
104.022898994248,1.33506531994297,5.422166036293898,2.4186985519291007,4.0800493669581,0.49479793105319914,3.9455418559723014,3.27225074844132
104.022898994248,1.33587549523409,5.5920386688105985,2.7486784444532013,4.618243946796401,0.8705312190958985,4.0104443620199035,3.5679873282352004
104.022898994248,1.33668567052521,5.762684153446003,2.9429902696758,4.811318335668098,0.9375786448228993,3.9469036493191005,3.68029501058638
104.022898994248,1.33749584581632,5.764644010735299,2.9241382365921,4.839812374798399,0.9381766517944001,3.7815371163736984,3.6496616780587794
104.022898994248,1.33830602110744,5.918887685394498,3.053113498347301,4.731850138559899,0.9605840156792986,3.9588525276015005,3.7246575731164997
104.022898994248,1.33911619639855,5.847874533473,3.1226137445827007,4.610313404598198,1.0752993472153989,4.213106085693397,3.773841423112539
104.022898994248,1.33992637168967,5.935575807280699,3.2612324821201,4.9467028548773015,1.5230804283107986,4.3132719793023,3.99597271037824
104.022898994248,1.34073654698079,5.873165637744698,3.268716365560298,4.807628102095503,1.7095147193738995,4.451226331136098,4.022050231182099
104.022898994248,1.3415467222719,5.9025540138399,3.313837022029201,4.936419820110899,1.7523837611083977,4.782689599690801,4.1375768433558395
104.022898994248,1.34235689756302,5.6253137587432,3.1421819836752007,4.8751362939785,1.7501716684434996,4.9897754661050975,4.0765158341891
104.022898994248,1.34316707285413,6.438168502421803,3.764907316498501,5.8292733931943985,1.7481714349667996,4.659520274175399,4.48800818425138
104.022898994248,1.34397724814525,6.121425650500001,3.4000287399456006,4.805971995006601,1.4849956604270993,4.493115308000398,4.06110747077594
104.022898994248,1.34478742343637,6.115081349525301,3.383472194770402,4.513803490248499,1.3190151869548004,4.511026121539,3.9684796686076007
104.022898994248,1.34559759872748,6.2347694492416,3.3370889035582003,4.0884352422665025,1.1007015944889993,4.431569914428103,3.838513020796681
104.022898994248,1.3464077740186,6.076813300301097,3.025244335212399,4.6166434233986,0.7716087498214002,4.474482500856702,3.7929584619180394
104.022898994248,1.34721794930971,6.376864979401798,3.173055938031599,3.5772973314362027,0.6941288939694985,4.5111028364967005,3.6664899958671597
104.022898994248,1.34802812460083,6.1817390168349995,3.0066008426273,3.5977593125204024,1.042422741703401,4.687309398782201,3.703166262493661
104.022898994248,1.34883829989195,6.060616545823102,2.9850978869766003,3.5940180028899,1.2366536106296024,4.6680873999163985,3.7088946892471206
104.022898994248,1.34964847518306,5.840843754738398,2.7743646534473996,3.303585019012001,1.0699944898561,4.6887797690980015,3.53551353723038
104.022898994248,1.35045865047418,5.829057913906098,2.765340700663799,3.2966150821849,0.7322707582214996,4.5645766684611,3.4375722246874796
104.022898994248,1.35126882576529,5.544093417813997,2.3948294600591993,3.9209209337359994,0.4623351779981988,4.493338914983703,3.3631035809182195
104.022898994248,1.35207900105641,5.3688828531864985,2.1233661297721014,3.018402022821199,0.4980846487760999,4.4319413578244,3.08813540247606
104.022898994248,1.35288917634753,5.7299111117258015,2.5987991750937027,3.2608948651114993,0.6277689084549998,4.189690604870599,3.28141293305132
104.022898994248,1.35369935163864,5.6474255824882,2.543796407433401,3.2332077018902012,0.6366227409667999,4.1710558593209015,3.2464216584199006
104.022898994248,1.35450952692976,5.3983534913829025,2.4678218041378983,3.2304117844524,0.5233378133494995,4.216483941528299,3.1672817669702
104.022898994248,1.35531970222087,5.558812523625399,2.638968991156002,3.6794720470094973,0.5514154677576997,3.9606084159206993,3.2778554890938594
104.022898994248,1.35612987751199,5.463000015702601,2.561380783253302,4.063854424514499,0.9081744050276974,3.8602363198512997,3.37132918966988
104.022898994248,1.35694005280311,5.392820354193898,2.575887622223398,3.8133245880984,1.0535908477044984,3.9181815046521997,3.350760983374479
104.022898994248,1.35775022809422,5.1719060850383975,2.3380758447008994,3.5162565786250006,0.9791288985537001,3.8841886093207023,3.17791120324774
104.022898994248,1.35856040338534,5.286065514390003,2.2404118487778995,3.4714710916992004,0.5740217784558013,3.1964618451470024,2.9536864156939813
104.022898994248,1.35937057867645,5.6692119266405,2.4817095601681984,3.622241194610197,0.5108107998547027,2.9941713637287997,3.0556289690004794
104.022898994248,1.36018075396757,5.602169491954001,2.431808406319199,3.7410075382983017,0.7036934173871003,3.1553696192763,3.1268096946469806
104.022898994248,1.36099092925869,4.791106135735699,1.9189543842439,3.754779108893601,0.9405641510047005,3.3056669562446004,2.9422141472245
104.022898994248,1.3618011045498,5.9564854288835,3.169499708674401,4.6482078873759995,1.3612876857040028,2.747664838853602,3.576629109898301
104.022898994248,1.36261127984092,6.960413635889601,3.7590981073018988,5.119825025356199,1.9413560505879985,1.4690253971490002,3.84994364325694
104.022898994248,1.36342145513203,7.697962372843399,4.2712305497557,5.522287536721901,2.2137608886850018,0.5364337913682995,4.04833502787486
104.022898994248,1.36423163042315,7.803996596150299,4.280298104067398,5.6964560650318,2.5825959998689,0.47676974800620187,4.16802330262492
104.022898994248,1.36504180571427,7.4845747199306984,3.9279172418262007,5.4200650323471,3.4939354183395004,1.5606912381048978,4.37743673010968
104.022898994248,1.36585198100538,6.949108410475699,3.9428438772547985,5.385158291126,2.282968561610602,2.9232495935930984,4.29666574681204
104.02370916954,1.33587549523409,5.685879328245299,2.816394234895,4.688996970228601,1.0931217578939005,4.301473233113597,3.71717310487528
104.02370916954,1.33668567052521,5.628354693991099,2.8435474394207,4.774119624630597,1.1827403575003004,4.350363626168402,3.7558251483422196
104.02370916954,1.33749584581632,5.3302282713423,2.602428468731798,4.669311383122299,1.1105832132296989,4.336711452365503,3.6098525577583196
104.02370916954,1.33830602110744,5.6205383991269,2.7430281080678007,4.672022825699699,1.0312602770249981,4.3276037679308,3.6788906755700395
104.02370916954,1.33911619639855,5.6934553180592005,2.8732733109292994,4.5553198729165985,1.0154773792318004,4.226902549479199,3.6728856861232195
104.02370916954,1.33992637168967,5.8613481553397015,3.0656214641675987,4.608951587268201,1.176431185994499,4.0661975005697,3.75570997866794
104.02370916954,1.34073654698079,5.963829906927899,3.2022070925095996,4.9363899775894,1.491638511603501,4.279700676500099,3.9747532330260995
104.02370916954,1.3415467222719,5.9356934172555,3.2347177146573003,4.764565759658598,1.6061821698336978,4.3552891602783,3.979289644336679
104.02370916954,1.34235689756302,5.964550356203098,3.3106946857708017,4.978875468851502,1.6223230778469997,4.483532623318098,4.0719952423981
104.02370916954,1.34316707285413,6.494590352837303,3.6850420805944992,5.112391915401801,2.026191723971902,4.771243107973298,4.417891836155761
104.02370916954,1.34397724814525,6.421091172721599,3.5948755383749997,4.941767524100801,1.8589596127570012,4.691012642719802,4.301541298134841
104.02370916954,1.34478742343637,6.498493178091,3.5850111702418026,4.676793508185803,1.7074387606723,4.532367472977899,4.200020818033761
104.02370916954,1.34559759872748,6.4290884150554,3.3206528383222995,4.403018110398001,1.3443716338954985,4.3594476693332,3.9713157334008797
104.02370916954,1.3464077740186,6.331392943584401,3.058837394663602,3.845345062758099,0.9324515681607011,4.383250069332899,3.7102554076999406
104.02370916954,1.34721794930971,6.605253842551701,3.325755835081303,3.7070846238063986,0.8557369431749997,4.454731650743401,3.7897125790715607
104.02370916954,1.34802812460083,6.698476216979401,3.4391282119312017,3.8770096097316014,2.3329769399819007,4.643181911187199,4.198154577962261
104.02370916954,1.34883829989195,6.223753208624,3.046546016578798,4.339792300418299,1.2173456065471022,4.738553733147999,3.9131981730632397
104.02370916954,1.34964847518306,6.0342310117369,2.958064347727799,3.279106307775301,0.9021722752300008,4.653484139965201,3.56541161648704
104.02370916954,1.35045865047418,6.201077897028103,3.089621864267201,3.3313413115989015,0.6577573129608005,4.5015334896997,3.5562663751109413
104.02370916954,1.35126882576529,6.4202672489587975,3.075046398073699,3.2256246548679,0.40626951378330034,4.340185587078899,3.4934786805525193
104.02370916954,1.35207900105641,6.3917056253153,2.5104294450037976,3.1194602837249015,0.427973540578801,4.155335971206,3.32098097316576
104.02370916954,1.35288917634753,6.100915855224599,2.2937212572125993,2.8915453174670986,0.6158774385375025,4.066956131156999,3.19380319991976
104.02370916954,1.35369935163864,6.0253722059228,2.572687809987002,3.0651911699438017,0.7099279941175993,3.9809322033192984,3.2708222766581003
104.02370916954,1.35450952692976,5.537970677662301,2.426454563123901,3.188748606908799,0.5351997611546011,3.8633767928039013,3.1103500803307007
104.02370916954,1.35531970222087,5.5907475490932015,2.5927336136854997,3.4548365934664993,0.5812382203501976,3.874815854817701,3.21887436628262
104.02370916954,1.35612987751199,5.539046440389701,2.6592752004562996,3.6068459405524003,0.8363998925917997,3.4719944626599997,3.22271238733004
104.02370916954,1.35694005280311,5.404426520151102,2.668077694499299,3.4772989052680003,0.8302396903471987,3.5452266907823002,3.18505390020958
104.02370916954,1.35775022809422,5.2692624511898,2.4798260599798994,3.3210584215182983,0.6980679895332997,3.2799710565456976,3.009637195753399
104.02370916954,1.35856040338534,5.2134525859313,2.197128951479197,3.3393310752876992,0.5859498665439986,3.1964860687527015,2.906469709598979
104.02370916954,1.35937057867645,5.6092829883128985,2.435648255135998,3.6449614167450015,0.674846563142399,3.2636332841797007,3.1256745015031995
104.02370916954,1.36018075396757,5.952939690465602,2.7066389939679,3.900497464133398,0.7911300065646998,3.2178490560845,3.31381104224322
104.02370916954,1.36099092925869,5.745167836617398,2.8805443288669004,4.398626761317999,1.2622046083245984,3.3204026677109972,3.5213892405675784
104.02370916954,1.3618011045498,6.944512631102999,3.8837051896986985,5.080408078732898,1.9738076107527007,2.7407151752794014,4.12462973711334
104.02370916954,1.36261127984092,7.7603018773193,4.144193632321997,5.235525084701099,2.0908050134489002,1.3783833773192988,4.121841797022119
104.02370916954,1.36342145513203,7.437870671034101,4.201697669597699,5.502885306630699,2.553459826824099,0.8472807596299994,4.10863884674332
104.02370916954,1.36423163042315,8.108762567627,4.244469609631,5.563517874854398,2.5267899123354987,0.8523920083143004,4.259186394552439
104.02370916954,1.36504180571427,5.9558186732250995,2.6494443270425023,4.7032858534995015,2.2095008049904017,2.344422519477,3.572494435646901
104.02370916954,1.36585198100538,6.8425610543696,3.7710868968856985,5.0772959293556,2.6610254850259984,3.3280714870605017,4.33600817053948
104.024519344831,1.33749584581632,5.539334060428697,2.7051939975543,4.670581421227499,1.149984576538099,4.453088546142599,3.7036365203782387
104.024519344831,1.33830602110744,5.4733157871709,2.660578718529699,4.5309246441991995,1.0397914236449992,4.479208749999998,3.6367638647089593
104.024519344831,1.33911619639855,5.561610096976398,2.6938667967976997,4.3525990332306,0.9140289269477009,4.283366637803802,3.5610942983512404
104.024519344831,1.33992637168967,5.748396448863602,2.9181737356470983,4.459744946474199,0.8350126273531977,4.032566025051501,3.5987787566779197
104.024519344831,1.34073654698079,5.8637744285345015,3.040801748403201,4.562671995982399,0.9825825615233974,4.284240469482402,3.74681424078518
104.024519344831,1.3415467222719,5.944629544304799,3.1502708889732034,4.675130524222197,1.083147133924701,4.5358335712348,3.87780233253194
104.024519344831,1.34235689756302,5.673673819960701,2.899527290480698,4.556378084731701,1.056493399244502,4.4174597374674,3.7207064663770004
104.024519344831,1.34316707285413,5.9737712845108,3.0512862705836987,4.6699031714063,1.2898196688367989,4.754432789055301,3.9478426368785797
104.024519344831,1.34397724814525,6.342394973596701,3.347132492742201,4.692002119676999,1.4919543962267028,4.7111247650883,4.116921749466181
104.024519344831,1.34478742343637,6.5091739313613,3.4437265276953006,4.635851977786199,1.4129038768633997,4.605058553565797,4.121342973454399
104.024519344831,1.34559759872748,6.556062212953499,3.381745620910401,4.429791408587999,1.2829594199954002,4.487679261357499,4.02764758476096
104.024519344831,1.3464077740186,6.2085938879266,2.7802630094454983,3.760326569192099,0.9402644601740988,4.388260741986997,3.615541733745059
104.024519344831,1.34721794930971,6.160594044911097,2.8083347868507005,3.620827483031597,0.8761155471599018,4.420079008662501,3.5771901741231593
104.024519344831,1.34802812460083,6.242877798130998,2.9194921372007983,3.4458177969708004,0.8952281760360989,4.516524479159699,3.603988077499679
104.024519344831,1.34883829989195,6.607481296639701,3.2289312465739997,3.3737009602075005,0.9891863755322987,4.649378727134199,3.7697357212175397
104.024519344831,1.34964847518306,6.471875737636299,3.2174781661743985,4.3492758515083985,0.7530124881260996,4.787291019571899,3.915786652603419
104.024519344831,1.35045865047418,6.415947386040298,3.1781805013837,3.4169428499131023,0.6532938978960026,4.327079520154001,3.598288831077421
104.024519344831,1.35126882576529,6.694423603887298,3.1901035904700983,3.3920520841124997,0.364866900182399,4.139685600931401,3.5562263559167393
104.024519344831,1.35207900105641,6.585843895539,2.6700453639335002,3.1236210607616997,0.5192001264442005,4.027136004954002,3.3851692903264805
104.024519344831,1.35288917634753,6.4099459791085,2.2540288467934992,2.8015422766369014,0.5081628174922024,3.793241183453201,3.1533842206968608
104.024519344831,1.35369935163864,6.032985902783899,2.090204295072102,2.7215638292232,0.5690617663514992,3.629422814270999,3.0086477215403398
104.024519344831,1.35450952692976,5.727529240952901,2.1820809396614997,2.909648582012899,0.475974725466898,3.4089415334860007,2.94083500431604
104.024519344831,1.35531970222087,5.958935438314498,2.5558743827510995,3.1236214255359975,0.5034608490777011,3.5582067066650005,3.140019760468859
104.024519344831,1.35612987751199,5.4646114421802,2.620483951629602,3.1995720534891987,0.6635697218716992,2.872089190755201,2.96406527198518
104.024519344831,1.35694005280311,5.152500928752801,2.5062077816640986,3.357894274502801,0.8218824933885003,3.0623363075765013,2.9801643571769403
104.024519344831,1.35775022809422,5.1609248371877,2.264154628118103,3.222598046907798,0.6871167533711997,3.1833800090332005,2.9036348549236
104.024519344831,1.35856040338534,5.146655011194397,2.164039324422699,3.2849664367609,0.6072795757976017,3.2434075182970012,2.88926957329452
104.024519344831,1.35937057867645,5.587254875609698,2.4454024349641017,3.6264867428743024,0.6990831989815973,3.358156382717599,3.14327672702946
104.024519344831,1.36018075396757,5.375230549764801,2.256920786267699,3.7548012485629982,0.9508863463085007,3.4035670379638994,3.1482811937735797
104.024519344831,1.36099092925869,6.5502336321606975,3.560748338845901,4.831664591046401,1.7654561583380008,3.402651851752399,4.02215091442868
104.024519344831,1.3618011045498,7.627371566090499,4.3133133915276005,5.365240679648899,2.307767003822999,2.8257586231961014,4.48789025285722
104.024519344831,1.36261127984092,8.087116026326498,4.461618872748602,5.537735017725701,2.5512542661202,1.5343804056125023,4.434420917706701
104.024519344831,1.36342145513203,7.611736801418701,4.410968091997599,5.614833225054703,2.7217329823466976,0.8832100922038002,4.2484962386043
104.024519344831,1.36423163042315,7.800116537760399,4.189857077145099,5.4068826932014,2.3313440413818007,1.1860140029160995,4.182842870480959
104.024519344831,1.36504180571427,6.821787894449702,3.5749516105608983,5.000674315109599,1.7884447203052005,3.011159946136498,4.0394036973123795
104.025329520122,1.33992637168967,5.742598651462,2.8206904409602984,4.3188058652837995,0.8557143453368994,4.421435023864699,3.6318488653815395
104.025329520122,1.34073654698079,5.789042251589699,2.8785859627707,4.165163378450099,0.6816212788848972,4.612100202941903,3.6253026149274596
104.025329520122,1.3415467222719,5.810582043529102,2.8141101640282002,4.3780955175705,0.695858311191099,5.083022594401001,3.7563337261439806
104.025329520122,1.34235689756302,5.8942650573942,2.9371105975367975,4.405459635025199,0.6073570033161992,4.715690216674801,3.7119765019894393
104.025329520122,1.34316707285413,5.944033329291198,3.0240655385816027,4.472346124339101,0.7134016778699994,5.1508641140544,3.86094215682726
104.025329520122,1.34397724814525,6.150345902784402,3.1338325698046994,4.436254281400302,0.8039430167033004,4.7095691245508995,3.8467889790487204
104.025329520122,1.34478742343637,5.991634830789302,2.982419869549002,4.288401822234402,0.9103385996636,4.555513036910199,3.745661631829301
104.025329520122,1.34559759872748,5.174923178044299,2.159040074261899,3.836551119462399,0.9711674381916993,4.5801474287701005,3.3443658477460794
104.025329520122,1.3464077740186,5.803486024364901,2.549669989278499,3.559738148571199,0.7601756617291997,4.4687383352959,3.4283616318479395
104.025329520122,1.34721794930971,6.208186468972897,2.820644000256401,3.719971831626701,0.744153971922902,4.397854644492799,3.57816218345434
104.025329520122,1.34802812460083,6.6708016363174,3.2895019860090002,3.693450322698798,0.830291738573397,4.474299070776201,3.7916689508749593
104.025329520122,1.34883829989195,6.719456683989403,3.3385221354742995,3.7643339520228984,0.8151221823295991,4.509891518808299,3.8294652945249
104.025329520122,1.34964847518306,6.629710813610199,3.2783707402959017,3.723972879926098,0.7401054295011988,4.290986428463899,3.7326292583594594
104.025329520122,1.35045865047418,6.598250285994798,3.215663952059,3.533440557755199,0.5845768301378023,4.1754056472224015,3.62146745463384
104.025329520122,1.35126882576529,6.705159442527499,3.190280612951799,3.4569084720882017,0.638361883589198,3.9759185913006014,3.59332580049146
104.025329520122,1.35207900105641,6.3549977356605005,2.716063563212902,2.981738374585902,0.6883163370607015,3.747925444543501,3.2978082910127013
104.025329520122,1.35288917634753,6.206562772892102,2.282725976398698,2.2345406094341023,0.5562185881999007,3.4680590155833,2.9496213925016206
104.025329520122,1.35369935163864,5.9515493806609,1.9523843947429995,2.3622990707283016,0.5730115728768013,3.3045241493732007,2.8287537136764405
104.025329520122,1.35450952692976,5.832296697206598,2.1649729515031986,3.676125416948498,0.6090550181459022,3.0857573335995987,3.073641483480759
104.025329520122,1.35531970222087,5.833602305398298,2.5792183988760016,3.1421245274156995,0.6188504329218993,3.0893757541367997,3.0526342837497396
104.025329520122,1.35612987751199,5.5766294121401,2.7076071477823014,3.209707271549199,0.7485300123324983,2.498780616116001,2.94825089198402
104.025329520122,1.35694005280311,5.1345740476336985,2.4087955968653993,3.2030928125403015,0.8017398973762013,2.611748319430898,2.8319901347693
104.025329520122,1.35775022809422,5.172737107639101,2.2520652851275003,3.2586878165448994,0.7044761504998007,2.9890269866671986,2.8753986692957
104.025329520122,1.35856040338534,5.180915445416101,2.2189268384095016,3.4364718568842,0.6405413325876985,3.0993912841389992,2.9152493514873
104.025329520122,1.35937057867645,5.025663689772902,2.0236836722993026,3.3283397926131997,0.6732303111120004,3.3718388849690974,2.8845512701533003
104.025329520122,1.36018075396757,5.7321259381212,2.752319690104599,4.137152350359301,1.1763895247509026,3.4425083995089985,3.448099180569
104.025329520122,1.36099092925869,6.699311697840301,3.6746314799949005,4.9118784582366,1.8718932551228988,3.6525984579807016,4.16206266983508
104.025329520122,1.3618011045498,7.736198811124101,4.5246165531277,5.4481047724272,2.3660212013462996,3.2959719594183987,4.67418265948874
104.025329520122,1.36261127984092,8.175010689017402,4.673108035893499,5.696030483594502,2.8042431958147986,2.2797217378743007,4.7256228284389
104.025329520122,1.36342145513203,8.331399983249202,4.649391501020798,5.6719995062222,2.649011751121101,1.3716451013184,4.53468956858634
104.025329520122,1.36423163042315,8.2329943463135,4.3402705156801,5.350386914548899,2.0058033187992983,1.7804828713107987,4.341987593330519
104.025329520122,1.36504180571427,6.669255590002198,3.581542093353999,4.8617432242897,1.3307495008460997,3.4314899783325004,3.9749560773648995
104.026139695413,1.3415467222719,5.213449569050201,2.3157687610106983,4.090876418085301,0.7588535632018996,4.723315396173501,3.42045274150432
104.026139695413,1.34235689756302,5.871871325041699,2.791226431816799,4.209979594534598,0.6217913434447979,4.7183049973696995,3.6426347384415187
104.026139695413,1.34316707285413,6.140719409146399,2.999825076131497,4.3674444427376,0.5896626714883979,5.0142159940591995,3.822373518712619
104.026139695413,1.34397724814525,6.153131873164,3.0007122088993974,4.325686917323697,0.6440232006226019,4.825420184463898,3.7897948768947187
104.026139695413,1.34478742343637,5.8544277792256985,2.734635999099197,4.173743495516902,0.6298436406656975,4.628957010361798,3.604321584973859
104.026139695413,1.34559759872748,5.703574202296199,2.4824034667771997,3.8356877248444974,0.4714152663032003,4.537226158045499,3.4060613636533192
104.026139695413,1.3464077740186,5.584366233385303,2.3530412801370986,4.474920815399301,0.7104490827229988,4.5556411862086,3.5356837195706605
104.026139695413,1.34721794930971,6.146286983697099,2.836802018404999,3.7824066283288005,0.6118560434643001,4.469177056373301,3.5693057460536997
104.026139695413,1.34802812460083,6.506831590022397,3.0802113916892004,3.7400419891743013,0.7107339278809022,4.511529114163601,3.7098696025860805
104.026139695413,1.34883829989195,6.478497221784,3.0601443590798993,3.6295096263344,0.6945665516883004,4.3713689269778016,3.6468173371728803
104.026139695413,1.34964847518306,6.3257100902755,2.9205290872987995,3.6044906891500013,0.6047497352957016,3.9098595121634006,3.4730678228366805
104.026139695413,1.35045865047418,6.482999460797199,3.0190730459327,4.1019011177668006,0.6142577907864997,3.854394450358999,3.6145251731284396
104.026139695413,1.35126882576529,6.669734668550902,3.070521957158899,3.0930318102968997,0.6117868687592001,3.5501541242167995,3.39904588579654
104.026139695413,1.35207900105641,6.3758501392462,2.589293813791599,2.8314804274384002,0.6059101718368005,3.5093241547634015,3.18237174141528
104.026139695413,1.35288917634753,6.039641415149102,2.139310311940001,2.3622138628397025,0.7936702995339999,3.4171463969966,2.9503964572918813
104.026139695413,1.35369935163864,5.816636186178602,1.9594771297602023,2.545443715269702,0.7161609823989004,3.3637360728153,2.8802908172845414
104.026139695413,1.35450952692976,5.950200322060699,2.3943730240494006,3.041865270152403,0.7371147701165022,3.1096588503225995,3.0466424473403206
104.026139695413,1.35531970222087,5.928391891472899,2.683026273205101,3.1264224170358013,0.6701588105362006,3.0537563803711016,3.092351154524221
104.026139695413,1.35612987751199,5.718167127318999,2.7707302245914,3.1902711112698015,0.7750920602221996,2.4366251293267,2.97817713054582
104.026139695413,1.35694005280311,5.210851227977802,2.2742045602476004,3.0797966537014005,0.6364787622678989,2.415705439453099,2.72340732872956
104.026139695413,1.35775022809422,5.134023711676999,2.255944754085302,3.2717811474194995,0.5912849602461989,2.7114912024061013,2.79290515516682
104.026139695413,1.35856040338534,5.455706653856399,2.4937446984369984,3.6026280858833033,0.6919529553143988,2.839564572211401,3.0167193931405003
104.026139695413,1.35937057867645,5.450950598469298,2.4919041726053024,3.7185696981952,0.8681964634638,3.0907228400742994,3.1240687545615797
104.026139695413,1.36018075396757,5.7469679236605025,2.926307106072901,4.304232114595301,1.4120422580639982,3.3966787435437986,3.5572456291873005
104.026139695413,1.36099092925869,6.429961719228,3.668788722900203,4.833982234034401,1.7734744053778009,3.717564041029199,4.084754224513921
104.026139695413,1.3618011045498,6.834434934340802,4.015470236465298,5.116650226676899,1.7801957956697017,3.7219110116101994,4.29373244095258
104.026139695413,1.36261127984092,7.573518662382398,4.4868718751671,5.4278219319357035,2.1103636888704003,3.262761537679001,4.572267539206921
104.026139695413,1.36342145513203,7.783687655645899,4.473461219393499,5.423887332225899,2.042984358153099,2.588207429104301,4.462445598904539
104.026139695413,1.36423163042315,6.837330556188199,3.7368346716735985,5.035390045310599,1.5095961705422987,2.9836991495226,4.020570118647459
104.026139695413,1.36504180571427,6.703503434108903,3.8249546514859,4.892246701659801,1.0037332758631976,3.878504284301801,4.06058846948392
104.026949870704,1.34316707285413,6.0767924427459015,2.9578346307856016,4.185355399652298,0.6651662522583024,5.0487535291748,3.7867804509233807
104.026949870704,1.34397724814525,5.7838277933234,2.6639211744028017,3.904180270628398,0.5717021096190997,4.666991365090702,3.51812454261288
104.026949870704,1.34478742343637,5.832208673862297,2.6645826840797007,3.8643928032513983,0.6771657251511023,4.694453018911499,3.5465605810511995
104.026949870704,1.34559759872748,5.584554170106198,2.2229805568993015,3.4674224106086022,0.5181051117079001,4.773090880739698,3.31323062601234
104.026949870704,1.3464077740186,5.673435385181399,2.3555167434868984,3.4497118832995994,0.4803101617567016,4.6977356544412,3.3313419656331598
104.026949870704,1.34721794930971,6.0570124438036,2.5551188621180003,3.6069789915465975,0.5915518954738985,4.5934238938822,3.4808172173648595
104.026949870704,1.34802812460083,6.147407497642998,2.7233845106836974,3.690118059681197,0.7282610506320992,4.516291617292399,3.5610925471864783
104.026949870704,1.34883829989195,6.201332732185001,2.7859541317011,3.5962449063989013,0.7249066506280002,4.364948757851,3.5346774357528004
104.026949870704,1.34964847518306,6.321354375518002,2.978181566796099,3.624414770823499,0.7143907534812968,4.012690391105799,3.5302063715449394
104.026949870704,1.35045865047418,6.5782927095757024,3.112217432882403,3.5449669247744,0.5752715515641995,3.671220701284799,3.4963938640163006
104.026949870704,1.35126882576529,6.228438084447301,2.723315313816201,3.1218009316134996,0.5214577198808996,3.5522858915892,3.22945958826942
104.026949870704,1.35207900105641,6.1428779363930985,2.425419447125602,2.8834811471914,0.8014843192078978,3.412184802644898,3.133089530512579
104.026949870704,1.35288917634753,5.887805810048601,1.925671576246799,2.8606061968936984,1.162918855366602,3.3757869623521017,3.0425578801815605
104.026949870704,1.35369935163864,5.830610384784002,2.1988414079328003,2.8127905234597996,0.7704222806069012,3.3438923895928987,2.9913113972752803
104.026949870704,1.35450952692976,5.920173504028998,2.5272844766419986,3.0222031734669983,0.7033501045928006,3.820322335937501,3.1986667189336595
104.026949870704,1.35531970222087,5.737754204648201,2.5394875295991,3.0065182058597983,0.6630749960308009,2.5506329460719996,2.89949357644198
104.026949870704,1.35612987751199,5.763180743704002,2.6170996016982997,2.9426269268294973,0.7217296189572977,2.3081548520237014,2.8705583486425597
104.026949870704,1.35694005280311,5.429365637061601,2.5112574247938007,3.2227183018259993,0.7858063523522993,2.5078372903781023,2.8913970012823604
104.026949870704,1.35775022809422,5.5079928274004,2.5261564451853005,3.2754100910203015,0.5929396969318006,2.6265744440240013,2.905814700912361
104.026949870704,1.35856040338534,5.7382765835141,2.6621008807689996,3.5344454627741975,0.659808230218399,2.710437372531498,3.0610137059614386
104.026949870704,1.35937057867645,5.648863791463,2.6377159265608014,3.606184798124602,0.9066504249813967,2.987569386121997,3.1573968654503597
104.026949870704,1.36018075396757,5.909899336609399,2.8858335176604015,4.132058789117799,1.3440525799365979,3.2096409166531004,3.4962970279954595
104.026949870704,1.36099092925869,6.471531904462601,3.7027831025586018,4.966634338235398,1.5819182417384,3.6343262939181997,4.0714387761826405
104.026949870704,1.3618011045498,7.0290165415168,4.3674767968853025,5.437832838952502,1.4889601912057984,4.129540463460298,4.49056536640414
104.026949870704,1.36261127984092,7.107752030249497,4.148382678581001,5.3048212469959,1.575279781458402,4.248873354397201,4.4770218183364
104.026949870704,1.36342145513203,6.6773369192152,3.8011079198727984,5.052935460821097,1.0433104683309011,3.8603886668159006,4.087015887011179
104.026949870704,1.36423163042315,5.8031589784554996,3.056689175040301,4.6589928279029,0.8583619421323014,4.003210364746099,3.67608265765542
104.027760045995,1.34559759872748,5.6596399599749,2.3488152972097005,3.9552582996909003,1.0081307996826006,4.605206012069502,3.5154100737255205
104.027760045995,1.3464077740186,5.763905341317102,2.372179538711201,3.8404424363708003,0.8277917859496995,4.665434447754599,3.4939507100206804
104.027760045995,1.34721794930971,5.305123691214099,1.8530888729698987,3.4374516189337996,0.7591225451389008,4.854162883709101,3.24178992239316
104.027760045995,1.34802812460083,6.0959611783111,2.6244217847958993,3.756907218153099,0.7366323827310985,4.5960684723356025,3.56199820726536
104.027760045995,1.34883829989195,6.011410007871699,2.634019562104797,3.7535161475819017,0.8625594091321993,4.225201480841001,3.49734132150632
104.027760045995,1.34964847518306,5.519721431266301,2.403703529151901,3.6039560280440988,0.8699069430554971,4.0610837919095,3.2916743446854597
104.027760045995,1.35045865047418,6.474586758330201,3.246868202814799,3.626905550895202,0.8249691712787985,3.7102800673210012,3.5767219501280003
104.027760045995,1.35126882576529,5.945712373639502,2.685708623175902,3.205729326019199,0.8463747283411003,3.5045471569846,3.2376144416320605
104.027760045995,1.35207900105641,5.937442758291098,2.5956275378939004,3.0219801041661007,0.7098371103545986,3.368090753430103,3.1265956528271603
104.027760045995,1.35288917634753,5.7961325197996985,2.3434220477332985,2.9294669634376014,0.7779930902471008,3.4447232916221004,3.05834758256796
104.027760045995,1.35369935163864,5.741033434877902,2.3588473107295975,2.8587204400246975,0.7502862930953,3.9947877707925983,3.140735049904019
104.027760045995,1.35450952692976,5.752090514902502,2.45148327103,2.8451974749462003,0.6806714291613005,2.853499051676401,2.916588348343281
104.027760045995,1.35531970222087,5.6145471165246015,2.438803942897202,2.899339697029699,0.6556717718042009,2.373599856445299,2.7963924769402007
104.027760045995,1.35612987751199,5.336622153401301,2.435051386606201,3.0003197028703994,0.8121629574808011,2.4309689189452968,2.8030250238608
104.027760045995,1.35694005280311,5.34118155661,2.398488216172403,2.9988579809654006,0.7156795149367987,2.4404521947835,2.7789318926936204
104.027760045995,1.35775022809422,5.674088384166399,2.665209279863401,3.2437930834685,0.7610233927326995,2.6725206548664993,3.0033269590194998
104.027760045995,1.35856040338534,5.760726665402899,2.752161912972703,3.5585317518018016,0.8759971834931015,3.0547927384304003,3.200442050420181
104.027760045995,1.35937057867645,5.694912787861803,2.6292830555660984,3.6289012179295987,1.0849122547955012,3.378007570054802,3.2832033772415605
104.027760045995,1.36018075396757,6.084480670132599,3.1756145171106986,4.147886358187101,1.2638167056610001,3.4463386074490003,3.62362737170808
104.027760045995,1.36099092925869,7.189136819113401,4.6957986886960015,5.457143886768801,1.5850016429309015,3.8863314761827006,4.562682502738361
104.027760045995,1.3618011045498,7.2151352027809,4.586631651320399,5.6306950350506,1.666698326577201,4.4155173988987,4.70293552292556
104.027760045995,1.36261127984092,7.076961329290501,4.173732172957198,5.3407220945831,1.6042347274756992,4.170492892984999,4.4732286434583
104.027760045995,1.36342145513203,6.411807587924102,3.6809523483671995,4.8818151035879005,0.9243476285215984,4.638205061672597,4.10742554601468
104.027760045995,1.36423163042315,5.378315788907798,2.9909953148805,4.479034440544002,0.40397340030930096,3.455549091437703,3.341573607215861
104.028570221286,1.34721794930971,5.7422675589680985,2.4335920203776986,4.175579719917398,0.9833191637573009,4.589930455148799,3.584937783633859
104.028570221286,1.34802812460083,5.8095554366956,2.4481916824011023,3.817667330136601,0.8865192344360011,4.637970357566697,3.5199808082472
104.028570221286,1.34883829989195,5.8698028180502995,2.5438773892363002,3.7826649950672007,0.9833262906222977,4.2601388887496014,3.48796207634514
104.028570221286,1.34964847518306,6.331232981277299,3.022561904167901,3.8529301909030984,1.0873488961407993,4.137046479121899,3.6862240903221997
104.028570221286,1.35045865047418,5.999353270613401,2.7116262089461998,3.538654694767299,1.0221071043854018,3.8534259048227,3.4250334367070003
104.028570221286,1.35126882576529,4.961200116445198,1.9196669673174007,3.0290873416676973,0.7801012504961982,3.7174600825156006,2.881503151688419
104.028570221286,1.35207900105641,5.574706063898198,2.4793987168096017,3.143868291400402,0.7725173380813999,3.4515603174399985,3.08441014552592
104.028570221286,1.35288917634753,5.415892815030002,2.368522824991299,3.025633235701502,0.8083193589931987,3.4505033327506993,3.0137743134933404
104.028570221286,1.35369935163864,5.644906294281199,2.466165627942601,2.930441686771701,0.8362510957138021,3.9475426708983967,3.16506147512154
104.028570221286,1.35450952692976,5.6792597561695,2.494190986725002,2.881904611323801,0.7635002304158007,2.8002877303873994,2.9238286630043007
104.028570221286,1.35531970222087,5.3229329742028,2.2058294031320997,2.741062092534502,0.6294384272969005,2.6079134655355,2.7014352725403605
104.028570221286,1.35612987751199,5.2926005934244,2.3161716310235008,2.8917576214567013,0.6814544829132991,2.5710973922797002,2.7506163442195204
104.028570221286,1.35694005280311,5.410119822747902,2.4158021722299985,2.9681674076936986,0.6839734664267993,2.4284922115885017,2.78131101613738
104.028570221286,1.35775022809422,5.517573836557599,2.598020602451502,3.223616853482799,0.887096363334198,2.8098168745659997,3.0072249060784193
104.028570221286,1.35856040338534,5.602751605084499,2.632441204019699,3.428471223347902,1.1248404628096011,3.3379817122396,3.22529724150026
104.028570221286,1.35937057867645,5.552922285726801,2.577235526431398,3.5936407972112967,1.2730227979791984,3.646301232815201,3.328624528032779
104.028570221286,1.36018075396757,6.535909819159301,3.7349643926482976,4.608522518571,1.6578189365995009,3.948067367689301,4.09705660693348
104.028570221286,1.36099092925869,6.988394177124302,4.436896604786,5.2658700861504,1.7036609956773994,4.3081626882324,4.5405969103941
104.028570221286,1.3618011045498,7.208704231740402,4.5867737382098,5.562110718215397,1.9292417668597999,4.398045432915598,4.736975177588199
104.028570221286,1.36261127984092,7.051272804387203,4.268831089789401,5.2934707860515005,1.716900946696498,4.047855536743199,4.475666232733561
104.028570221286,1.36342145513203,5.909822512511997,3.2601780891017995,4.597371817954098,0.7557271995998995,3.8591088696162004,3.676441697756799
104.029380396577,1.34883829989195,5.5819369202947975,2.4063866224514,4.049276990021301,1.426419555236798,4.106747315820801,3.5141534807650197
104.029380396577,1.34964847518306,6.014933728611499,2.6547829040758018,3.930606753920898,1.2539893750917983,4.1077055474723,3.5924036618344592
104.029380396577,1.35045865047418,4.8703848745741,1.7250073379126967,3.4340957483951016,1.3020345749776006,3.982063013412599,3.0627171098544195
104.029380396577,1.35126882576529,5.2725058341337,2.148144207040403,3.413106556215098,1.1841650503039993,3.9873785191261994,3.2010600333638797
104.029380396577,1.35207900105641,5.0238842156195,1.9242783157125025,3.1099956166255005,1.0958375226271002,3.8663530729921014,3.0040697487153407
104.029380396577,1.35288917634753,4.945032811775398,1.8523985637637992,2.9231646102720994,0.9938570358375998,3.7043830596666005,2.8837672162630996
104.029380396577,1.35369935163864,5.3131216808342,2.028538688290201,2.7701410110290006,0.9400560580979018,3.3323731811794985,2.8768461238861605
104.029380396577,1.35450952692976,5.515017277752101,2.352978909711201,2.818333540384298,0.8266192671079011,2.526519298204203,2.807893658631941
104.029380396577,1.35531970222087,5.257858674153802,2.235892047110802,2.7382067724701997,0.7209890187242003,2.735023744656001,2.737594051423001
104.029380396577,1.35612987751199,5.4991319366471,2.522628029339298,2.983500489475098,0.7163285942755984,2.7319959450140985,2.8907169989502384
104.029380396577,1.35694005280311,5.594510783899903,2.6207015168454006,3.084542637347301,0.7940106250730992,2.996839974487301,3.018121107530601
104.029380396577,1.35775022809422,5.524447707408598,2.5855007449665024,3.1929427430801987,1.012793258930298,3.5238775223931,3.1679123953557395
104.029380396577,1.35856040338534,5.735305755461599,2.7204916705439004,3.481068681348802,1.3218818369640992,3.643562963324701,3.38046218152862
104.029380396577,1.35937057867645,5.814058890906299,2.8176100508608,3.7226017708971,1.5392483199638995,3.687961834011503,3.5162961733279205
104.029380396577,1.36018075396757,6.839442553736298,3.9440047271379015,4.7668484141183,2.0732709117880006,3.3688729094916,4.19848790325442
104.029380396577,1.36099092925869,6.815139710373501,4.009355177386102,4.993310275035199,1.9432543941240006,3.2492997286376983,4.2020718571113
104.029380396577,1.3618011045498,7.016504023741803,4.277728347216701,5.142076114755998,1.937758768772401,3.708479536539702,4.416509358205321
104.029380396577,1.36261127984092,6.616234315052001,3.839640710500298,4.951080911250699,1.4505763734392012,4.1588702198334,4.20328050601512
104.029380396577,1.36342145513203,5.328547357877699,2.8436048816062005,4.363976482463599,0.6103735700355983,3.7687828510076997,3.3830570285981594
104.030190571868,1.35126882576529,5.1466560466760995,2.2038483510924998,3.5777212598543002,1.4075585335999996,4.131432983969599,3.2934434350385
104.030190571868,1.35207900105641,4.742486575201301,1.8544977319640026,3.058925005521001,1.3922898774786994,4.1859869929125,3.046837236615501
104.030190571868,1.35288917634753,4.867050635577101,1.779307929326798,2.8347626704088,1.300468473400798,4.877922856309699,3.131902513004639
104.030190571868,1.35369935163864,5.071022360363802,1.930148848706601,2.7304001754824014,1.2908499254314023,3.4472323838704,2.8939307387709214
104.030190571868,1.35450952692976,5.5370392920694975,2.179747067042502,2.632586555511299,0.9773445017289006,2.611039350897901,2.78755135345002
104.030190571868,1.35531970222087,5.3554805830207,2.3250847058069013,2.8811598862981,0.9218814728303002,2.8051093742947018,2.8577432044501405
104.030190571868,1.35612987751199,5.157833304836,2.257857658472801,2.967432022662802,0.9373682671848016,3.128052782931899,2.889708807217661
104.030190571868,1.35694005280311,5.730661912886198,2.7998749705534998,3.309341480592199,1.0379703451305993,3.1753029735242997,3.210630336537359
104.030190571868,1.35775022809422,5.760716888227499,2.874754821899,3.5118718355670993,1.3701914917654001,3.7043982133382016,3.44438665015944
104.030190571868,1.35856040338534,5.729454456959399,2.754221830830101,3.575167506229999,1.6154946247582984,3.7108305487061024,3.47703379349678
104.030190571868,1.35937057867645,6.3650749184003,3.327844420946498,4.046645136365502,2.0115513421954,3.2741278085802,3.80504872529758
104.030190571868,1.36018075396757,7.227702312312299,4.451582878493202,4.8048085976381,2.602640566861698,2.5043333221300017,4.31821353548706
104.030190571868,1.36099092925869,7.149702059587398,3.8971601501418967,4.642933939655798,2.327650094730398,2.378243594577402,4.079137967738578
104.030190571868,1.3618011045498,6.625859301224299,3.8372210088979983,4.611760328116201,1.6761137230529002,3.566513006347698,4.063493473527819
104.030190571868,1.36261127984092,5.7762144370563995,3.082585770435699,4.4480336209669,1.1472021485061994,4.421868058512398,3.775180807095519
104.03100074716,1.35288917634753,5.1206575582542015,2.3572195717738005,3.1842264324873994,1.3634861305633983,4.7087798395996,3.34687390653568
104.03100074716,1.35369935163864,5.378174361848497,2.4446879091988016,3.2729780195383,1.4188742826585994,4.081608357788099,3.3192645862064594
104.03100074716,1.35450952692976,5.409498503883899,2.3961485437771977,3.1932780713160014,1.3541005241544006,3.702823414627101,3.21116981155172
104.03100074716,1.35531970222087,5.1964230084155005,2.2363202096481984,3.0565291415597002,1.2971349466081996,3.5880702158609985,3.0748955044185196
104.03100074716,1.35612987751199,5.2300946214175,2.3621066402325006,3.162930961084598,1.3044790308993015,3.7436617023655003,3.1606545911998802
104.03100074716,1.35694005280311,5.934196055916001,3.1111690560721,3.7051400776504018,1.4772660682282002,3.8626211990967008,3.618078491392681
104.03100074716,1.35775022809422,6.5307562235755015,3.828164035249202,4.310025251926799,1.7817609520587006,3.979177897108297,4.0859768719837
104.03100074716,1.35856040338534,6.588989274587497,3.7443585946662985,4.298839133443099,1.948089790896102,3.400990529744501,3.9962534646674994
104.03100074716,1.35937057867645,6.770849041075699,3.526039475628501,4.302897232848601,2.3135918313064003,2.5764069273682004,3.8979569016454803
104.03100074716,1.36018075396757,7.2564631814991,3.782377275523597,4.629471222999797,2.657165197894699,2.3975230703667982,4.144599989656799
104.03100074716,1.36099092925869,7.041170246679901,4.2932066130883975,4.6302474422864,2.1843055221706997,2.9712135801730994,4.2240286808797
104.03100074716,1.3618011045498,5.975210760941,3.1758864207256003,4.374688233236199,1.3346592578621994,3.998183854227701,3.77172570539854
104.031810922451,1.35531970222087,5.5219302478381,2.7762832920033986,3.5265968973107,1.2095736982390015,4.6655986086731005,3.53999654881286
104.031810922451,1.35612987751199,5.700898407844001,3.0019835104774977,3.753734041849601,1.2707683742893998,3.7145340580634,3.4883836785047797
104.031810922451,1.35694005280311,5.911738504129499,3.2579646428277016,3.9457114534416995,1.2700266584378,3.5713100544620993,3.59135026265976
104.031810922451,1.35775022809422,6.039733880954401,3.6354143322074,4.4374255282086,1.646513307067302,4.250793455566399,4.00197610080082
104.031810922451,1.35856040338534,6.051553154375501,3.4187188691763986,4.3296957823997,2.0219934271053006,3.5918180656432988,3.8827558597400396
104.031810922451,1.35937057867645,6.985110461848102,3.7752670419158,4.238328115173601,2.2387005202631016,2.4293933019613014,3.9333598882323813
104.031810922451,1.36018075396757,6.8175329501316,3.5703780663898996,4.136451082220599,2.2037768955615,2.4937693957655007,3.84438167801382
104.031810922451,1.36099092925869,6.318919406554798,3.3556286434518015,4.211282010333402,1.5548785133645993,3.429136265655501,3.7739689678720203
104.031810922451,1.3618011045498,5.654546573018401,2.794084018966,4.134822265601297,1.1063869485380984,4.290693291870099,3.596106619598779
104.032621097742,1.35856040338534,5.813471238856,2.969844999085101,4.0187335927896015,1.724066577545301,3.6406377863158994,3.6333508389183806
104.032621097742,1.35937057867645,6.942526725388497,3.889510489957498,4.3548251690579995,2.112529877959002,2.8220199907226977,4.024282450617139
104.032621097742,1.36018075396757,6.843823741865997,3.7122382991263017,4.217903167274901,1.9136536284985013,2.844255251668301,3.9063748176868005
104.032621097742,1.36099092925869,6.059567110659803,3.0424541540083005,4.053445761811101,1.430396411715499,3.928103732625299,3.7027934341640005
104.033431273033,1.35856040338534,6.029353628512297,3.2513056049320994,4.165415734146698,1.6849337267126003,4.019489037963901,3.830099546453519
104.033431273033,1.35937057867645,6.832411436157102,3.8386208022235984,4.417745467963702,2.119263739684701,3.0587169010925024,4.0533516694243215
104.033431273033,1.36018075396757,6.620831436235701,3.6522493427434988,4.286867554776499,1.8135483971906012,3.3750410600788996,3.94970755820504
104.033431273033,1.36099092925869,5.784142624824501,2.9285877200791006,3.956226882138001,1.251851784245801,4.200384051818801,3.624238612621241
